ident_pairs,ident_1,ident_2,Corr_W1,Corr_W2,Corr_3,Corr_R
702_01_001_sort_pos_joh_05_702_01_015_sort_pos_joh_01,702_01_001_sort_pos_joh_05,702_01_015_sort_pos_joh_01,0.015287849125908597,,-0.012225307573225179,0.011701204663644552
702_01_001_sort_pos_joh_05_702_01_015_sort_pos_joh_06,702_01_001_sort_pos_joh_05,702_01_015_sort_pos_joh_06,0.0037350968618359215,,-0.009309081188732856,-0.004432442203524515
702_01_001_sort_pos_joh_05_702_01_019_sort_pos_joh_06,702_01_001_sort_pos_joh_05,702_01_019_sort_pos_joh_06,,,0.021423831463209392,0.004631430389898809
702_01_001_sort_pos_joh_05_702_01_024_sort_pos_joh_05,702_01_001_sort_pos_joh_05,702_01_024_sort_pos_joh_05,,,-0.0065201910146359034,0.0033039324372444788
702_01_001_sort_pos_joh_05_702_01_034_sort_pos_joh_01,702_01_001_sort_pos_joh_05,702_01_034_sort_pos_joh_01,-0.009900634567037441,,-0.02682236251525056,-0.00872054347677906
702_01_001_sort_pos_joh_05_702_01_044_sort_pos_joh_03,702_01_001_sort_pos_joh_05,702_01_044_sort_pos_joh_03,-0.00715935348357515,,0.021641537379190272,0.005533636633435603
702_01_001_sort_pos_joh_05_702_01_048_sort_pos_joh_03,702_01_001_sort_pos_joh_05,702_01_048_sort_pos_joh_03,0.0003743020705272344,,0.009678952170697714,0.02161705648842138
702_01_001_sort_pos_joh_05_702_01_048_sort_pos_joh_04,702_01_001_sort_pos_joh_05,702_01_048_sort_pos_joh_04,-0.00962231239499021,,0.01103991374844338,0.005232040803312273
702_01_001_sort_pos_joh_05_702_01_076_sort_pos_joh_01,702_01_001_sort_pos_joh_05,702_01_076_sort_pos_joh_01,0.0006249421278191035,,0.013636780137991748,0.0014692274082967337
702_01_001_sort_pos_joh_05_702_01_089_sort_pos_joh_01,702_01_001_sort_pos_joh_05,702_01_089_sort_pos_joh_01,-0.00957476888682028,,0.020926040586286537,
702_01_001_sort_pos_joh_05_702_01_089_sort_pos_joh_02,702_01_001_sort_pos_joh_05,702_01_089_sort_pos_joh_02,0.0033496252899274533,,-0.0003009421317670827,-0.010280226467523282
702_01_001_sort_pos_joh_05_702_01_090_sort_pos_joh_01,702_01_001_sort_pos_joh_05,702_01_090_sort_pos_joh_01,0.022560207601236122,,0.009257845275165735,0.004766649399314643
702_01_001_sort_pos_joh_05_702_01_095_sort_pos_joh_03,702_01_001_sort_pos_joh_05,702_01_095_sort_pos_joh_03,-0.009530972245088379,,0.006005607056908621,0.004635800848554682
702_01_001_sort_pos_joh_05_702_01_095_sort_pos_joh_06,702_01_001_sort_pos_joh_05,702_01_095_sort_pos_joh_06,,,0.008340491726953256,0.005153573076943659
702_01_015_sort_pos_joh_01_702_01_015_sort_pos_joh_06,702_01_015_sort_pos_joh_01,702_01_015_sort_pos_joh_06,0.01639984410634866,0.017383182107935977,0.010331982452482211,0.028044699670857296
702_01_015_sort_pos_joh_01_702_01_019_sort_pos_joh_06,702_01_015_sort_pos_joh_01,702_01_019_sort_pos_joh_06,,,-0.01327970770323983,0.002735755539845172
702_01_015_sort_pos_joh_01_702_01_024_sort_pos_joh_05,702_01_015_sort_pos_joh_01,702_01_024_sort_pos_joh_05,,,0.02936073402293842,0.0032584801265469958
702_01_015_sort_pos_joh_01_702_01_034_sort_pos_joh_01,702_01_015_sort_pos_joh_01,702_01_034_sort_pos_joh_01,-0.002170458040486735,-0.006228091578630559,0.02219741874322054,0.0018169354093618849
702_01_015_sort_pos_joh_01_702_01_044_sort_pos_joh_03,702_01_015_sort_pos_joh_01,702_01_044_sort_pos_joh_03,-0.013893857277532045,-0.012611490564984229,-0.006147108394091006,0.01581263319934121
702_01_015_sort_pos_joh_01_702_01_048_sort_pos_joh_03,702_01_015_sort_pos_joh_01,702_01_048_sort_pos_joh_03,-0.003511280461144736,0.0017555746976124448,0.06106795047103925,0.0021098781976834485
702_01_015_sort_pos_joh_01_702_01_048_sort_pos_joh_04,702_01_015_sort_pos_joh_01,702_01_048_sort_pos_joh_04,-0.005147611014717676,-0.00354871598607996,0.00984349552384304,0.008687241256408221
702_01_015_sort_pos_joh_01_702_01_076_sort_pos_joh_01,702_01_015_sort_pos_joh_01,702_01_076_sort_pos_joh_01,-0.012554996066571029,-0.0021381166239712673,-0.00139757902162445,0.0015045958886310109
702_01_015_sort_pos_joh_01_702_01_089_sort_pos_joh_01,702_01_015_sort_pos_joh_01,702_01_089_sort_pos_joh_01,-0.00278625684509989,-0.006571947427351742,0.01427217962359791,
702_01_015_sort_pos_joh_01_702_01_089_sort_pos_joh_02,702_01_015_sort_pos_joh_01,702_01_089_sort_pos_joh_02,0.006813456085902682,-0.0025960526471941717,0.032602005252137224,0.012505952527329143
702_01_015_sort_pos_joh_01_702_01_090_sort_pos_joh_01,702_01_015_sort_pos_joh_01,702_01_090_sort_pos_joh_01,0.0014501207376581037,0.008456759232144461,0.05792798238609899,0.009619861781501027
702_01_015_sort_pos_joh_01_702_01_095_sort_pos_joh_03,702_01_015_sort_pos_joh_01,702_01_095_sort_pos_joh_03,-0.002024350312823676,-0.014342513615638888,0.008383812798696415,0.0013385369584396
702_01_015_sort_pos_joh_01_702_01_095_sort_pos_joh_06,702_01_015_sort_pos_joh_01,702_01_095_sort_pos_joh_06,,,-0.0037912808185396416,-0.004429017299887238
702_01_015_sort_pos_joh_06_702_01_019_sort_pos_joh_06,702_01_015_sort_pos_joh_06,702_01_019_sort_pos_joh_06,,,0.00027535313933006907,-0.0009353131225402242
702_01_015_sort_pos_joh_06_702_01_024_sort_pos_joh_05,702_01_015_sort_pos_joh_06,702_01_024_sort_pos_joh_05,,,-0.005908399746258288,-0.009294112830922708
702_01_015_sort_pos_joh_06_702_01_034_sort_pos_joh_01,702_01_015_sort_pos_joh_06,702_01_034_sort_pos_joh_01,-0.01828137856459445,-0.005969551068225353,-0.019264904356793393,-0.051954564343016055
702_01_015_sort_pos_joh_06_702_01_044_sort_pos_joh_03,702_01_015_sort_pos_joh_06,702_01_044_sort_pos_joh_03,0.0025094994812565525,0.0029397538355526694,-0.016925522412809004,-0.00959328639070512
702_01_015_sort_pos_joh_06_702_01_048_sort_pos_joh_03,702_01_015_sort_pos_joh_06,702_01_048_sort_pos_joh_03,0.002810356843211134,-0.005162425583275154,-0.037903366677089795,-0.0023969786834882787
702_01_015_sort_pos_joh_06_702_01_048_sort_pos_joh_04,702_01_015_sort_pos_joh_06,702_01_048_sort_pos_joh_04,-0.00012568638341439132,-0.00573132686454975,0.004013586034374778,-0.005332730328968379
702_01_015_sort_pos_joh_06_702_01_076_sort_pos_joh_01,702_01_015_sort_pos_joh_06,702_01_076_sort_pos_joh_01,0.007703696458549743,0.008902721279430821,-0.012491151758448633,-0.004568712586378334
702_01_015_sort_pos_joh_06_702_01_089_sort_pos_joh_01,702_01_015_sort_pos_joh_06,702_01_089_sort_pos_joh_01,-0.013987016845585003,0.003112190101853212,0.007618064401847997,
702_01_015_sort_pos_joh_06_702_01_089_sort_pos_joh_02,702_01_015_sort_pos_joh_06,702_01_089_sort_pos_joh_02,0.012728441871768758,0.0012244068606569573,-0.02051019025239944,0.005032847696118643
702_01_015_sort_pos_joh_06_702_01_090_sort_pos_joh_01,702_01_015_sort_pos_joh_06,702_01_090_sort_pos_joh_01,0.004423936739607754,0.002824616524859811,0.011482463853856352,0.009864768682077722
702_01_015_sort_pos_joh_06_702_01_095_sort_pos_joh_03,702_01_015_sort_pos_joh_06,702_01_095_sort_pos_joh_03,-0.010128937063929212,0.0035490672133819865,0.02987961386355238,-0.011250657555698143
702_01_015_sort_pos_joh_06_702_01_095_sort_pos_joh_06,702_01_015_sort_pos_joh_06,702_01_095_sort_pos_joh_06,,,-0.015447848050456963,0.0025101988431305237
702_01_019_sort_pos_joh_06_702_01_024_sort_pos_joh_05,702_01_019_sort_pos_joh_06,702_01_024_sort_pos_joh_05,,,0.008877873456109492,0.0017452396530850526
702_01_019_sort_pos_joh_06_702_01_034_sort_pos_joh_01,702_01_019_sort_pos_joh_06,702_01_034_sort_pos_joh_01,,,-0.0105659155879919,0.011415837287302544
702_01_019_sort_pos_joh_06_702_01_044_sort_pos_joh_03,702_01_019_sort_pos_joh_06,702_01_044_sort_pos_joh_03,,,0.007164153669455604,0.011038425787910092
702_01_019_sort_pos_joh_06_702_01_048_sort_pos_joh_03,702_01_019_sort_pos_joh_06,702_01_048_sort_pos_joh_03,,,0.035597921955318246,0.011604023930165139
702_01_019_sort_pos_joh_06_702_01_048_sort_pos_joh_04,702_01_019_sort_pos_joh_06,702_01_048_sort_pos_joh_04,,,-0.019692576960390548,0.007984026213649943
702_01_019_sort_pos_joh_06_702_01_076_sort_pos_joh_01,702_01_019_sort_pos_joh_06,702_01_076_sort_pos_joh_01,,,0.03527876437063416,0.0005818671198244744
702_01_019_sort_pos_joh_06_702_01_089_sort_pos_joh_01,702_01_019_sort_pos_joh_06,702_01_089_sort_pos_joh_01,,,-0.00914495443561455,
702_01_019_sort_pos_joh_06_702_01_089_sort_pos_joh_02,702_01_019_sort_pos_joh_06,702_01_089_sort_pos_joh_02,,,0.02455974142116929,-0.00022072356415348847
702_01_019_sort_pos_joh_06_702_01_090_sort_pos_joh_01,702_01_019_sort_pos_joh_06,702_01_090_sort_pos_joh_01,,,0.002396353397060109,0.008109691395105869
702_01_019_sort_pos_joh_06_702_01_095_sort_pos_joh_03,702_01_019_sort_pos_joh_06,702_01_095_sort_pos_joh_03,,,0.03292896594904496,-0.000745011676787399
702_01_019_sort_pos_joh_06_702_01_095_sort_pos_joh_06,702_01_019_sort_pos_joh_06,702_01_095_sort_pos_joh_06,,,-0.020058668996442694,-0.003830237311442756
702_01_024_sort_pos_joh_05_702_01_034_sort_pos_joh_01,702_01_024_sort_pos_joh_05,702_01_034_sort_pos_joh_01,,,0.03296230412767267,-0.005552979932709854
702_01_024_sort_pos_joh_05_702_01_044_sort_pos_joh_03,702_01_024_sort_pos_joh_05,702_01_044_sort_pos_joh_03,,,0.012920317349319478,-0.007931100135618567
702_01_024_sort_pos_joh_05_702_01_048_sort_pos_joh_03,702_01_024_sort_pos_joh_05,702_01_048_sort_pos_joh_03,,,0.01371854494681662,0.01239527729729152
702_01_024_sort_pos_joh_05_702_01_048_sort_pos_joh_04,702_01_024_sort_pos_joh_05,702_01_048_sort_pos_joh_04,,,0.02692731252909386,0.000275367518432579
702_01_024_sort_pos_joh_05_702_01_076_sort_pos_joh_01,702_01_024_sort_pos_joh_05,702_01_076_sort_pos_joh_01,,,0.0029035061242247123,0.0026815835584205966
702_01_024_sort_pos_joh_05_702_01_089_sort_pos_joh_01,702_01_024_sort_pos_joh_05,702_01_089_sort_pos_joh_01,,,-0.00941121737013979,
702_01_024_sort_pos_joh_05_702_01_089_sort_pos_joh_02,702_01_024_sort_pos_joh_05,702_01_089_sort_pos_joh_02,,,-0.036194779775451595,-0.0025627142614794503
702_01_024_sort_pos_joh_05_702_01_090_sort_pos_joh_01,702_01_024_sort_pos_joh_05,702_01_090_sort_pos_joh_01,,,-0.019636636901788213,0.002070713299718003
702_01_024_sort_pos_joh_05_702_01_095_sort_pos_joh_03,702_01_024_sort_pos_joh_05,702_01_095_sort_pos_joh_03,,,-0.003533301420801694,-0.000568475362009193
702_01_024_sort_pos_joh_05_702_01_095_sort_pos_joh_06,702_01_024_sort_pos_joh_05,702_01_095_sort_pos_joh_06,,,0.03305186137155681,0.013732940987578518
702_01_034_sort_pos_joh_01_702_01_044_sort_pos_joh_03,702_01_034_sort_pos_joh_01,702_01_044_sort_pos_joh_03,-0.004470576429571906,-0.0028363989797683137,0.012047887667268787,-0.008866743693676606
702_01_034_sort_pos_joh_01_702_01_048_sort_pos_joh_03,702_01_034_sort_pos_joh_01,702_01_048_sort_pos_joh_03,0.006205876128430587,0.003427556824424412,-0.0482700592628899,-0.022702671324701624
702_01_034_sort_pos_joh_01_702_01_048_sort_pos_joh_04,702_01_034_sort_pos_joh_01,702_01_048_sort_pos_joh_04,0.006818142343230783,0.008525385232820796,0.0003934961148411413,-0.006246478997018245
702_01_034_sort_pos_joh_01_702_01_076_sort_pos_joh_01,702_01_034_sort_pos_joh_01,702_01_076_sort_pos_joh_01,0.0166860162704051,-0.009148865554497659,-0.05338436615487645,-0.01202405606321891
702_01_034_sort_pos_joh_01_702_01_089_sort_pos_joh_01,702_01_034_sort_pos_joh_01,702_01_089_sort_pos_joh_01,0.02972325003125704,0.006455458663558001,0.016591566257130617,
702_01_034_sort_pos_joh_01_702_01_089_sort_pos_joh_02,702_01_034_sort_pos_joh_01,702_01_089_sort_pos_joh_02,0.005280869333528027,-0.012740008051081825,0.035000337553527494,-0.008469858921496671
702_01_034_sort_pos_joh_01_702_01_090_sort_pos_joh_01,702_01_034_sort_pos_joh_01,702_01_090_sort_pos_joh_01,0.015684055777132132,0.006754964404643879,0.02828064842448303,-0.008040253742854914
702_01_034_sort_pos_joh_01_702_01_095_sort_pos_joh_03,702_01_034_sort_pos_joh_01,702_01_095_sort_pos_joh_03,0.016249644746417713,-0.001077435116174562,0.026299092325323844,0.019949848730360466
702_01_034_sort_pos_joh_01_702_01_095_sort_pos_joh_06,702_01_034_sort_pos_joh_01,702_01_095_sort_pos_joh_06,,,0.031068641854468237,0.0012346495089716107
702_01_044_sort_pos_joh_03_702_01_048_sort_pos_joh_03,702_01_044_sort_pos_joh_03,702_01_048_sort_pos_joh_03,-0.0070664219464667225,0.01323932700170926,0.03275454028621227,0.02245958719197367
702_01_044_sort_pos_joh_03_702_01_048_sort_pos_joh_04,702_01_044_sort_pos_joh_03,702_01_048_sort_pos_joh_04,0.005625138301296804,0.008282258295572612,0.011693236217555338,0.028201893915115447
702_01_044_sort_pos_joh_03_702_01_076_sort_pos_joh_01,702_01_044_sort_pos_joh_03,702_01_076_sort_pos_joh_01,0.019136057842860626,-0.010404856988411522,-0.01449293653751693,0.004905635367535633
702_01_044_sort_pos_joh_03_702_01_089_sort_pos_joh_01,702_01_044_sort_pos_joh_03,702_01_089_sort_pos_joh_01,-0.0018377458440454737,-0.0036747795116757924,-0.017090524366196503,
702_01_044_sort_pos_joh_03_702_01_089_sort_pos_joh_02,702_01_044_sort_pos_joh_03,702_01_089_sort_pos_joh_02,0.009393638461496209,0.00196502292019857,0.049935216767088356,0.006164927409002346
702_01_044_sort_pos_joh_03_702_01_090_sort_pos_joh_01,702_01_044_sort_pos_joh_03,702_01_090_sort_pos_joh_01,-0.002409625022239181,0.006171032665458509,0.040807826156326804,0.006030053785748344
702_01_044_sort_pos_joh_03_702_01_095_sort_pos_joh_03,702_01_044_sort_pos_joh_03,702_01_095_sort_pos_joh_03,0.018551647349842187,0.019380209162742516,-0.002341035405348994,0.000742940545409116
702_01_044_sort_pos_joh_03_702_01_095_sort_pos_joh_06,702_01_044_sort_pos_joh_03,702_01_095_sort_pos_joh_06,,,0.021734308206855152,0.004420565803584605
702_01_048_sort_pos_joh_03_702_01_048_sort_pos_joh_04,702_01_048_sort_pos_joh_03,702_01_048_sort_pos_joh_04,0.137807033119488,0.14045509630739644,0.06944537725009105,0.1651082278855544
702_01_048_sort_pos_joh_03_702_01_076_sort_pos_joh_01,702_01_048_sort_pos_joh_03,702_01_076_sort_pos_joh_01,-0.0012793168120663325,0.021466056487805193,0.02559905953610583,-0.01116680468463815
702_01_048_sort_pos_joh_03_702_01_089_sort_pos_joh_01,702_01_048_sort_pos_joh_03,702_01_089_sort_pos_joh_01,0.005583153847892718,-0.013603345223289624,-0.031150492824172874,
702_01_048_sort_pos_joh_03_702_01_089_sort_pos_joh_02,702_01_048_sort_pos_joh_03,702_01_089_sort_pos_joh_02,-0.0006623059504359991,0.005258538512323998,0.016739081066071852,0.0006250887197628406
702_01_048_sort_pos_joh_03_702_01_090_sort_pos_joh_01,702_01_048_sort_pos_joh_03,702_01_090_sort_pos_joh_01,0.00115807518317167,-0.0034151478626100865,0.0738056111960205,0.027078242847688613
702_01_048_sort_pos_joh_03_702_01_095_sort_pos_joh_03,702_01_048_sort_pos_joh_03,702_01_095_sort_pos_joh_03,0.013700904668144165,0.008666099498932146,-0.024945525080411222,0.017422511883752562
702_01_048_sort_pos_joh_03_702_01_095_sort_pos_joh_06,702_01_048_sort_pos_joh_03,702_01_095_sort_pos_joh_06,,,-0.01567648695590717,0.0012226226536537386
702_01_048_sort_pos_joh_04_702_01_076_sort_pos_joh_01,702_01_048_sort_pos_joh_04,702_01_076_sort_pos_joh_01,0.004190866778956233,0.011911967690431435,-0.00702681238526167,-0.018101076687313367
702_01_048_sort_pos_joh_04_702_01_089_sort_pos_joh_01,702_01_048_sort_pos_joh_04,702_01_089_sort_pos_joh_01,-0.001900728293230115,-0.0021265538001644124,0.015934620980490588,
702_01_048_sort_pos_joh_04_702_01_089_sort_pos_joh_02,702_01_048_sort_pos_joh_04,702_01_089_sort_pos_joh_02,0.0007735054820511354,0.0030005472173195383,-0.0006972272535847226,0.009200918158452673
702_01_048_sort_pos_joh_04_702_01_090_sort_pos_joh_01,702_01_048_sort_pos_joh_04,702_01_090_sort_pos_joh_01,-0.00905919130678452,0.009821167085435015,0.0002598810634223646,0.017460239529188685
702_01_048_sort_pos_joh_04_702_01_095_sort_pos_joh_03,702_01_048_sort_pos_joh_04,702_01_095_sort_pos_joh_03,0.0015019435432358432,0.028834914633413214,0.02861292883939351,0.014240234078822515
702_01_048_sort_pos_joh_04_702_01_095_sort_pos_joh_06,702_01_048_sort_pos_joh_04,702_01_095_sort_pos_joh_06,,,0.0046654565938207306,0.00044278496176327134
702_01_076_sort_pos_joh_01_702_01_089_sort_pos_joh_01,702_01_076_sort_pos_joh_01,702_01_089_sort_pos_joh_01,-0.01725155436267057,0.0038856422449773122,0.05018969023935253,
702_01_076_sort_pos_joh_01_702_01_089_sort_pos_joh_02,702_01_076_sort_pos_joh_01,702_01_089_sort_pos_joh_02,-0.003782716707226712,0.015044508661737111,-0.005293505894212597,0.006346972973026639
702_01_076_sort_pos_joh_01_702_01_090_sort_pos_joh_01,702_01_076_sort_pos_joh_01,702_01_090_sort_pos_joh_01,0.015153789268719704,0.012350092569639913,0.07709370022064699,0.012388393609128828
702_01_076_sort_pos_joh_01_702_01_095_sort_pos_joh_03,702_01_076_sort_pos_joh_01,702_01_095_sort_pos_joh_03,0.019140739586995473,0.0009725036273711105,0.02035022306259272,-0.007460887963665287
702_01_076_sort_pos_joh_01_702_01_095_sort_pos_joh_06,702_01_076_sort_pos_joh_01,702_01_095_sort_pos_joh_06,,,-0.03862023458831311,0.0006448101289073529
702_01_089_sort_pos_joh_01_702_01_089_sort_pos_joh_02,702_01_089_sort_pos_joh_01,702_01_089_sort_pos_joh_02,0.05352717454514064,0.04594795604277395,0.1680510145664507,
702_01_089_sort_pos_joh_01_702_01_090_sort_pos_joh_01,702_01_089_sort_pos_joh_01,702_01_090_sort_pos_joh_01,0.04716222827413144,0.01441914886889107,0.1719304185542877,
702_01_089_sort_pos_joh_01_702_01_095_sort_pos_joh_03,702_01_089_sort_pos_joh_01,702_01_095_sort_pos_joh_03,0.008784251721026983,0.007328002553588369,0.0015980764986014372,
702_01_089_sort_pos_joh_01_702_01_095_sort_pos_joh_06,702_01_089_sort_pos_joh_01,702_01_095_sort_pos_joh_06,,,0.07157326150412355,
702_01_089_sort_pos_joh_02_702_01_090_sort_pos_joh_01,702_01_089_sort_pos_joh_02,702_01_090_sort_pos_joh_01,0.04436462442570054,0.029413600484372394,0.20593099911340573,0.02431648148600836
702_01_089_sort_pos_joh_02_702_01_095_sort_pos_joh_03,702_01_089_sort_pos_joh_02,702_01_095_sort_pos_joh_03,0.009880846776459245,0.015618993361093588,0.07287637633716358,-0.0015035330582606839
702_01_089_sort_pos_joh_02_702_01_095_sort_pos_joh_06,702_01_089_sort_pos_joh_02,702_01_095_sort_pos_joh_06,,,0.0661271542073895,0.014606099523328513
702_01_090_sort_pos_joh_01_702_01_095_sort_pos_joh_03,702_01_090_sort_pos_joh_01,702_01_095_sort_pos_joh_03,0.07771920777049379,0.04743786392111742,0.08600076616912232,0.0032902553180947877
702_01_090_sort_pos_joh_01_702_01_095_sort_pos_joh_06,702_01_090_sort_pos_joh_01,702_01_095_sort_pos_joh_06,,,0.09256332675988553,0.010578497192188976
702_01_095_sort_pos_joh_03_702_01_095_sort_pos_joh_06,702_01_095_sort_pos_joh_03,702_01_095_sort_pos_joh_06,,,0.1322168129252566,0.06142966753280932
702_03_001_sort_pos_joh_01_702_03_052_sort_pos_joh_01,702_03_001_sort_pos_joh_01,702_03_052_sort_pos_joh_01,0.01953627494774901,0.01785349913850589,0.02078645774538933,0.007743381730199024
702_03_001_sort_pos_joh_01_702_03_083_sort_pos_joh_02,702_03_001_sort_pos_joh_01,702_03_083_sort_pos_joh_02,-0.003498716612607779,0.022480621722404275,0.013796373091333029,0.024610158204016627
702_03_052_sort_pos_joh_01_702_03_083_sort_pos_joh_02,702_03_052_sort_pos_joh_01,702_03_083_sort_pos_joh_02,0.02622399868543279,0.04187570141366044,0.00776403640959116,0.026623736959095493
703_01_064_sort_neg_joh_01_703_01_010_sort_pos_joh_02,703_01_064_sort_neg_joh_01,703_01_010_sort_pos_joh_02,0.0218909421234948,0.009518621834661203,0.033986650432813834,-0.01678663290723952
703_01_064_sort_neg_joh_01_703_01_026_sort_pos_joh_02,703_01_064_sort_neg_joh_01,703_01_026_sort_pos_joh_02,-4.7604004061235194e-05,0.004348891248878774,-0.011640669798665817,0.01956443329598919
703_01_064_sort_neg_joh_01_703_01_027_sort_pos_joh_03,703_01_064_sort_neg_joh_01,703_01_027_sort_pos_joh_03,0.017733193748155244,0.03297542390329595,0.03025735942662211,-0.022535346390025246
703_01_064_sort_neg_joh_01_703_01_028_sort_pos_joh_01,703_01_064_sort_neg_joh_01,703_01_028_sort_pos_joh_01,0.041346658522674065,0.007577067047585946,0.09593882691493918,0.008346927321849865
703_01_064_sort_neg_joh_01_703_01_030_sort_pos_joh_01,703_01_064_sort_neg_joh_01,703_01_030_sort_pos_joh_01,0.04213616833344609,0.05406169412522213,0.0009781416983433468,0.04127574852818331
703_01_064_sort_neg_joh_01_703_01_030_sort_pos_joh_02,703_01_064_sort_neg_joh_01,703_01_030_sort_pos_joh_02,0.046426387740408144,0.043228054849584155,0.02886235349692883,-0.01053920417776906
703_01_064_sort_neg_joh_01_703_01_031_sort_pos_joh_01,703_01_064_sort_neg_joh_01,703_01_031_sort_pos_joh_01,0.03680483188608845,-0.00888377142032604,0.05271897902310867,0.007125925812636182
703_01_064_sort_neg_joh_01_703_01_031_sort_pos_joh_02,703_01_064_sort_neg_joh_01,703_01_031_sort_pos_joh_02,0.02516643743295565,0.003884458234243096,0.0749942365183008,0.004494127439393035
703_01_064_sort_neg_joh_01_703_01_031_sort_pos_joh_04,703_01_064_sort_neg_joh_01,703_01_031_sort_pos_joh_04,0.019722295434577982,0.03192541759952109,0.03042854684559573,0.006882906168042182
703_01_064_sort_neg_joh_01_703_01_054_sort_pos_joh_02,703_01_064_sort_neg_joh_01,703_01_054_sort_pos_joh_02,0.020231104283501125,0.026320028883781033,0.0494872254512372,-0.007674125263124322
703_01_064_sort_neg_joh_01_703_01_056_sort_pos_joh_02,703_01_064_sort_neg_joh_01,703_01_056_sort_pos_joh_02,0.04204721945936664,0.005213534978759369,-0.01752090224275418,-0.010287973988525927
703_01_064_sort_neg_joh_01_703_01_056_sort_pos_joh_03,703_01_064_sort_neg_joh_01,703_01_056_sort_pos_joh_03,0.030251965409888847,0.012500333092935823,0.0038759473757210634,-0.003117894958471935
703_01_064_sort_neg_joh_01_703_01_059_sort_pos_joh_01,703_01_064_sort_neg_joh_01,703_01_059_sort_pos_joh_01,0.028185241255234642,0.04677819967636242,0.19426275817548605,0.009031353329268126
703_01_010_sort_pos_joh_02_703_01_026_sort_pos_joh_02,703_01_010_sort_pos_joh_02,703_01_026_sort_pos_joh_02,-0.002365245126023472,-0.003625359478773954,0.05851434401578703,-0.0026900261323453225
703_01_010_sort_pos_joh_02_703_01_027_sort_pos_joh_03,703_01_010_sort_pos_joh_02,703_01_027_sort_pos_joh_03,0.009808304175972303,0.0013971405451195312,-0.03832170710988809,0.013281075867043428
703_01_010_sort_pos_joh_02_703_01_028_sort_pos_joh_01,703_01_010_sort_pos_joh_02,703_01_028_sort_pos_joh_01,0.010601340990158812,0.006271245587210113,0.0044516519347699325,-0.02152659383879658
703_01_010_sort_pos_joh_02_703_01_030_sort_pos_joh_01,703_01_010_sort_pos_joh_02,703_01_030_sort_pos_joh_01,0.012093650741802176,-0.014251137331613787,0.013073468767001054,0.011684548765603077
703_01_010_sort_pos_joh_02_703_01_030_sort_pos_joh_02,703_01_010_sort_pos_joh_02,703_01_030_sort_pos_joh_02,-0.008946200870603134,0.024099784060040468,-0.0014680460661938418,0.0027755820160207407
703_01_010_sort_pos_joh_02_703_01_031_sort_pos_joh_01,703_01_010_sort_pos_joh_02,703_01_031_sort_pos_joh_01,0.005121135744550526,1.01362880323419e-05,0.02457456760540409,0.007016805788157322
703_01_010_sort_pos_joh_02_703_01_031_sort_pos_joh_02,703_01_010_sort_pos_joh_02,703_01_031_sort_pos_joh_02,-0.008995428847257824,-0.002978955711822919,0.021026511858406646,-0.03472715237273957
703_01_010_sort_pos_joh_02_703_01_031_sort_pos_joh_04,703_01_010_sort_pos_joh_02,703_01_031_sort_pos_joh_04,0.0030187747552243432,-0.0032538739534746443,-0.026733595148802407,-0.003719357745780622
703_01_010_sort_pos_joh_02_703_01_054_sort_pos_joh_02,703_01_010_sort_pos_joh_02,703_01_054_sort_pos_joh_02,0.010666995614731927,0.01700763311783576,0.009375152468510036,0.038200013764751024
703_01_010_sort_pos_joh_02_703_01_056_sort_pos_joh_02,703_01_010_sort_pos_joh_02,703_01_056_sort_pos_joh_02,-0.009177882664040115,0.003272825707218962,-0.001864599761193568,-0.020409882566108442
703_01_010_sort_pos_joh_02_703_01_056_sort_pos_joh_03,703_01_010_sort_pos_joh_02,703_01_056_sort_pos_joh_03,-0.016144212203709443,0.009287892258621302,0.044071604052720044,-0.0014427052570943387
703_01_010_sort_pos_joh_02_703_01_059_sort_pos_joh_01,703_01_010_sort_pos_joh_02,703_01_059_sort_pos_joh_01,0.023281793355189474,0.059022648583932476,0.01708344801200229,-0.004329943102935849
703_01_026_sort_pos_joh_02_703_01_027_sort_pos_joh_03,703_01_026_sort_pos_joh_02,703_01_027_sort_pos_joh_03,0.007927905084930558,0.048765964713112085,0.023236859863150043,-0.0026121492856682562
703_01_026_sort_pos_joh_02_703_01_028_sort_pos_joh_01,703_01_026_sort_pos_joh_02,703_01_028_sort_pos_joh_01,0.006389445141782009,0.04032281256825366,0.06987467679108826,0.005626779849527528
703_01_026_sort_pos_joh_02_703_01_030_sort_pos_joh_01,703_01_026_sort_pos_joh_02,703_01_030_sort_pos_joh_01,0.02522236927829049,0.06181401196472545,0.051796690794772594,0.018591553677687736
703_01_026_sort_pos_joh_02_703_01_030_sort_pos_joh_02,703_01_026_sort_pos_joh_02,703_01_030_sort_pos_joh_02,-0.0016238997228232791,0.04546254502096068,0.09193459845628614,0.0487488798529947
703_01_026_sort_pos_joh_02_703_01_031_sort_pos_joh_01,703_01_026_sort_pos_joh_02,703_01_031_sort_pos_joh_01,0.0356313667802238,0.022224175459091573,0.16803986687372713,-0.0019504717201357087
703_01_026_sort_pos_joh_02_703_01_031_sort_pos_joh_02,703_01_026_sort_pos_joh_02,703_01_031_sort_pos_joh_02,-0.0019468287660597127,0.016346544321179934,0.09938974279673346,0.0317307368616189
703_01_026_sort_pos_joh_02_703_01_031_sort_pos_joh_04,703_01_026_sort_pos_joh_02,703_01_031_sort_pos_joh_04,0.01414269655800735,0.04219328980145179,0.06323853579503273,0.043614154885108274
703_01_026_sort_pos_joh_02_703_01_054_sort_pos_joh_02,703_01_026_sort_pos_joh_02,703_01_054_sort_pos_joh_02,-0.004261407236937146,0.008650121880641078,0.007743434619756696,0.008717617756267124
703_01_026_sort_pos_joh_02_703_01_056_sort_pos_joh_02,703_01_026_sort_pos_joh_02,703_01_056_sort_pos_joh_02,-0.0168641183553717,0.010523757929862133,-0.012680237092933526,0.0006629551305121907
703_01_026_sort_pos_joh_02_703_01_056_sort_pos_joh_03,703_01_026_sort_pos_joh_02,703_01_056_sort_pos_joh_03,-0.01398390689680792,0.01234571043000385,-0.020986982649070323,-0.0268650148209389
703_01_026_sort_pos_joh_02_703_01_059_sort_pos_joh_01,703_01_026_sort_pos_joh_02,703_01_059_sort_pos_joh_01,0.025040561551696833,0.010805550090120594,0.035870356837466685,0.027601988141608615
703_01_027_sort_pos_joh_03_703_01_028_sort_pos_joh_01,703_01_027_sort_pos_joh_03,703_01_028_sort_pos_joh_01,0.025765638187101137,0.028330533110699215,0.11931386354812713,0.017918314437192436
703_01_027_sort_pos_joh_03_703_01_030_sort_pos_joh_01,703_01_027_sort_pos_joh_03,703_01_030_sort_pos_joh_01,0.058470455204692004,0.14093759357743338,0.0697948012933301,0.014114772333811075
703_01_027_sort_pos_joh_03_703_01_030_sort_pos_joh_02,703_01_027_sort_pos_joh_03,703_01_030_sort_pos_joh_02,0.051860315584664904,0.0994789337146431,0.07304236585550705,0.03396029345661999
703_01_027_sort_pos_joh_03_703_01_031_sort_pos_joh_01,703_01_027_sort_pos_joh_03,703_01_031_sort_pos_joh_01,0.0347576443991414,0.03599263179234256,0.12008088956168812,0.07447130260875523
703_01_027_sort_pos_joh_03_703_01_031_sort_pos_joh_02,703_01_027_sort_pos_joh_03,703_01_031_sort_pos_joh_02,0.03431720001322223,0.060103659102652536,0.13844555893193725,0.05603396752886457
703_01_027_sort_pos_joh_03_703_01_031_sort_pos_joh_04,703_01_027_sort_pos_joh_03,703_01_031_sort_pos_joh_04,0.04191976324060702,0.06828492100993569,0.126017867271201,0.060512526974644903
703_01_027_sort_pos_joh_03_703_01_054_sort_pos_joh_02,703_01_027_sort_pos_joh_03,703_01_054_sort_pos_joh_02,0.00023080495951429043,0.01647598927194272,0.0035115644031573023,0.034034202157393306
703_01_027_sort_pos_joh_03_703_01_056_sort_pos_joh_02,703_01_027_sort_pos_joh_03,703_01_056_sort_pos_joh_02,-0.014634092644442927,0.0051936163742841625,0.014749249728243189,-0.022112317846736437
703_01_027_sort_pos_joh_03_703_01_056_sort_pos_joh_03,703_01_027_sort_pos_joh_03,703_01_056_sort_pos_joh_03,-0.002158778582154339,0.00015555285572149645,-0.021980834870603025,-0.015529112749586127
703_01_027_sort_pos_joh_03_703_01_059_sort_pos_joh_01,703_01_027_sort_pos_joh_03,703_01_059_sort_pos_joh_01,0.021592885426991462,0.010143992041882106,0.013755479718178951,-0.00569411004032415
703_01_028_sort_pos_joh_01_703_01_030_sort_pos_joh_01,703_01_028_sort_pos_joh_01,703_01_030_sort_pos_joh_01,0.03319027279144259,0.0322970365062488,0.0574741946623803,0.0032350334845176526
703_01_028_sort_pos_joh_01_703_01_030_sort_pos_joh_02,703_01_028_sort_pos_joh_01,703_01_030_sort_pos_joh_02,0.015266128938912339,0.0786771738553429,0.050122141545887774,0.03834892508296317
703_01_028_sort_pos_joh_01_703_01_031_sort_pos_joh_01,703_01_028_sort_pos_joh_01,703_01_031_sort_pos_joh_01,0.029031957250511206,-0.009518884041770696,0.23314355761042316,0.018011716083500506
703_01_028_sort_pos_joh_01_703_01_031_sort_pos_joh_02,703_01_028_sort_pos_joh_01,703_01_031_sort_pos_joh_02,0.0241969344203369,0.02597732814962793,0.1297227617074971,0.026859146643318885
703_01_028_sort_pos_joh_01_703_01_031_sort_pos_joh_04,703_01_028_sort_pos_joh_01,703_01_031_sort_pos_joh_04,0.03735878150732493,0.04397011934532435,0.06343251484426633,0.010873362386869707
703_01_028_sort_pos_joh_01_703_01_054_sort_pos_joh_02,703_01_028_sort_pos_joh_01,703_01_054_sort_pos_joh_02,-0.004203830608379404,0.0009864613254397627,0.038042626413886026,0.009243811080769283
703_01_028_sort_pos_joh_01_703_01_056_sort_pos_joh_02,703_01_028_sort_pos_joh_01,703_01_056_sort_pos_joh_02,0.008489758255189972,0.0008543503409967239,0.028057447342221847,0.000281216878110868
703_01_028_sort_pos_joh_01_703_01_056_sort_pos_joh_03,703_01_028_sort_pos_joh_01,703_01_056_sort_pos_joh_03,0.027394801933969776,-0.002751737119767636,-0.02884668979735698,0.0005183546151717378
703_01_028_sort_pos_joh_01_703_01_059_sort_pos_joh_01,703_01_028_sort_pos_joh_01,703_01_059_sort_pos_joh_01,-0.0014058901930153627,-0.007870144628439818,0.04745419188742398,0.016334556283236615
703_01_030_sort_pos_joh_01_703_01_030_sort_pos_joh_02,703_01_030_sort_pos_joh_01,703_01_030_sort_pos_joh_02,0.06306485147016437,0.1541246405852509,0.033826283799042775,0.04466312643540834
703_01_030_sort_pos_joh_01_703_01_031_sort_pos_joh_01,703_01_030_sort_pos_joh_01,703_01_031_sort_pos_joh_01,0.005472980373984847,0.07903196561518659,-0.0005542215138105554,0.039358962055106174
703_01_030_sort_pos_joh_01_703_01_031_sort_pos_joh_02,703_01_030_sort_pos_joh_01,703_01_031_sort_pos_joh_02,0.048068724550630285,0.04072284114010882,-0.01698816038270022,0.027595326474674636
703_01_030_sort_pos_joh_01_703_01_031_sort_pos_joh_04,703_01_030_sort_pos_joh_01,703_01_031_sort_pos_joh_04,0.05743696093783278,0.06923376159262268,0.07772040100052667,0.031496258645148364
703_01_030_sort_pos_joh_01_703_01_054_sort_pos_joh_02,703_01_030_sort_pos_joh_01,703_01_054_sort_pos_joh_02,-0.020810747853908358,0.01881153958582155,-0.03221035350648882,0.018783676661240853
703_01_030_sort_pos_joh_01_703_01_056_sort_pos_joh_02,703_01_030_sort_pos_joh_01,703_01_056_sort_pos_joh_02,0.025295611717489938,0.008085750034942555,0.012024647182061265,-0.006680999945871255
703_01_030_sort_pos_joh_01_703_01_056_sort_pos_joh_03,703_01_030_sort_pos_joh_01,703_01_056_sort_pos_joh_03,0.027638818277391945,0.015416952925942144,0.043392114853397015,-0.009406464186694632
703_01_030_sort_pos_joh_01_703_01_059_sort_pos_joh_01,703_01_030_sort_pos_joh_01,703_01_059_sort_pos_joh_01,0.038517216893335864,0.031030745322425432,-0.04441085314222004,0.018192611986089877
703_01_030_sort_pos_joh_02_703_01_031_sort_pos_joh_01,703_01_030_sort_pos_joh_02,703_01_031_sort_pos_joh_01,0.04638132557925705,0.047850744023680475,0.1490761533840595,0.007840433914546106
703_01_030_sort_pos_joh_02_703_01_031_sort_pos_joh_02,703_01_030_sort_pos_joh_02,703_01_031_sort_pos_joh_02,0.0835452469105009,0.08844330509247458,0.07103718860251085,-0.006244671170476914
703_01_030_sort_pos_joh_02_703_01_031_sort_pos_joh_04,703_01_030_sort_pos_joh_02,703_01_031_sort_pos_joh_04,0.07034132312040307,0.11612095746333197,0.05834150691736452,0.018468670834545984
703_01_030_sort_pos_joh_02_703_01_054_sort_pos_joh_02,703_01_030_sort_pos_joh_02,703_01_054_sort_pos_joh_02,0.0019028522972049753,0.02613041963331877,-0.013268005107333473,-0.022058114380924036
703_01_030_sort_pos_joh_02_703_01_056_sort_pos_joh_02,703_01_030_sort_pos_joh_02,703_01_056_sort_pos_joh_02,0.05254982099793198,-0.00030726229767840166,0.0631392531130078,0.009064773193283329
703_01_030_sort_pos_joh_02_703_01_056_sort_pos_joh_03,703_01_030_sort_pos_joh_02,703_01_056_sort_pos_joh_03,0.028625753621041673,0.034143167597477514,-0.00848087842677965,-0.0038589886368855294
703_01_030_sort_pos_joh_02_703_01_059_sort_pos_joh_01,703_01_030_sort_pos_joh_02,703_01_059_sort_pos_joh_01,0.01615721391681185,0.03902470289155661,0.0015529419076462034,0.018191016875556354
703_01_031_sort_pos_joh_01_703_01_031_sort_pos_joh_02,703_01_031_sort_pos_joh_01,703_01_031_sort_pos_joh_02,-0.003365464305086405,-0.05752465878897785,0.16474284679810475,0.010711142960056437
703_01_031_sort_pos_joh_01_703_01_031_sort_pos_joh_04,703_01_031_sort_pos_joh_01,703_01_031_sort_pos_joh_04,-0.01580627003120796,-0.0031703312015566197,0.08495214681820804,-0.035988947283473204
703_01_031_sort_pos_joh_01_703_01_054_sort_pos_joh_02,703_01_031_sort_pos_joh_01,703_01_054_sort_pos_joh_02,-0.007344731696444686,-0.00745925827044072,0.030643514918388175,0.0038125673767625597
703_01_031_sort_pos_joh_01_703_01_056_sort_pos_joh_02,703_01_031_sort_pos_joh_01,703_01_056_sort_pos_joh_02,-0.010060621404581284,0.007903820974454016,-0.042052176507088174,-0.007902090749311334
703_01_031_sort_pos_joh_01_703_01_056_sort_pos_joh_03,703_01_031_sort_pos_joh_01,703_01_056_sort_pos_joh_03,0.007297351404953112,-0.011924563338181565,-0.0522409681458738,-0.011481351208848923
703_01_031_sort_pos_joh_01_703_01_059_sort_pos_joh_01,703_01_031_sort_pos_joh_01,703_01_059_sort_pos_joh_01,-0.006591856099928882,0.04103110502511323,0.04194787930322323,-0.01690028545681725
703_01_031_sort_pos_joh_02_703_01_031_sort_pos_joh_04,703_01_031_sort_pos_joh_02,703_01_031_sort_pos_joh_04,0.051398836139787574,0.02708354488195715,0.1054206749463164,-0.033221322201499634
703_01_031_sort_pos_joh_02_703_01_054_sort_pos_joh_02,703_01_031_sort_pos_joh_02,703_01_054_sort_pos_joh_02,0.01547751970209426,-0.005768133312399262,0.024385914203292485,0.015637914533042706
703_01_031_sort_pos_joh_02_703_01_056_sort_pos_joh_02,703_01_031_sort_pos_joh_02,703_01_056_sort_pos_joh_02,0.021055063282508227,-0.0151907238130104,-0.035453772977199566,-0.014244090191601246
703_01_031_sort_pos_joh_02_703_01_056_sort_pos_joh_03,703_01_031_sort_pos_joh_02,703_01_056_sort_pos_joh_03,0.027857775802217852,-0.00244013241354567,-0.054728066945943545,0.0301096327314571
703_01_031_sort_pos_joh_02_703_01_059_sort_pos_joh_01,703_01_031_sort_pos_joh_02,703_01_059_sort_pos_joh_01,-0.0007508102794110294,0.018871081630838053,0.043520915394913325,-0.0061104616911486
703_01_031_sort_pos_joh_04_703_01_054_sort_pos_joh_02,703_01_031_sort_pos_joh_04,703_01_054_sort_pos_joh_02,0.024033425575622595,0.011615860778102569,-0.0018029621976344713,0.048929012212706124
703_01_031_sort_pos_joh_04_703_01_056_sort_pos_joh_02,703_01_031_sort_pos_joh_04,703_01_056_sort_pos_joh_02,0.02203900543745511,0.003580969581165161,0.0013052777818588867,-0.03604236384800558
703_01_031_sort_pos_joh_04_703_01_056_sort_pos_joh_03,703_01_031_sort_pos_joh_04,703_01_056_sort_pos_joh_03,0.011604098362335696,0.0009747510671746239,-0.020507616774793375,-0.030348074441967538
703_01_031_sort_pos_joh_04_703_01_059_sort_pos_joh_01,703_01_031_sort_pos_joh_04,703_01_059_sort_pos_joh_01,0.02718591374498767,0.039815633721355166,0.039166456388855665,-0.012802436827728062
703_01_054_sort_pos_joh_02_703_01_056_sort_pos_joh_02,703_01_054_sort_pos_joh_02,703_01_056_sort_pos_joh_02,0.018734394820114565,0.010873323428990856,0.10271619311230952,0.01020097374174742
703_01_054_sort_pos_joh_02_703_01_056_sort_pos_joh_03,703_01_054_sort_pos_joh_02,703_01_056_sort_pos_joh_03,0.016219996269261575,0.03731713002205573,0.0501070021908933,0.03130397257923663
703_01_054_sort_pos_joh_02_703_01_059_sort_pos_joh_01,703_01_054_sort_pos_joh_02,703_01_059_sort_pos_joh_01,0.015490845790452904,0.0007066309914300663,0.023023107243285705,-0.0001766361700694
703_01_056_sort_pos_joh_02_703_01_056_sort_pos_joh_03,703_01_056_sort_pos_joh_02,703_01_056_sort_pos_joh_03,0.0856212291815394,0.07034021083574861,0.2972349157527008,0.05528667904146115
703_01_056_sort_pos_joh_02_703_01_059_sort_pos_joh_01,703_01_056_sort_pos_joh_02,703_01_059_sort_pos_joh_01,0.023107287475146017,0.0014884861195272989,0.017020682919565443,-0.008662380749418061
703_01_056_sort_pos_joh_03_703_01_059_sort_pos_joh_01,703_01_056_sort_pos_joh_03,703_01_059_sort_pos_joh_01,0.016350596802966667,0.01941632412585615,0.011289755338888912,0.007356722545452166
703_02_027_sort_pos_joh_01_703_02_027_sort_pos_joh_02,703_02_027_sort_pos_joh_01,703_02_027_sort_pos_joh_02,,,0.18624574997062882,0.09819788002496184
703_02_027_sort_pos_joh_01_703_02_029_sort_pos_joh_02,703_02_027_sort_pos_joh_01,703_02_029_sort_pos_joh_02,0.009764526060372732,0.05877682671159812,0.11086226841838877,0.020874092011277625
703_02_027_sort_pos_joh_01_703_02_029_sort_pos_joh_17,703_02_027_sort_pos_joh_01,703_02_029_sort_pos_joh_17,,,0.0669825909541839,
703_02_027_sort_pos_joh_01_703_02_056_sort_pos_joh_02,703_02_027_sort_pos_joh_01,703_02_056_sort_pos_joh_02,0.0040621690757026985,0.023590193156943433,-0.01945678813549182,-0.005325045460257836
703_02_027_sort_pos_joh_01_703_02_059_sort_pos_joh_01,703_02_027_sort_pos_joh_01,703_02_059_sort_pos_joh_01,0.014348969926035996,0.018627590381126522,0.0720370779130586,
703_02_027_sort_pos_joh_02_703_02_029_sort_pos_joh_02,703_02_027_sort_pos_joh_02,703_02_029_sort_pos_joh_02,,,0.020736603310698334,0.0157577108144246
703_02_027_sort_pos_joh_02_703_02_029_sort_pos_joh_17,703_02_027_sort_pos_joh_02,703_02_029_sort_pos_joh_17,,,-0.050608953152715436,
703_02_027_sort_pos_joh_02_703_02_056_sort_pos_joh_02,703_02_027_sort_pos_joh_02,703_02_056_sort_pos_joh_02,,,-0.03934288300979521,-0.0039407178625786845
703_02_027_sort_pos_joh_02_703_02_059_sort_pos_joh_01,703_02_027_sort_pos_joh_02,703_02_059_sort_pos_joh_01,,,0.05843789086862052,
703_02_029_sort_pos_joh_02_703_02_029_sort_pos_joh_17,703_02_029_sort_pos_joh_02,703_02_029_sort_pos_joh_17,,,0.03308140855656502,
703_02_029_sort_pos_joh_02_703_02_056_sort_pos_joh_02,703_02_029_sort_pos_joh_02,703_02_056_sort_pos_joh_02,-0.0029495734942756994,0.0009052179685306629,-0.03673595594888453,-0.005863676920783906
703_02_029_sort_pos_joh_02_703_02_059_sort_pos_joh_01,703_02_029_sort_pos_joh_02,703_02_059_sort_pos_joh_01,-0.0068562946014231385,0.001231763370458372,0.03371837258773931,
703_02_029_sort_pos_joh_17_703_02_056_sort_pos_joh_02,703_02_029_sort_pos_joh_17,703_02_056_sort_pos_joh_02,,,-0.022313711403984384,
703_02_029_sort_pos_joh_17_703_02_059_sort_pos_joh_01,703_02_029_sort_pos_joh_17,703_02_059_sort_pos_joh_01,,,-0.0052917504988810775,
703_02_056_sort_pos_joh_02_703_02_059_sort_pos_joh_01,703_02_056_sort_pos_joh_02,703_02_059_sort_pos_joh_01,0.004571533943845048,0.023675801735620165,-0.008043947777482671,
703_03_028_sort_pos_joh_01_703_03_038_sort_pos_joh_01,703_03_028_sort_pos_joh_01,703_03_038_sort_pos_joh_01,-0.0019428836526868983,-0.006494219380078479,0.04079055339941272,0.004258434960228042
703_03_028_sort_pos_joh_01_703_03_053_sort_pos_joh_01,703_03_028_sort_pos_joh_01,703_03_053_sort_pos_joh_01,0.0020032063141674863,-0.009979029573246867,-0.014232920837074947,-0.010099791150431274
703_03_038_sort_pos_joh_01_703_03_053_sort_pos_joh_01,703_03_038_sort_pos_joh_01,703_03_053_sort_pos_joh_01,0.009059914712341062,0.036245828680299214,-0.0015345823439432186,0.012817729450461186
704_01_009_sort_pos_joh_01_704_01_009_sort_pos_joh_03,704_01_009_sort_pos_joh_01,704_01_009_sort_pos_joh_03,0.11551255491249027,0.10480787008204015,0.2291129953292894,0.06778013003372588
704_01_009_sort_pos_joh_01_704_01_009_sort_pos_joh_07,704_01_009_sort_pos_joh_01,704_01_009_sort_pos_joh_07,0.06468068704268777,0.061162500421320626,0.1400508238116204,
704_01_009_sort_pos_joh_01_704_01_027_sort_pos_joh_01,704_01_009_sort_pos_joh_01,704_01_027_sort_pos_joh_01,0.004412735701095823,0.010756482129542489,-0.007630260545278511,0.027734272743454427
704_01_009_sort_pos_joh_01_704_01_034_sort_pos_joh_03,704_01_009_sort_pos_joh_01,704_01_034_sort_pos_joh_03,0.010606377744329135,0.011980332588274828,0.002426228371870533,-0.0023024166372900695
704_01_009_sort_pos_joh_01_704_01_037_sort_pos_joh_01,704_01_009_sort_pos_joh_01,704_01_037_sort_pos_joh_01,-0.0007126230254617815,0.005817194490250751,-0.01990191275653465,0.0064821221970598145
704_01_009_sort_pos_joh_01_704_01_038_sort_pos_joh_02,704_01_009_sort_pos_joh_01,704_01_038_sort_pos_joh_02,0.01923335287936209,0.00408605045294665,0.010043703398338618,-0.010611875429240632
704_01_009_sort_pos_joh_01_704_01_038_sort_pos_joh_05,704_01_009_sort_pos_joh_01,704_01_038_sort_pos_joh_05,0.01457961011897575,,0.019888073655171597,
704_01_009_sort_pos_joh_01_704_01_041_sort_pos_joh_01,704_01_009_sort_pos_joh_01,704_01_041_sort_pos_joh_01,0.012464820768107891,-0.00016055490762024356,0.006199145789544408,0.007900091423988629
704_01_009_sort_pos_joh_01_704_01_041_sort_pos_joh_02,704_01_009_sort_pos_joh_01,704_01_041_sort_pos_joh_02,0.007308670430138877,0.011521542487516878,0.009264411633664984,0.019119227354654583
704_01_009_sort_pos_joh_01_704_01_041_sort_pos_joh_03,704_01_009_sort_pos_joh_01,704_01_041_sort_pos_joh_03,0.026006603854529447,-0.0023114562593165734,0.018870843248815404,0.012926011777885724
704_01_009_sort_pos_joh_01_704_01_042_sort_pos_joh_01,704_01_009_sort_pos_joh_01,704_01_042_sort_pos_joh_01,0.04070467691714259,0.01823339069286952,0.027430046408778684,0.016347648747900345
704_01_009_sort_pos_joh_01_704_01_042_sort_pos_joh_04,704_01_009_sort_pos_joh_01,704_01_042_sort_pos_joh_04,0.006360847481761353,0.004325330788466756,0.021624575227327147,0.012148542533091108
704_01_009_sort_pos_joh_01_704_01_044_sort_pos_joh_01,704_01_009_sort_pos_joh_01,704_01_044_sort_pos_joh_01,-0.009280882396780417,-0.014554325574741157,0.017884198716345927,0.005949926770111123
704_01_009_sort_pos_joh_01_704_01_049_sort_pos_joh_01,704_01_009_sort_pos_joh_01,704_01_049_sort_pos_joh_01,0.022290213162990777,-0.0035842986155850717,0.007967741557857334,0.01033805307614004
704_01_009_sort_pos_joh_01_704_01_049_sort_pos_joh_02,704_01_009_sort_pos_joh_01,704_01_049_sort_pos_joh_02,0.026086011882283506,-0.004133644500312556,0.01235371014036498,0.0022003514250129117
704_01_009_sort_pos_joh_01_704_01_052_sort_pos_joh_01,704_01_009_sort_pos_joh_01,704_01_052_sort_pos_joh_01,0.0070367353054794765,-0.0014082520104923414,0.0026242118194597978,0.011320833765550316
704_01_009_sort_pos_joh_01_704_01_056_sort_pos_joh_01,704_01_009_sort_pos_joh_01,704_01_056_sort_pos_joh_01,0.004871105128820515,-0.0022271445484503215,-0.016470595265445795,
704_01_009_sort_pos_joh_01_704_01_067_sort_pos_joh_02,704_01_009_sort_pos_joh_01,704_01_067_sort_pos_joh_02,-0.01928763570390017,-0.013566684659458586,-0.003542006945626508,0.012606229619097332
704_01_009_sort_pos_joh_01_704_01_070_sort_pos_joh_01,704_01_009_sort_pos_joh_01,704_01_070_sort_pos_joh_01,0.024081995110030553,0.021160603301370744,-0.005733632484158215,-0.001129963907738807
704_01_009_sort_pos_joh_03_704_01_009_sort_pos_joh_07,704_01_009_sort_pos_joh_03,704_01_009_sort_pos_joh_07,0.1002897910949863,0.1150768682948646,0.15399680306295316,
704_01_009_sort_pos_joh_03_704_01_027_sort_pos_joh_01,704_01_009_sort_pos_joh_03,704_01_027_sort_pos_joh_01,0.004685276789457207,0.007947263200250486,0.013228557498565689,0.030746931590177683
704_01_009_sort_pos_joh_03_704_01_034_sort_pos_joh_03,704_01_009_sort_pos_joh_03,704_01_034_sort_pos_joh_03,-0.008262475217080813,0.007031166948818534,-0.009480187608950648,-0.006682788233956972
704_01_009_sort_pos_joh_03_704_01_037_sort_pos_joh_01,704_01_009_sort_pos_joh_03,704_01_037_sort_pos_joh_01,-0.00198196887474565,-0.008660715487144704,-0.015324749430434544,0.0029457526289875715
704_01_009_sort_pos_joh_03_704_01_038_sort_pos_joh_02,704_01_009_sort_pos_joh_03,704_01_038_sort_pos_joh_02,0.026716340192389405,0.013694990118363563,0.00397031881855107,0.006158719542701713
704_01_009_sort_pos_joh_03_704_01_038_sort_pos_joh_05,704_01_009_sort_pos_joh_03,704_01_038_sort_pos_joh_05,0.007052173326899033,,-0.006221762480032039,
704_01_009_sort_pos_joh_03_704_01_041_sort_pos_joh_01,704_01_009_sort_pos_joh_03,704_01_041_sort_pos_joh_01,0.01425145162193696,-0.010634772263670437,0.01714029887994269,0.0074659635058594255
704_01_009_sort_pos_joh_03_704_01_041_sort_pos_joh_02,704_01_009_sort_pos_joh_03,704_01_041_sort_pos_joh_02,0.00504802544146772,-0.010429934530724825,0.01608580136932039,0.0030082882176926265
704_01_009_sort_pos_joh_03_704_01_041_sort_pos_joh_03,704_01_009_sort_pos_joh_03,704_01_041_sort_pos_joh_03,0.018348898812780852,0.017970300110991395,0.013020831652882698,0.00017595928470481593
704_01_009_sort_pos_joh_03_704_01_042_sort_pos_joh_01,704_01_009_sort_pos_joh_03,704_01_042_sort_pos_joh_01,0.02708161582781754,0.011824602402377538,0.03950993780213538,0.014054337933221688
704_01_009_sort_pos_joh_03_704_01_042_sort_pos_joh_04,704_01_009_sort_pos_joh_03,704_01_042_sort_pos_joh_04,-0.0016919245759459958,-0.010188421423858096,0.012494404806437563,0.007308069440264622
704_01_009_sort_pos_joh_03_704_01_044_sort_pos_joh_01,704_01_009_sort_pos_joh_03,704_01_044_sort_pos_joh_01,0.004233988263577837,-0.023950917831310266,0.010881727125540306,0.0036637350026900973
704_01_009_sort_pos_joh_03_704_01_049_sort_pos_joh_01,704_01_009_sort_pos_joh_03,704_01_049_sort_pos_joh_01,-0.004171155235214132,0.0019796717921987893,0.015595505501607987,0.01603980256966106
704_01_009_sort_pos_joh_03_704_01_049_sort_pos_joh_02,704_01_009_sort_pos_joh_03,704_01_049_sort_pos_joh_02,0.024041053617150924,-0.010228788387584703,0.012975284141635759,-0.0002551768482255836
704_01_009_sort_pos_joh_03_704_01_052_sort_pos_joh_01,704_01_009_sort_pos_joh_03,704_01_052_sort_pos_joh_01,0.015767122701589236,-0.006375617289570542,0.005923390143559688,0.0034641997618270015
704_01_009_sort_pos_joh_03_704_01_056_sort_pos_joh_01,704_01_009_sort_pos_joh_03,704_01_056_sort_pos_joh_01,-0.005984734632040025,0.00039202144498975825,0.008170899044760234,
704_01_009_sort_pos_joh_03_704_01_067_sort_pos_joh_02,704_01_009_sort_pos_joh_03,704_01_067_sort_pos_joh_02,0.0017665715244592538,-0.012368394964770569,-0.013981027921028072,0.006113435006401467
704_01_009_sort_pos_joh_03_704_01_070_sort_pos_joh_01,704_01_009_sort_pos_joh_03,704_01_070_sort_pos_joh_01,-0.002912187258169588,-0.008124094271047225,-0.0012169879241701379,0.007373225336627565
704_01_009_sort_pos_joh_07_704_01_027_sort_pos_joh_01,704_01_009_sort_pos_joh_07,704_01_027_sort_pos_joh_01,0.009350789093722483,0.006874197685659133,-0.015267679866171113,
704_01_009_sort_pos_joh_07_704_01_034_sort_pos_joh_03,704_01_009_sort_pos_joh_07,704_01_034_sort_pos_joh_03,0.0009998454302448992,-0.008781054747823524,-0.011560633319435555,
704_01_009_sort_pos_joh_07_704_01_037_sort_pos_joh_01,704_01_009_sort_pos_joh_07,704_01_037_sort_pos_joh_01,0.006885940639465047,0.0015041099066849175,-0.011496941890271135,
704_01_009_sort_pos_joh_07_704_01_038_sort_pos_joh_02,704_01_009_sort_pos_joh_07,704_01_038_sort_pos_joh_02,0.00481628657892984,0.004337248390992507,0.0018809336550664627,
704_01_009_sort_pos_joh_07_704_01_038_sort_pos_joh_05,704_01_009_sort_pos_joh_07,704_01_038_sort_pos_joh_05,-0.000950915408258242,,-0.004611024155030844,
704_01_009_sort_pos_joh_07_704_01_041_sort_pos_joh_01,704_01_009_sort_pos_joh_07,704_01_041_sort_pos_joh_01,0.020951382632616332,-0.013158721199463637,0.0043641985099962905,
704_01_009_sort_pos_joh_07_704_01_041_sort_pos_joh_02,704_01_009_sort_pos_joh_07,704_01_041_sort_pos_joh_02,0.019294941282486166,0.010428767574361848,0.004990086265719466,
704_01_009_sort_pos_joh_07_704_01_041_sort_pos_joh_03,704_01_009_sort_pos_joh_07,704_01_041_sort_pos_joh_03,0.01083906502697627,-0.0027636970623726035,0.015383159963943571,
704_01_009_sort_pos_joh_07_704_01_042_sort_pos_joh_01,704_01_009_sort_pos_joh_07,704_01_042_sort_pos_joh_01,0.014591306304834977,-0.0060272247427283175,0.016706182815709222,
704_01_009_sort_pos_joh_07_704_01_042_sort_pos_joh_04,704_01_009_sort_pos_joh_07,704_01_042_sort_pos_joh_04,0.02223901503024312,0.004327282253964682,0.0073559313628661135,
704_01_009_sort_pos_joh_07_704_01_044_sort_pos_joh_01,704_01_009_sort_pos_joh_07,704_01_044_sort_pos_joh_01,-0.009888133803481379,-0.011664231371657409,-0.0029054820254312366,
704_01_009_sort_pos_joh_07_704_01_049_sort_pos_joh_01,704_01_009_sort_pos_joh_07,704_01_049_sort_pos_joh_01,-0.01103854645847974,0.008646166586282648,0.010367821504902106,
704_01_009_sort_pos_joh_07_704_01_049_sort_pos_joh_02,704_01_009_sort_pos_joh_07,704_01_049_sort_pos_joh_02,0.013983444458704643,0.02498222025067165,0.006628902312576786,
704_01_009_sort_pos_joh_07_704_01_052_sort_pos_joh_01,704_01_009_sort_pos_joh_07,704_01_052_sort_pos_joh_01,-0.012486385677430942,0.009487132142345343,0.004230517056953567,
704_01_009_sort_pos_joh_07_704_01_056_sort_pos_joh_01,704_01_009_sort_pos_joh_07,704_01_056_sort_pos_joh_01,0.007287122494390842,0.0023428273376545575,-0.005005187029094084,
704_01_009_sort_pos_joh_07_704_01_067_sort_pos_joh_02,704_01_009_sort_pos_joh_07,704_01_067_sort_pos_joh_02,-0.003658102424399375,-0.00199317865537148,-0.03043344206624822,
704_01_009_sort_pos_joh_07_704_01_070_sort_pos_joh_01,704_01_009_sort_pos_joh_07,704_01_070_sort_pos_joh_01,0.019382717874202614,-0.005915898190635622,-0.0005522466745037602,
704_01_027_sort_pos_joh_01_704_01_034_sort_pos_joh_03,704_01_027_sort_pos_joh_01,704_01_034_sort_pos_joh_03,-0.010654837925004575,-0.011015089605860092,-0.009293468358028491,0.010413524894047937
704_01_027_sort_pos_joh_01_704_01_037_sort_pos_joh_01,704_01_027_sort_pos_joh_01,704_01_037_sort_pos_joh_01,0.01729077922382637,-0.0038039309963617866,-0.015030009959214647,0.0007702089444353831
704_01_027_sort_pos_joh_01_704_01_038_sort_pos_joh_02,704_01_027_sort_pos_joh_01,704_01_038_sort_pos_joh_02,-0.003922850986316372,0.007238902300365377,-0.010564291951045674,-0.0006867394967796169
704_01_027_sort_pos_joh_01_704_01_038_sort_pos_joh_05,704_01_027_sort_pos_joh_01,704_01_038_sort_pos_joh_05,0.011731025415565026,,0.013148243551986643,
704_01_027_sort_pos_joh_01_704_01_041_sort_pos_joh_01,704_01_027_sort_pos_joh_01,704_01_041_sort_pos_joh_01,0.010953700673665533,0.006331280765914322,-0.0001482766681809904,0.02068491775327317
704_01_027_sort_pos_joh_01_704_01_041_sort_pos_joh_02,704_01_027_sort_pos_joh_01,704_01_041_sort_pos_joh_02,0.005066526452740313,0.01686799893063604,-0.014181019246974153,0.03320810601046773
704_01_027_sort_pos_joh_01_704_01_041_sort_pos_joh_03,704_01_027_sort_pos_joh_01,704_01_041_sort_pos_joh_03,0.0028549206450472265,0.009925205496481713,-0.011820811162436596,0.02171691342538313
704_01_027_sort_pos_joh_01_704_01_042_sort_pos_joh_01,704_01_027_sort_pos_joh_01,704_01_042_sort_pos_joh_01,0.02606330653591277,0.016236519704232483,-0.012509837291716825,0.03417004488780785
704_01_027_sort_pos_joh_01_704_01_042_sort_pos_joh_04,704_01_027_sort_pos_joh_01,704_01_042_sort_pos_joh_04,0.011060338797363796,-0.0063451536172073495,-0.006588454113561043,0.012316238321075035
704_01_027_sort_pos_joh_01_704_01_044_sort_pos_joh_01,704_01_027_sort_pos_joh_01,704_01_044_sort_pos_joh_01,0.01695284345278263,-0.005223831232646636,0.01037676602172543,0.030347022595215847
704_01_027_sort_pos_joh_01_704_01_049_sort_pos_joh_01,704_01_027_sort_pos_joh_01,704_01_049_sort_pos_joh_01,0.01912393723549908,-0.010930627667781218,0.015858617264250533,0.01891769307837601
704_01_027_sort_pos_joh_01_704_01_049_sort_pos_joh_02,704_01_027_sort_pos_joh_01,704_01_049_sort_pos_joh_02,0.014417234217333631,-0.005625536211860341,-0.003872913561931603,0.0023196842233746385
704_01_027_sort_pos_joh_01_704_01_052_sort_pos_joh_01,704_01_027_sort_pos_joh_01,704_01_052_sort_pos_joh_01,0.0041292127044827475,0.0006577741121678614,0.015399684069774988,0.02065432642575305
704_01_027_sort_pos_joh_01_704_01_056_sort_pos_joh_01,704_01_027_sort_pos_joh_01,704_01_056_sort_pos_joh_01,0.012038063797739891,0.00197521527533487,-0.01054269641357524,
704_01_027_sort_pos_joh_01_704_01_067_sort_pos_joh_02,704_01_027_sort_pos_joh_01,704_01_067_sort_pos_joh_02,0.037867244050976086,0.013411265902759647,0.020258569022218554,0.05576924969155453
704_01_027_sort_pos_joh_01_704_01_070_sort_pos_joh_01,704_01_027_sort_pos_joh_01,704_01_070_sort_pos_joh_01,0.02008582186283404,0.012274938333566122,0.02689318199334622,0.055016447785798554
704_01_034_sort_pos_joh_03_704_01_037_sort_pos_joh_01,704_01_034_sort_pos_joh_03,704_01_037_sort_pos_joh_01,-0.00424740197569322,-0.009704836360677174,0.06992810567757965,0.002606389373581259
704_01_034_sort_pos_joh_03_704_01_038_sort_pos_joh_02,704_01_034_sort_pos_joh_03,704_01_038_sort_pos_joh_02,0.07093268527852141,0.04362332624756497,0.15344332773364713,0.04140328950276547
704_01_034_sort_pos_joh_03_704_01_038_sort_pos_joh_05,704_01_034_sort_pos_joh_03,704_01_038_sort_pos_joh_05,0.022473514777314674,,0.060849403252487305,
704_01_034_sort_pos_joh_03_704_01_041_sort_pos_joh_01,704_01_034_sort_pos_joh_03,704_01_041_sort_pos_joh_01,0.0016402709077774705,0.025619968705528667,0.0016495689229229266,-0.006682291053973064
704_01_034_sort_pos_joh_03_704_01_041_sort_pos_joh_02,704_01_034_sort_pos_joh_03,704_01_041_sort_pos_joh_02,0.00016255910479344066,-0.004846807060590862,0.01619685425692611,0.000944843058885539
704_01_034_sort_pos_joh_03_704_01_041_sort_pos_joh_03,704_01_034_sort_pos_joh_03,704_01_041_sort_pos_joh_03,-0.007779710357226273,-0.012781135332647596,0.007537742615132263,-0.0001430333225775861
704_01_034_sort_pos_joh_03_704_01_042_sort_pos_joh_01,704_01_034_sort_pos_joh_03,704_01_042_sort_pos_joh_01,-0.0033444119153875785,-0.012866062663687984,0.032636124700060165,-0.006518212770484522
704_01_034_sort_pos_joh_03_704_01_042_sort_pos_joh_04,704_01_034_sort_pos_joh_03,704_01_042_sort_pos_joh_04,0.00031101163027173984,0.01769659632662558,0.0019264618907319305,0.009347865662679812
704_01_034_sort_pos_joh_03_704_01_044_sort_pos_joh_01,704_01_034_sort_pos_joh_03,704_01_044_sort_pos_joh_01,0.01209808514267608,0.004927812250398698,-0.003399223604372998,0.0009185655986059256
704_01_034_sort_pos_joh_03_704_01_049_sort_pos_joh_01,704_01_034_sort_pos_joh_03,704_01_049_sort_pos_joh_01,0.0060156310543479875,0.009685104661001639,-0.008194135139651683,0.0034757434263208518
704_01_034_sort_pos_joh_03_704_01_049_sort_pos_joh_02,704_01_034_sort_pos_joh_03,704_01_049_sort_pos_joh_02,0.0131648799276307,-0.005526453131771029,-0.004631968995109491,0.0020484384719700196
704_01_034_sort_pos_joh_03_704_01_052_sort_pos_joh_01,704_01_034_sort_pos_joh_03,704_01_052_sort_pos_joh_01,0.00825176251357106,-0.015752337363892872,-0.004915102956481183,-0.0032586317938021084
704_01_034_sort_pos_joh_03_704_01_056_sort_pos_joh_01,704_01_034_sort_pos_joh_03,704_01_056_sort_pos_joh_01,-0.0018921803980633844,-0.006961411159235943,0.004883207124523738,
704_01_034_sort_pos_joh_03_704_01_067_sort_pos_joh_02,704_01_034_sort_pos_joh_03,704_01_067_sort_pos_joh_02,0.003296059025705347,-0.002495287413991992,0.027290459929228957,0.010772561983407506
704_01_034_sort_pos_joh_03_704_01_070_sort_pos_joh_01,704_01_034_sort_pos_joh_03,704_01_070_sort_pos_joh_01,-0.00039591763575111096,-0.003255247958955082,0.010103346028809693,-0.0027317708212794972
704_01_037_sort_pos_joh_01_704_01_038_sort_pos_joh_02,704_01_037_sort_pos_joh_01,704_01_038_sort_pos_joh_02,0.01047236892462294,-0.01354685322421397,0.04302072295021424,0.004228922689454584
704_01_037_sort_pos_joh_01_704_01_038_sort_pos_joh_05,704_01_037_sort_pos_joh_01,704_01_038_sort_pos_joh_05,-0.0036622164643893606,,0.016348245002008426,
704_01_037_sort_pos_joh_01_704_01_041_sort_pos_joh_01,704_01_037_sort_pos_joh_01,704_01_041_sort_pos_joh_01,0.011685570679650422,0.013955883372296281,-0.014565459272286068,-0.005088677993171504
704_01_037_sort_pos_joh_01_704_01_041_sort_pos_joh_02,704_01_037_sort_pos_joh_01,704_01_041_sort_pos_joh_02,0.0002504547757321139,-0.01130168795597347,0.00376162998207696,0.004426444696930298
704_01_037_sort_pos_joh_01_704_01_041_sort_pos_joh_03,704_01_037_sort_pos_joh_01,704_01_041_sort_pos_joh_03,-0.0023422824057156588,-0.01201810144507587,0.0038383146283205993,0.00675070620155758
704_01_037_sort_pos_joh_01_704_01_042_sort_pos_joh_01,704_01_037_sort_pos_joh_01,704_01_042_sort_pos_joh_01,0.010583465697037586,0.018120749813905556,0.009764950236708715,-0.004382674111182703
704_01_037_sort_pos_joh_01_704_01_042_sort_pos_joh_04,704_01_037_sort_pos_joh_01,704_01_042_sort_pos_joh_04,0.004946647003315815,-0.020947609476338884,-0.011180836965020327,0.005490043391684088
704_01_037_sort_pos_joh_01_704_01_044_sort_pos_joh_01,704_01_037_sort_pos_joh_01,704_01_044_sort_pos_joh_01,-0.012712063844809851,-0.0024605787133986563,-0.01797597459012349,0.014146301477743659
704_01_037_sort_pos_joh_01_704_01_049_sort_pos_joh_01,704_01_037_sort_pos_joh_01,704_01_049_sort_pos_joh_01,0.004149189281114634,-0.0025091179855813157,-0.017073362935387318,0.00020165373499570662
704_01_037_sort_pos_joh_01_704_01_049_sort_pos_joh_02,704_01_037_sort_pos_joh_01,704_01_049_sort_pos_joh_02,0.01756147821277834,0.005041296222883769,-0.011287291989185717,0.00622120322215521
704_01_037_sort_pos_joh_01_704_01_052_sort_pos_joh_01,704_01_037_sort_pos_joh_01,704_01_052_sort_pos_joh_01,0.002291867094271261,-0.009713460306795072,-0.017468060915640918,0.0032591656192912763
704_01_037_sort_pos_joh_01_704_01_056_sort_pos_joh_01,704_01_037_sort_pos_joh_01,704_01_056_sort_pos_joh_01,0.004172131465108651,-0.00621555484615195,0.004768299392984595,
704_01_037_sort_pos_joh_01_704_01_067_sort_pos_joh_02,704_01_037_sort_pos_joh_01,704_01_067_sort_pos_joh_02,-0.015057646165005788,-0.023674264604918942,0.015709727533131126,0.0016263581940493905
704_01_037_sort_pos_joh_01_704_01_070_sort_pos_joh_01,704_01_037_sort_pos_joh_01,704_01_070_sort_pos_joh_01,0.004298578529925319,-0.0012990676004429721,0.005556786645857409,0.006154762372719276
704_01_038_sort_pos_joh_02_704_01_038_sort_pos_joh_05,704_01_038_sort_pos_joh_02,704_01_038_sort_pos_joh_05,0.01147728636149261,,0.09094863780520826,
704_01_038_sort_pos_joh_02_704_01_041_sort_pos_joh_01,704_01_038_sort_pos_joh_02,704_01_041_sort_pos_joh_01,0.017317001360078653,0.018346841744123554,0.0026631697674463052,0.004445545887523849
704_01_038_sort_pos_joh_02_704_01_041_sort_pos_joh_02,704_01_038_sort_pos_joh_02,704_01_041_sort_pos_joh_02,-0.004818221503140511,-0.00899252707694002,0.015824778369186953,0.0033270199410863925
704_01_038_sort_pos_joh_02_704_01_041_sort_pos_joh_03,704_01_038_sort_pos_joh_02,704_01_041_sort_pos_joh_03,-0.004986399031296994,0.009989278625797276,0.004310648012951956,0.006002451777316941
704_01_038_sort_pos_joh_02_704_01_042_sort_pos_joh_01,704_01_038_sort_pos_joh_02,704_01_042_sort_pos_joh_01,0.0041675236665006075,-0.005351355142091712,0.015590253768608564,0.009045547742547995
704_01_038_sort_pos_joh_02_704_01_042_sort_pos_joh_04,704_01_038_sort_pos_joh_02,704_01_042_sort_pos_joh_04,0.009195458757859758,0.004977659889960073,-0.0014594203339195432,0.0030018788013224775
704_01_038_sort_pos_joh_02_704_01_044_sort_pos_joh_01,704_01_038_sort_pos_joh_02,704_01_044_sort_pos_joh_01,0.009068463049640057,-0.003271708384079639,0.004883884798964117,0.004127430151157083
704_01_038_sort_pos_joh_02_704_01_049_sort_pos_joh_01,704_01_038_sort_pos_joh_02,704_01_049_sort_pos_joh_01,0.01672767552546597,-0.0034318665929904614,-0.0029857136375146445,0.010289225189341281
704_01_038_sort_pos_joh_02_704_01_049_sort_pos_joh_02,704_01_038_sort_pos_joh_02,704_01_049_sort_pos_joh_02,0.001085489639055336,0.0058087648960834576,0.0038255494760741173,0.007791512535845999
704_01_038_sort_pos_joh_02_704_01_052_sort_pos_joh_01,704_01_038_sort_pos_joh_02,704_01_052_sort_pos_joh_01,0.009854107002981246,0.005482541759853669,-0.01342755570937498,0.0041049460048670485
704_01_038_sort_pos_joh_02_704_01_056_sort_pos_joh_01,704_01_038_sort_pos_joh_02,704_01_056_sort_pos_joh_01,0.00576516696215649,-0.0017868974059657582,7.372971893710706e-06,
704_01_038_sort_pos_joh_02_704_01_067_sort_pos_joh_02,704_01_038_sort_pos_joh_02,704_01_067_sort_pos_joh_02,-0.003237203780691253,0.0007722452484357212,0.006458649808202015,0.0027327040687299474
704_01_038_sort_pos_joh_02_704_01_070_sort_pos_joh_01,704_01_038_sort_pos_joh_02,704_01_070_sort_pos_joh_01,0.0023693003589551676,-0.01975904490527906,0.004302361315847779,0.0057484312579051
704_01_038_sort_pos_joh_05_704_01_041_sort_pos_joh_01,704_01_038_sort_pos_joh_05,704_01_041_sort_pos_joh_01,0.000625730647349364,,0.004391172972044905,
704_01_038_sort_pos_joh_05_704_01_041_sort_pos_joh_02,704_01_038_sort_pos_joh_05,704_01_041_sort_pos_joh_02,0.019705584827729637,,0.011750649462718192,
704_01_038_sort_pos_joh_05_704_01_041_sort_pos_joh_03,704_01_038_sort_pos_joh_05,704_01_041_sort_pos_joh_03,-0.008408500677491727,,0.005127240213488475,
704_01_038_sort_pos_joh_05_704_01_042_sort_pos_joh_01,704_01_038_sort_pos_joh_05,704_01_042_sort_pos_joh_01,-0.009495999471276257,,0.005854417876914917,
704_01_038_sort_pos_joh_05_704_01_042_sort_pos_joh_04,704_01_038_sort_pos_joh_05,704_01_042_sort_pos_joh_04,-0.007087790212619446,,0.0012663086711388592,
704_01_038_sort_pos_joh_05_704_01_044_sort_pos_joh_01,704_01_038_sort_pos_joh_05,704_01_044_sort_pos_joh_01,0.010369702747980792,,-0.001818356947285708,
704_01_038_sort_pos_joh_05_704_01_049_sort_pos_joh_01,704_01_038_sort_pos_joh_05,704_01_049_sort_pos_joh_01,0.009271396299648457,,0.003370125005854907,
704_01_038_sort_pos_joh_05_704_01_049_sort_pos_joh_02,704_01_038_sort_pos_joh_05,704_01_049_sort_pos_joh_02,0.0025082603968145747,,0.005727909262749031,
704_01_038_sort_pos_joh_05_704_01_052_sort_pos_joh_01,704_01_038_sort_pos_joh_05,704_01_052_sort_pos_joh_01,0.00497611778498652,,-0.006180598780017793,
704_01_038_sort_pos_joh_05_704_01_056_sort_pos_joh_01,704_01_038_sort_pos_joh_05,704_01_056_sort_pos_joh_01,-0.0008649227164658242,,-0.010463117393802731,
704_01_038_sort_pos_joh_05_704_01_067_sort_pos_joh_02,704_01_038_sort_pos_joh_05,704_01_067_sort_pos_joh_02,0.010386808414644132,,-0.008854637006308496,
704_01_038_sort_pos_joh_05_704_01_070_sort_pos_joh_01,704_01_038_sort_pos_joh_05,704_01_070_sort_pos_joh_01,-0.006046578125494227,,-0.007303706844609423,
704_01_041_sort_pos_joh_01_704_01_041_sort_pos_joh_02,704_01_041_sort_pos_joh_01,704_01_041_sort_pos_joh_02,0.03666252657383891,0.03617380916259528,0.096407703389565,0.07104215788040508
704_01_041_sort_pos_joh_01_704_01_041_sort_pos_joh_03,704_01_041_sort_pos_joh_01,704_01_041_sort_pos_joh_03,0.03378955261232507,0.05362728454300884,0.04139135854451776,0.019970904252268457
704_01_041_sort_pos_joh_01_704_01_042_sort_pos_joh_01,704_01_041_sort_pos_joh_01,704_01_042_sort_pos_joh_01,0.03828501490790243,0.044856817914832,0.08339579972411353,0.03723040509957113
704_01_041_sort_pos_joh_01_704_01_042_sort_pos_joh_04,704_01_041_sort_pos_joh_01,704_01_042_sort_pos_joh_04,0.027375827819837266,0.015513305473962546,0.034769462672025866,0.012932587377563752
704_01_041_sort_pos_joh_01_704_01_044_sort_pos_joh_01,704_01_041_sort_pos_joh_01,704_01_044_sort_pos_joh_01,0.013562153077788854,0.0023947198774436104,0.04466503882308039,0.011012364248341615
704_01_041_sort_pos_joh_01_704_01_049_sort_pos_joh_01,704_01_041_sort_pos_joh_01,704_01_049_sort_pos_joh_01,-0.0042881205801677475,0.009050120334583182,-0.0037084554977863844,-0.0033252824578400074
704_01_041_sort_pos_joh_01_704_01_049_sort_pos_joh_02,704_01_041_sort_pos_joh_01,704_01_049_sort_pos_joh_02,0.018998852192321437,0.009785757839134298,-0.00875695155909901,0.0017594242767357004
704_01_041_sort_pos_joh_01_704_01_052_sort_pos_joh_01,704_01_041_sort_pos_joh_01,704_01_052_sort_pos_joh_01,-0.005481258399088218,-0.005426320018924022,0.02433712370704739,-0.003489884368667717
704_01_041_sort_pos_joh_01_704_01_056_sort_pos_joh_01,704_01_041_sort_pos_joh_01,704_01_056_sort_pos_joh_01,0.02143973394215142,0.0173944522658141,0.0014446247367336919,
704_01_041_sort_pos_joh_01_704_01_067_sort_pos_joh_02,704_01_041_sort_pos_joh_01,704_01_067_sort_pos_joh_02,0.006736521233559155,0.012290676486230464,-0.007721701395770812,0.004661946836832279
704_01_041_sort_pos_joh_01_704_01_070_sort_pos_joh_01,704_01_041_sort_pos_joh_01,704_01_070_sort_pos_joh_01,0.019676900948279848,-0.005202114152433677,0.007141911893823216,0.014115503394189627
704_01_041_sort_pos_joh_02_704_01_041_sort_pos_joh_03,704_01_041_sort_pos_joh_02,704_01_041_sort_pos_joh_03,0.11695091427898324,0.0814780873055034,0.24194275436197826,0.12526161691544455
704_01_041_sort_pos_joh_02_704_01_042_sort_pos_joh_01,704_01_041_sort_pos_joh_02,704_01_042_sort_pos_joh_01,0.2327876390165362,0.27949212581147054,0.4325999922242846,0.27436981723413034
704_01_041_sort_pos_joh_02_704_01_042_sort_pos_joh_04,704_01_041_sort_pos_joh_02,704_01_042_sort_pos_joh_04,0.05244532773851826,0.015290333287090542,0.02873584544155843,0.017570619164937237
704_01_041_sort_pos_joh_02_704_01_044_sort_pos_joh_01,704_01_041_sort_pos_joh_02,704_01_044_sort_pos_joh_01,0.03400562552810338,0.007004602014297301,0.04246753382237063,0.012533541117884432
704_01_041_sort_pos_joh_02_704_01_049_sort_pos_joh_01,704_01_041_sort_pos_joh_02,704_01_049_sort_pos_joh_01,0.01171591497626546,-0.00024864222117357504,-0.00027232556035027206,0.01298135372562035
704_01_041_sort_pos_joh_02_704_01_049_sort_pos_joh_02,704_01_041_sort_pos_joh_02,704_01_049_sort_pos_joh_02,0.012901753679497304,-0.00867120679592635,0.010765661732397657,0.0037240286768189636
704_01_041_sort_pos_joh_02_704_01_052_sort_pos_joh_01,704_01_041_sort_pos_joh_02,704_01_052_sort_pos_joh_01,-0.003534476802944751,0.017248370618135122,0.0024335407550579637,-0.0055933280001248436
704_01_041_sort_pos_joh_02_704_01_056_sort_pos_joh_01,704_01_041_sort_pos_joh_02,704_01_056_sort_pos_joh_01,0.03475793304888142,0.010844780808845954,-0.0024309924677658034,
704_01_041_sort_pos_joh_02_704_01_067_sort_pos_joh_02,704_01_041_sort_pos_joh_02,704_01_067_sort_pos_joh_02,-0.0023433614224595612,-0.0005500567903886117,0.0034974006319481795,0.007872824028401233
704_01_041_sort_pos_joh_02_704_01_070_sort_pos_joh_01,704_01_041_sort_pos_joh_02,704_01_070_sort_pos_joh_01,0.00020944591011823934,0.008313950528789645,-0.012622412164717305,0.012485004652279662
704_01_041_sort_pos_joh_03_704_01_042_sort_pos_joh_01,704_01_041_sort_pos_joh_03,704_01_042_sort_pos_joh_01,0.23729174890852178,0.3069802282220157,0.5075785311632302,0.2775837331936773
704_01_041_sort_pos_joh_03_704_01_042_sort_pos_joh_04,704_01_041_sort_pos_joh_03,704_01_042_sort_pos_joh_04,0.04804630195432073,0.008745558779892281,0.0010453792705878966,0.018045611297375874
704_01_041_sort_pos_joh_03_704_01_044_sort_pos_joh_01,704_01_041_sort_pos_joh_03,704_01_044_sort_pos_joh_01,0.027853820395410258,0.010812114078682957,0.027753953228992455,0.028140432280267188
704_01_041_sort_pos_joh_03_704_01_049_sort_pos_joh_01,704_01_041_sort_pos_joh_03,704_01_049_sort_pos_joh_01,0.01304182569664472,0.02958545787629361,0.002538117718337144,-0.0024830705391248225
704_01_041_sort_pos_joh_03_704_01_049_sort_pos_joh_02,704_01_041_sort_pos_joh_03,704_01_049_sort_pos_joh_02,0.02597883509243381,0.011001554516128918,0.002853527692133442,-0.014030808433418503
704_01_041_sort_pos_joh_03_704_01_052_sort_pos_joh_01,704_01_041_sort_pos_joh_03,704_01_052_sort_pos_joh_01,-0.011075353783040032,-0.002205184256187868,-0.002356560013460652,0.002310418272367898
704_01_041_sort_pos_joh_03_704_01_056_sort_pos_joh_01,704_01_041_sort_pos_joh_03,704_01_056_sort_pos_joh_01,0.04859295607125984,0.016122181143680907,-0.004036709212751976,
704_01_041_sort_pos_joh_03_704_01_067_sort_pos_joh_02,704_01_041_sort_pos_joh_03,704_01_067_sort_pos_joh_02,0.009259899202247174,0.008415617205844834,-0.009152325179191097,0.005921812233354661
704_01_041_sort_pos_joh_03_704_01_070_sort_pos_joh_01,704_01_041_sort_pos_joh_03,704_01_070_sort_pos_joh_01,-0.0003538379650687172,-0.007995750761475563,0.002050891609041464,0.01326907003326632
704_01_042_sort_pos_joh_01_704_01_042_sort_pos_joh_04,704_01_042_sort_pos_joh_01,704_01_042_sort_pos_joh_04,0.02377247033842558,0.019914864203361048,0.04408962950088794,0.030268526029519918
704_01_042_sort_pos_joh_01_704_01_044_sort_pos_joh_01,704_01_042_sort_pos_joh_01,704_01_044_sort_pos_joh_01,0.0038553035415434885,0.0053328789359193595,0.06040847441398475,0.003166928891324566
704_01_042_sort_pos_joh_01_704_01_049_sort_pos_joh_01,704_01_042_sort_pos_joh_01,704_01_049_sort_pos_joh_01,-0.003678255102763395,0.0011112154847796817,0.00012098881361918502,-0.010118882781920503
704_01_042_sort_pos_joh_01_704_01_049_sort_pos_joh_02,704_01_042_sort_pos_joh_01,704_01_049_sort_pos_joh_02,0.02673997058961456,-0.011904715467935105,0.0029830298938452473,-0.006520338614225003
704_01_042_sort_pos_joh_01_704_01_052_sort_pos_joh_01,704_01_042_sort_pos_joh_01,704_01_052_sort_pos_joh_01,-0.01866754258345109,0.009766498638450083,0.002473350172883592,-7.674196810562701e-05
704_01_042_sort_pos_joh_01_704_01_056_sort_pos_joh_01,704_01_042_sort_pos_joh_01,704_01_056_sort_pos_joh_01,0.01974072329948764,-0.004821198518626921,-0.004534774569222022,
704_01_042_sort_pos_joh_01_704_01_067_sort_pos_joh_02,704_01_042_sort_pos_joh_01,704_01_067_sort_pos_joh_02,0.020538477286919248,-0.00037423428390994843,-0.009010041611901085,0.008607391524662783
704_01_042_sort_pos_joh_01_704_01_070_sort_pos_joh_01,704_01_042_sort_pos_joh_01,704_01_070_sort_pos_joh_01,-0.014194678781744975,0.007184569308702012,-0.016599702943688226,0.005948095508133935
704_01_042_sort_pos_joh_04_704_01_044_sort_pos_joh_01,704_01_042_sort_pos_joh_04,704_01_044_sort_pos_joh_01,0.008537230749911364,-0.009355431907800778,0.017483461632778745,0.014576780664801102
704_01_042_sort_pos_joh_04_704_01_049_sort_pos_joh_01,704_01_042_sort_pos_joh_04,704_01_049_sort_pos_joh_01,0.016736357993254194,0.025663296480986326,0.0012422333527555753,-0.010587722173292017
704_01_042_sort_pos_joh_04_704_01_049_sort_pos_joh_02,704_01_042_sort_pos_joh_04,704_01_049_sort_pos_joh_02,0.007284344287576391,0.0090107510430757,-0.004169527410241888,0.003009010338119879
704_01_042_sort_pos_joh_04_704_01_052_sort_pos_joh_01,704_01_042_sort_pos_joh_04,704_01_052_sort_pos_joh_01,0.006939310671638472,-0.0014816401678446097,-0.005563551551305331,0.0009796962292918322
704_01_042_sort_pos_joh_04_704_01_056_sort_pos_joh_01,704_01_042_sort_pos_joh_04,704_01_056_sort_pos_joh_01,0.033888046494390194,-0.007571657198717465,-0.004783223621715885,
704_01_042_sort_pos_joh_04_704_01_067_sort_pos_joh_02,704_01_042_sort_pos_joh_04,704_01_067_sort_pos_joh_02,-0.0029915892148099257,-0.0033869088079843774,-0.009116771470886829,0.007855592689707262
704_01_042_sort_pos_joh_04_704_01_070_sort_pos_joh_01,704_01_042_sort_pos_joh_04,704_01_070_sort_pos_joh_01,0.0005869102106297355,0.0033281529474034647,-0.0029844784395880717,0.002387570747637966
704_01_044_sort_pos_joh_01_704_01_049_sort_pos_joh_01,704_01_044_sort_pos_joh_01,704_01_049_sort_pos_joh_01,-0.015121385400078234,-0.008112307665425486,-0.0043976327781615025,-0.0010502851938318301
704_01_044_sort_pos_joh_01_704_01_049_sort_pos_joh_02,704_01_044_sort_pos_joh_01,704_01_049_sort_pos_joh_02,0.008300463935877094,0.0057356227052566084,0.0058009296210788895,0.0013257252692122387
704_01_044_sort_pos_joh_01_704_01_052_sort_pos_joh_01,704_01_044_sort_pos_joh_01,704_01_052_sort_pos_joh_01,0.018567068129298692,-0.0017798344764544333,0.003952266971734155,-0.003995443435890391
704_01_044_sort_pos_joh_01_704_01_056_sort_pos_joh_01,704_01_044_sort_pos_joh_01,704_01_056_sort_pos_joh_01,0.016274011781574598,0.007053878622421304,-0.006884219997854377,
704_01_044_sort_pos_joh_01_704_01_067_sort_pos_joh_02,704_01_044_sort_pos_joh_01,704_01_067_sort_pos_joh_02,0.011285593437285994,0.022371278954426737,0.011446560366300741,0.022502958189304176
704_01_044_sort_pos_joh_01_704_01_070_sort_pos_joh_01,704_01_044_sort_pos_joh_01,704_01_070_sort_pos_joh_01,-0.009500728566624319,-0.0042795836151193,0.007593365060322891,0.0012522655994627052
704_01_049_sort_pos_joh_01_704_01_049_sort_pos_joh_02,704_01_049_sort_pos_joh_01,704_01_049_sort_pos_joh_02,0.057394735587125253,0.046849205088030296,0.15247205506300163,0.10988086310133395
704_01_049_sort_pos_joh_01_704_01_052_sort_pos_joh_01,704_01_049_sort_pos_joh_01,704_01_052_sort_pos_joh_01,0.006076274958658701,0.006469309456246225,0.09160267870810421,0.008244393039200087
704_01_049_sort_pos_joh_01_704_01_056_sort_pos_joh_01,704_01_049_sort_pos_joh_01,704_01_056_sort_pos_joh_01,0.18245523649037274,0.1515198199666272,0.11042224431140173,
704_01_049_sort_pos_joh_01_704_01_067_sort_pos_joh_02,704_01_049_sort_pos_joh_01,704_01_067_sort_pos_joh_02,-0.02679830610517947,-0.010919407158772348,-0.02130319662533028,0.008517816982227673
704_01_049_sort_pos_joh_01_704_01_070_sort_pos_joh_01,704_01_049_sort_pos_joh_01,704_01_070_sort_pos_joh_01,-0.0039053279998898364,-0.0029677829394298347,-0.011651332632243893,0.010143600652032627
704_01_049_sort_pos_joh_02_704_01_052_sort_pos_joh_01,704_01_049_sort_pos_joh_02,704_01_052_sort_pos_joh_01,0.006300157332254636,-0.006239521103439536,0.04306888830552931,0.008565626459672144
704_01_049_sort_pos_joh_02_704_01_056_sort_pos_joh_01,704_01_049_sort_pos_joh_02,704_01_056_sort_pos_joh_01,0.04667052047720466,0.013536291452624244,0.03866468178868049,
704_01_049_sort_pos_joh_02_704_01_067_sort_pos_joh_02,704_01_049_sort_pos_joh_02,704_01_067_sort_pos_joh_02,-0.012985082773493877,0.004158782103784711,-0.012929034583668972,0.009810914065817316
704_01_049_sort_pos_joh_02_704_01_070_sort_pos_joh_01,704_01_049_sort_pos_joh_02,704_01_070_sort_pos_joh_01,0.0007529609671142669,-0.01056739667246282,-0.010481769663789638,-0.005452869355440202
704_01_052_sort_pos_joh_01_704_01_056_sort_pos_joh_01,704_01_052_sort_pos_joh_01,704_01_056_sort_pos_joh_01,-0.004915761997690356,-0.0024079735589356836,0.034271178753485995,
704_01_052_sort_pos_joh_01_704_01_067_sort_pos_joh_02,704_01_052_sort_pos_joh_01,704_01_067_sort_pos_joh_02,0.009922948227269775,0.003539520366261672,-0.02785659689833922,-0.0038911122399671325
704_01_052_sort_pos_joh_01_704_01_070_sort_pos_joh_01,704_01_052_sort_pos_joh_01,704_01_070_sort_pos_joh_01,0.005723590146432337,0.019891293951531993,0.00236862887244346,0.018632482169158585
704_01_056_sort_pos_joh_01_704_01_067_sort_pos_joh_02,704_01_056_sort_pos_joh_01,704_01_067_sort_pos_joh_02,0.015922646697150437,-0.005930007849231131,-0.015806869754618133,
704_01_056_sort_pos_joh_01_704_01_070_sort_pos_joh_01,704_01_056_sort_pos_joh_01,704_01_070_sort_pos_joh_01,0.012216731497542672,-0.003314057022169231,0.00615742055346058,
704_01_067_sort_pos_joh_02_704_01_070_sort_pos_joh_01,704_01_067_sort_pos_joh_02,704_01_070_sort_pos_joh_01,0.01489871756137348,0.010020104504232982,0.030493861297185388,0.021658159384356966
704_02_003_sort_pos_joh_04_704_02_009_sort_pos_joh_03,704_02_003_sort_pos_joh_04,704_02_009_sort_pos_joh_03,,0.05665678838567303,0.029774165889485612,0.0017603416072974514
704_02_003_sort_pos_joh_04_704_02_029_sort_pos_joh_01,704_02_003_sort_pos_joh_04,704_02_029_sort_pos_joh_01,,0.03334473318196886,0.0018982294694488136,-0.004590489663429362
704_02_003_sort_pos_joh_04_704_02_029_sort_pos_joh_04,704_02_003_sort_pos_joh_04,704_02_029_sort_pos_joh_04,,0.03983548794042447,0.005238382590629213,0.0002639324246155167
704_02_003_sort_pos_joh_04_704_02_035_sort_pos_joh_01,704_02_003_sort_pos_joh_04,704_02_035_sort_pos_joh_01,,0.04577308918424132,-0.005720756623271288,-0.012868012240464815
704_02_003_sort_pos_joh_04_704_02_035_sort_pos_joh_02,704_02_003_sort_pos_joh_04,704_02_035_sort_pos_joh_02,,0.05412212654846563,-0.0005138197590073255,0.009033984904423484
704_02_003_sort_pos_joh_04_704_02_035_sort_pos_joh_04,704_02_003_sort_pos_joh_04,704_02_035_sort_pos_joh_04,,0.08899502545949985,0.01170422444683606,0.005387839313368035
704_02_003_sort_pos_joh_04_704_02_035_sort_pos_joh_05,704_02_003_sort_pos_joh_04,704_02_035_sort_pos_joh_05,,0.03610094522377119,0.005409816664202733,0.002388002482335033
704_02_003_sort_pos_joh_04_704_02_038_sort_pos_joh_02,704_02_003_sort_pos_joh_04,704_02_038_sort_pos_joh_02,,0.019055910901070162,-0.001052349015563889,0.005871017835118442
704_02_003_sort_pos_joh_04_704_02_038_sort_pos_joh_03,704_02_003_sort_pos_joh_04,704_02_038_sort_pos_joh_03,,-0.0034290221435549382,-0.008233247577053389,0.0032724592446858134
704_02_003_sort_pos_joh_04_704_02_038_sort_pos_joh_04,704_02_003_sort_pos_joh_04,704_02_038_sort_pos_joh_04,,0.0041158188450017615,0.002566414562710383,-0.002748389100287864
704_02_003_sort_pos_joh_04_704_02_038_sort_pos_joh_06,704_02_003_sort_pos_joh_04,704_02_038_sort_pos_joh_06,,0.0230748204967658,0.0004490867768613096,-0.006902124931997919
704_02_003_sort_pos_joh_04_704_02_041_sort_pos_joh_01,704_02_003_sort_pos_joh_04,704_02_041_sort_pos_joh_01,,0.054287192997795594,2.2212768514316174e-05,0.006083892543922826
704_02_003_sort_pos_joh_04_704_02_042_sort_pos_joh_01,704_02_003_sort_pos_joh_04,704_02_042_sort_pos_joh_01,,-0.02127072222062856,0.010766916384120391,0.002941310205398437
704_02_003_sort_pos_joh_04_704_02_067_sort_pos_joh_01,704_02_003_sort_pos_joh_04,704_02_067_sort_pos_joh_01,,-0.009675119830716618,-0.009799079987941906,-0.002459503226711052
704_02_003_sort_pos_joh_04_704_02_067_sort_pos_joh_02,704_02_003_sort_pos_joh_04,704_02_067_sort_pos_joh_02,,-0.031681588176616544,0.00020803058131835605,0.004315942851158847
704_02_003_sort_pos_joh_04_704_02_071_sort_pos_joh_01,704_02_003_sort_pos_joh_04,704_02_071_sort_pos_joh_01,,0.03990345672233197,-0.0008549598133379374,0.01220541108723323
704_02_003_sort_pos_joh_04_704_02_071_sort_pos_joh_05,704_02_003_sort_pos_joh_04,704_02_071_sort_pos_joh_05,,0.031120079447647123,0.0028772752143626885,0.012376365201798191
704_02_009_sort_pos_joh_03_704_02_029_sort_pos_joh_01,704_02_009_sort_pos_joh_03,704_02_029_sort_pos_joh_01,0.03202773412068291,0.010463098299844667,0.0001101207714298441,0.0002453096510180651
704_02_009_sort_pos_joh_03_704_02_029_sort_pos_joh_04,704_02_009_sort_pos_joh_03,704_02_029_sort_pos_joh_04,0.009464369613082916,-0.040464558335055224,0.006375769245133175,0.014502409517995911
704_02_009_sort_pos_joh_03_704_02_035_sort_pos_joh_01,704_02_009_sort_pos_joh_03,704_02_035_sort_pos_joh_01,0.013086934626971154,0.015469953574873236,-0.01544747123867493,-0.00829770093852282
704_02_009_sort_pos_joh_03_704_02_035_sort_pos_joh_02,704_02_009_sort_pos_joh_03,704_02_035_sort_pos_joh_02,-0.002331255238495565,0.022573033338345306,0.004095194436525324,0.004810852046486489
704_02_009_sort_pos_joh_03_704_02_035_sort_pos_joh_04,704_02_009_sort_pos_joh_03,704_02_035_sort_pos_joh_04,0.01648919814645817,0.0866020021011812,0.007045804124404626,-0.008643542881074037
704_02_009_sort_pos_joh_03_704_02_035_sort_pos_joh_05,704_02_009_sort_pos_joh_03,704_02_035_sort_pos_joh_05,0.004097820423752685,-0.0013640849196123457,-0.010712491661184839,-0.011443499620927595
704_02_009_sort_pos_joh_03_704_02_038_sort_pos_joh_02,704_02_009_sort_pos_joh_03,704_02_038_sort_pos_joh_02,-0.005322498135817281,0.060596481929208856,-0.0002834888874022403,-0.008008045076087834
704_02_009_sort_pos_joh_03_704_02_038_sort_pos_joh_03,704_02_009_sort_pos_joh_03,704_02_038_sort_pos_joh_03,0.013474001521999589,-0.009050445275446859,-0.01877993084956798,0.016170009468919208
704_02_009_sort_pos_joh_03_704_02_038_sort_pos_joh_04,704_02_009_sort_pos_joh_03,704_02_038_sort_pos_joh_04,0.008454903113921188,0.005001113318767646,-0.0007863480364019172,0.006185585367532378
704_02_009_sort_pos_joh_03_704_02_038_sort_pos_joh_06,704_02_009_sort_pos_joh_03,704_02_038_sort_pos_joh_06,-0.005134929550550905,-0.011811800616711166,-0.005030867413654578,0.008886809985233128
704_02_009_sort_pos_joh_03_704_02_041_sort_pos_joh_01,704_02_009_sort_pos_joh_03,704_02_041_sort_pos_joh_01,-0.008796696054454062,-0.019623371357640956,0.004204615607621034,-0.013759032407268511
704_02_009_sort_pos_joh_03_704_02_042_sort_pos_joh_01,704_02_009_sort_pos_joh_03,704_02_042_sort_pos_joh_01,0.02402492747370281,0.0327007033945184,0.000867801741296731,0.0023390285578343997
704_02_009_sort_pos_joh_03_704_02_067_sort_pos_joh_01,704_02_009_sort_pos_joh_03,704_02_067_sort_pos_joh_01,0.0011785381929308436,0.03731683547510295,-0.002502859059789139,0.0029482545430369374
704_02_009_sort_pos_joh_03_704_02_067_sort_pos_joh_02,704_02_009_sort_pos_joh_03,704_02_067_sort_pos_joh_02,0.00036605778751906757,0.07599897920923819,-0.005527033758751931,-0.0018709403517701755
704_02_009_sort_pos_joh_03_704_02_071_sort_pos_joh_01,704_02_009_sort_pos_joh_03,704_02_071_sort_pos_joh_01,0.010487754963144063,0.06524417816526117,-0.017341618653161642,0.006577148528450789
704_02_009_sort_pos_joh_03_704_02_071_sort_pos_joh_05,704_02_009_sort_pos_joh_03,704_02_071_sort_pos_joh_05,-0.0037453222469791807,-0.04729909760669636,-0.013392325488101542,0.011494549811290293
704_02_029_sort_pos_joh_01_704_02_029_sort_pos_joh_04,704_02_029_sort_pos_joh_01,704_02_029_sort_pos_joh_04,0.02222724941774542,-0.07168909616288593,0.04005424086451333,-0.04124463303149217
704_02_029_sort_pos_joh_01_704_02_035_sort_pos_joh_01,704_02_029_sort_pos_joh_01,704_02_035_sort_pos_joh_01,0.005468090458904782,0.12221921586708089,-0.003660952129008263,-0.0017569661118262464
704_02_029_sort_pos_joh_01_704_02_035_sort_pos_joh_02,704_02_029_sort_pos_joh_01,704_02_035_sort_pos_joh_02,0.02909837609207386,0.026429958673015487,-0.018000567173143647,0.00810141484449346
704_02_029_sort_pos_joh_01_704_02_035_sort_pos_joh_04,704_02_029_sort_pos_joh_01,704_02_035_sort_pos_joh_04,0.014961292971275238,0.017611912838336158,-0.006107682592448877,0.005337851833178076
704_02_029_sort_pos_joh_01_704_02_035_sort_pos_joh_05,704_02_029_sort_pos_joh_01,704_02_035_sort_pos_joh_05,-0.0014955225572918576,0.15710280446512337,-0.012160884854224811,0.00031691702922257374
704_02_029_sort_pos_joh_01_704_02_038_sort_pos_joh_02,704_02_029_sort_pos_joh_01,704_02_038_sort_pos_joh_02,0.03805698691876613,-0.03207665342822054,0.009589586524920672,-0.007940239466799524
704_02_029_sort_pos_joh_01_704_02_038_sort_pos_joh_03,704_02_029_sort_pos_joh_01,704_02_038_sort_pos_joh_03,0.02567115009519523,0.03234920362220383,0.00043258430788688696,-0.0018346057492773385
704_02_029_sort_pos_joh_01_704_02_038_sort_pos_joh_04,704_02_029_sort_pos_joh_01,704_02_038_sort_pos_joh_04,0.028530029015761366,0.05653517006629423,0.008423977399804255,-0.011368404570150132
704_02_029_sort_pos_joh_01_704_02_038_sort_pos_joh_06,704_02_029_sort_pos_joh_01,704_02_038_sort_pos_joh_06,0.009410927678165664,0.04552272884329809,-0.005455746067444715,-0.008339932727736409
704_02_029_sort_pos_joh_01_704_02_041_sort_pos_joh_01,704_02_029_sort_pos_joh_01,704_02_041_sort_pos_joh_01,0.021926516997543846,0.05129006305122767,-0.009119885827184092,-0.002116061281548324
704_02_029_sort_pos_joh_01_704_02_042_sort_pos_joh_01,704_02_029_sort_pos_joh_01,704_02_042_sort_pos_joh_01,0.05615969782136619,0.016067329360202068,0.012807681499898792,0.017507513227695667
704_02_029_sort_pos_joh_01_704_02_067_sort_pos_joh_01,704_02_029_sort_pos_joh_01,704_02_067_sort_pos_joh_01,0.00828866249478514,0.12322708114353689,0.0396495416432461,0.02511344390470431
704_02_029_sort_pos_joh_01_704_02_067_sort_pos_joh_02,704_02_029_sort_pos_joh_01,704_02_067_sort_pos_joh_02,0.07221872474232184,-0.050107170958014854,0.034883314705216925,0.028297081222643874
704_02_029_sort_pos_joh_01_704_02_071_sort_pos_joh_01,704_02_029_sort_pos_joh_01,704_02_071_sort_pos_joh_01,0.06176057158979379,0.014915348306341655,0.04080056637257812,0.03603266759726354
704_02_029_sort_pos_joh_01_704_02_071_sort_pos_joh_05,704_02_029_sort_pos_joh_01,704_02_071_sort_pos_joh_05,0.02395606057799381,-0.01696179950718688,0.016407062291859353,0.015507766452367278
704_02_029_sort_pos_joh_04_704_02_035_sort_pos_joh_01,704_02_029_sort_pos_joh_04,704_02_035_sort_pos_joh_01,0.005539626299397433,-0.02722552300393794,-0.0026326197817662426,0.02068092521792392
704_02_029_sort_pos_joh_04_704_02_035_sort_pos_joh_02,704_02_029_sort_pos_joh_04,704_02_035_sort_pos_joh_02,-0.006413479908040923,-0.023551439311301027,-0.0025383079790865545,-0.001937423465893192
704_02_029_sort_pos_joh_04_704_02_035_sort_pos_joh_04,704_02_029_sort_pos_joh_04,704_02_035_sort_pos_joh_04,0.015486293944445277,0.041322388030768493,-0.004393477145933208,-0.0012584873107173448
704_02_029_sort_pos_joh_04_704_02_035_sort_pos_joh_05,704_02_029_sort_pos_joh_04,704_02_035_sort_pos_joh_05,-0.009401854173399553,-0.09254718687630417,-0.003056948127123087,0.012211078457901044
704_02_029_sort_pos_joh_04_704_02_038_sort_pos_joh_02,704_02_029_sort_pos_joh_04,704_02_038_sort_pos_joh_02,-0.0024253534201349528,-0.054273457578273114,0.0017327066495460364,0.00453894322724388
704_02_029_sort_pos_joh_04_704_02_038_sort_pos_joh_03,704_02_029_sort_pos_joh_04,704_02_038_sort_pos_joh_03,-0.0007767543934704274,-0.006823290898570616,1.7780722998866535e-05,-0.014361377594500001
704_02_029_sort_pos_joh_04_704_02_038_sort_pos_joh_04,704_02_029_sort_pos_joh_04,704_02_038_sort_pos_joh_04,0.0045001564266625655,-0.11951174623510269,0.006338832499657926,0.0012309189065332464
704_02_029_sort_pos_joh_04_704_02_038_sort_pos_joh_06,704_02_029_sort_pos_joh_04,704_02_038_sort_pos_joh_06,-0.010503710945867299,-0.04068866123066817,-0.006031229382066785,0.004605468905749888
704_02_029_sort_pos_joh_04_704_02_041_sort_pos_joh_01,704_02_029_sort_pos_joh_04,704_02_041_sort_pos_joh_01,0.005145986592892744,-0.0580944975288642,0.006498827122687295,-0.00326933077535805
704_02_029_sort_pos_joh_04_704_02_042_sort_pos_joh_01,704_02_029_sort_pos_joh_04,704_02_042_sort_pos_joh_01,0.02299261947723139,0.02285066996320637,0.00899653209539308,0.0008691431046422162
704_02_029_sort_pos_joh_04_704_02_067_sort_pos_joh_01,704_02_029_sort_pos_joh_04,704_02_067_sort_pos_joh_01,-0.0017606787587151156,0.03720446388939569,0.008139928047297955,-0.0051852588468291735
704_02_029_sort_pos_joh_04_704_02_067_sort_pos_joh_02,704_02_029_sort_pos_joh_04,704_02_067_sort_pos_joh_02,0.00510865388137443,-0.046787691943856596,0.019128212348648168,0.005995668439314475
704_02_029_sort_pos_joh_04_704_02_071_sort_pos_joh_01,704_02_029_sort_pos_joh_04,704_02_071_sort_pos_joh_01,0.019705362197908992,0.035927990175507796,0.004624085071342056,0.004320270624769332
704_02_029_sort_pos_joh_04_704_02_071_sort_pos_joh_05,704_02_029_sort_pos_joh_04,704_02_071_sort_pos_joh_05,0.00869845989875715,0.004627756484940113,-0.002478914725469301,-0.009839969470179915
704_02_035_sort_pos_joh_01_704_02_035_sort_pos_joh_02,704_02_035_sort_pos_joh_01,704_02_035_sort_pos_joh_02,0.05100096068062687,-0.0760333504050665,0.07277786904887086,0.0211752312769414
704_02_035_sort_pos_joh_01_704_02_035_sort_pos_joh_04,704_02_035_sort_pos_joh_01,704_02_035_sort_pos_joh_04,0.0026911377525500988,0.0474816162781024,0.02920538767008699,0.019954581794428636
704_02_035_sort_pos_joh_01_704_02_035_sort_pos_joh_05,704_02_035_sort_pos_joh_01,704_02_035_sort_pos_joh_05,0.06895369017368462,0.06310979147259882,0.08599893965794153,0.04879398259957657
704_02_035_sort_pos_joh_01_704_02_038_sort_pos_joh_02,704_02_035_sort_pos_joh_01,704_02_038_sort_pos_joh_02,0.01682715116701068,0.07677367505911831,0.025535293360263247,0.012859657583760337
704_02_035_sort_pos_joh_01_704_02_038_sort_pos_joh_03,704_02_035_sort_pos_joh_01,704_02_038_sort_pos_joh_03,0.014933820819524844,0.06531976940125361,0.05075020584037029,-0.0063727006364087185
704_02_035_sort_pos_joh_01_704_02_038_sort_pos_joh_04,704_02_035_sort_pos_joh_01,704_02_038_sort_pos_joh_04,0.02643072752293775,-0.07453884077627397,0.028123150519992236,-0.009880094542336121
704_02_035_sort_pos_joh_01_704_02_038_sort_pos_joh_06,704_02_035_sort_pos_joh_01,704_02_038_sort_pos_joh_06,0.013207886129061883,0.05433506794963826,0.01274433970170279,0.012807517620174512
704_02_035_sort_pos_joh_01_704_02_041_sort_pos_joh_01,704_02_035_sort_pos_joh_01,704_02_041_sort_pos_joh_01,0.010227162861584116,-0.02968974234403881,-0.017059988982600235,0.009729278694066685
704_02_035_sort_pos_joh_01_704_02_042_sort_pos_joh_01,704_02_035_sort_pos_joh_01,704_02_042_sort_pos_joh_01,0.010031405560981952,0.05644111719861693,-0.019690774417800153,-0.010852072505244678
704_02_035_sort_pos_joh_01_704_02_067_sort_pos_joh_01,704_02_035_sort_pos_joh_01,704_02_067_sort_pos_joh_01,-0.0015269966728856952,0.029040229718118687,0.014187079563114052,0.0033679457098074804
704_02_035_sort_pos_joh_01_704_02_067_sort_pos_joh_02,704_02_035_sort_pos_joh_01,704_02_067_sort_pos_joh_02,0.0255686277531466,-0.0010282982233301842,0.007658586247071001,0.004068718849012203
704_02_035_sort_pos_joh_01_704_02_071_sort_pos_joh_01,704_02_035_sort_pos_joh_01,704_02_071_sort_pos_joh_01,0.04491527339692924,-0.009620593110922504,0.02010578902334678,0.0025229145751635273
704_02_035_sort_pos_joh_01_704_02_071_sort_pos_joh_05,704_02_035_sort_pos_joh_01,704_02_071_sort_pos_joh_05,0.022741517426403103,0.05913358227997133,0.0012109290482753084,0.0018633652114713702
704_02_035_sort_pos_joh_02_704_02_035_sort_pos_joh_04,704_02_035_sort_pos_joh_02,704_02_035_sort_pos_joh_04,0.011229379080708266,0.01320096596202161,0.031012548520565845,0.030130487271860976
704_02_035_sort_pos_joh_02_704_02_035_sort_pos_joh_05,704_02_035_sort_pos_joh_02,704_02_035_sort_pos_joh_05,0.02987095418829728,8.510789297362556e-05,0.06715209960362575,0.04141893707035733
704_02_035_sort_pos_joh_02_704_02_038_sort_pos_joh_02,704_02_035_sort_pos_joh_02,704_02_038_sort_pos_joh_02,0.021761186097476792,-0.021608571404974315,0.014946260263509153,0.002451746358239794
704_02_035_sort_pos_joh_02_704_02_038_sort_pos_joh_03,704_02_035_sort_pos_joh_02,704_02_038_sort_pos_joh_03,0.02609039000376304,0.014684057957363418,-0.002564634840743372,0.015078699008771818
704_02_035_sort_pos_joh_02_704_02_038_sort_pos_joh_04,704_02_035_sort_pos_joh_02,704_02_038_sort_pos_joh_04,0.024504811788859552,-0.014253755758612862,0.017251682372689862,0.00857957376855578
704_02_035_sort_pos_joh_02_704_02_038_sort_pos_joh_06,704_02_035_sort_pos_joh_02,704_02_038_sort_pos_joh_06,-0.013927696543873384,-0.022488478281886506,0.019252820319491954,0.00090376453965499
704_02_035_sort_pos_joh_02_704_02_041_sort_pos_joh_01,704_02_035_sort_pos_joh_02,704_02_041_sort_pos_joh_01,0.010405442637667553,-0.0190274224384852,-0.0033558880747460366,-0.004050607043194735
704_02_035_sort_pos_joh_02_704_02_042_sort_pos_joh_01,704_02_035_sort_pos_joh_02,704_02_042_sort_pos_joh_01,0.019343702490344897,0.0038962025100838836,-0.0014505336879383844,0.011835652655165379
704_02_035_sort_pos_joh_02_704_02_067_sort_pos_joh_01,704_02_035_sort_pos_joh_02,704_02_067_sort_pos_joh_01,-0.002143038745439729,0.003395969586144495,0.020724812317651702,-0.0023590575834733203
704_02_035_sort_pos_joh_02_704_02_067_sort_pos_joh_02,704_02_035_sort_pos_joh_02,704_02_067_sort_pos_joh_02,0.012135691142940004,0.04753574700472642,0.011894052755081996,-0.0016485329759971668
704_02_035_sort_pos_joh_02_704_02_071_sort_pos_joh_01,704_02_035_sort_pos_joh_02,704_02_071_sort_pos_joh_01,0.04346892711689315,0.13657299216118268,0.005173969133417819,0.0067945931252358475
704_02_035_sort_pos_joh_02_704_02_071_sort_pos_joh_05,704_02_035_sort_pos_joh_02,704_02_071_sort_pos_joh_05,0.019134958512022605,-0.006877051572513105,0.005162278398251399,-0.007070888614444804
704_02_035_sort_pos_joh_04_704_02_035_sort_pos_joh_05,704_02_035_sort_pos_joh_04,704_02_035_sort_pos_joh_05,-0.012317435845941305,-0.02834187881285299,0.026765680387690692,0.011909407947898092
704_02_035_sort_pos_joh_04_704_02_038_sort_pos_joh_02,704_02_035_sort_pos_joh_04,704_02_038_sort_pos_joh_02,0.004085007474768438,0.043572842912751035,0.006566538487508023,0.0097243444620488
704_02_035_sort_pos_joh_04_704_02_038_sort_pos_joh_03,704_02_035_sort_pos_joh_04,704_02_038_sort_pos_joh_03,-0.003008893870693837,-0.03635247324683923,0.0034431701341682665,0.02074321943329571
704_02_035_sort_pos_joh_04_704_02_038_sort_pos_joh_04,704_02_035_sort_pos_joh_04,704_02_038_sort_pos_joh_04,0.03156305768637061,-0.015149646983846441,0.020031178120000832,0.016989323572373257
704_02_035_sort_pos_joh_04_704_02_038_sort_pos_joh_06,704_02_035_sort_pos_joh_04,704_02_038_sort_pos_joh_06,0.0043510545867249464,-0.0007721326333312325,0.015776340334842306,0.011483881477205353
704_02_035_sort_pos_joh_04_704_02_041_sort_pos_joh_01,704_02_035_sort_pos_joh_04,704_02_041_sort_pos_joh_01,0.005659638755492581,-0.015027947531574206,0.0059672098193521836,-0.015347400597224852
704_02_035_sort_pos_joh_04_704_02_042_sort_pos_joh_01,704_02_035_sort_pos_joh_04,704_02_042_sort_pos_joh_01,0.0021795312972459767,0.05818254129375881,0.0031607609957994983,0.013071517970275752
704_02_035_sort_pos_joh_04_704_02_067_sort_pos_joh_01,704_02_035_sort_pos_joh_04,704_02_067_sort_pos_joh_01,-0.006173532811420048,-0.0735157097143332,-0.004745278299254563,-0.01864500743404341
704_02_035_sort_pos_joh_04_704_02_067_sort_pos_joh_02,704_02_035_sort_pos_joh_04,704_02_067_sort_pos_joh_02,0.02988918579363492,0.011165234835646265,-0.01088782436025889,0.011035776813313148
704_02_035_sort_pos_joh_04_704_02_071_sort_pos_joh_01,704_02_035_sort_pos_joh_04,704_02_071_sort_pos_joh_01,0.028083925180294282,-0.01700472371580964,0.01577620382123426,0.006487270727282901
704_02_035_sort_pos_joh_04_704_02_071_sort_pos_joh_05,704_02_035_sort_pos_joh_04,704_02_071_sort_pos_joh_05,-0.00038473204495275245,0.004658644795648921,0.014595777272955595,0.00926194808660333
704_02_035_sort_pos_joh_05_704_02_038_sort_pos_joh_02,704_02_035_sort_pos_joh_05,704_02_038_sort_pos_joh_02,0.026869363238879167,-0.06549507274279293,0.022642695081345393,0.012709416141466246
704_02_035_sort_pos_joh_05_704_02_038_sort_pos_joh_03,704_02_035_sort_pos_joh_05,704_02_038_sort_pos_joh_03,-0.015011160779417063,0.03023009395691838,0.03280986664782007,0.0009313633942479765
704_02_035_sort_pos_joh_05_704_02_038_sort_pos_joh_04,704_02_035_sort_pos_joh_05,704_02_038_sort_pos_joh_04,0.00779492944634305,0.15739718121052637,0.015307733383635714,0.005905964988189247
704_02_035_sort_pos_joh_05_704_02_038_sort_pos_joh_06,704_02_035_sort_pos_joh_05,704_02_038_sort_pos_joh_06,-0.009245779444799266,0.023491243828619102,0.027458042672794936,0.0052472706863903726
704_02_035_sort_pos_joh_05_704_02_041_sort_pos_joh_01,704_02_035_sort_pos_joh_05,704_02_041_sort_pos_joh_01,0.008822853978051569,0.06557307619140873,-0.011113273223156715,-0.007390287549560049
704_02_035_sort_pos_joh_05_704_02_042_sort_pos_joh_01,704_02_035_sort_pos_joh_05,704_02_042_sort_pos_joh_01,0.028020980997662783,0.037640502618457965,-0.0028226628978644456,0.012480090945019832
704_02_035_sort_pos_joh_05_704_02_067_sort_pos_joh_01,704_02_035_sort_pos_joh_05,704_02_067_sort_pos_joh_01,0.006164819947380347,0.07417075203794385,0.007999683006154406,0.0012015248056929276
704_02_035_sort_pos_joh_05_704_02_067_sort_pos_joh_02,704_02_035_sort_pos_joh_05,704_02_067_sort_pos_joh_02,0.03399963413589305,-0.0018475723743606063,0.010682828594499328,0.006722956678706472
704_02_035_sort_pos_joh_05_704_02_071_sort_pos_joh_01,704_02_035_sort_pos_joh_05,704_02_071_sort_pos_joh_01,0.03004068600829687,0.012866130028547546,0.015049971039542094,0.0012961996256388155
704_02_035_sort_pos_joh_05_704_02_071_sort_pos_joh_05,704_02_035_sort_pos_joh_05,704_02_071_sort_pos_joh_05,0.020253488391060975,-0.0604987790883351,0.0032479442358973156,0.008537777919521237
704_02_038_sort_pos_joh_02_704_02_038_sort_pos_joh_03,704_02_038_sort_pos_joh_02,704_02_038_sort_pos_joh_03,0.05179849347922842,0.026709503680838433,0.06209771974221625,0.024201687452540314
704_02_038_sort_pos_joh_02_704_02_038_sort_pos_joh_04,704_02_038_sort_pos_joh_02,704_02_038_sort_pos_joh_04,0.06201686846332818,0.1284040903482435,0.225153068963968,0.19906257636871294
704_02_038_sort_pos_joh_02_704_02_038_sort_pos_joh_06,704_02_038_sort_pos_joh_02,704_02_038_sort_pos_joh_06,0.0539808758583482,0.19426463941780434,0.1460132545144284,0.12614353066086637
704_02_038_sort_pos_joh_02_704_02_041_sort_pos_joh_01,704_02_038_sort_pos_joh_02,704_02_041_sort_pos_joh_01,0.001905951082156765,0.029762018849869974,0.009334335705283867,0.0024192520321036355
704_02_038_sort_pos_joh_02_704_02_042_sort_pos_joh_01,704_02_038_sort_pos_joh_02,704_02_042_sort_pos_joh_01,0.05168192859203539,-0.016687779040942978,0.0055195959774422924,0.003950579729167896
704_02_038_sort_pos_joh_02_704_02_067_sort_pos_joh_01,704_02_038_sort_pos_joh_02,704_02_067_sort_pos_joh_01,0.04193692897952958,-0.05248232749124441,-0.0027316308250378775,0.0041371386386106525
704_02_038_sort_pos_joh_02_704_02_067_sort_pos_joh_02,704_02_038_sort_pos_joh_02,704_02_067_sort_pos_joh_02,0.04364269384433554,0.06526900449083879,0.0002637454014034577,0.0012508114391110298
704_02_038_sort_pos_joh_02_704_02_071_sort_pos_joh_01,704_02_038_sort_pos_joh_02,704_02_071_sort_pos_joh_01,0.033448873598624224,-0.05225894874871169,-0.005365126066873929,0.001713263119105439
704_02_038_sort_pos_joh_02_704_02_071_sort_pos_joh_05,704_02_038_sort_pos_joh_02,704_02_071_sort_pos_joh_05,0.030186125139499958,-0.04009657388457541,-0.006858287956595727,-0.0036095896254084324
704_02_038_sort_pos_joh_03_704_02_038_sort_pos_joh_04,704_02_038_sort_pos_joh_03,704_02_038_sort_pos_joh_04,0.01884466353112844,0.03503546179102301,0.05954920777328652,0.04959720069713533
704_02_038_sort_pos_joh_03_704_02_038_sort_pos_joh_06,704_02_038_sort_pos_joh_03,704_02_038_sort_pos_joh_06,0.01685075749714117,0.01778277517696492,0.03284948466347312,0.004768307847645487
704_02_038_sort_pos_joh_03_704_02_041_sort_pos_joh_01,704_02_038_sort_pos_joh_03,704_02_041_sort_pos_joh_01,0.007349313999124787,-0.02526405535941043,-0.02118561249840969,0.006377666152207934
704_02_038_sort_pos_joh_03_704_02_042_sort_pos_joh_01,704_02_038_sort_pos_joh_03,704_02_042_sort_pos_joh_01,0.024400969665685165,0.0045731832292478704,-0.0037661971290887716,0.001265167198556269
704_02_038_sort_pos_joh_03_704_02_067_sort_pos_joh_01,704_02_038_sort_pos_joh_03,704_02_067_sort_pos_joh_01,0.01567036491515196,-0.037762425695051643,0.012918058079442563,-0.012117391751307958
704_02_038_sort_pos_joh_03_704_02_067_sort_pos_joh_02,704_02_038_sort_pos_joh_03,704_02_067_sort_pos_joh_02,0.021091364713853738,0.016226397558107515,0.022285050391336318,0.005368873466820548
704_02_038_sort_pos_joh_03_704_02_071_sort_pos_joh_01,704_02_038_sort_pos_joh_03,704_02_071_sort_pos_joh_01,0.009104039103558356,-0.03492948903050195,0.033001277955187786,0.002981675128887869
704_02_038_sort_pos_joh_03_704_02_071_sort_pos_joh_05,704_02_038_sort_pos_joh_03,704_02_071_sort_pos_joh_05,0.015600303951673734,-0.02378133403054225,0.015622125270901656,0.006027422105112882
704_02_038_sort_pos_joh_04_704_02_038_sort_pos_joh_06,704_02_038_sort_pos_joh_04,704_02_038_sort_pos_joh_06,0.015534804666382764,0.08302433099008753,0.13178843235497226,0.09067255524258694
704_02_038_sort_pos_joh_04_704_02_041_sort_pos_joh_01,704_02_038_sort_pos_joh_04,704_02_041_sort_pos_joh_01,0.002905708713762773,-0.029977020061445012,0.011783367300446561,-0.005007994737300267
704_02_038_sort_pos_joh_04_704_02_042_sort_pos_joh_01,704_02_038_sort_pos_joh_04,704_02_042_sort_pos_joh_01,0.019580611740890232,0.028802778550250655,-0.0050506045732050635,0.0015492799783505596
704_02_038_sort_pos_joh_04_704_02_067_sort_pos_joh_01,704_02_038_sort_pos_joh_04,704_02_067_sort_pos_joh_01,0.013552870903621625,0.01945746200991587,-0.006579576546470887,-0.004664142009645116
704_02_038_sort_pos_joh_04_704_02_067_sort_pos_joh_02,704_02_038_sort_pos_joh_04,704_02_067_sort_pos_joh_02,0.031788069022421504,-0.058286867912638075,0.01198007619381586,-0.010306974103984566
704_02_038_sort_pos_joh_04_704_02_071_sort_pos_joh_01,704_02_038_sort_pos_joh_04,704_02_071_sort_pos_joh_01,0.029226809138793816,-0.005298451431388506,0.012080882037907846,-0.00019664231305258656
704_02_038_sort_pos_joh_04_704_02_071_sort_pos_joh_05,704_02_038_sort_pos_joh_04,704_02_071_sort_pos_joh_05,0.015793707547682348,0.056714516804786265,-0.00307038843196686,-0.006088826474587008
704_02_038_sort_pos_joh_06_704_02_041_sort_pos_joh_01,704_02_038_sort_pos_joh_06,704_02_041_sort_pos_joh_01,-0.0008046388120949373,0.0062086743255620955,-0.00282404611545535,0.010073143296920724
704_02_038_sort_pos_joh_06_704_02_042_sort_pos_joh_01,704_02_038_sort_pos_joh_06,704_02_042_sort_pos_joh_01,0.01213914336796628,0.0024677877346087696,-0.0057674537056156055,0.011234792866407996
704_02_038_sort_pos_joh_06_704_02_067_sort_pos_joh_01,704_02_038_sort_pos_joh_06,704_02_067_sort_pos_joh_01,-0.00715347519724661,0.012393415369248777,0.0076084941118137826,0.005451865949587728
704_02_038_sort_pos_joh_06_704_02_067_sort_pos_joh_02,704_02_038_sort_pos_joh_06,704_02_067_sort_pos_joh_02,0.021089825678790138,0.0047274370094735245,0.011718095572856907,-0.0019559662556462034
704_02_038_sort_pos_joh_06_704_02_071_sort_pos_joh_01,704_02_038_sort_pos_joh_06,704_02_071_sort_pos_joh_01,0.027842385138754828,0.02379423849680489,0.012563396826270522,0.0003637194650764838
704_02_038_sort_pos_joh_06_704_02_071_sort_pos_joh_05,704_02_038_sort_pos_joh_06,704_02_071_sort_pos_joh_05,0.015932571226605723,0.020250144968207363,-0.0017963868435724518,-0.005495409897184065
704_02_041_sort_pos_joh_01_704_02_042_sort_pos_joh_01,704_02_041_sort_pos_joh_01,704_02_042_sort_pos_joh_01,0.07687179437947889,0.11044910397771182,0.06683060482021336,0.031735959285382025
704_02_041_sort_pos_joh_01_704_02_067_sort_pos_joh_01,704_02_041_sort_pos_joh_01,704_02_067_sort_pos_joh_01,0.024042221022015572,0.10639136909805612,0.012834893500608745,0.008648604399893884
704_02_041_sort_pos_joh_01_704_02_067_sort_pos_joh_02,704_02_041_sort_pos_joh_01,704_02_067_sort_pos_joh_02,0.026549216918248523,-0.06226054260390626,0.017107461148510653,0.005643510841332349
704_02_041_sort_pos_joh_01_704_02_071_sort_pos_joh_01,704_02_041_sort_pos_joh_01,704_02_071_sort_pos_joh_01,0.04792205538324678,-0.021936523869488467,-0.006924487127390994,0.007361277621449708
704_02_041_sort_pos_joh_01_704_02_071_sort_pos_joh_05,704_02_041_sort_pos_joh_01,704_02_071_sort_pos_joh_05,0.015996505525498736,-0.046577923732904855,-0.008840649869400872,0.0035011052595180477
704_02_042_sort_pos_joh_01_704_02_067_sort_pos_joh_01,704_02_042_sort_pos_joh_01,704_02_067_sort_pos_joh_01,0.011215053482916031,-0.014765445339971,-0.0009612726814054779,-0.0017583313015495693
704_02_042_sort_pos_joh_01_704_02_067_sort_pos_joh_02,704_02_042_sort_pos_joh_01,704_02_067_sort_pos_joh_02,0.0572118999952626,-0.026908594864878333,0.009505499348286896,0.0014136072725212253
704_02_042_sort_pos_joh_01_704_02_071_sort_pos_joh_01,704_02_042_sort_pos_joh_01,704_02_071_sort_pos_joh_01,0.05852627564839769,0.08938867799023492,0.0008134698992699007,0.013798515731118864
704_02_042_sort_pos_joh_01_704_02_071_sort_pos_joh_05,704_02_042_sort_pos_joh_01,704_02_071_sort_pos_joh_05,0.022026268680055052,-0.07810240277391568,-0.0022860732265300946,0.0031737425833535896
704_02_067_sort_pos_joh_01_704_02_067_sort_pos_joh_02,704_02_067_sort_pos_joh_01,704_02_067_sort_pos_joh_02,0.020395126958648507,0.0900657585356493,0.15596122436420404,-0.020756550654420454
704_02_067_sort_pos_joh_01_704_02_071_sort_pos_joh_01,704_02_067_sort_pos_joh_01,704_02_071_sort_pos_joh_01,0.0003676558003318636,0.05129862416037447,0.12684301181422378,0.0380786023950451
704_02_067_sort_pos_joh_01_704_02_071_sort_pos_joh_05,704_02_067_sort_pos_joh_01,704_02_071_sort_pos_joh_05,-0.0089737642411397,-0.03374097259676664,0.07412601375314029,0.021185636382796105
704_02_067_sort_pos_joh_02_704_02_071_sort_pos_joh_01,704_02_067_sort_pos_joh_02,704_02_071_sort_pos_joh_01,0.04740293282986592,-0.035728103845235164,0.139253235116621,0.045463420744083896
704_02_067_sort_pos_joh_02_704_02_071_sort_pos_joh_05,704_02_067_sort_pos_joh_02,704_02_071_sort_pos_joh_05,0.009415620457870729,0.022676471444930398,0.06879417580303643,0.017849390943047348
704_02_071_sort_pos_joh_01_704_02_071_sort_pos_joh_05,704_02_071_sort_pos_joh_01,704_02_071_sort_pos_joh_05,0.1267235821248144,0.14328371714339666,0.21625118716625866,0.07776445808094515
704_03_036_sort_pos_joh_02_704_03_036_sort_pos_joh_04,704_03_036_sort_pos_joh_02,704_03_036_sort_pos_joh_04,,,-0.00012451803239483866,0.019872568237624056
704_03_036_sort_pos_joh_02_704_03_037_sort_pos_joh_01,704_03_036_sort_pos_joh_02,704_03_037_sort_pos_joh_01,-0.021793424399223545,-0.016305512240343902,-0.006080878607216497,-0.015712742200934347
704_03_036_sort_pos_joh_02_704_03_038_sort_pos_joh_01,704_03_036_sort_pos_joh_02,704_03_038_sort_pos_joh_01,0.020716254137414694,0.029932074598061766,0.05276887053299591,0.01611322902673439
704_03_036_sort_pos_joh_02_704_03_038_sort_pos_joh_02,704_03_036_sort_pos_joh_02,704_03_038_sort_pos_joh_02,0.04219026193328584,0.030989875007393156,0.04257064204606251,0.008857856908293217
704_03_036_sort_pos_joh_04_704_03_037_sort_pos_joh_01,704_03_036_sort_pos_joh_04,704_03_037_sort_pos_joh_01,,,-0.04171853506376509,-0.012013931907073516
704_03_036_sort_pos_joh_04_704_03_038_sort_pos_joh_01,704_03_036_sort_pos_joh_04,704_03_038_sort_pos_joh_01,,,-0.016360816524489553,-0.0144218208397948
704_03_036_sort_pos_joh_04_704_03_038_sort_pos_joh_02,704_03_036_sort_pos_joh_04,704_03_038_sort_pos_joh_02,,,-0.00748745808444152,-0.006154648172972972
704_03_037_sort_pos_joh_01_704_03_038_sort_pos_joh_01,704_03_037_sort_pos_joh_01,704_03_038_sort_pos_joh_01,-0.01006585579945007,0.010166426455465729,0.03592487019255242,-0.002873759165706746
704_03_037_sort_pos_joh_01_704_03_038_sort_pos_joh_02,704_03_037_sort_pos_joh_01,704_03_038_sort_pos_joh_02,-0.024953758997130735,-0.02781827547440856,0.023941631282057705,0.0061058257171983515
704_03_038_sort_pos_joh_01_704_03_038_sort_pos_joh_02,704_03_038_sort_pos_joh_01,704_03_038_sort_pos_joh_02,0.05939783298763878,0.12486507645222718,0.11593093699560848,0.06562775282836449
704_04_013_sort_pos_joh_03_704_04_036_sort_pos_joh_01,704_04_013_sort_pos_joh_03,704_04_036_sort_pos_joh_01,0.0012619388421227895,-0.0065923410056263655,0.003970301773935791,-0.003329120083964965
704_05_034_sort_pos_joh_04_704_05_036_sort_pos_joh_01,704_05_034_sort_pos_joh_04,704_05_036_sort_pos_joh_01,,,0.07339908582822871,0.018281299228338137
704_05_034_sort_pos_joh_04_704_05_040_sort_pos_joh_01,704_05_034_sort_pos_joh_04,704_05_040_sort_pos_joh_01,,,-0.005144126045516374,0.005937143998786108
704_05_034_sort_pos_joh_04_704_05_040_sort_pos_joh_02,704_05_034_sort_pos_joh_04,704_05_040_sort_pos_joh_02,,,0.08296929897698702,0.033878543949833306
704_05_036_sort_pos_joh_01_704_05_040_sort_pos_joh_01,704_05_036_sort_pos_joh_01,704_05_040_sort_pos_joh_01,,,0.006751986666439857,0.011826822579722725
704_05_036_sort_pos_joh_01_704_05_040_sort_pos_joh_02,704_05_036_sort_pos_joh_01,704_05_040_sort_pos_joh_02,,,0.033343032691161546,0.009809988456811828
704_05_040_sort_pos_joh_01_704_05_040_sort_pos_joh_02,704_05_040_sort_pos_joh_01,704_05_040_sort_pos_joh_02,,,0.09120665027948852,0.0938450693660965
706_01_001_sort_pos_joh_01_706_01_001_sort_pos_joh_02,706_01_001_sort_pos_joh_01,706_01_001_sort_pos_joh_02,-0.12065329651599105,-0.10624027494673442,0.22635632074960327,0.21104355248997464
706_01_001_sort_pos_joh_01_706_01_002_sort_pos_joh_01,706_01_001_sort_pos_joh_01,706_01_002_sort_pos_joh_01,0.1400158530056,0.13673526882023634,0.22665637235498212,0.159207055125047
706_01_001_sort_pos_joh_01_706_01_002_sort_pos_joh_04,706_01_001_sort_pos_joh_01,706_01_002_sort_pos_joh_04,,,,
706_01_001_sort_pos_joh_01_706_01_003_sort_pos_joh_02,706_01_001_sort_pos_joh_01,706_01_003_sort_pos_joh_02,0.05314455499092872,-0.00969267710628052,0.06383835644806615,0.020118123976824935
706_01_001_sort_pos_joh_01_706_01_005_sort_pos_joh_03,706_01_001_sort_pos_joh_01,706_01_005_sort_pos_joh_03,0.07263801470339142,0.09530599166878351,0.15116700968308536,0.10089094763594882
706_01_001_sort_pos_joh_01_706_01_008_sort_pos_joh_01,706_01_001_sort_pos_joh_01,706_01_008_sort_pos_joh_01,0.06935178188489086,0.10553743067050864,0.18099299187463277,0.115034843084028
706_01_001_sort_pos_joh_01_706_01_009_sort_pos_joh_01,706_01_001_sort_pos_joh_01,706_01_009_sort_pos_joh_01,0.018760437415841724,0.037415712925481834,0.05798766245530051,0.09529630187669084
706_01_001_sort_pos_joh_01_706_01_009_sort_pos_joh_02,706_01_001_sort_pos_joh_01,706_01_009_sort_pos_joh_02,0.039736471691456596,0.08144236815584242,0.0695154948696302,0.04351753421683556
706_01_001_sort_pos_joh_01_706_01_010_sort_pos_joh_01,706_01_001_sort_pos_joh_01,706_01_010_sort_pos_joh_01,0.006598585429218174,-0.04457466898770591,0.027735454497626433,0.02143111807208954
706_01_001_sort_pos_joh_01_706_01_011_sort_pos_joh_01,706_01_001_sort_pos_joh_01,706_01_011_sort_pos_joh_01,-0.031324450285633694,0.004099160375267961,-0.0073175441584923005,-0.0312818182236857
706_01_001_sort_pos_joh_01_706_01_012_sort_pos_joh_01,706_01_001_sort_pos_joh_01,706_01_012_sort_pos_joh_01,0.012581652378235665,0.007563489983347841,-0.019904483786098524,-0.05975101472842464
706_01_001_sort_pos_joh_01_706_01_016_sort_pos_joh_01,706_01_001_sort_pos_joh_01,706_01_016_sort_pos_joh_01,-0.035639966828052594,0.02211518800920066,0.01719232339588119,-0.011367877901269828
706_01_001_sort_pos_joh_01_706_01_034_sort_pos_joh_01,706_01_001_sort_pos_joh_01,706_01_034_sort_pos_joh_01,-0.004246426143995718,0.03497032015821442,0.007578951270212639,-0.008130330726837129
706_01_001_sort_pos_joh_01_706_01_038_sort_pos_joh_01,706_01_001_sort_pos_joh_01,706_01_038_sort_pos_joh_01,0.07024756223910676,0.08223435916920702,0.03856022858494778,0.09418293046363475
706_01_001_sort_pos_joh_01_706_01_039_sort_pos_joh_02,706_01_001_sort_pos_joh_01,706_01_039_sort_pos_joh_02,0.007835319193097816,-0.016196418841815597,0.0032004755592607856,-0.016332288595631187
706_01_001_sort_pos_joh_01_706_01_049_sort_pos_joh_01,706_01_001_sort_pos_joh_01,706_01_049_sort_pos_joh_01,0.005675516456404703,-0.016697786780200712,0.0073182558767765065,0.03972066828171355
706_01_001_sort_pos_joh_01_706_01_049_sort_pos_joh_02,706_01_001_sort_pos_joh_01,706_01_049_sort_pos_joh_02,-0.01915955731894138,-0.009331247882152156,-0.008608508836004983,0.004132353590139056
706_01_001_sort_pos_joh_01_706_01_061_sort_pos_joh_02,706_01_001_sort_pos_joh_01,706_01_061_sort_pos_joh_02,-0.008008755613193964,0.01928304116870104,0.016004601338881548,0.04467853355325746
706_01_001_sort_pos_joh_01_706_01_062_sort_pos_joh_04,706_01_001_sort_pos_joh_01,706_01_062_sort_pos_joh_04,0.008294947511883914,0.006959997277529876,-0.027376479193898094,-0.012680713352504655
706_01_001_sort_pos_joh_01_706_01_063_sort_pos_joh_05,706_01_001_sort_pos_joh_01,706_01_063_sort_pos_joh_05,0.001137836102428065,0.012239215928081278,-0.028189046445837963,-0.027262568858842512
706_01_001_sort_pos_joh_02_706_01_002_sort_pos_joh_01,706_01_001_sort_pos_joh_02,706_01_002_sort_pos_joh_01,0.07683177249676613,0.0745385305483127,0.2346434610184603,0.15633124033502732
706_01_001_sort_pos_joh_02_706_01_002_sort_pos_joh_04,706_01_001_sort_pos_joh_02,706_01_002_sort_pos_joh_04,,,,
706_01_001_sort_pos_joh_02_706_01_003_sort_pos_joh_02,706_01_001_sort_pos_joh_02,706_01_003_sort_pos_joh_02,-0.011447086947065975,-0.01884807637361134,0.06459051240095633,0.05269116713456965
706_01_001_sort_pos_joh_02_706_01_005_sort_pos_joh_03,706_01_001_sort_pos_joh_02,706_01_005_sort_pos_joh_03,0.013134365872889945,0.013734092175266973,0.1534745160763315,0.04699596061416748
706_01_001_sort_pos_joh_02_706_01_008_sort_pos_joh_01,706_01_001_sort_pos_joh_02,706_01_008_sort_pos_joh_01,-0.033624506619340175,0.011211167839018725,0.1637329521973928,0.09309800231116445
706_01_001_sort_pos_joh_02_706_01_009_sort_pos_joh_01,706_01_001_sort_pos_joh_02,706_01_009_sort_pos_joh_01,-0.01725628597037625,0.02963414549759875,0.05471548467734462,0.11159679773716345
706_01_001_sort_pos_joh_02_706_01_009_sort_pos_joh_02,706_01_001_sort_pos_joh_02,706_01_009_sort_pos_joh_02,0.006635326915952365,0.07023952701753285,0.050741131800144335,0.011802485122080191
706_01_001_sort_pos_joh_02_706_01_010_sort_pos_joh_01,706_01_001_sort_pos_joh_02,706_01_010_sort_pos_joh_01,-0.02213374642891373,-0.002396460913342037,0.0377224679933203,0.004005323592862984
706_01_001_sort_pos_joh_02_706_01_011_sort_pos_joh_01,706_01_001_sort_pos_joh_02,706_01_011_sort_pos_joh_01,-0.005022240203412788,0.0014840844472184518,-0.01484005342436135,-0.03729981312090997
706_01_001_sort_pos_joh_02_706_01_012_sort_pos_joh_01,706_01_001_sort_pos_joh_02,706_01_012_sort_pos_joh_01,-0.051168914590767646,0.026042707379531512,0.01410630097740318,-0.030540812790419026
706_01_001_sort_pos_joh_02_706_01_016_sort_pos_joh_01,706_01_001_sort_pos_joh_02,706_01_016_sort_pos_joh_01,0.06611284763471877,0.03292583429767507,-0.0016981746248735208,0.03480194213171857
706_01_001_sort_pos_joh_02_706_01_034_sort_pos_joh_01,706_01_001_sort_pos_joh_02,706_01_034_sort_pos_joh_01,0.00013509791238672543,0.02213900293739492,0.012227363251060731,-0.005993665087625725
706_01_001_sort_pos_joh_02_706_01_038_sort_pos_joh_01,706_01_001_sort_pos_joh_02,706_01_038_sort_pos_joh_01,0.07068837593564689,0.08534675113683769,0.04985738218933232,0.05278491444094254
706_01_001_sort_pos_joh_02_706_01_039_sort_pos_joh_02,706_01_001_sort_pos_joh_02,706_01_039_sort_pos_joh_02,0.011631063806375356,0.0021409833668389684,0.010904671805269182,-0.014822973567339593
706_01_001_sort_pos_joh_02_706_01_049_sort_pos_joh_01,706_01_001_sort_pos_joh_02,706_01_049_sort_pos_joh_01,0.01745592897119819,0.013419451702885261,0.019896901563022033,0.0257995406652122
706_01_001_sort_pos_joh_02_706_01_049_sort_pos_joh_02,706_01_001_sort_pos_joh_02,706_01_049_sort_pos_joh_02,-0.00415524208510607,-0.010153715605730926,-0.0050315847362687295,0.010225873920021607
706_01_001_sort_pos_joh_02_706_01_061_sort_pos_joh_02,706_01_001_sort_pos_joh_02,706_01_061_sort_pos_joh_02,-0.03206789820313524,0.015093663706974696,0.03219557005381409,0.02424920973981159
706_01_001_sort_pos_joh_02_706_01_062_sort_pos_joh_04,706_01_001_sort_pos_joh_02,706_01_062_sort_pos_joh_04,0.007370080250188497,-0.026836900934219088,0.00019562911713297965,-0.005282777443382994
706_01_001_sort_pos_joh_02_706_01_063_sort_pos_joh_05,706_01_001_sort_pos_joh_02,706_01_063_sort_pos_joh_05,0.012285849218955723,-0.02271085880343776,-0.016801430171727354,-0.017086201355534486
706_01_002_sort_pos_joh_01_706_01_002_sort_pos_joh_04,706_01_002_sort_pos_joh_01,706_01_002_sort_pos_joh_04,,,,
706_01_002_sort_pos_joh_01_706_01_003_sort_pos_joh_02,706_01_002_sort_pos_joh_01,706_01_003_sort_pos_joh_02,0.09797182927643672,-0.00865418526546318,0.10998461587823836,0.07020217219440912
706_01_002_sort_pos_joh_01_706_01_005_sort_pos_joh_03,706_01_002_sort_pos_joh_01,706_01_005_sort_pos_joh_03,0.1208697532079291,0.12831430046145864,0.2409570896815846,0.17591694319443912
706_01_002_sort_pos_joh_01_706_01_008_sort_pos_joh_01,706_01_002_sort_pos_joh_01,706_01_008_sort_pos_joh_01,0.125356717307515,0.1575788643979246,0.25500316012768576,0.1487503117418453
706_01_002_sort_pos_joh_01_706_01_009_sort_pos_joh_01,706_01_002_sort_pos_joh_01,706_01_009_sort_pos_joh_01,0.06176568951157075,0.041954545580209,0.028045536219014438,0.011112588810091464
706_01_002_sort_pos_joh_01_706_01_009_sort_pos_joh_02,706_01_002_sort_pos_joh_01,706_01_009_sort_pos_joh_02,0.030147541766256038,-0.0031540475477205778,0.007765651540529807,-0.0015157556918320206
706_01_002_sort_pos_joh_01_706_01_010_sort_pos_joh_01,706_01_002_sort_pos_joh_01,706_01_010_sort_pos_joh_01,0.033362940555420315,0.003490430417483465,0.007460062554080905,0.020639929446263982
706_01_002_sort_pos_joh_01_706_01_011_sort_pos_joh_01,706_01_002_sort_pos_joh_01,706_01_011_sort_pos_joh_01,0.004995677175827431,0.005508119416519693,0.023673539396186695,-0.001878832165268251
706_01_002_sort_pos_joh_01_706_01_012_sort_pos_joh_01,706_01_002_sort_pos_joh_01,706_01_012_sort_pos_joh_01,0.05101262217113111,0.013411419509188416,-0.025229500113803822,-0.00224381889694946
706_01_002_sort_pos_joh_01_706_01_016_sort_pos_joh_01,706_01_002_sort_pos_joh_01,706_01_016_sort_pos_joh_01,-0.008131506318826458,0.010264819832634433,-0.018021179193142292,0.01748942401089721
706_01_002_sort_pos_joh_01_706_01_034_sort_pos_joh_01,706_01_002_sort_pos_joh_01,706_01_034_sort_pos_joh_01,0.005540396173608991,0.02171513575359588,-0.002780119303817703,0.017043728306273993
706_01_002_sort_pos_joh_01_706_01_038_sort_pos_joh_01,706_01_002_sort_pos_joh_01,706_01_038_sort_pos_joh_01,0.06411749347450196,0.013789087213889604,-0.03635602575217309,0.009660844404084946
706_01_002_sort_pos_joh_01_706_01_039_sort_pos_joh_02,706_01_002_sort_pos_joh_01,706_01_039_sort_pos_joh_02,0.002777657767491833,0.035674341595652546,-0.01743440817310337,0.00031684350519453646
706_01_002_sort_pos_joh_01_706_01_049_sort_pos_joh_01,706_01_002_sort_pos_joh_01,706_01_049_sort_pos_joh_01,-0.005948005330473429,-0.018873633882174407,0.01617714945699665,0.017159838818892048
706_01_002_sort_pos_joh_01_706_01_049_sort_pos_joh_02,706_01_002_sort_pos_joh_01,706_01_049_sort_pos_joh_02,0.006509295802357037,0.003005307606662706,-0.018776815892763674,-0.0006372766659278929
706_01_002_sort_pos_joh_01_706_01_061_sort_pos_joh_02,706_01_002_sort_pos_joh_01,706_01_061_sort_pos_joh_02,-0.004311913146888443,-0.0021649456746926396,-0.01833844736450246,0.006156021653199447
706_01_002_sort_pos_joh_01_706_01_062_sort_pos_joh_04,706_01_002_sort_pos_joh_01,706_01_062_sort_pos_joh_04,-0.007459943230364926,0.024597822736276722,-0.029585579017002178,0.012678007776346565
706_01_002_sort_pos_joh_01_706_01_063_sort_pos_joh_05,706_01_002_sort_pos_joh_01,706_01_063_sort_pos_joh_05,0.0023658960378408105,-0.007024457419446948,-0.005398780832668593,0.0042837567791486845
706_01_002_sort_pos_joh_04_706_01_003_sort_pos_joh_02,706_01_002_sort_pos_joh_04,706_01_003_sort_pos_joh_02,,,,
706_01_002_sort_pos_joh_04_706_01_005_sort_pos_joh_03,706_01_002_sort_pos_joh_04,706_01_005_sort_pos_joh_03,,,,
706_01_002_sort_pos_joh_04_706_01_008_sort_pos_joh_01,706_01_002_sort_pos_joh_04,706_01_008_sort_pos_joh_01,,,,
706_01_002_sort_pos_joh_04_706_01_009_sort_pos_joh_01,706_01_002_sort_pos_joh_04,706_01_009_sort_pos_joh_01,,,,
706_01_002_sort_pos_joh_04_706_01_009_sort_pos_joh_02,706_01_002_sort_pos_joh_04,706_01_009_sort_pos_joh_02,,,,
706_01_002_sort_pos_joh_04_706_01_010_sort_pos_joh_01,706_01_002_sort_pos_joh_04,706_01_010_sort_pos_joh_01,,,,
706_01_002_sort_pos_joh_04_706_01_011_sort_pos_joh_01,706_01_002_sort_pos_joh_04,706_01_011_sort_pos_joh_01,,,,
706_01_002_sort_pos_joh_04_706_01_012_sort_pos_joh_01,706_01_002_sort_pos_joh_04,706_01_012_sort_pos_joh_01,,,,
706_01_002_sort_pos_joh_04_706_01_016_sort_pos_joh_01,706_01_002_sort_pos_joh_04,706_01_016_sort_pos_joh_01,,,,
706_01_002_sort_pos_joh_04_706_01_034_sort_pos_joh_01,706_01_002_sort_pos_joh_04,706_01_034_sort_pos_joh_01,,,,
706_01_002_sort_pos_joh_04_706_01_038_sort_pos_joh_01,706_01_002_sort_pos_joh_04,706_01_038_sort_pos_joh_01,,,,
706_01_002_sort_pos_joh_04_706_01_039_sort_pos_joh_02,706_01_002_sort_pos_joh_04,706_01_039_sort_pos_joh_02,,,,
706_01_002_sort_pos_joh_04_706_01_049_sort_pos_joh_01,706_01_002_sort_pos_joh_04,706_01_049_sort_pos_joh_01,,,,
706_01_002_sort_pos_joh_04_706_01_049_sort_pos_joh_02,706_01_002_sort_pos_joh_04,706_01_049_sort_pos_joh_02,,,,
706_01_002_sort_pos_joh_04_706_01_061_sort_pos_joh_02,706_01_002_sort_pos_joh_04,706_01_061_sort_pos_joh_02,,,,
706_01_002_sort_pos_joh_04_706_01_062_sort_pos_joh_04,706_01_002_sort_pos_joh_04,706_01_062_sort_pos_joh_04,,,,
706_01_002_sort_pos_joh_04_706_01_063_sort_pos_joh_05,706_01_002_sort_pos_joh_04,706_01_063_sort_pos_joh_05,,,,
706_01_003_sort_pos_joh_02_706_01_005_sort_pos_joh_03,706_01_003_sort_pos_joh_02,706_01_005_sort_pos_joh_03,0.04371037251419818,0.023624996848213297,0.06349097605204727,0.03279161628197794
706_01_003_sort_pos_joh_02_706_01_008_sort_pos_joh_01,706_01_003_sort_pos_joh_02,706_01_008_sort_pos_joh_01,0.03246079142497225,0.03541459800280675,0.14253150793483585,0.07016735624591122
706_01_003_sort_pos_joh_02_706_01_009_sort_pos_joh_01,706_01_003_sort_pos_joh_02,706_01_009_sort_pos_joh_01,0.018969508620846242,-0.00971441498116995,0.010828204519178392,-0.024268971793747027
706_01_003_sort_pos_joh_02_706_01_009_sort_pos_joh_02,706_01_003_sort_pos_joh_02,706_01_009_sort_pos_joh_02,0.0011491954138644843,-0.029512114280132618,-0.016255823660605122,-0.003361842776952498
706_01_003_sort_pos_joh_02_706_01_010_sort_pos_joh_01,706_01_003_sort_pos_joh_02,706_01_010_sort_pos_joh_01,0.01949152737915248,0.018331768237521834,-0.0019415314749276864,-0.004537791378635565
706_01_003_sort_pos_joh_02_706_01_011_sort_pos_joh_01,706_01_003_sort_pos_joh_02,706_01_011_sort_pos_joh_01,-0.009184847611472419,-0.006158457303884197,0.04712467883676934,0.0187909939933003
706_01_003_sort_pos_joh_02_706_01_012_sort_pos_joh_01,706_01_003_sort_pos_joh_02,706_01_012_sort_pos_joh_01,0.03135976050855448,0.017989388612167322,0.005905206610710213,0.021759883827576015
706_01_003_sort_pos_joh_02_706_01_016_sort_pos_joh_01,706_01_003_sort_pos_joh_02,706_01_016_sort_pos_joh_01,-0.027329617331026047,0.04011423261542232,0.002050062254811656,0.033807665575500884
706_01_003_sort_pos_joh_02_706_01_034_sort_pos_joh_01,706_01_003_sort_pos_joh_02,706_01_034_sort_pos_joh_01,-0.0034135322764210553,0.010135449504296021,0.03084111360238653,0.0019462790395696967
706_01_003_sort_pos_joh_02_706_01_038_sort_pos_joh_01,706_01_003_sort_pos_joh_02,706_01_038_sort_pos_joh_01,0.007720128012083856,-0.0021631666977567944,-0.04983803867342443,-0.048361706694518634
706_01_003_sort_pos_joh_02_706_01_039_sort_pos_joh_02,706_01_003_sort_pos_joh_02,706_01_039_sort_pos_joh_02,-0.0014063399073059853,-0.0037401417831284672,-0.009279792867575163,-0.003260151267117175
706_01_003_sort_pos_joh_02_706_01_049_sort_pos_joh_01,706_01_003_sort_pos_joh_02,706_01_049_sort_pos_joh_01,-0.015351066617683427,-0.011804118357775402,0.027620474420649042,0.0031334653144435365
706_01_003_sort_pos_joh_02_706_01_049_sort_pos_joh_02,706_01_003_sort_pos_joh_02,706_01_049_sort_pos_joh_02,0.013605391378090819,-0.009844940842556306,0.02711785926396912,-0.006543064217664807
706_01_003_sort_pos_joh_02_706_01_061_sort_pos_joh_02,706_01_003_sort_pos_joh_02,706_01_061_sort_pos_joh_02,0.006898259600862018,-0.01131810387133858,-0.013985059268480756,-0.016227900903649797
706_01_003_sort_pos_joh_02_706_01_062_sort_pos_joh_04,706_01_003_sort_pos_joh_02,706_01_062_sort_pos_joh_04,0.005815294953417252,0.015536745082888381,-0.0018929260895255377,0.0012423770587022956
706_01_003_sort_pos_joh_02_706_01_063_sort_pos_joh_05,706_01_003_sort_pos_joh_02,706_01_063_sort_pos_joh_05,5.7486070839264194e-05,0.0033668035566480313,0.006430140326392059,0.0015119933600147319
706_01_005_sort_pos_joh_03_706_01_008_sort_pos_joh_01,706_01_005_sort_pos_joh_03,706_01_008_sort_pos_joh_01,0.12937621030456123,0.24475293863362302,0.21264796450215748,0.14305445117052443
706_01_005_sort_pos_joh_03_706_01_009_sort_pos_joh_01,706_01_005_sort_pos_joh_03,706_01_009_sort_pos_joh_01,0.03463318756074506,0.004016607837007562,0.014609694509779145,0.016720191687564993
706_01_005_sort_pos_joh_03_706_01_009_sort_pos_joh_02,706_01_005_sort_pos_joh_03,706_01_009_sort_pos_joh_02,0.02453035709350928,-0.0130802719161034,-0.005406260064421821,-0.0048120486631958595
706_01_005_sort_pos_joh_03_706_01_010_sort_pos_joh_01,706_01_005_sort_pos_joh_03,706_01_010_sort_pos_joh_01,0.02938580060029901,0.021378760188393964,0.02048366861706206,0.003958007366301622
706_01_005_sort_pos_joh_03_706_01_011_sort_pos_joh_01,706_01_005_sort_pos_joh_03,706_01_011_sort_pos_joh_01,-0.01099677077248175,-0.028340958863098554,0.008689423787338793,-0.0003903129461269302
706_01_005_sort_pos_joh_03_706_01_012_sort_pos_joh_01,706_01_005_sort_pos_joh_03,706_01_012_sort_pos_joh_01,0.013895036683959973,-0.0011946049651217097,0.00794137252071354,0.0025594827848674727
706_01_005_sort_pos_joh_03_706_01_016_sort_pos_joh_01,706_01_005_sort_pos_joh_03,706_01_016_sort_pos_joh_01,0.016768677771748963,0.030821737045075903,-0.017879249656654668,0.006584132206637883
706_01_005_sort_pos_joh_03_706_01_034_sort_pos_joh_01,706_01_005_sort_pos_joh_03,706_01_034_sort_pos_joh_01,0.015795761582299776,-0.0010484230139295389,0.025488459529508595,0.008985746541151123
706_01_005_sort_pos_joh_03_706_01_038_sort_pos_joh_01,706_01_005_sort_pos_joh_03,706_01_038_sort_pos_joh_01,0.0020851920607933678,0.012053593939334953,-0.03866298054876345,-0.009004131417386808
706_01_005_sort_pos_joh_03_706_01_039_sort_pos_joh_02,706_01_005_sort_pos_joh_03,706_01_039_sort_pos_joh_02,-0.0005896845131829355,-0.013666218462156541,-0.024364503414458737,-0.001653746980287349
706_01_005_sort_pos_joh_03_706_01_049_sort_pos_joh_01,706_01_005_sort_pos_joh_03,706_01_049_sort_pos_joh_01,-0.0050016052977472185,-0.016613596377340178,0.007666467175459415,0.01834356293471815
706_01_005_sort_pos_joh_03_706_01_049_sort_pos_joh_02,706_01_005_sort_pos_joh_03,706_01_049_sort_pos_joh_02,-0.0009203202492933253,0.01962420331555753,-0.008157775069807955,-0.0014277377638442575
706_01_005_sort_pos_joh_03_706_01_061_sort_pos_joh_02,706_01_005_sort_pos_joh_03,706_01_061_sort_pos_joh_02,0.007188888124141856,0.015769558989374394,0.003445844051285225,-0.013271589358333509
706_01_005_sort_pos_joh_03_706_01_062_sort_pos_joh_04,706_01_005_sort_pos_joh_03,706_01_062_sort_pos_joh_04,0.012925220943296253,-0.0022724844058040106,0.012886130736580546,0.014523645542456092
706_01_005_sort_pos_joh_03_706_01_063_sort_pos_joh_05,706_01_005_sort_pos_joh_03,706_01_063_sort_pos_joh_05,0.004423204973697633,0.00043320891168811235,0.0019178834635655462,0.015703658029703915
706_01_008_sort_pos_joh_01_706_01_009_sort_pos_joh_01,706_01_008_sort_pos_joh_01,706_01_009_sort_pos_joh_01,0.042657249198143614,0.019524602466434882,0.004122774630702713,0.05287657264963079
706_01_008_sort_pos_joh_01_706_01_009_sort_pos_joh_02,706_01_008_sort_pos_joh_01,706_01_009_sort_pos_joh_02,0.01767641323854021,-0.03612645042461723,0.006673749226935702,-0.01608884695836221
706_01_008_sort_pos_joh_01_706_01_010_sort_pos_joh_01,706_01_008_sort_pos_joh_01,706_01_010_sort_pos_joh_01,0.04102554919858611,0.014495715051400156,0.03173702492489852,-0.0019279267624464221
706_01_008_sort_pos_joh_01_706_01_011_sort_pos_joh_01,706_01_008_sort_pos_joh_01,706_01_011_sort_pos_joh_01,-0.0003144411033602877,-0.021734816476408667,0.0357290002879793,0.02173479185680026
706_01_008_sort_pos_joh_01_706_01_012_sort_pos_joh_01,706_01_008_sort_pos_joh_01,706_01_012_sort_pos_joh_01,0.06468597157290693,0.00392751922630295,0.02395897794764231,0.018037109041602516
706_01_008_sort_pos_joh_01_706_01_016_sort_pos_joh_01,706_01_008_sort_pos_joh_01,706_01_016_sort_pos_joh_01,0.001261328319869774,0.007077799289305665,-0.02377117622567247,0.04062865434025501
706_01_008_sort_pos_joh_01_706_01_034_sort_pos_joh_01,706_01_008_sort_pos_joh_01,706_01_034_sort_pos_joh_01,0.02263639958962453,-0.005411070447109941,0.0061822300174304455,-0.007284626038877493
706_01_008_sort_pos_joh_01_706_01_038_sort_pos_joh_01,706_01_008_sort_pos_joh_01,706_01_038_sort_pos_joh_01,-0.007160695886614181,-0.01408042155179112,-0.05060896750193951,0.0067763771806564335
706_01_008_sort_pos_joh_01_706_01_039_sort_pos_joh_02,706_01_008_sort_pos_joh_01,706_01_039_sort_pos_joh_02,-0.0030655947381025748,-0.005002015066442162,-0.009169104188565749,-0.018819690276195213
706_01_008_sort_pos_joh_01_706_01_049_sort_pos_joh_01,706_01_008_sort_pos_joh_01,706_01_049_sort_pos_joh_01,-0.0008899621679828811,-0.010396760976643084,0.010855570371183475,0.02255730691524055
706_01_008_sort_pos_joh_01_706_01_049_sort_pos_joh_02,706_01_008_sort_pos_joh_01,706_01_049_sort_pos_joh_02,-0.01207740465570862,-0.009788127187675256,-0.010760884309443837,0.013021185771901672
706_01_008_sort_pos_joh_01_706_01_061_sort_pos_joh_02,706_01_008_sort_pos_joh_01,706_01_061_sort_pos_joh_02,-0.004262781292320946,-0.007055859904927716,-0.015185858053033904,0.004245314119693488
706_01_008_sort_pos_joh_01_706_01_062_sort_pos_joh_04,706_01_008_sort_pos_joh_01,706_01_062_sort_pos_joh_04,-0.011110533528180781,-0.004644815535235627,-0.02660716687258777,0.009768121562680273
706_01_008_sort_pos_joh_01_706_01_063_sort_pos_joh_05,706_01_008_sort_pos_joh_01,706_01_063_sort_pos_joh_05,0.006621568178463694,-0.01663558737245553,-0.007478223611597419,0.008570016692163495
706_01_009_sort_pos_joh_01_706_01_009_sort_pos_joh_02,706_01_009_sort_pos_joh_01,706_01_009_sort_pos_joh_02,0.26097700326244505,0.10434254066415034,0.14135801174576712,0.10384726884506047
706_01_009_sort_pos_joh_01_706_01_010_sort_pos_joh_01,706_01_009_sort_pos_joh_01,706_01_010_sort_pos_joh_01,0.04403800770186277,-0.0034034541982037266,0.03902423226985864,0.005805643479564841
706_01_009_sort_pos_joh_01_706_01_011_sort_pos_joh_01,706_01_009_sort_pos_joh_01,706_01_011_sort_pos_joh_01,0.019836611735975496,-0.015138082473469323,0.05132610033317431,-0.05738718281415353
706_01_009_sort_pos_joh_01_706_01_012_sort_pos_joh_01,706_01_009_sort_pos_joh_01,706_01_012_sort_pos_joh_01,0.06133925399153959,0.039441974465263034,0.05426410323058289,-0.016414761682074407
706_01_009_sort_pos_joh_01_706_01_016_sort_pos_joh_01,706_01_009_sort_pos_joh_01,706_01_016_sort_pos_joh_01,0.001834522305435648,0.040427196045829,0.053001966183312724,0.06255693803645825
706_01_009_sort_pos_joh_01_706_01_034_sort_pos_joh_01,706_01_009_sort_pos_joh_01,706_01_034_sort_pos_joh_01,-0.009206710228520175,0.01607222984771808,0.013954798441981211,-0.016438319305742355
706_01_009_sort_pos_joh_01_706_01_038_sort_pos_joh_01,706_01_009_sort_pos_joh_01,706_01_038_sort_pos_joh_01,0.05078095632080207,0.021057538699917566,0.015648420906582982,0.15207650285656873
706_01_009_sort_pos_joh_01_706_01_039_sort_pos_joh_02,706_01_009_sort_pos_joh_01,706_01_039_sort_pos_joh_02,-0.005266415338542278,-0.015981721999617327,0.02778655877950255,-0.012190299389169953
706_01_009_sort_pos_joh_01_706_01_049_sort_pos_joh_01,706_01_009_sort_pos_joh_01,706_01_049_sort_pos_joh_01,-0.004436841951390698,-0.004272324409451775,-0.00936851104652469,0.035648173970901816
706_01_009_sort_pos_joh_01_706_01_049_sort_pos_joh_02,706_01_009_sort_pos_joh_01,706_01_049_sort_pos_joh_02,0.0519851469120674,0.03086200198724739,-0.006242425738528928,0.02119014482020887
706_01_009_sort_pos_joh_01_706_01_061_sort_pos_joh_02,706_01_009_sort_pos_joh_01,706_01_061_sort_pos_joh_02,-0.0031073656473696175,-0.03265477463796023,0.01542004193555736,0.050717032544286555
706_01_009_sort_pos_joh_01_706_01_062_sort_pos_joh_04,706_01_009_sort_pos_joh_01,706_01_062_sort_pos_joh_04,0.018570269836512252,0.0037009236716730094,0.004743812322367078,0.0072412446536144265
706_01_009_sort_pos_joh_01_706_01_063_sort_pos_joh_05,706_01_009_sort_pos_joh_01,706_01_063_sort_pos_joh_05,0.0333275073863502,0.0036857917685729053,0.010837993966579263,-0.010661963693188595
706_01_009_sort_pos_joh_02_706_01_010_sort_pos_joh_01,706_01_009_sort_pos_joh_02,706_01_010_sort_pos_joh_01,0.03364808278242734,-0.060202703512338494,0.04870378416996696,0.031154718431777466
706_01_009_sort_pos_joh_02_706_01_011_sort_pos_joh_01,706_01_009_sort_pos_joh_02,706_01_011_sort_pos_joh_01,-0.00011479597111486046,-0.056111223509937525,0.04263045162916878,-0.00987201800119189
706_01_009_sort_pos_joh_02_706_01_012_sort_pos_joh_01,706_01_009_sort_pos_joh_02,706_01_012_sort_pos_joh_01,0.04379961005273539,0.008398147569986225,0.015699571974146415,-0.01996305867674193
706_01_009_sort_pos_joh_02_706_01_016_sort_pos_joh_01,706_01_009_sort_pos_joh_02,706_01_016_sort_pos_joh_01,-0.010398354836727706,-0.038023036630111924,0.046067466888238935,-0.0024193045014654115
706_01_009_sort_pos_joh_02_706_01_034_sort_pos_joh_01,706_01_009_sort_pos_joh_02,706_01_034_sort_pos_joh_01,0.0011302834187439023,0.009314206405051243,-0.007404027303599333,0.009647128880394542
706_01_009_sort_pos_joh_02_706_01_038_sort_pos_joh_01,706_01_009_sort_pos_joh_02,706_01_038_sort_pos_joh_01,0.06806302744360072,0.1324263254750648,0.08683705067157677,0.0015181968888475213
706_01_009_sort_pos_joh_02_706_01_039_sort_pos_joh_02,706_01_009_sort_pos_joh_02,706_01_039_sort_pos_joh_02,-0.007778202627678694,-0.015841308819186318,0.013473339885066328,-0.004833230425872449
706_01_009_sort_pos_joh_02_706_01_049_sort_pos_joh_01,706_01_009_sort_pos_joh_02,706_01_049_sort_pos_joh_01,-0.007076599284088219,-0.003237700732083217,-0.01382629397979009,0.009295649029377998
706_01_009_sort_pos_joh_02_706_01_049_sort_pos_joh_02,706_01_009_sort_pos_joh_02,706_01_049_sort_pos_joh_02,0.032896587169506136,0.005548660833982997,0.04067092514638454,0.007347669240990511
706_01_009_sort_pos_joh_02_706_01_061_sort_pos_joh_02,706_01_009_sort_pos_joh_02,706_01_061_sort_pos_joh_02,0.01384985286054347,0.006965228102646173,0.008404062277604762,0.01045666876812256
706_01_009_sort_pos_joh_02_706_01_062_sort_pos_joh_04,706_01_009_sort_pos_joh_02,706_01_062_sort_pos_joh_04,0.01847259245137129,0.009885574667278924,-0.02103224585771187,0.003271319456057863
706_01_009_sort_pos_joh_02_706_01_063_sort_pos_joh_05,706_01_009_sort_pos_joh_02,706_01_063_sort_pos_joh_05,0.012539030954996271,-0.0030052205957547423,0.004922698275173566,-0.004448267386587263
706_01_010_sort_pos_joh_01_706_01_011_sort_pos_joh_01,706_01_010_sort_pos_joh_01,706_01_011_sort_pos_joh_01,0.026362536396148183,0.001016792142572647,0.10235897620032897,0.021588571576675247
706_01_010_sort_pos_joh_01_706_01_012_sort_pos_joh_01,706_01_010_sort_pos_joh_01,706_01_012_sort_pos_joh_01,0.048477366497363665,-0.001269481358398202,0.09089243050232461,-0.0067887505401699995
706_01_010_sort_pos_joh_01_706_01_016_sort_pos_joh_01,706_01_010_sort_pos_joh_01,706_01_016_sort_pos_joh_01,0.0025540774956135013,0.031643233913952115,0.06335149607665223,-0.01766740398373082
706_01_010_sort_pos_joh_01_706_01_034_sort_pos_joh_01,706_01_010_sort_pos_joh_01,706_01_034_sort_pos_joh_01,0.006104616106417149,-0.01685860593805039,0.004010836038985312,0.012927274261616734
706_01_010_sort_pos_joh_01_706_01_038_sort_pos_joh_01,706_01_010_sort_pos_joh_01,706_01_038_sort_pos_joh_01,-0.012550892728558118,-0.054938144206442156,0.006200662690716334,-0.027715709126758373
706_01_010_sort_pos_joh_01_706_01_039_sort_pos_joh_02,706_01_010_sort_pos_joh_01,706_01_039_sort_pos_joh_02,0.009122939580886892,-0.0019007864969394154,0.027770860207680385,0.008327174608966802
706_01_010_sort_pos_joh_01_706_01_049_sort_pos_joh_01,706_01_010_sort_pos_joh_01,706_01_049_sort_pos_joh_01,-0.011803904139049685,0.007262798451420392,-0.019228133902018035,0.005183333242297887
706_01_010_sort_pos_joh_01_706_01_049_sort_pos_joh_02,706_01_010_sort_pos_joh_01,706_01_049_sort_pos_joh_02,-0.005567851614461966,0.0026802392747806974,-0.022046908543345775,0.010397319448505244
706_01_010_sort_pos_joh_01_706_01_061_sort_pos_joh_02,706_01_010_sort_pos_joh_01,706_01_061_sort_pos_joh_02,-0.016260412422578127,-0.010663998996089287,0.02489745245306337,-0.0028369042849399717
706_01_010_sort_pos_joh_01_706_01_062_sort_pos_joh_04,706_01_010_sort_pos_joh_01,706_01_062_sort_pos_joh_04,-0.004572259928059501,-0.007975825749823215,-0.022841315416757362,0.004158227888709917
706_01_010_sort_pos_joh_01_706_01_063_sort_pos_joh_05,706_01_010_sort_pos_joh_01,706_01_063_sort_pos_joh_05,0.0065946880867018675,-0.008759316264307433,-0.0030249580508217326,0.0066449155565121544
706_01_011_sort_pos_joh_01_706_01_012_sort_pos_joh_01,706_01_011_sort_pos_joh_01,706_01_012_sort_pos_joh_01,0.04470196304568084,-0.012687359826441766,0.07692247524057774,0.011752133018866434
706_01_011_sort_pos_joh_01_706_01_016_sort_pos_joh_01,706_01_011_sort_pos_joh_01,706_01_016_sort_pos_joh_01,0.0772929842363772,0.04162381786270128,0.0945938176426012,-0.014850460529866242
706_01_011_sort_pos_joh_01_706_01_034_sort_pos_joh_01,706_01_011_sort_pos_joh_01,706_01_034_sort_pos_joh_01,0.024182851129232737,0.016327766351553277,-0.0027900312470643535,0.004450308242347769
706_01_011_sort_pos_joh_01_706_01_038_sort_pos_joh_01,706_01_011_sort_pos_joh_01,706_01_038_sort_pos_joh_01,-0.046770583227994086,0.012511840409496724,-0.011663641442265215,-0.07675479712979724
706_01_011_sort_pos_joh_01_706_01_039_sort_pos_joh_02,706_01_011_sort_pos_joh_01,706_01_039_sort_pos_joh_02,-0.0011024999936834585,-0.0032862624475001093,-0.011787971177436376,0.010753515034757903
706_01_011_sort_pos_joh_01_706_01_049_sort_pos_joh_01,706_01_011_sort_pos_joh_01,706_01_049_sort_pos_joh_01,-0.008780596614690524,-0.0345264253230956,-0.015652353889494094,-0.007445216195722607
706_01_011_sort_pos_joh_01_706_01_049_sort_pos_joh_02,706_01_011_sort_pos_joh_01,706_01_049_sort_pos_joh_02,0.008459836679061935,-0.030920019126182224,0.013919420504705838,-0.011275398137249773
706_01_011_sort_pos_joh_01_706_01_061_sort_pos_joh_02,706_01_011_sort_pos_joh_01,706_01_061_sort_pos_joh_02,0.017221498965007662,0.023374875117317517,0.006542096913824527,-0.015063311523783351
706_01_011_sort_pos_joh_01_706_01_062_sort_pos_joh_04,706_01_011_sort_pos_joh_01,706_01_062_sort_pos_joh_04,0.011233533336830585,-0.020421153383752548,-0.009227307920185071,0.019303805007966652
706_01_011_sort_pos_joh_01_706_01_063_sort_pos_joh_05,706_01_011_sort_pos_joh_01,706_01_063_sort_pos_joh_05,-0.00946167937563078,0.015351890073040303,-0.007340784810470716,0.016288545424389584
706_01_012_sort_pos_joh_01_706_01_016_sort_pos_joh_01,706_01_012_sort_pos_joh_01,706_01_016_sort_pos_joh_01,0.07335334375219331,0.02380941692312359,0.057552658681858104,0.02498086808284315
706_01_012_sort_pos_joh_01_706_01_034_sort_pos_joh_01,706_01_012_sort_pos_joh_01,706_01_034_sort_pos_joh_01,0.009397348972620347,0.01696356780166829,0.011200083211443793,0.010930362271438466
706_01_012_sort_pos_joh_01_706_01_038_sort_pos_joh_01,706_01_012_sort_pos_joh_01,706_01_038_sort_pos_joh_01,0.03970067422021788,-0.006945813180911879,0.00859551841700405,-0.019461213811423184
706_01_012_sort_pos_joh_01_706_01_039_sort_pos_joh_02,706_01_012_sort_pos_joh_01,706_01_039_sort_pos_joh_02,-0.003194595736096456,0.03196580061999892,0.04788084156061695,0.020459455158071366
706_01_012_sort_pos_joh_01_706_01_049_sort_pos_joh_01,706_01_012_sort_pos_joh_01,706_01_049_sort_pos_joh_01,-0.012696743292087854,-0.00445634325346452,-0.030832213506574314,-0.0002868522308162833
706_01_012_sort_pos_joh_01_706_01_049_sort_pos_joh_02,706_01_012_sort_pos_joh_01,706_01_049_sort_pos_joh_02,0.007781508531845708,0.004576369524936361,-0.00456282062567431,0.006060075318109789
706_01_012_sort_pos_joh_01_706_01_061_sort_pos_joh_02,706_01_012_sort_pos_joh_01,706_01_061_sort_pos_joh_02,0.006740029337105633,-0.0027543620076289975,0.032309547940752324,-0.012138413019154103
706_01_012_sort_pos_joh_01_706_01_062_sort_pos_joh_04,706_01_012_sort_pos_joh_01,706_01_062_sort_pos_joh_04,0.013277483672377454,0.0007295577064151088,0.0017310674171185955,-0.0010141936620016625
706_01_012_sort_pos_joh_01_706_01_063_sort_pos_joh_05,706_01_012_sort_pos_joh_01,706_01_063_sort_pos_joh_05,0.0059722628129415,0.012883619257732121,0.020551639204650606,0.012390843800389349
706_01_016_sort_pos_joh_01_706_01_034_sort_pos_joh_01,706_01_016_sort_pos_joh_01,706_01_034_sort_pos_joh_01,0.030756487324033015,0.02464253565143973,-0.01954438326468161,-0.02135964997544579
706_01_016_sort_pos_joh_01_706_01_038_sort_pos_joh_01,706_01_016_sort_pos_joh_01,706_01_038_sort_pos_joh_01,-0.0036880460737478407,0.0018804909528227383,0.009854866670225521,0.0558925247583287
706_01_016_sort_pos_joh_01_706_01_039_sort_pos_joh_02,706_01_016_sort_pos_joh_01,706_01_039_sort_pos_joh_02,0.014754973295196415,-0.01562210633838129,0.02103377634579398,-0.003505384167959739
706_01_016_sort_pos_joh_01_706_01_049_sort_pos_joh_01,706_01_016_sort_pos_joh_01,706_01_049_sort_pos_joh_01,0.02561764391385572,-0.011662661437484517,-0.0026505080863098865,0.025092520523308355
706_01_016_sort_pos_joh_01_706_01_049_sort_pos_joh_02,706_01_016_sort_pos_joh_01,706_01_049_sort_pos_joh_02,-0.006477335558202288,0.0016199040333084846,0.017465260825816828,0.006451018007473357
706_01_016_sort_pos_joh_01_706_01_061_sort_pos_joh_02,706_01_016_sort_pos_joh_01,706_01_061_sort_pos_joh_02,-0.00021386033433892624,-0.0054373547392835495,0.01281694143306028,0.02715835346856395
706_01_016_sort_pos_joh_01_706_01_062_sort_pos_joh_04,706_01_016_sort_pos_joh_01,706_01_062_sort_pos_joh_04,-0.01978711758543222,-0.006606184943274006,0.027268881423767224,0.0036511036092834073
706_01_016_sort_pos_joh_01_706_01_063_sort_pos_joh_05,706_01_016_sort_pos_joh_01,706_01_063_sort_pos_joh_05,-0.00222860583842698,0.012641966860840681,-0.01646362270099208,-0.006436719424843325
706_01_034_sort_pos_joh_01_706_01_038_sort_pos_joh_01,706_01_034_sort_pos_joh_01,706_01_038_sort_pos_joh_01,0.028988182144432672,0.05074220084999095,0.09342562323720979,-0.013590707706052394
706_01_034_sort_pos_joh_01_706_01_039_sort_pos_joh_02,706_01_034_sort_pos_joh_01,706_01_039_sort_pos_joh_02,0.02486407759278113,0.005722413910294756,0.11039190520659972,0.021965174513200503
706_01_034_sort_pos_joh_01_706_01_049_sort_pos_joh_01,706_01_034_sort_pos_joh_01,706_01_049_sort_pos_joh_01,-0.008762078350367816,0.009375613251662685,-0.0063754738460653744,0.013389696185920247
706_01_034_sort_pos_joh_01_706_01_049_sort_pos_joh_02,706_01_034_sort_pos_joh_01,706_01_049_sort_pos_joh_02,0.00010346522283808136,-0.01005725766429732,0.004386213662264581,-0.009600305291330848
706_01_034_sort_pos_joh_01_706_01_061_sort_pos_joh_02,706_01_034_sort_pos_joh_01,706_01_061_sort_pos_joh_02,0.006874069752934841,0.010598127386139128,0.016609190523652628,-0.016083983927011762
706_01_034_sort_pos_joh_01_706_01_062_sort_pos_joh_04,706_01_034_sort_pos_joh_01,706_01_062_sort_pos_joh_04,0.011463644387901066,0.00024865679333515466,0.0013255726859128457,0.00875871171465902
706_01_034_sort_pos_joh_01_706_01_063_sort_pos_joh_05,706_01_034_sort_pos_joh_01,706_01_063_sort_pos_joh_05,-0.014743739649985953,0.008580983509574917,-0.006103623284908465,-0.005268750451806744
706_01_038_sort_pos_joh_01_706_01_039_sort_pos_joh_02,706_01_038_sort_pos_joh_01,706_01_039_sort_pos_joh_02,0.03436457597990812,-0.0054178097674140455,0.1109139734015872,0.022110029365351856
706_01_038_sort_pos_joh_01_706_01_049_sort_pos_joh_01,706_01_038_sort_pos_joh_01,706_01_049_sort_pos_joh_01,0.012293457046004786,0.025230547830850557,0.007641661489871624,0.04296504378358543
706_01_038_sort_pos_joh_01_706_01_049_sort_pos_joh_02,706_01_038_sort_pos_joh_01,706_01_049_sort_pos_joh_02,0.006264865236784722,0.01186420857697301,-0.009600529141756648,0.012953374056314595
706_01_038_sort_pos_joh_01_706_01_061_sort_pos_joh_02,706_01_038_sort_pos_joh_01,706_01_061_sort_pos_joh_02,2.741156205838003e-05,0.010436672906400553,0.04749774523323356,0.06997746565634101
706_01_038_sort_pos_joh_01_706_01_062_sort_pos_joh_04,706_01_038_sort_pos_joh_01,706_01_062_sort_pos_joh_04,-0.015846877149572773,-0.024896742348911118,-0.013529410467462342,-0.017115826729162086
706_01_038_sort_pos_joh_01_706_01_063_sort_pos_joh_05,706_01_038_sort_pos_joh_01,706_01_063_sort_pos_joh_05,0.005168213135613397,-0.003170865514461165,-0.025892024003189337,-0.024986597014588188
706_01_039_sort_pos_joh_02_706_01_049_sort_pos_joh_01,706_01_039_sort_pos_joh_02,706_01_049_sort_pos_joh_01,0.005184749190899254,0.0007964843713490136,0.0059488192579752845,-0.005585700214063645
706_01_039_sort_pos_joh_02_706_01_049_sort_pos_joh_02,706_01_039_sort_pos_joh_02,706_01_049_sort_pos_joh_02,0.009969229765579134,0.03485260098012407,0.011530446440526917,-0.0007581197315467734
706_01_039_sort_pos_joh_02_706_01_061_sort_pos_joh_02,706_01_039_sort_pos_joh_02,706_01_061_sort_pos_joh_02,0.008318890685577023,-0.004769163802411617,-0.011213544053752049,-0.021985087713503843
706_01_039_sort_pos_joh_02_706_01_062_sort_pos_joh_04,706_01_039_sort_pos_joh_02,706_01_062_sort_pos_joh_04,0.022980111203455573,0.012190987682461954,0.03090794453477528,0.003957873799737146
706_01_039_sort_pos_joh_02_706_01_063_sort_pos_joh_05,706_01_039_sort_pos_joh_02,706_01_063_sort_pos_joh_05,-0.0014069057923413212,-0.015342489934029249,0.041337455383986775,0.01210396590327192
706_01_049_sort_pos_joh_01_706_01_049_sort_pos_joh_02,706_01_049_sort_pos_joh_01,706_01_049_sort_pos_joh_02,0.0025871767196082502,0.010494730864204759,0.10621271876011784,0.07914577307694161
706_01_049_sort_pos_joh_01_706_01_061_sort_pos_joh_02,706_01_049_sort_pos_joh_01,706_01_061_sort_pos_joh_02,0.004635931460113931,0.00829711252139248,-0.012525677647690433,-0.0006239489294968529
706_01_049_sort_pos_joh_01_706_01_062_sort_pos_joh_04,706_01_049_sort_pos_joh_01,706_01_062_sort_pos_joh_04,-0.019235705999438735,-0.021423390265011357,-0.003798139525086671,-0.00980875967591356
706_01_049_sort_pos_joh_01_706_01_063_sort_pos_joh_05,706_01_049_sort_pos_joh_01,706_01_063_sort_pos_joh_05,-0.01078884639307313,0.0180395052244156,-0.00616353449165953,-0.026438061728285812
706_01_049_sort_pos_joh_02_706_01_061_sort_pos_joh_02,706_01_049_sort_pos_joh_02,706_01_061_sort_pos_joh_02,0.013351214872324126,-0.02577402973151423,-0.030265412932025695,0.0074882665005840034
706_01_049_sort_pos_joh_02_706_01_062_sort_pos_joh_04,706_01_049_sort_pos_joh_02,706_01_062_sort_pos_joh_04,0.0072967881707195,0.009319785924610281,0.005574570342216681,-0.00860716631739314
706_01_049_sort_pos_joh_02_706_01_063_sort_pos_joh_05,706_01_049_sort_pos_joh_02,706_01_063_sort_pos_joh_05,0.015925271254663035,-0.011571692446596104,0.015443264079917586,-0.0035572252742064586
706_01_061_sort_pos_joh_02_706_01_062_sort_pos_joh_04,706_01_061_sort_pos_joh_02,706_01_062_sort_pos_joh_04,0.02152526139744567,-0.012027223754901258,0.07191978139722663,-0.0011277380904303734
706_01_061_sort_pos_joh_02_706_01_063_sort_pos_joh_05,706_01_061_sort_pos_joh_02,706_01_063_sort_pos_joh_05,0.018591749955573927,-0.00524550033561276,0.021431227900831757,0.0018007005029775159
706_01_062_sort_pos_joh_04_706_01_063_sort_pos_joh_05,706_01_062_sort_pos_joh_04,706_01_063_sort_pos_joh_05,0.1020546472712173,0.08090266510068646,0.10472980053802528,0.06484627609618906
706_02_002_sort_pos_joh_01_706_02_038_sort_pos_joh_02,706_02_002_sort_pos_joh_01,706_02_038_sort_pos_joh_02,,-0.0016127847273801304,0.012910108610800306,-0.014759819892856052
706_02_002_sort_pos_joh_01_706_02_049_sort_pos_joh_01,706_02_002_sort_pos_joh_01,706_02_049_sort_pos_joh_01,-0.0031934239569253843,-0.008980199951450819,0.015849573676734417,0.021564399993197522
706_02_038_sort_pos_joh_02_706_02_049_sort_pos_joh_01,706_02_038_sort_pos_joh_02,706_02_049_sort_pos_joh_01,,0.0016631935618616914,0.005646308453014287,0.0073496694152425275
706_03_063_sort_neg_joh_01_706_03_006_sort_pos_joh_04,706_03_063_sort_neg_joh_01,706_03_006_sort_pos_joh_04,-0.0033614183443523462,0.02215921298414559,-0.00470486479184607,
706_03_063_sort_neg_joh_01_706_03_010_sort_pos_joh_01,706_03_063_sort_neg_joh_01,706_03_010_sort_pos_joh_01,0.016695408276212173,0.0075902435577750674,-0.012473153051156408,0.02923558139922225
706_03_063_sort_neg_joh_01_706_03_012_sort_pos_joh_01,706_03_063_sort_neg_joh_01,706_03_012_sort_pos_joh_01,-0.007949094768991255,-0.00023291713220771927,0.01523029766711533,0.014740309911046695
706_03_063_sort_neg_joh_01_706_03_038_sort_pos_joh_02,706_03_063_sort_neg_joh_01,706_03_038_sort_pos_joh_02,-0.012682410404682005,-0.014169970093316513,0.012697967645574751,0.008559711159404827
706_03_063_sort_neg_joh_01_706_03_038_sort_pos_joh_04,706_03_063_sort_neg_joh_01,706_03_038_sort_pos_joh_04,0.002922245679751174,-0.0006271985984578206,-0.004785775029792148,0.022860479885565048
706_03_063_sort_neg_joh_01_706_03_038_sort_pos_joh_05,706_03_063_sort_neg_joh_01,706_03_038_sort_pos_joh_05,0.015129156992518489,0.01818062361774123,-0.0025496171179236935,0.0033508823479548393
706_03_006_sort_pos_joh_04_706_03_010_sort_pos_joh_01,706_03_006_sort_pos_joh_04,706_03_010_sort_pos_joh_01,0.04768986925694807,0.006301689188204882,0.02173492373958236,
706_03_006_sort_pos_joh_04_706_03_012_sort_pos_joh_01,706_03_006_sort_pos_joh_04,706_03_012_sort_pos_joh_01,0.02358559509071722,-0.0014263717951851368,0.0022876348958020295,
706_03_006_sort_pos_joh_04_706_03_038_sort_pos_joh_02,706_03_006_sort_pos_joh_04,706_03_038_sort_pos_joh_02,-0.012721613644720768,0.00013214305103817763,-0.004142532124057189,
706_03_006_sort_pos_joh_04_706_03_038_sort_pos_joh_04,706_03_006_sort_pos_joh_04,706_03_038_sort_pos_joh_04,0.0008595910304761792,-0.008538789458981018,-0.0036470035026202304,
706_03_006_sort_pos_joh_04_706_03_038_sort_pos_joh_05,706_03_006_sort_pos_joh_04,706_03_038_sort_pos_joh_05,-0.008897633645540875,0.009945205051266158,-0.01227149063361338,
706_03_010_sort_pos_joh_01_706_03_012_sort_pos_joh_01,706_03_010_sort_pos_joh_01,706_03_012_sort_pos_joh_01,0.03845588328656454,0.016777170964114164,0.04098805566024674,0.02377778637436648
706_03_010_sort_pos_joh_01_706_03_038_sort_pos_joh_02,706_03_010_sort_pos_joh_01,706_03_038_sort_pos_joh_02,-0.0062555949063822225,-0.021777899466966445,0.0048440301967701705,0.010463832300535545
706_03_010_sort_pos_joh_01_706_03_038_sort_pos_joh_04,706_03_010_sort_pos_joh_01,706_03_038_sort_pos_joh_04,-0.008600639331117342,-0.0052617107777492445,-0.0002707313196004449,0.022441648294593924
706_03_010_sort_pos_joh_01_706_03_038_sort_pos_joh_05,706_03_010_sort_pos_joh_01,706_03_038_sort_pos_joh_05,0.0028215506935122367,0.004207977043894553,0.0022845010970865176,0.008635571057307301
706_03_012_sort_pos_joh_01_706_03_038_sort_pos_joh_02,706_03_012_sort_pos_joh_01,706_03_038_sort_pos_joh_02,0.024670713791306934,0.0155906281258336,0.014328396747813998,0.0017664002611261248
706_03_012_sort_pos_joh_01_706_03_038_sort_pos_joh_04,706_03_012_sort_pos_joh_01,706_03_038_sort_pos_joh_04,-0.021209567703612597,0.005079516976018252,-0.004106044115672944,0.012385114326776121
706_03_012_sort_pos_joh_01_706_03_038_sort_pos_joh_05,706_03_012_sort_pos_joh_01,706_03_038_sort_pos_joh_05,-0.0006859817549473711,-0.006665169555805874,0.00677513684630581,0.014285066914830169
706_03_038_sort_pos_joh_02_706_03_038_sort_pos_joh_04,706_03_038_sort_pos_joh_02,706_03_038_sort_pos_joh_04,-0.008640516235621025,-0.0229658054664719,0.0550936194081715,0.011675174763219585
706_03_038_sort_pos_joh_02_706_03_038_sort_pos_joh_05,706_03_038_sort_pos_joh_02,706_03_038_sort_pos_joh_05,0.01598126803804973,0.0045493599454548474,0.05845439387127407,0.0070870535369135694
706_03_038_sort_pos_joh_04_706_03_038_sort_pos_joh_05,706_03_038_sort_pos_joh_04,706_03_038_sort_pos_joh_05,0.01579363275688544,0.009791090973461453,0.04126674017020663,0.0026686872354078936
706_04_004_sort_pos_joh_01_706_04_006_sort_pos_joh_01,706_04_004_sort_pos_joh_01,706_04_006_sort_pos_joh_01,-0.0531055875055024,-0.025018369202237503,0.12739101276285938,0.06396492842763095
706_04_004_sort_pos_joh_01_706_04_049_sort_pos_joh_01,706_04_004_sort_pos_joh_01,706_04_049_sort_pos_joh_01,-0.007243698241537923,-0.02152468799082418,0.0054173642328014015,0.005360286630930447
706_04_006_sort_pos_joh_01_706_04_049_sort_pos_joh_01,706_04_006_sort_pos_joh_01,706_04_049_sort_pos_joh_01,-0.017183381403744244,0.02112427440779002,0.034262941489111895,0.024263149735725877
707_01_002_sort_pos_joh_01_707_01_002_sort_pos_joh_04,707_01_002_sort_pos_joh_01,707_01_002_sort_pos_joh_04,0.08307015403672259,,0.16130625673372354,0.15323265692095348
707_01_002_sort_pos_joh_01_707_01_004_sort_pos_joh_02,707_01_002_sort_pos_joh_01,707_01_004_sort_pos_joh_02,0.025515403772039553,0.040166749747610246,0.09178879916389962,0.03776974370130213
707_01_002_sort_pos_joh_01_707_01_004_sort_pos_joh_05,707_01_002_sort_pos_joh_01,707_01_004_sort_pos_joh_05,,0.014796920442322257,0.02192298318728887,0.015466735856835867
707_01_002_sort_pos_joh_01_707_01_007_sort_pos_joh_01,707_01_002_sort_pos_joh_01,707_01_007_sort_pos_joh_01,-0.01269476761826248,0.06389269683119109,0.05466617027027325,0.025224148007802195
707_01_002_sort_pos_joh_01_707_01_007_sort_pos_joh_02,707_01_002_sort_pos_joh_01,707_01_007_sort_pos_joh_02,0.01990993763930076,0.06033304079917976,0.047433417839935536,0.012589109525598552
707_01_002_sort_pos_joh_01_707_01_023_sort_pos_joh_05,707_01_002_sort_pos_joh_01,707_01_023_sort_pos_joh_05,0.0021003032787404526,0.0059730869582343355,-0.009502040043882058,-0.007942078016304735
707_01_002_sort_pos_joh_01_707_01_024_sort_pos_joh_01,707_01_002_sort_pos_joh_01,707_01_024_sort_pos_joh_01,-0.009166524795108015,0.002150420880087245,0.02031475733961408,0.00021580091178280327
707_01_002_sort_pos_joh_01_707_01_048_sort_pos_joh_01,707_01_002_sort_pos_joh_01,707_01_048_sort_pos_joh_01,0.012325792731037821,-8.603009582707882e-05,0.008654701736619877,0.0538411274404769
707_01_002_sort_pos_joh_01_707_01_054_sort_pos_joh_05,707_01_002_sort_pos_joh_01,707_01_054_sort_pos_joh_05,-0.004487859265214072,-0.0001735447373098697,0.003111338839778292,0.005638977227985072
707_01_002_sort_pos_joh_04_707_01_004_sort_pos_joh_02,707_01_002_sort_pos_joh_04,707_01_004_sort_pos_joh_02,0.029100107267048102,,0.02643236946042117,0.026668494937030857
707_01_002_sort_pos_joh_04_707_01_004_sort_pos_joh_05,707_01_002_sort_pos_joh_04,707_01_004_sort_pos_joh_05,,,0.011634246917428087,0.027876283540657947
707_01_002_sort_pos_joh_04_707_01_007_sort_pos_joh_01,707_01_002_sort_pos_joh_04,707_01_007_sort_pos_joh_01,0.006345024037715441,,0.02628686842986546,0.0157955738738542
707_01_002_sort_pos_joh_04_707_01_007_sort_pos_joh_02,707_01_002_sort_pos_joh_04,707_01_007_sort_pos_joh_02,0.02379674048285889,,0.011837111603716744,0.013704361334553675
707_01_002_sort_pos_joh_04_707_01_023_sort_pos_joh_05,707_01_002_sort_pos_joh_04,707_01_023_sort_pos_joh_05,0.004832808533580527,,-0.0005512619759735435,-0.0013917580863160417
707_01_002_sort_pos_joh_04_707_01_024_sort_pos_joh_01,707_01_002_sort_pos_joh_04,707_01_024_sort_pos_joh_01,-0.0014189017772238315,,0.015099033711146055,-0.002441645752042203
707_01_002_sort_pos_joh_04_707_01_048_sort_pos_joh_01,707_01_002_sort_pos_joh_04,707_01_048_sort_pos_joh_01,0.01093082641253727,,-0.013042577280835622,0.02299362457000089
707_01_002_sort_pos_joh_04_707_01_054_sort_pos_joh_05,707_01_002_sort_pos_joh_04,707_01_054_sort_pos_joh_05,-0.002477503323257852,,0.018404904203160807,0.0028433822046861562
707_01_004_sort_pos_joh_02_707_01_004_sort_pos_joh_05,707_01_004_sort_pos_joh_02,707_01_004_sort_pos_joh_05,,0.06031600034852209,0.10877500451019627,0.05200844938440905
707_01_004_sort_pos_joh_02_707_01_007_sort_pos_joh_01,707_01_004_sort_pos_joh_02,707_01_007_sort_pos_joh_01,0.04935831792584045,0.058449446123885446,0.06504834255447554,0.024829826767767287
707_01_004_sort_pos_joh_02_707_01_007_sort_pos_joh_02,707_01_004_sort_pos_joh_02,707_01_007_sort_pos_joh_02,0.056549845328480466,0.06933398164114374,0.07060778895102918,0.016078498506285947
707_01_004_sort_pos_joh_02_707_01_023_sort_pos_joh_05,707_01_004_sort_pos_joh_02,707_01_023_sort_pos_joh_05,-0.0032273357666171942,0.006263176883904559,0.00626572817444288,-0.008166458786825988
707_01_004_sort_pos_joh_02_707_01_024_sort_pos_joh_01,707_01_004_sort_pos_joh_02,707_01_024_sort_pos_joh_01,-0.00876572319576631,0.0034492166266141887,-0.004129063546559729,-0.003176237999851142
707_01_004_sort_pos_joh_02_707_01_048_sort_pos_joh_01,707_01_004_sort_pos_joh_02,707_01_048_sort_pos_joh_01,0.006056367633757718,0.02164158384139867,0.0020428144042515524,0.022820701959592883
707_01_004_sort_pos_joh_02_707_01_054_sort_pos_joh_05,707_01_004_sort_pos_joh_02,707_01_054_sort_pos_joh_05,-0.005026127813702263,-0.004098712923426792,0.010243794616698278,0.005560495242437324
707_01_004_sort_pos_joh_05_707_01_007_sort_pos_joh_01,707_01_004_sort_pos_joh_05,707_01_007_sort_pos_joh_01,,0.015977229767060085,0.02694605941406619,0.027862076042172862
707_01_004_sort_pos_joh_05_707_01_007_sort_pos_joh_02,707_01_004_sort_pos_joh_05,707_01_007_sort_pos_joh_02,,0.02186062417938457,0.04911635279130679,0.01675900470877747
707_01_004_sort_pos_joh_05_707_01_023_sort_pos_joh_05,707_01_004_sort_pos_joh_05,707_01_023_sort_pos_joh_05,,0.012489750477481265,0.0020153558756255195,-0.005527757531004257
707_01_004_sort_pos_joh_05_707_01_024_sort_pos_joh_01,707_01_004_sort_pos_joh_05,707_01_024_sort_pos_joh_01,,0.009807867758816842,0.0032396516627014493,0.004988341386585547
707_01_004_sort_pos_joh_05_707_01_048_sort_pos_joh_01,707_01_004_sort_pos_joh_05,707_01_048_sort_pos_joh_01,,0.005025838862042341,-0.007372859289418251,-0.0018988092793238251
707_01_004_sort_pos_joh_05_707_01_054_sort_pos_joh_05,707_01_004_sort_pos_joh_05,707_01_054_sort_pos_joh_05,,0.0005752835841216797,0.014917810282429137,0.013302959591498114
707_01_007_sort_pos_joh_01_707_01_007_sort_pos_joh_02,707_01_007_sort_pos_joh_01,707_01_007_sort_pos_joh_02,0.3335479857570932,0.11732465474137257,0.2030688541303994,0.1402796489202593
707_01_007_sort_pos_joh_01_707_01_023_sort_pos_joh_05,707_01_007_sort_pos_joh_01,707_01_023_sort_pos_joh_05,-0.008590411726835022,0.0014025870575976158,-0.005838734558650049,-0.009027363970033309
707_01_007_sort_pos_joh_01_707_01_024_sort_pos_joh_01,707_01_007_sort_pos_joh_01,707_01_024_sort_pos_joh_01,0.017170680261197016,-0.0013529302131800893,0.010501072420364351,0.0035488584611762324
707_01_007_sort_pos_joh_01_707_01_048_sort_pos_joh_01,707_01_007_sort_pos_joh_01,707_01_048_sort_pos_joh_01,-0.044792063593930044,0.03438856908736965,0.002949123385188109,0.01383708536867397
707_01_007_sort_pos_joh_01_707_01_054_sort_pos_joh_05,707_01_007_sort_pos_joh_01,707_01_054_sort_pos_joh_05,-0.004479031134159564,-0.015490376489093523,0.009280125413682776,0.004239888100005372
707_01_007_sort_pos_joh_02_707_01_023_sort_pos_joh_05,707_01_007_sort_pos_joh_02,707_01_023_sort_pos_joh_05,0.0004946366781212999,0.003663449979912718,-0.0038139571794176238,-0.0003927426782318226
707_01_007_sort_pos_joh_02_707_01_024_sort_pos_joh_01,707_01_007_sort_pos_joh_02,707_01_024_sort_pos_joh_01,0.0047475391509379655,-0.0051264275965260024,0.008274386943825648,-0.003656500092706074
707_01_007_sort_pos_joh_02_707_01_048_sort_pos_joh_01,707_01_007_sort_pos_joh_02,707_01_048_sort_pos_joh_01,-0.044433293568050106,-0.0071554837113080826,0.0015417320673451332,0.006712050203910494
707_01_007_sort_pos_joh_02_707_01_054_sort_pos_joh_05,707_01_007_sort_pos_joh_02,707_01_054_sort_pos_joh_05,0.016964334511920788,-0.006024264737855508,-0.013610692847199379,0.004047339213574645
707_01_023_sort_pos_joh_05_707_01_024_sort_pos_joh_01,707_01_023_sort_pos_joh_05,707_01_024_sort_pos_joh_01,-0.0018684757366080177,-0.002182074983682132,-0.00920059007074421,0.00020461732508151136
707_01_023_sort_pos_joh_05_707_01_048_sort_pos_joh_01,707_01_023_sort_pos_joh_05,707_01_048_sort_pos_joh_01,0.0067930437920589925,0.009737663110232548,0.009757337076215263,0.0013099705955422637
707_01_023_sort_pos_joh_05_707_01_054_sort_pos_joh_05,707_01_023_sort_pos_joh_05,707_01_054_sort_pos_joh_05,-0.0007771004413034771,0.0007029335362932883,-0.004874621314963309,0.011629074935521032
707_01_024_sort_pos_joh_01_707_01_048_sort_pos_joh_01,707_01_024_sort_pos_joh_01,707_01_048_sort_pos_joh_01,-0.02265859877707081,-0.004156084671480821,0.02512457017856751,0.0146253474341539
707_01_024_sort_pos_joh_01_707_01_054_sort_pos_joh_05,707_01_024_sort_pos_joh_01,707_01_054_sort_pos_joh_05,-0.006038285659960891,0.00044132288296894125,-0.006926658648241029,-0.006913713911312777
707_01_048_sort_pos_joh_01_707_01_054_sort_pos_joh_05,707_01_048_sort_pos_joh_01,707_01_054_sort_pos_joh_05,-0.007925446827214059,0.015631102578829426,0.02093918582236001,0.021033347459094277
707_02_003_sort_pos_joh_01_707_02_004_sort_pos_joh_01,707_02_003_sort_pos_joh_01,707_02_004_sort_pos_joh_01,0.15332436189783857,0.1191906981615309,0.06150047723273821,
707_02_003_sort_pos_joh_01_707_02_004_sort_pos_joh_02,707_02_003_sort_pos_joh_01,707_02_004_sort_pos_joh_02,0.07458050503562418,0.02497887278986186,0.03336462380648448,
707_02_003_sort_pos_joh_01_707_02_008_sort_pos_joh_01,707_02_003_sort_pos_joh_01,707_02_008_sort_pos_joh_01,0.12122982474607527,0.08113703815102055,,
707_02_003_sort_pos_joh_01_707_02_021_sort_pos_joh_01,707_02_003_sort_pos_joh_01,707_02_021_sort_pos_joh_01,0.004258639513303324,0.021886190128599135,0.019058043284956933,
707_02_003_sort_pos_joh_01_707_02_021_sort_pos_joh_03,707_02_003_sort_pos_joh_01,707_02_021_sort_pos_joh_03,0.02741715906391802,0.025313151880306257,0.006559146080073428,
707_02_003_sort_pos_joh_01_707_02_043_sort_pos_joh_01,707_02_003_sort_pos_joh_01,707_02_043_sort_pos_joh_01,-0.02291523164787326,-0.011877757745438634,0.008414187426267065,
707_02_003_sort_pos_joh_01_707_02_048_sort_pos_joh_01,707_02_003_sort_pos_joh_01,707_02_048_sort_pos_joh_01,-0.01024486387218373,-0.003235173478981069,0.019229534543263482,
707_02_003_sort_pos_joh_01_707_02_048_sort_pos_joh_06,707_02_003_sort_pos_joh_01,707_02_048_sort_pos_joh_06,0.007646726454440834,0.013106580377380416,0.004474916555214875,
707_02_003_sort_pos_joh_01_707_02_054_sort_pos_joh_01,707_02_003_sort_pos_joh_01,707_02_054_sort_pos_joh_01,-0.021027064514399656,0.0044996657951019885,,
707_02_004_sort_pos_joh_01_707_02_004_sort_pos_joh_02,707_02_004_sort_pos_joh_01,707_02_004_sort_pos_joh_02,0.1517227439002493,0.13129678402198172,0.08363962823895371,0.057437703015092996
707_02_004_sort_pos_joh_01_707_02_008_sort_pos_joh_01,707_02_004_sort_pos_joh_01,707_02_008_sort_pos_joh_01,0.04232778518113414,0.07389300546085861,,0.03798331309332709
707_02_004_sort_pos_joh_01_707_02_021_sort_pos_joh_01,707_02_004_sort_pos_joh_01,707_02_021_sort_pos_joh_01,0.004001505328262614,0.032449828012936166,0.01167182805781912,0.025477273005443463
707_02_004_sort_pos_joh_01_707_02_021_sort_pos_joh_03,707_02_004_sort_pos_joh_01,707_02_021_sort_pos_joh_03,0.051623226146227406,0.04677633554132974,0.018499222020311998,0.01555731227763723
707_02_004_sort_pos_joh_01_707_02_043_sort_pos_joh_01,707_02_004_sort_pos_joh_01,707_02_043_sort_pos_joh_01,0.0006370827289497847,0.009444492763755046,0.01265920146721756,0.005955168117053232
707_02_004_sort_pos_joh_01_707_02_048_sort_pos_joh_01,707_02_004_sort_pos_joh_01,707_02_048_sort_pos_joh_01,0.018234813482079844,-0.01130077548177454,0.02039690036248083,0.009572573422207955
707_02_004_sort_pos_joh_01_707_02_048_sort_pos_joh_06,707_02_004_sort_pos_joh_01,707_02_048_sort_pos_joh_06,0.008985471597703697,0.01872240756801317,0.013425501001196716,-0.0035185519144195682
707_02_004_sort_pos_joh_01_707_02_054_sort_pos_joh_01,707_02_004_sort_pos_joh_01,707_02_054_sort_pos_joh_01,0.020832041832369443,0.003866727498055142,,0.01447911773703433
707_02_004_sort_pos_joh_02_707_02_008_sort_pos_joh_01,707_02_004_sort_pos_joh_02,707_02_008_sort_pos_joh_01,0.11541550924143903,0.041213071493864634,,0.017212027587322414
707_02_004_sort_pos_joh_02_707_02_021_sort_pos_joh_01,707_02_004_sort_pos_joh_02,707_02_021_sort_pos_joh_01,0.014851172793850698,0.02662169598087071,0.009796978498621703,-0.005924378525846577
707_02_004_sort_pos_joh_02_707_02_021_sort_pos_joh_03,707_02_004_sort_pos_joh_02,707_02_021_sort_pos_joh_03,0.032605491401982635,0.0187472158715739,0.004989342017184595,0.007040195371317298
707_02_004_sort_pos_joh_02_707_02_043_sort_pos_joh_01,707_02_004_sort_pos_joh_02,707_02_043_sort_pos_joh_01,-0.028527785042885712,-0.016227201048894968,3.198103895363987e-05,0.011701338122891886
707_02_004_sort_pos_joh_02_707_02_048_sort_pos_joh_01,707_02_004_sort_pos_joh_02,707_02_048_sort_pos_joh_01,-0.03421597996305943,-0.017590292491651786,0.002438710928598821,0.012757597343697524
707_02_004_sort_pos_joh_02_707_02_048_sort_pos_joh_06,707_02_004_sort_pos_joh_02,707_02_048_sort_pos_joh_06,0.004294520758368623,-0.014491683908902703,0.0009651403451675112,0.010829103137947906
707_02_004_sort_pos_joh_02_707_02_054_sort_pos_joh_01,707_02_004_sort_pos_joh_02,707_02_054_sort_pos_joh_01,0.01406660989523814,-0.00062751609802358,,0.00243785334648892
707_02_008_sort_pos_joh_01_707_02_021_sort_pos_joh_01,707_02_008_sort_pos_joh_01,707_02_021_sort_pos_joh_01,0.0021474863594252904,0.01078376562902674,,0.0033371040779469545
707_02_008_sort_pos_joh_01_707_02_021_sort_pos_joh_03,707_02_008_sort_pos_joh_01,707_02_021_sort_pos_joh_03,0.020363869252410443,0.015919364190453575,,0.011742506528546323
707_02_008_sort_pos_joh_01_707_02_043_sort_pos_joh_01,707_02_008_sort_pos_joh_01,707_02_043_sort_pos_joh_01,-0.005899604281128483,-0.005421505296981718,,0.002042994147062947
707_02_008_sort_pos_joh_01_707_02_048_sort_pos_joh_01,707_02_008_sort_pos_joh_01,707_02_048_sort_pos_joh_01,-0.05388030182391606,-0.032434484953804875,,0.01972077413019052
707_02_008_sort_pos_joh_01_707_02_048_sort_pos_joh_06,707_02_008_sort_pos_joh_01,707_02_048_sort_pos_joh_06,-0.010188623965461515,-0.017767748859135304,,0.009123078226402745
707_02_008_sort_pos_joh_01_707_02_054_sort_pos_joh_01,707_02_008_sort_pos_joh_01,707_02_054_sort_pos_joh_01,-0.00124839497314682,-0.007957354365389326,,0.004189578616115821
707_02_021_sort_pos_joh_01_707_02_021_sort_pos_joh_03,707_02_021_sort_pos_joh_01,707_02_021_sort_pos_joh_03,0.12171199641342266,0.09279031874598384,0.10760894529511787,0.12670765471582868
707_02_021_sort_pos_joh_01_707_02_043_sort_pos_joh_01,707_02_021_sort_pos_joh_01,707_02_043_sort_pos_joh_01,-0.015312300640354074,0.007560725333451783,-0.010176304888919074,0.009193007499424585
707_02_021_sort_pos_joh_01_707_02_048_sort_pos_joh_01,707_02_021_sort_pos_joh_01,707_02_048_sort_pos_joh_01,-0.02219711865228278,0.013949337730778728,0.0076117536836752256,0.009007936803802572
707_02_021_sort_pos_joh_01_707_02_048_sort_pos_joh_06,707_02_021_sort_pos_joh_01,707_02_048_sort_pos_joh_06,0.003237748953897364,0.012881344753545056,0.007358784621726758,0.004849175899775453
707_02_021_sort_pos_joh_01_707_02_054_sort_pos_joh_01,707_02_021_sort_pos_joh_01,707_02_054_sort_pos_joh_01,-0.018157663520033597,-0.01004787131341899,,-0.0012264777083230195
707_02_021_sort_pos_joh_03_707_02_043_sort_pos_joh_01,707_02_021_sort_pos_joh_03,707_02_043_sort_pos_joh_01,-0.013673862340531891,0.012239125649868399,0.00968612209841825,0.006937129624488209
707_02_021_sort_pos_joh_03_707_02_048_sort_pos_joh_01,707_02_021_sort_pos_joh_03,707_02_048_sort_pos_joh_01,0.0001778490603363627,0.0071438266309654785,0.015431585194038958,0.006249052127672573
707_02_021_sort_pos_joh_03_707_02_048_sort_pos_joh_06,707_02_021_sort_pos_joh_03,707_02_048_sort_pos_joh_06,-0.003025058830793793,0.01989689703527311,0.01995426328207898,0.007608800449427932
707_02_021_sort_pos_joh_03_707_02_054_sort_pos_joh_01,707_02_021_sort_pos_joh_03,707_02_054_sort_pos_joh_01,0.002342644150061933,-0.012223076452673334,,0.0077946584487473
707_02_043_sort_pos_joh_01_707_02_048_sort_pos_joh_01,707_02_043_sort_pos_joh_01,707_02_048_sort_pos_joh_01,0.047249516545633814,0.04569374875039626,0.33276380672537925,0.06153771894741243
707_02_043_sort_pos_joh_01_707_02_048_sort_pos_joh_06,707_02_043_sort_pos_joh_01,707_02_048_sort_pos_joh_06,-0.012018675216618167,0.009602955695259607,0.11499645462395157,0.027385396899552165
707_02_043_sort_pos_joh_01_707_02_054_sort_pos_joh_01,707_02_043_sort_pos_joh_01,707_02_054_sort_pos_joh_01,0.0016783070608395315,0.009403595000233229,,0.014966335815322798
707_02_048_sort_pos_joh_01_707_02_048_sort_pos_joh_06,707_02_048_sort_pos_joh_01,707_02_048_sort_pos_joh_06,0.0699666788305206,0.06423806558509332,0.13182782155639788,0.03360156206206294
707_02_048_sort_pos_joh_01_707_02_054_sort_pos_joh_01,707_02_048_sort_pos_joh_01,707_02_054_sort_pos_joh_01,0.00972784824159566,0.007102594362919506,,0.025738644823763358
707_02_048_sort_pos_joh_06_707_02_054_sort_pos_joh_01,707_02_048_sort_pos_joh_06,707_02_054_sort_pos_joh_01,0.007164383351839932,-0.0049774184876369715,,0.0042255376047792325
708_01_001_sort_pos_joh_01_708_01_002_sort_pos_joh_01,708_01_001_sort_pos_joh_01,708_01_002_sort_pos_joh_01,0.011297807102836056,0.06447350178664556,0.08963697361420536,0.039483307823522565
708_01_001_sort_pos_joh_01_708_01_002_sort_pos_joh_03,708_01_001_sort_pos_joh_01,708_01_002_sort_pos_joh_03,-0.009142433972861493,0.003749895373103808,,0.021093859155437582
708_01_001_sort_pos_joh_01_708_01_005_sort_pos_joh_01,708_01_001_sort_pos_joh_01,708_01_005_sort_pos_joh_01,0.046423290362494776,0.05305982784355924,0.19136814589676793,-0.0003868543577951327
708_01_001_sort_pos_joh_01_708_01_007_sort_pos_joh_03,708_01_001_sort_pos_joh_01,708_01_007_sort_pos_joh_03,0.04044831457086683,0.045809896941895877,0.12159284914799248,0.0007216841884072611
708_01_001_sort_pos_joh_01_708_01_008_sort_pos_joh_01,708_01_001_sort_pos_joh_01,708_01_008_sort_pos_joh_01,0.021987475189025392,0.07537403907402566,0.174957440789422,-0.006991009891025904
708_01_001_sort_pos_joh_01_708_01_008_sort_pos_joh_02,708_01_001_sort_pos_joh_01,708_01_008_sort_pos_joh_02,0.03504191621805492,0.07056434874113235,0.17699079135466336,0.019549945333671388
708_01_001_sort_pos_joh_01_708_01_029_sort_pos_joh_01,708_01_001_sort_pos_joh_01,708_01_029_sort_pos_joh_01,0.010470253846258607,-0.015819069930276167,0.044583658020661394,0.007615521404098127
708_01_001_sort_pos_joh_01_708_01_029_sort_pos_joh_03,708_01_001_sort_pos_joh_01,708_01_029_sort_pos_joh_03,0.005660835104440145,0.0118476957379289,0.042782420329750284,0.0009440372837120639
708_01_001_sort_pos_joh_01_708_01_083_sort_pos_joh_01,708_01_001_sort_pos_joh_01,708_01_083_sort_pos_joh_01,0.012968045179034155,-0.008893745101930872,0.011319815510038347,-0.01964137826431774
708_01_001_sort_pos_joh_01_708_01_087_sort_pos_joh_02,708_01_001_sort_pos_joh_01,708_01_087_sort_pos_joh_02,0.00860630472916708,0.005072682863876334,0.0004806337984842263,-0.006649023964072379
708_01_002_sort_pos_joh_01_708_01_002_sort_pos_joh_03,708_01_002_sort_pos_joh_01,708_01_002_sort_pos_joh_03,0.02776018004300902,0.10018233442625764,,0.04390859163572015
708_01_002_sort_pos_joh_01_708_01_005_sort_pos_joh_01,708_01_002_sort_pos_joh_01,708_01_005_sort_pos_joh_01,0.030865133467878735,0.06287008863440843,0.10591738437361173,0.032799970318011865
708_01_002_sort_pos_joh_01_708_01_007_sort_pos_joh_03,708_01_002_sort_pos_joh_01,708_01_007_sort_pos_joh_03,0.0035756876914915343,0.03624463469594458,0.06195166518518217,0.02516976394898251
708_01_002_sort_pos_joh_01_708_01_008_sort_pos_joh_01,708_01_002_sort_pos_joh_01,708_01_008_sort_pos_joh_01,0.018990679967499438,0.012666029325271352,0.08939919005454625,0.030595991445149604
708_01_002_sort_pos_joh_01_708_01_008_sort_pos_joh_02,708_01_002_sort_pos_joh_01,708_01_008_sort_pos_joh_02,0.027476574214541034,0.042278272151421784,0.11955584356561834,0.013036727077126898
708_01_002_sort_pos_joh_01_708_01_029_sort_pos_joh_01,708_01_002_sort_pos_joh_01,708_01_029_sort_pos_joh_01,0.013001152775862045,-0.009105777964150265,0.021792185967178503,-0.0026413637798734916
708_01_002_sort_pos_joh_01_708_01_029_sort_pos_joh_03,708_01_002_sort_pos_joh_01,708_01_029_sort_pos_joh_03,0.010190768863298954,-0.00342703754290435,0.049891145386851195,0.015146745763636123
708_01_002_sort_pos_joh_01_708_01_083_sort_pos_joh_01,708_01_002_sort_pos_joh_01,708_01_083_sort_pos_joh_01,0.011562513374924721,-0.005837472346603872,0.009092416927402638,-0.0076920579573412536
708_01_002_sort_pos_joh_01_708_01_087_sort_pos_joh_02,708_01_002_sort_pos_joh_01,708_01_087_sort_pos_joh_02,0.013061952940364453,-0.0029430449040307696,0.013366946099908962,0.015250213001175706
708_01_002_sort_pos_joh_03_708_01_005_sort_pos_joh_01,708_01_002_sort_pos_joh_03,708_01_005_sort_pos_joh_01,-0.006107731353972118,0.03528202870710179,,0.0018838789616525042
708_01_002_sort_pos_joh_03_708_01_007_sort_pos_joh_03,708_01_002_sort_pos_joh_03,708_01_007_sort_pos_joh_03,0.0029316282847118504,0.0059005033264887645,,0.015433912856800501
708_01_002_sort_pos_joh_03_708_01_008_sort_pos_joh_01,708_01_002_sort_pos_joh_03,708_01_008_sort_pos_joh_01,0.0004380423230303271,0.03906030352318735,,0.023567130607102773
708_01_002_sort_pos_joh_03_708_01_008_sort_pos_joh_02,708_01_002_sort_pos_joh_03,708_01_008_sort_pos_joh_02,-0.005841002383249588,0.033532410452698544,,0.008282232665655429
708_01_002_sort_pos_joh_03_708_01_029_sort_pos_joh_01,708_01_002_sort_pos_joh_03,708_01_029_sort_pos_joh_01,0.018652660723491938,0.020623705440662284,,0.02117404300341864
708_01_002_sort_pos_joh_03_708_01_029_sort_pos_joh_03,708_01_002_sort_pos_joh_03,708_01_029_sort_pos_joh_03,0.003977887540412856,0.008014798332317071,,0.007716786693805836
708_01_002_sort_pos_joh_03_708_01_083_sort_pos_joh_01,708_01_002_sort_pos_joh_03,708_01_083_sort_pos_joh_01,-0.0029487775776837486,-0.027148921656055224,,-0.0037434006290133198
708_01_002_sort_pos_joh_03_708_01_087_sort_pos_joh_02,708_01_002_sort_pos_joh_03,708_01_087_sort_pos_joh_02,0.008746184825274148,0.006432908137085154,,-0.012941413461669415
708_01_005_sort_pos_joh_01_708_01_007_sort_pos_joh_03,708_01_005_sort_pos_joh_01,708_01_007_sort_pos_joh_03,0.10735640338012536,0.20180394835286325,0.2803419432636025,0.11538892112452341
708_01_005_sort_pos_joh_01_708_01_008_sort_pos_joh_01,708_01_005_sort_pos_joh_01,708_01_008_sort_pos_joh_01,0.04400733186314633,0.07724031953912984,0.23753393692984795,0.06575994235812845
708_01_005_sort_pos_joh_01_708_01_008_sort_pos_joh_02,708_01_005_sort_pos_joh_01,708_01_008_sort_pos_joh_02,0.032675240337455544,0.09048481740146541,0.2684969085860678,0.06274306944220796
708_01_005_sort_pos_joh_01_708_01_029_sort_pos_joh_01,708_01_005_sort_pos_joh_01,708_01_029_sort_pos_joh_01,0.015171075892565332,0.06052434779677496,0.03672403973393242,0.0327125412441184
708_01_005_sort_pos_joh_01_708_01_029_sort_pos_joh_03,708_01_005_sort_pos_joh_01,708_01_029_sort_pos_joh_03,2.5244790268132232e-05,-0.02055993304788995,0.0034576742882267693,0.001971753405014106
708_01_005_sort_pos_joh_01_708_01_083_sort_pos_joh_01,708_01_005_sort_pos_joh_01,708_01_083_sort_pos_joh_01,0.025151922700913616,0.0016382292336140213,0.015022701072403909,0.002384984650482538
708_01_005_sort_pos_joh_01_708_01_087_sort_pos_joh_02,708_01_005_sort_pos_joh_01,708_01_087_sort_pos_joh_02,0.0215138830289684,-0.027120510601699076,0.011077663783971426,-0.005358563208772022
708_01_007_sort_pos_joh_03_708_01_008_sort_pos_joh_01,708_01_007_sort_pos_joh_03,708_01_008_sort_pos_joh_01,0.014344096557972145,0.03608077800280647,0.144283930962547,0.05217614810876773
708_01_007_sort_pos_joh_03_708_01_008_sort_pos_joh_02,708_01_007_sort_pos_joh_03,708_01_008_sort_pos_joh_02,0.01721514008773388,0.06332048442095425,0.1579963091233304,0.04660556675095024
708_01_007_sort_pos_joh_03_708_01_029_sort_pos_joh_01,708_01_007_sort_pos_joh_03,708_01_029_sort_pos_joh_01,0.0026766202886556794,0.048694253042690885,0.028090562008377427,0.029487019926246406
708_01_007_sort_pos_joh_03_708_01_029_sort_pos_joh_03,708_01_007_sort_pos_joh_03,708_01_029_sort_pos_joh_03,0.022078238254895126,0.031133167939261963,0.031482317386545486,0.053406781050776786
708_01_007_sort_pos_joh_03_708_01_083_sort_pos_joh_01,708_01_007_sort_pos_joh_03,708_01_083_sort_pos_joh_01,0.024060878233212065,-0.012975709513810094,-0.0006784897944272846,-0.010525769646709017
708_01_007_sort_pos_joh_03_708_01_087_sort_pos_joh_02,708_01_007_sort_pos_joh_03,708_01_087_sort_pos_joh_02,-0.006203946206567393,-0.01437899024233199,0.012335267831486594,0.013601279968264445
708_01_008_sort_pos_joh_01_708_01_008_sort_pos_joh_02,708_01_008_sort_pos_joh_01,708_01_008_sort_pos_joh_02,0.1711135187611325,0.22094771564173823,0.31126434242180684,0.1594691221092556
708_01_008_sort_pos_joh_01_708_01_029_sort_pos_joh_01,708_01_008_sort_pos_joh_01,708_01_029_sort_pos_joh_01,0.019578854637113244,0.04434848427138127,0.023857410959833653,0.01642103213938717
708_01_008_sort_pos_joh_01_708_01_029_sort_pos_joh_03,708_01_008_sort_pos_joh_01,708_01_029_sort_pos_joh_03,0.018302095017581448,-0.014966230421954977,0.018371645709547153,0.025981322692181216
708_01_008_sort_pos_joh_01_708_01_083_sort_pos_joh_01,708_01_008_sort_pos_joh_01,708_01_083_sort_pos_joh_01,0.0007704098994762303,0.01565026889361928,0.02260699802307688,-0.005602870973960324
708_01_008_sort_pos_joh_01_708_01_087_sort_pos_joh_02,708_01_008_sort_pos_joh_01,708_01_087_sort_pos_joh_02,-0.007228060049254319,0.010555330169072638,0.00859676061836226,0.022835464843701962
708_01_008_sort_pos_joh_02_708_01_029_sort_pos_joh_01,708_01_008_sort_pos_joh_02,708_01_029_sort_pos_joh_01,0.03639976920013177,0.026471567716067256,0.027196619815929086,0.012124412335514638
708_01_008_sort_pos_joh_02_708_01_029_sort_pos_joh_03,708_01_008_sort_pos_joh_02,708_01_029_sort_pos_joh_03,0.0239558700753832,0.031410568446495465,0.03113271976449782,0.02387308522697928
708_01_008_sort_pos_joh_02_708_01_083_sort_pos_joh_01,708_01_008_sort_pos_joh_02,708_01_083_sort_pos_joh_01,-0.006511946152882535,0.0003595528793070048,0.004462996865155034,-0.003508558626269505
708_01_008_sort_pos_joh_02_708_01_087_sort_pos_joh_02,708_01_008_sort_pos_joh_02,708_01_087_sort_pos_joh_02,0.009798190766483781,0.03451140487016366,0.009090632017391131,0.017972660202178962
708_01_029_sort_pos_joh_01_708_01_029_sort_pos_joh_03,708_01_029_sort_pos_joh_01,708_01_029_sort_pos_joh_03,0.13711914941424708,0.1881039030180199,0.15596172342326073,0.12207536684755717
708_01_029_sort_pos_joh_01_708_01_083_sort_pos_joh_01,708_01_029_sort_pos_joh_01,708_01_083_sort_pos_joh_01,0.0012126763916516228,0.030225195001417605,0.0020358587291943336,-0.004990921000794983
708_01_029_sort_pos_joh_01_708_01_087_sort_pos_joh_02,708_01_029_sort_pos_joh_01,708_01_087_sort_pos_joh_02,-0.0011087722219358742,-0.011639494779276454,0.022146182150202306,0.010233139739291812
708_01_029_sort_pos_joh_03_708_01_083_sort_pos_joh_01,708_01_029_sort_pos_joh_03,708_01_083_sort_pos_joh_01,0.0034308951007679953,0.010608110196634369,-0.013761827801605427,-0.00432003925389263
708_01_029_sort_pos_joh_03_708_01_087_sort_pos_joh_02,708_01_029_sort_pos_joh_03,708_01_087_sort_pos_joh_02,0.018126332918550543,0.010604110411993967,0.014025230001609967,0.00021095116694832468
708_01_083_sort_pos_joh_01_708_01_087_sort_pos_joh_02,708_01_083_sort_pos_joh_01,708_01_087_sort_pos_joh_02,0.0582696875720373,0.11248225171481688,0.11534905240282177,0.0912641550437867
709_01_001_sort_pos_joh_01_709_01_007_sort_pos_joh_01,709_01_001_sort_pos_joh_01,709_01_007_sort_pos_joh_01,0.08753810792568197,0.047836812326196874,0.17368219640202975,0.02242589523695019
709_01_001_sort_pos_joh_01_709_01_008_sort_pos_joh_02,709_01_001_sort_pos_joh_01,709_01_008_sort_pos_joh_02,0.00826824483541642,0.044640114069743796,0.11719610152299337,0.0076534624860167075
709_01_001_sort_pos_joh_01_709_01_026_sort_pos_joh_01,709_01_001_sort_pos_joh_01,709_01_026_sort_pos_joh_01,0.028929797606555552,0.015807613673332412,-0.00840099717347694,0.0043513333434183525
709_01_001_sort_pos_joh_01_709_01_030_sort_pos_joh_01,709_01_001_sort_pos_joh_01,709_01_030_sort_pos_joh_01,0.05328370416343134,0.013470423953697092,0.004785660559453786,0.01334066735864945
709_01_001_sort_pos_joh_01_709_01_034_sort_pos_joh_02,709_01_001_sort_pos_joh_01,709_01_034_sort_pos_joh_02,0.0653873196843771,0.01968639116263387,0.004359375704571522,0.005290045771974332
709_01_001_sort_pos_joh_01_709_01_038_sort_pos_joh_01,709_01_001_sort_pos_joh_01,709_01_038_sort_pos_joh_01,0.05371239950203695,0.02424940887204554,0.02106139177573937,0.004988703027023827
709_01_001_sort_pos_joh_01_709_01_038_sort_pos_joh_03,709_01_001_sort_pos_joh_01,709_01_038_sort_pos_joh_03,0.03886282875384315,0.01156817351703091,0.005273048505928127,
709_01_001_sort_pos_joh_01_709_01_044_sort_pos_joh_04,709_01_001_sort_pos_joh_01,709_01_044_sort_pos_joh_04,0.010984114137663908,0.014232959869802088,,0.011049674538134472
709_01_001_sort_pos_joh_01_709_01_045_sort_pos_joh_01,709_01_001_sort_pos_joh_01,709_01_045_sort_pos_joh_01,0.042000659816008194,-0.0009396807855269739,0.0018986733212828261,0.00310846258157521
709_01_001_sort_pos_joh_01_709_01_047_sort_pos_joh_01,709_01_001_sort_pos_joh_01,709_01_047_sort_pos_joh_01,0.0033157838786976803,0.013107380773010492,0.01609698710689304,0.016966806653606805
709_01_001_sort_pos_joh_01_709_01_047_sort_pos_joh_02,709_01_001_sort_pos_joh_01,709_01_047_sort_pos_joh_02,0.004176958746747852,0.025683083372199315,0.013096400975879849,-0.0009647234743241093
709_01_001_sort_pos_joh_01_709_01_047_sort_pos_joh_03,709_01_001_sort_pos_joh_01,709_01_047_sort_pos_joh_03,0.025869814675443883,0.002541640721073141,0.0026119846926188246,0.013174633961174288
709_01_001_sort_pos_joh_01_709_01_047_sort_pos_joh_04,709_01_001_sort_pos_joh_01,709_01_047_sort_pos_joh_04,0.019412211038953242,0.007711753011979129,-0.00031142165926690765,0.012412299091705777
709_01_001_sort_pos_joh_01_709_01_048_sort_pos_joh_01,709_01_001_sort_pos_joh_01,709_01_048_sort_pos_joh_01,0.01056786778525649,0.002116066113041361,0.01111112691274447,0.0032665203718782168
709_01_001_sort_pos_joh_01_709_01_048_sort_pos_joh_02,709_01_001_sort_pos_joh_01,709_01_048_sort_pos_joh_02,0.043987907148714714,0.023397940513696196,0.0036138265105736035,0.014469713684341709
709_01_001_sort_pos_joh_01_709_01_048_sort_pos_joh_03,709_01_001_sort_pos_joh_01,709_01_048_sort_pos_joh_03,0.030599530449518807,0.014076659170816004,0.005374317042959793,0.0015271868511596168
709_01_001_sort_pos_joh_01_709_01_091_sort_pos_joh_02,709_01_001_sort_pos_joh_01,709_01_091_sort_pos_joh_02,0.0022691548380089407,-0.00743096772463962,0.004597309871994843,-0.00022551143330759045
709_01_001_sort_pos_joh_01_709_01_091_sort_pos_joh_03,709_01_001_sort_pos_joh_01,709_01_091_sort_pos_joh_03,0.0049027998917662635,0.009509985948160236,0.007734429703662129,0.005713727788373837
709_01_001_sort_pos_joh_01_709_01_091_sort_pos_joh_04,709_01_001_sort_pos_joh_01,709_01_091_sort_pos_joh_04,0.009245475862845954,0.008060866914651929,-0.0025902511563267593,0.00027150912385243565
709_01_001_sort_pos_joh_01_709_01_092_sort_pos_joh_01,709_01_001_sort_pos_joh_01,709_01_092_sort_pos_joh_01,0.04437399102565972,0.01562851779587369,0.010511500642627127,0.0160923403484078
709_01_001_sort_pos_joh_01_709_01_093_sort_pos_joh_01,709_01_001_sort_pos_joh_01,709_01_093_sort_pos_joh_01,0.007967485317892863,0.019382051947333043,0.01615649430749722,0.01983710502610438
709_01_001_sort_pos_joh_01_709_01_093_sort_pos_joh_02,709_01_001_sort_pos_joh_01,709_01_093_sort_pos_joh_02,0.007427620903035196,0.00696454266001914,0.0035792098895500845,0.0007082357892351344
709_01_001_sort_pos_joh_01_709_01_093_sort_pos_joh_03,709_01_001_sort_pos_joh_01,709_01_093_sort_pos_joh_03,0.01946580466174867,0.02069463957298245,0.02402345961620771,0.0176735161113656
709_01_001_sort_pos_joh_01_709_01_095_sort_pos_joh_01,709_01_001_sort_pos_joh_01,709_01_095_sort_pos_joh_01,0.002587921418133186,0.013125127216227822,0.005161819820702744,0.012832895989904777
709_01_001_sort_pos_joh_01_709_01_096_sort_pos_joh_01,709_01_001_sort_pos_joh_01,709_01_096_sort_pos_joh_01,-0.0019700709643112814,-0.009211063256638403,0.010752105711077218,0.004042196079800862
709_01_001_sort_pos_joh_01_709_01_096_sort_pos_joh_02,709_01_001_sort_pos_joh_01,709_01_096_sort_pos_joh_02,0.0014539871729431614,-0.008004651603522787,0.01773356570255107,0.011321906868355984
709_01_007_sort_pos_joh_01_709_01_008_sort_pos_joh_02,709_01_007_sort_pos_joh_01,709_01_008_sort_pos_joh_02,-0.0033613300971245806,0.0005451621625298921,0.03628560934907769,0.026633067589954457
709_01_007_sort_pos_joh_01_709_01_026_sort_pos_joh_01,709_01_007_sort_pos_joh_01,709_01_026_sort_pos_joh_01,0.03907123073433295,0.0012020780141246004,0.001954047020088377,0.014249953216981751
709_01_007_sort_pos_joh_01_709_01_030_sort_pos_joh_01,709_01_007_sort_pos_joh_01,709_01_030_sort_pos_joh_01,0.0629110484297756,0.019901428238061687,-0.006735193584789089,-0.0007242187442039051
709_01_007_sort_pos_joh_01_709_01_034_sort_pos_joh_02,709_01_007_sort_pos_joh_01,709_01_034_sort_pos_joh_02,0.1771991818695646,0.06618399754672856,0.003140692291612827,0.02788350446802743
709_01_007_sort_pos_joh_01_709_01_038_sort_pos_joh_01,709_01_007_sort_pos_joh_01,709_01_038_sort_pos_joh_01,0.1011192058476186,0.03786900879900594,0.00047791476985960604,0.025863848706046227
709_01_007_sort_pos_joh_01_709_01_038_sort_pos_joh_03,709_01_007_sort_pos_joh_01,709_01_038_sort_pos_joh_03,0.06086981046579418,-0.0037291272529314987,0.005889695552998136,
709_01_007_sort_pos_joh_01_709_01_044_sort_pos_joh_04,709_01_007_sort_pos_joh_01,709_01_044_sort_pos_joh_04,0.02262698284310457,-0.017242687990461594,,0.013940501836731477
709_01_007_sort_pos_joh_01_709_01_045_sort_pos_joh_01,709_01_007_sort_pos_joh_01,709_01_045_sort_pos_joh_01,0.04908950354208556,-0.012443247459486283,-0.01864238700461571,-0.012982207321009725
709_01_007_sort_pos_joh_01_709_01_047_sort_pos_joh_01,709_01_007_sort_pos_joh_01,709_01_047_sort_pos_joh_01,-0.00909034193885808,-0.022534386794123024,-0.0064391197992512104,-0.01487236895726072
709_01_007_sort_pos_joh_01_709_01_047_sort_pos_joh_02,709_01_007_sort_pos_joh_01,709_01_047_sort_pos_joh_02,-0.008272534787092991,-0.006657268952631692,-0.0149356229056316,0.0005728378117257412
709_01_007_sort_pos_joh_01_709_01_047_sort_pos_joh_03,709_01_007_sort_pos_joh_01,709_01_047_sort_pos_joh_03,0.019400118509929596,0.009276247554585115,-0.010399000586487928,0.008344941747826141
709_01_007_sort_pos_joh_01_709_01_047_sort_pos_joh_04,709_01_007_sort_pos_joh_01,709_01_047_sort_pos_joh_04,0.018615583887386374,-0.004497612310935997,-0.015863993951095334,-0.0005549709071529033
709_01_007_sort_pos_joh_01_709_01_048_sort_pos_joh_01,709_01_007_sort_pos_joh_01,709_01_048_sort_pos_joh_01,0.02461839316019191,0.00011668557682633848,-0.016815964555534812,-0.005323451453279287
709_01_007_sort_pos_joh_01_709_01_048_sort_pos_joh_02,709_01_007_sort_pos_joh_01,709_01_048_sort_pos_joh_02,0.06747370841660093,0.007003957638705566,-0.01034782299674742,-0.004287685071026525
709_01_007_sort_pos_joh_01_709_01_048_sort_pos_joh_03,709_01_007_sort_pos_joh_01,709_01_048_sort_pos_joh_03,0.02063285003021124,-0.0014653095084428988,-0.006400464684058769,-0.00031351879358387905
709_01_007_sort_pos_joh_01_709_01_091_sort_pos_joh_02,709_01_007_sort_pos_joh_01,709_01_091_sort_pos_joh_02,-0.0044242388029664854,-0.006915900507279572,-0.01767868069648024,-0.009967738494759237
709_01_007_sort_pos_joh_01_709_01_091_sort_pos_joh_03,709_01_007_sort_pos_joh_01,709_01_091_sort_pos_joh_03,-0.004090413728675386,-0.01695633251384597,-0.013286351119292543,-0.009045926274425856
709_01_007_sort_pos_joh_01_709_01_091_sort_pos_joh_04,709_01_007_sort_pos_joh_01,709_01_091_sort_pos_joh_04,0.014249762167942789,-0.007996333185244885,-0.016999355090143737,8.656121672145262e-05
709_01_007_sort_pos_joh_01_709_01_092_sort_pos_joh_01,709_01_007_sort_pos_joh_01,709_01_092_sort_pos_joh_01,0.05877908699852838,0.030818582073150923,-0.00446479602365448,-0.0017677896678129482
709_01_007_sort_pos_joh_01_709_01_093_sort_pos_joh_01,709_01_007_sort_pos_joh_01,709_01_093_sort_pos_joh_01,0.017385879179258202,-0.010463327498651727,-0.019735360153668457,-0.0064882802716217285
709_01_007_sort_pos_joh_01_709_01_093_sort_pos_joh_02,709_01_007_sort_pos_joh_01,709_01_093_sort_pos_joh_02,0.001021794537636817,-0.007484294608631483,-0.015893816463916955,-0.011497572951742911
709_01_007_sort_pos_joh_01_709_01_093_sort_pos_joh_03,709_01_007_sort_pos_joh_01,709_01_093_sort_pos_joh_03,0.008445149632529226,0.015759328954534777,-0.015919594292947172,-0.009247161837014987
709_01_007_sort_pos_joh_01_709_01_095_sort_pos_joh_01,709_01_007_sort_pos_joh_01,709_01_095_sort_pos_joh_01,-0.0011441195807451005,0.004056317632526889,-0.0026319229769094614,-0.010375030335100413
709_01_007_sort_pos_joh_01_709_01_096_sort_pos_joh_01,709_01_007_sort_pos_joh_01,709_01_096_sort_pos_joh_01,0.01132870842990497,0.000924702964665636,-0.012773940810889365,-0.006667999811118853
709_01_007_sort_pos_joh_01_709_01_096_sort_pos_joh_02,709_01_007_sort_pos_joh_01,709_01_096_sort_pos_joh_02,0.010674486181780274,-0.010989073683362324,-0.00707710190496268,-0.011958245999760708
709_01_008_sort_pos_joh_02_709_01_026_sort_pos_joh_01,709_01_008_sort_pos_joh_02,709_01_026_sort_pos_joh_01,-0.006113896714649417,0.02081393624564435,0.009171632844375494,0.004462253755428007
709_01_008_sort_pos_joh_02_709_01_030_sort_pos_joh_01,709_01_008_sort_pos_joh_02,709_01_030_sort_pos_joh_01,0.022605655413292302,-0.000876607793859611,0.007035693185460775,0.009072128274556132
709_01_008_sort_pos_joh_02_709_01_034_sort_pos_joh_02,709_01_008_sort_pos_joh_02,709_01_034_sort_pos_joh_02,0.022017124109973245,0.0022594705435910628,0.03477815322706512,0.00926314630885548
709_01_008_sort_pos_joh_02_709_01_038_sort_pos_joh_01,709_01_008_sort_pos_joh_02,709_01_038_sort_pos_joh_01,0.01593873437281829,0.024089594127512975,0.06323155701803071,0.02086823637337126
709_01_008_sort_pos_joh_02_709_01_038_sort_pos_joh_03,709_01_008_sort_pos_joh_02,709_01_038_sort_pos_joh_03,0.018615452678768504,0.008850031983613513,0.03222180633409865,
709_01_008_sort_pos_joh_02_709_01_044_sort_pos_joh_04,709_01_008_sort_pos_joh_02,709_01_044_sort_pos_joh_04,0.00428259830624552,0.003284368112906462,,-0.00922859427908385
709_01_008_sort_pos_joh_02_709_01_045_sort_pos_joh_01,709_01_008_sort_pos_joh_02,709_01_045_sort_pos_joh_01,0.005076798210073282,-0.009996798030555172,0.04915138920151243,0.024430541300801134
709_01_008_sort_pos_joh_02_709_01_047_sort_pos_joh_01,709_01_008_sort_pos_joh_02,709_01_047_sort_pos_joh_01,0.005914395361290607,0.003871527648792427,0.039640378056068785,0.002736624821824922
709_01_008_sort_pos_joh_02_709_01_047_sort_pos_joh_02,709_01_008_sort_pos_joh_02,709_01_047_sort_pos_joh_02,0.008200063497965631,0.03701335469306551,0.044660297858253616,0.05318506296722796
709_01_008_sort_pos_joh_02_709_01_047_sort_pos_joh_03,709_01_008_sort_pos_joh_02,709_01_047_sort_pos_joh_03,0.013839081014715808,0.01941031820277828,0.04392182242467482,0.0036420799822493707
709_01_008_sort_pos_joh_02_709_01_047_sort_pos_joh_04,709_01_008_sort_pos_joh_02,709_01_047_sort_pos_joh_04,-0.005351959807562118,0.011862936707398445,0.035815478865350914,0.0004952577049500439
709_01_008_sort_pos_joh_02_709_01_048_sort_pos_joh_01,709_01_008_sort_pos_joh_02,709_01_048_sort_pos_joh_01,0.015531973659582836,0.01790375197515073,0.054731830802771324,-0.003164320356476987
709_01_008_sort_pos_joh_02_709_01_048_sort_pos_joh_02,709_01_008_sort_pos_joh_02,709_01_048_sort_pos_joh_02,-0.008535750933911797,0.019639218980011575,0.05695189498103962,0.008067249529173733
709_01_008_sort_pos_joh_02_709_01_048_sort_pos_joh_03,709_01_008_sort_pos_joh_02,709_01_048_sort_pos_joh_03,-0.00010021864571745774,0.01833230946844077,0.029654525273375473,-0.0007264557702315023
709_01_008_sort_pos_joh_02_709_01_091_sort_pos_joh_02,709_01_008_sort_pos_joh_02,709_01_091_sort_pos_joh_02,0.002442789960190785,-0.00619837506181065,0.011350382148169491,0.016367471280457953
709_01_008_sort_pos_joh_02_709_01_091_sort_pos_joh_03,709_01_008_sort_pos_joh_02,709_01_091_sort_pos_joh_03,-0.0056813268463025545,0.007754501650295731,0.03038560673073479,0.004281492063909529
709_01_008_sort_pos_joh_02_709_01_091_sort_pos_joh_04,709_01_008_sort_pos_joh_02,709_01_091_sort_pos_joh_04,0.002629345230559325,0.004204449056541238,0.016675287249837616,-0.0008949759515298806
709_01_008_sort_pos_joh_02_709_01_092_sort_pos_joh_01,709_01_008_sort_pos_joh_02,709_01_092_sort_pos_joh_01,0.020363075548717326,0.0016381482178567932,0.029190956569500024,0.013746388393001316
709_01_008_sort_pos_joh_02_709_01_093_sort_pos_joh_01,709_01_008_sort_pos_joh_02,709_01_093_sort_pos_joh_01,-0.0022838096018623884,0.014096362460523065,0.02688052813003711,0.007247997248739489
709_01_008_sort_pos_joh_02_709_01_093_sort_pos_joh_02,709_01_008_sort_pos_joh_02,709_01_093_sort_pos_joh_02,0.015035730380930541,0.01665819814391619,0.016612779331719525,0.01872313722945514
709_01_008_sort_pos_joh_02_709_01_093_sort_pos_joh_03,709_01_008_sort_pos_joh_02,709_01_093_sort_pos_joh_03,0.017422938209643014,0.01818617489498069,0.04798105688202276,0.031362530594294245
709_01_008_sort_pos_joh_02_709_01_095_sort_pos_joh_01,709_01_008_sort_pos_joh_02,709_01_095_sort_pos_joh_01,-0.0021350680438926976,0.019467496208754917,0.009117696392310694,0.004948448690875262
709_01_008_sort_pos_joh_02_709_01_096_sort_pos_joh_01,709_01_008_sort_pos_joh_02,709_01_096_sort_pos_joh_01,0.0074130600053223285,0.011450716889314153,0.022230724734858955,0.009662143682527248
709_01_008_sort_pos_joh_02_709_01_096_sort_pos_joh_02,709_01_008_sort_pos_joh_02,709_01_096_sort_pos_joh_02,-0.004740554764459792,-0.0011185209585406813,0.01890511711395697,0.005279502897773151
709_01_026_sort_pos_joh_01_709_01_030_sort_pos_joh_01,709_01_026_sort_pos_joh_01,709_01_030_sort_pos_joh_01,0.033680786317107185,0.012977128229710096,-0.001331344361385273,-0.00946905002224072
709_01_026_sort_pos_joh_01_709_01_034_sort_pos_joh_02,709_01_026_sort_pos_joh_01,709_01_034_sort_pos_joh_02,0.05162640396916669,0.00797676784181727,0.019443199020515608,0.017000333073486588
709_01_026_sort_pos_joh_01_709_01_038_sort_pos_joh_01,709_01_026_sort_pos_joh_01,709_01_038_sort_pos_joh_01,0.03318967331824448,0.00037758977990550493,0.023575556520527192,0.041095672783295095
709_01_026_sort_pos_joh_01_709_01_038_sort_pos_joh_03,709_01_026_sort_pos_joh_01,709_01_038_sort_pos_joh_03,0.03861299512109048,0.020837113536236837,0.011323497774248278,
709_01_026_sort_pos_joh_01_709_01_044_sort_pos_joh_04,709_01_026_sort_pos_joh_01,709_01_044_sort_pos_joh_04,0.0012638506064792992,0.001496121294747219,,-0.005494675924715436
709_01_026_sort_pos_joh_01_709_01_045_sort_pos_joh_01,709_01_026_sort_pos_joh_01,709_01_045_sort_pos_joh_01,0.019985795659537436,-0.010901521539372546,0.030225840740049345,-0.0070727374058467355
709_01_026_sort_pos_joh_01_709_01_047_sort_pos_joh_01,709_01_026_sort_pos_joh_01,709_01_047_sort_pos_joh_01,-0.01401196470974343,0.014410855840236329,0.006810366136803051,0.011632140255784185
709_01_026_sort_pos_joh_01_709_01_047_sort_pos_joh_02,709_01_026_sort_pos_joh_01,709_01_047_sort_pos_joh_02,0.0081908562376215,0.018557736785076703,0.01662171561927688,0.01584646232178967
709_01_026_sort_pos_joh_01_709_01_047_sort_pos_joh_03,709_01_026_sort_pos_joh_01,709_01_047_sort_pos_joh_03,0.003522806035676459,0.024268953859970792,0.005054365179949519,0.028254240252949706
709_01_026_sort_pos_joh_01_709_01_047_sort_pos_joh_04,709_01_026_sort_pos_joh_01,709_01_047_sort_pos_joh_04,0.012712514893345742,0.012902197935424176,0.008676745583647798,0.02272496565007837
709_01_026_sort_pos_joh_01_709_01_048_sort_pos_joh_01,709_01_026_sort_pos_joh_01,709_01_048_sort_pos_joh_01,0.005994647247419587,0.01328746283230356,0.016159710141959924,0.02125070447656293
709_01_026_sort_pos_joh_01_709_01_048_sort_pos_joh_02,709_01_026_sort_pos_joh_01,709_01_048_sort_pos_joh_02,0.02816529816839492,0.010583311887480037,0.02057864257959107,0.0067847646098675605
709_01_026_sort_pos_joh_01_709_01_048_sort_pos_joh_03,709_01_026_sort_pos_joh_01,709_01_048_sort_pos_joh_03,0.018038293824967355,0.029427588621679317,-0.0005369867522685645,0.00540615125947762
709_01_026_sort_pos_joh_01_709_01_091_sort_pos_joh_02,709_01_026_sort_pos_joh_01,709_01_091_sort_pos_joh_02,0.005165776163132561,0.0015228167197177953,-0.005371804236015804,-0.0005701718734643796
709_01_026_sort_pos_joh_01_709_01_091_sort_pos_joh_03,709_01_026_sort_pos_joh_01,709_01_091_sort_pos_joh_03,0.006088577411451722,0.0021714377751124577,-4.17325930529001e-05,0.007749940565449415
709_01_026_sort_pos_joh_01_709_01_091_sort_pos_joh_04,709_01_026_sort_pos_joh_01,709_01_091_sort_pos_joh_04,0.00290043384236825,-0.014255917419692458,-0.009385218611949147,0.0107405100860178
709_01_026_sort_pos_joh_01_709_01_092_sort_pos_joh_01,709_01_026_sort_pos_joh_01,709_01_092_sort_pos_joh_01,0.017613842528094798,0.013439825985619377,0.003912132522163404,0.027733720609812242
709_01_026_sort_pos_joh_01_709_01_093_sort_pos_joh_01,709_01_026_sort_pos_joh_01,709_01_093_sort_pos_joh_01,0.011687669638538187,0.005574219518075293,0.014138988373703027,0.0036914900132501813
709_01_026_sort_pos_joh_01_709_01_093_sort_pos_joh_02,709_01_026_sort_pos_joh_01,709_01_093_sort_pos_joh_02,0.005150125489981819,0.008404463865053651,0.007306902295687521,-0.024331897952868945
709_01_026_sort_pos_joh_01_709_01_093_sort_pos_joh_03,709_01_026_sort_pos_joh_01,709_01_093_sort_pos_joh_03,-0.004873138811627194,-0.0033236253501701604,0.00019551600330312713,0.011402240786729313
709_01_026_sort_pos_joh_01_709_01_095_sort_pos_joh_01,709_01_026_sort_pos_joh_01,709_01_095_sort_pos_joh_01,0.017893819557950306,-0.0018536906215665886,0.0034409592903799045,0.015150382483723577
709_01_026_sort_pos_joh_01_709_01_096_sort_pos_joh_01,709_01_026_sort_pos_joh_01,709_01_096_sort_pos_joh_01,0.018096493366973068,-0.00047275749317975216,0.008215089961363001,0.0065309571372010045
709_01_026_sort_pos_joh_01_709_01_096_sort_pos_joh_02,709_01_026_sort_pos_joh_01,709_01_096_sort_pos_joh_02,-0.0033099880301294482,-0.009377041875126701,0.008509863156255494,0.015463912424773386
709_01_030_sort_pos_joh_01_709_01_034_sort_pos_joh_02,709_01_030_sort_pos_joh_01,709_01_034_sort_pos_joh_02,0.06680902015395786,0.0025096546724557634,-0.0012503043262769827,0.01035453240596011
709_01_030_sort_pos_joh_01_709_01_038_sort_pos_joh_01,709_01_030_sort_pos_joh_01,709_01_038_sort_pos_joh_01,0.0369496730431967,-0.0018647354247031892,0.003611569977937655,0.011168194696068797
709_01_030_sort_pos_joh_01_709_01_038_sort_pos_joh_03,709_01_030_sort_pos_joh_01,709_01_038_sort_pos_joh_03,0.02999526152382408,3.3808581662830964e-05,0.013810104633082432,
709_01_030_sort_pos_joh_01_709_01_044_sort_pos_joh_04,709_01_030_sort_pos_joh_01,709_01_044_sort_pos_joh_04,0.0323575875041688,0.0026350565653998873,,-0.0022088382992212475
709_01_030_sort_pos_joh_01_709_01_045_sort_pos_joh_01,709_01_030_sort_pos_joh_01,709_01_045_sort_pos_joh_01,0.018005690364532385,-0.004414943778200845,-0.03298204883365822,0.011548331465199258
709_01_030_sort_pos_joh_01_709_01_047_sort_pos_joh_01,709_01_030_sort_pos_joh_01,709_01_047_sort_pos_joh_01,2.9109871439076765e-05,0.00689941599275157,-0.023210634291153557,0.0028211141749866003
709_01_030_sort_pos_joh_01_709_01_047_sort_pos_joh_02,709_01_030_sort_pos_joh_01,709_01_047_sort_pos_joh_02,-0.005341748191071303,0.018272628655260005,-0.016191695514925632,0.01664694182006928
709_01_030_sort_pos_joh_01_709_01_047_sort_pos_joh_03,709_01_030_sort_pos_joh_01,709_01_047_sort_pos_joh_03,-0.0026910689558801684,0.015255635096010701,-0.017412220814403818,-0.004716040478352685
709_01_030_sort_pos_joh_01_709_01_047_sort_pos_joh_04,709_01_030_sort_pos_joh_01,709_01_047_sort_pos_joh_04,0.0048107626418077715,0.011292493788914646,-0.010749028932991157,0.0037345320703847597
709_01_030_sort_pos_joh_01_709_01_048_sort_pos_joh_01,709_01_030_sort_pos_joh_01,709_01_048_sort_pos_joh_01,0.0071786181098234415,-0.0073495492960870545,-0.029239637436493937,0.00019070856357763708
709_01_030_sort_pos_joh_01_709_01_048_sort_pos_joh_02,709_01_030_sort_pos_joh_01,709_01_048_sort_pos_joh_02,0.01661650640568302,0.01273446187507237,-0.027167116187981302,0.00730639779589484
709_01_030_sort_pos_joh_01_709_01_048_sort_pos_joh_03,709_01_030_sort_pos_joh_01,709_01_048_sort_pos_joh_03,0.008217323572004704,0.005139509230475684,-0.02268177009375177,0.011637556515586641
709_01_030_sort_pos_joh_01_709_01_091_sort_pos_joh_02,709_01_030_sort_pos_joh_01,709_01_091_sort_pos_joh_02,-0.001475142888197649,-0.00698772266630438,-0.013314931457084673,0.009397094932878849
709_01_030_sort_pos_joh_01_709_01_091_sort_pos_joh_03,709_01_030_sort_pos_joh_01,709_01_091_sort_pos_joh_03,0.01978678761948977,-0.003362426540616624,-0.00920438277051504,-0.0003507754791651946
709_01_030_sort_pos_joh_01_709_01_091_sort_pos_joh_04,709_01_030_sort_pos_joh_01,709_01_091_sort_pos_joh_04,-0.008205689006119087,-0.003418773553985401,-0.013725029481914565,-0.0009793812740279228
709_01_030_sort_pos_joh_01_709_01_092_sort_pos_joh_01,709_01_030_sort_pos_joh_01,709_01_092_sort_pos_joh_01,0.020953955979461203,0.013315366677657859,0.0020452754209618396,0.0017433685664911046
709_01_030_sort_pos_joh_01_709_01_093_sort_pos_joh_01,709_01_030_sort_pos_joh_01,709_01_093_sort_pos_joh_01,0.008668410762900279,-0.02639156922905154,-0.018752246546495502,-0.0021676030731374715
709_01_030_sort_pos_joh_01_709_01_093_sort_pos_joh_02,709_01_030_sort_pos_joh_01,709_01_093_sort_pos_joh_02,-0.010004604561031182,0.004031635113062285,-0.008995241742325097,0.0038679923518373646
709_01_030_sort_pos_joh_01_709_01_093_sort_pos_joh_03,709_01_030_sort_pos_joh_01,709_01_093_sort_pos_joh_03,0.016846460994993883,-0.000993929429852303,-0.016793420753940316,0.009891555977602228
709_01_030_sort_pos_joh_01_709_01_095_sort_pos_joh_01,709_01_030_sort_pos_joh_01,709_01_095_sort_pos_joh_01,-0.0016983009299788396,-0.009927317706880608,-0.018374553212874283,0.0006473850476979123
709_01_030_sort_pos_joh_01_709_01_096_sort_pos_joh_01,709_01_030_sort_pos_joh_01,709_01_096_sort_pos_joh_01,-0.005304896391520721,0.0021492613536757354,-0.00560973892766161,-0.004897275253669066
709_01_030_sort_pos_joh_01_709_01_096_sort_pos_joh_02,709_01_030_sort_pos_joh_01,709_01_096_sort_pos_joh_02,-0.004813591655182578,-0.008630812197849412,-0.00504549476334844,0.0008146425272770816
709_01_034_sort_pos_joh_02_709_01_038_sort_pos_joh_01,709_01_034_sort_pos_joh_02,709_01_038_sort_pos_joh_01,0.1151674907711971,0.06938931389836488,0.11045666396710287,0.04572889777758745
709_01_034_sort_pos_joh_02_709_01_038_sort_pos_joh_03,709_01_034_sort_pos_joh_02,709_01_038_sort_pos_joh_03,0.08213118704878375,0.0317500351207608,0.03868111694213736,
709_01_034_sort_pos_joh_02_709_01_044_sort_pos_joh_04,709_01_034_sort_pos_joh_02,709_01_044_sort_pos_joh_04,0.010078737985047825,-0.010970619683428337,,2.9001053187890296e-05
709_01_034_sort_pos_joh_02_709_01_045_sort_pos_joh_01,709_01_034_sort_pos_joh_02,709_01_045_sort_pos_joh_01,0.040932520615992174,-0.018222014292223854,0.02104182425051471,0.028554937511759866
709_01_034_sort_pos_joh_02_709_01_047_sort_pos_joh_01,709_01_034_sort_pos_joh_02,709_01_047_sort_pos_joh_01,0.012647244895189392,0.0032369650401177213,0.004635271114866894,-0.019702188265431766
709_01_034_sort_pos_joh_02_709_01_047_sort_pos_joh_02,709_01_034_sort_pos_joh_02,709_01_047_sort_pos_joh_02,-0.007343399528641213,-0.004964743745068941,0.030906255339521665,-0.01289246335456472
709_01_034_sort_pos_joh_02_709_01_047_sort_pos_joh_03,709_01_034_sort_pos_joh_02,709_01_047_sort_pos_joh_03,0.018325094946530437,0.014366865765223004,0.037179363554759544,0.004829781942154156
709_01_034_sort_pos_joh_02_709_01_047_sort_pos_joh_04,709_01_034_sort_pos_joh_02,709_01_047_sort_pos_joh_04,0.033158618941375305,0.017291161049958554,0.035835469412834296,0.00442264979478716
709_01_034_sort_pos_joh_02_709_01_048_sort_pos_joh_01,709_01_034_sort_pos_joh_02,709_01_048_sort_pos_joh_01,0.015600673489963931,0.0021111221358174137,0.0210309322977689,-0.012462199618125945
709_01_034_sort_pos_joh_02_709_01_048_sort_pos_joh_02,709_01_034_sort_pos_joh_02,709_01_048_sort_pos_joh_02,0.06551948131923653,0.006168109941098325,0.02674106892930407,0.015016101375002379
709_01_034_sort_pos_joh_02_709_01_048_sort_pos_joh_03,709_01_034_sort_pos_joh_02,709_01_048_sort_pos_joh_03,0.004051082040657153,0.005550078434036589,0.017531282282997898,0.004948153174900882
709_01_034_sort_pos_joh_02_709_01_091_sort_pos_joh_02,709_01_034_sort_pos_joh_02,709_01_091_sort_pos_joh_02,0.0038240167792163013,0.006744752819808797,0.019155941711815058,0.00019916477320580694
709_01_034_sort_pos_joh_02_709_01_091_sort_pos_joh_03,709_01_034_sort_pos_joh_02,709_01_091_sort_pos_joh_03,0.013425896484983131,0.00036592418189475864,0.02469418379740707,0.0013317623381030915
709_01_034_sort_pos_joh_02_709_01_091_sort_pos_joh_04,709_01_034_sort_pos_joh_02,709_01_091_sort_pos_joh_04,0.014807824093861747,0.003148191773785953,0.012026258626492774,0.0009598902159997253
709_01_034_sort_pos_joh_02_709_01_092_sort_pos_joh_01,709_01_034_sort_pos_joh_02,709_01_092_sort_pos_joh_01,0.054361345163452354,0.035671754444262856,0.05211494906097588,0.02873786788136349
709_01_034_sort_pos_joh_02_709_01_093_sort_pos_joh_01,709_01_034_sort_pos_joh_02,709_01_093_sort_pos_joh_01,0.016207618274374155,0.008763360343402247,0.012496918243140481,-0.004344600586321244
709_01_034_sort_pos_joh_02_709_01_093_sort_pos_joh_02,709_01_034_sort_pos_joh_02,709_01_093_sort_pos_joh_02,-0.0041494132061173465,0.006278084290548667,0.01281191241246322,0.0024851601571602103
709_01_034_sort_pos_joh_02_709_01_093_sort_pos_joh_03,709_01_034_sort_pos_joh_02,709_01_093_sort_pos_joh_03,0.018928506986184136,0.016484446132055186,0.026314016767104115,-0.007445691149667295
709_01_034_sort_pos_joh_02_709_01_095_sort_pos_joh_01,709_01_034_sort_pos_joh_02,709_01_095_sort_pos_joh_01,-0.0012444474897713937,-0.0010691632087357946,0.018999527386853603,-0.008755907063172402
709_01_034_sort_pos_joh_02_709_01_096_sort_pos_joh_01,709_01_034_sort_pos_joh_02,709_01_096_sort_pos_joh_01,0.010406462371731305,0.00524498377132289,0.06710992726629808,0.012260048170396316
709_01_034_sort_pos_joh_02_709_01_096_sort_pos_joh_02,709_01_034_sort_pos_joh_02,709_01_096_sort_pos_joh_02,0.001345359283029427,0.029874044778938028,0.056801163268467486,0.01382044529822101
709_01_038_sort_pos_joh_01_709_01_038_sort_pos_joh_03,709_01_038_sort_pos_joh_01,709_01_038_sort_pos_joh_03,0.28859789325369223,0.16304156342435366,0.23770760223734075,
709_01_038_sort_pos_joh_01_709_01_044_sort_pos_joh_04,709_01_038_sort_pos_joh_01,709_01_044_sort_pos_joh_04,0.011751804458866423,0.015719756224145405,,0.00368213681379362
709_01_038_sort_pos_joh_01_709_01_045_sort_pos_joh_01,709_01_038_sort_pos_joh_01,709_01_045_sort_pos_joh_01,0.05190253689626165,0.00918446482386147,0.07622568986801635,0.002672664804057474
709_01_038_sort_pos_joh_01_709_01_047_sort_pos_joh_01,709_01_038_sort_pos_joh_01,709_01_047_sort_pos_joh_01,0.013627930314569658,0.02319137712421631,0.06215430850505049,-0.005129736437948272
709_01_038_sort_pos_joh_01_709_01_047_sort_pos_joh_02,709_01_038_sort_pos_joh_01,709_01_047_sort_pos_joh_02,0.002089788877056835,0.0420212256480348,0.1116513041203706,0.02759504838189104
709_01_038_sort_pos_joh_01_709_01_047_sort_pos_joh_03,709_01_038_sort_pos_joh_01,709_01_047_sort_pos_joh_03,0.03065607742345944,0.014066027420332836,0.09247673562184922,0.03848625290754954
709_01_038_sort_pos_joh_01_709_01_047_sort_pos_joh_04,709_01_038_sort_pos_joh_01,709_01_047_sort_pos_joh_04,0.060602930813397626,-0.00028943688565587303,0.09440195712092632,0.05389972488380468
709_01_038_sort_pos_joh_01_709_01_048_sort_pos_joh_01,709_01_038_sort_pos_joh_01,709_01_048_sort_pos_joh_01,0.033031356968051845,-0.001651516384306079,0.089441883665475,0.018412945271218034
709_01_038_sort_pos_joh_01_709_01_048_sort_pos_joh_02,709_01_038_sort_pos_joh_01,709_01_048_sort_pos_joh_02,0.07864416917109038,0.02177150935725631,0.08748603869063175,0.019167468147059753
709_01_038_sort_pos_joh_01_709_01_048_sort_pos_joh_03,709_01_038_sort_pos_joh_01,709_01_048_sort_pos_joh_03,0.01237006050072194,0.0008056246554259734,0.057113023896772246,0.004577280037726097
709_01_038_sort_pos_joh_01_709_01_091_sort_pos_joh_02,709_01_038_sort_pos_joh_01,709_01_091_sort_pos_joh_02,-0.002797121200428321,0.009338355178536937,0.010789098152966746,0.002390865441496782
709_01_038_sort_pos_joh_01_709_01_091_sort_pos_joh_03,709_01_038_sort_pos_joh_01,709_01_091_sort_pos_joh_03,0.002697439499809775,0.012711714676851858,0.02424544359724284,-0.0017892559962644444
709_01_038_sort_pos_joh_01_709_01_091_sort_pos_joh_04,709_01_038_sort_pos_joh_01,709_01_091_sort_pos_joh_04,0.005478513551118457,0.00420205459664247,0.011177466164197727,0.008973120149125756
709_01_038_sort_pos_joh_01_709_01_092_sort_pos_joh_01,709_01_038_sort_pos_joh_01,709_01_092_sort_pos_joh_01,0.05070916838701545,0.02995645807785487,0.03140918324492486,0.027136985341471864
709_01_038_sort_pos_joh_01_709_01_093_sort_pos_joh_01,709_01_038_sort_pos_joh_01,709_01_093_sort_pos_joh_01,0.011564276249172377,0.017769296065702996,0.03889773942866557,0.019182869802950035
709_01_038_sort_pos_joh_01_709_01_093_sort_pos_joh_02,709_01_038_sort_pos_joh_01,709_01_093_sort_pos_joh_02,0.019064035341705702,0.01905011506606069,0.023452012107016102,0.015466628708487775
709_01_038_sort_pos_joh_01_709_01_093_sort_pos_joh_03,709_01_038_sort_pos_joh_01,709_01_093_sort_pos_joh_03,0.017027784513233512,0.022054884806262665,0.019397567683591427,0.014073585057650492
709_01_038_sort_pos_joh_01_709_01_095_sort_pos_joh_01,709_01_038_sort_pos_joh_01,709_01_095_sort_pos_joh_01,0.021386272786945482,0.023556878041981723,0.02813585897492206,0.008069401640803183
709_01_038_sort_pos_joh_01_709_01_096_sort_pos_joh_01,709_01_038_sort_pos_joh_01,709_01_096_sort_pos_joh_01,0.01943107211288282,0.004762391794143258,0.07078811752538479,0.024898155619262938
709_01_038_sort_pos_joh_01_709_01_096_sort_pos_joh_02,709_01_038_sort_pos_joh_01,709_01_096_sort_pos_joh_02,0.005986171238091943,0.0156480676114472,0.07046396757031358,0.029300552113122016
709_01_038_sort_pos_joh_03_709_01_044_sort_pos_joh_04,709_01_038_sort_pos_joh_03,709_01_044_sort_pos_joh_04,0.014592869620768369,-0.005204441863221062,,
709_01_038_sort_pos_joh_03_709_01_045_sort_pos_joh_01,709_01_038_sort_pos_joh_03,709_01_045_sort_pos_joh_01,0.04963273840778473,0.006959897109752717,0.024799783200935333,
709_01_038_sort_pos_joh_03_709_01_047_sort_pos_joh_01,709_01_038_sort_pos_joh_03,709_01_047_sort_pos_joh_01,0.003788631939856747,0.008425285146298792,0.027991477812163965,
709_01_038_sort_pos_joh_03_709_01_047_sort_pos_joh_02,709_01_038_sort_pos_joh_03,709_01_047_sort_pos_joh_02,0.016289896207363812,0.03492748282530757,0.03405303515183214,
709_01_038_sort_pos_joh_03_709_01_047_sort_pos_joh_03,709_01_038_sort_pos_joh_03,709_01_047_sort_pos_joh_03,0.039332954440431576,0.028494174985570744,0.04385630851090825,
709_01_038_sort_pos_joh_03_709_01_047_sort_pos_joh_04,709_01_038_sort_pos_joh_03,709_01_047_sort_pos_joh_04,0.040298739481096905,0.021128902556831676,0.04133073998706828,
709_01_038_sort_pos_joh_03_709_01_048_sort_pos_joh_01,709_01_038_sort_pos_joh_03,709_01_048_sort_pos_joh_01,0.023368833840845663,0.0062076114235532515,0.033319428142667466,
709_01_038_sort_pos_joh_03_709_01_048_sort_pos_joh_02,709_01_038_sort_pos_joh_03,709_01_048_sort_pos_joh_02,0.05889951517482297,0.010395776595365192,0.04016718324914668,
709_01_038_sort_pos_joh_03_709_01_048_sort_pos_joh_03,709_01_038_sort_pos_joh_03,709_01_048_sort_pos_joh_03,0.010703444498642491,0.00424025178390454,0.02879028761553909,
709_01_038_sort_pos_joh_03_709_01_091_sort_pos_joh_02,709_01_038_sort_pos_joh_03,709_01_091_sort_pos_joh_02,0.0044050857934939255,0.005744560870509134,0.0020129652726305226,
709_01_038_sort_pos_joh_03_709_01_091_sort_pos_joh_03,709_01_038_sort_pos_joh_03,709_01_091_sort_pos_joh_03,0.018826288125977333,0.016848209928898697,0.006633100014301677,
709_01_038_sort_pos_joh_03_709_01_091_sort_pos_joh_04,709_01_038_sort_pos_joh_03,709_01_091_sort_pos_joh_04,0.01574557255551696,0.013636563212409395,0.0021797157406232594,
709_01_038_sort_pos_joh_03_709_01_092_sort_pos_joh_01,709_01_038_sort_pos_joh_03,709_01_092_sort_pos_joh_01,0.042634484508027974,0.02677726188139543,0.007992046989951916,
709_01_038_sort_pos_joh_03_709_01_093_sort_pos_joh_01,709_01_038_sort_pos_joh_03,709_01_093_sort_pos_joh_01,0.01776149865665354,0.0025166067473139753,0.006280102010460868,
709_01_038_sort_pos_joh_03_709_01_093_sort_pos_joh_02,709_01_038_sort_pos_joh_03,709_01_093_sort_pos_joh_02,0.006595037029318633,0.019329405823491748,0.006553175431899336,
709_01_038_sort_pos_joh_03_709_01_093_sort_pos_joh_03,709_01_038_sort_pos_joh_03,709_01_093_sort_pos_joh_03,0.037098493283714236,0.016326285534908735,0.01303941510878682,
709_01_038_sort_pos_joh_03_709_01_095_sort_pos_joh_01,709_01_038_sort_pos_joh_03,709_01_095_sort_pos_joh_01,0.0065397878595497,0.006704203591050726,0.017266689680490468,
709_01_038_sort_pos_joh_03_709_01_096_sort_pos_joh_01,709_01_038_sort_pos_joh_03,709_01_096_sort_pos_joh_01,0.01688812683117517,-0.004565716612724684,0.022691816105205303,
709_01_038_sort_pos_joh_03_709_01_096_sort_pos_joh_02,709_01_038_sort_pos_joh_03,709_01_096_sort_pos_joh_02,0.005671809793514873,0.003095257554008579,0.02054860932700411,
709_01_044_sort_pos_joh_04_709_01_045_sort_pos_joh_01,709_01_044_sort_pos_joh_04,709_01_045_sort_pos_joh_01,0.02665021216541358,0.03233997898423487,,-0.009355729210822197
709_01_044_sort_pos_joh_04_709_01_047_sort_pos_joh_01,709_01_044_sort_pos_joh_04,709_01_047_sort_pos_joh_01,0.007976492011835541,0.016662083744558888,,0.002644340410613221
709_01_044_sort_pos_joh_04_709_01_047_sort_pos_joh_02,709_01_044_sort_pos_joh_04,709_01_047_sort_pos_joh_02,0.03714192996575712,0.007583677007360018,,0.008653069956238931
709_01_044_sort_pos_joh_04_709_01_047_sort_pos_joh_03,709_01_044_sort_pos_joh_04,709_01_047_sort_pos_joh_03,0.0033697808031456266,0.00826928688724145,,0.007788307389109518
709_01_044_sort_pos_joh_04_709_01_047_sort_pos_joh_04,709_01_044_sort_pos_joh_04,709_01_047_sort_pos_joh_04,0.009452125882636563,-0.001897502702448284,,-0.0006192793609298277
709_01_044_sort_pos_joh_04_709_01_048_sort_pos_joh_01,709_01_044_sort_pos_joh_04,709_01_048_sort_pos_joh_01,0.013700788188503355,0.010614342276300474,,0.005663671378105168
709_01_044_sort_pos_joh_04_709_01_048_sort_pos_joh_02,709_01_044_sort_pos_joh_04,709_01_048_sort_pos_joh_02,0.0072113345856547,-0.004719834442723128,,0.016442793306236023
709_01_044_sort_pos_joh_04_709_01_048_sort_pos_joh_03,709_01_044_sort_pos_joh_04,709_01_048_sort_pos_joh_03,-0.0012891534139065435,0.01849146428100822,,-0.0031822535166206
709_01_044_sort_pos_joh_04_709_01_091_sort_pos_joh_02,709_01_044_sort_pos_joh_04,709_01_091_sort_pos_joh_02,0.00023990821202999043,0.006283668461517067,,-0.004476170926143221
709_01_044_sort_pos_joh_04_709_01_091_sort_pos_joh_03,709_01_044_sort_pos_joh_04,709_01_091_sort_pos_joh_03,0.00796750918405143,0.0003871353880777329,,-0.012712858960880447
709_01_044_sort_pos_joh_04_709_01_091_sort_pos_joh_04,709_01_044_sort_pos_joh_04,709_01_091_sort_pos_joh_04,0.010271493553015404,0.0035533795036830473,,-0.0037075879772915745
709_01_044_sort_pos_joh_04_709_01_092_sort_pos_joh_01,709_01_044_sort_pos_joh_04,709_01_092_sort_pos_joh_01,0.01692087410117664,0.013058162599336948,,0.0032038544444298192
709_01_044_sort_pos_joh_04_709_01_093_sort_pos_joh_01,709_01_044_sort_pos_joh_04,709_01_093_sort_pos_joh_01,0.023484182105185405,0.01575502873952445,,0.020271318628523556
709_01_044_sort_pos_joh_04_709_01_093_sort_pos_joh_02,709_01_044_sort_pos_joh_04,709_01_093_sort_pos_joh_02,0.01717916226712602,7.111145669066246e-05,,1.5037231231360226e-05
709_01_044_sort_pos_joh_04_709_01_093_sort_pos_joh_03,709_01_044_sort_pos_joh_04,709_01_093_sort_pos_joh_03,0.023578506614496685,0.020284908162524973,,0.018829664436177018
709_01_044_sort_pos_joh_04_709_01_095_sort_pos_joh_01,709_01_044_sort_pos_joh_04,709_01_095_sort_pos_joh_01,0.020928120548146908,0.03928161996690342,,0.004349577193185214
709_01_044_sort_pos_joh_04_709_01_096_sort_pos_joh_01,709_01_044_sort_pos_joh_04,709_01_096_sort_pos_joh_01,0.019616011929178074,0.0021230874180921864,,-0.019861468751103162
709_01_044_sort_pos_joh_04_709_01_096_sort_pos_joh_02,709_01_044_sort_pos_joh_04,709_01_096_sort_pos_joh_02,0.05160438242720654,-0.00475906264723849,,-0.015620340747691345
709_01_045_sort_pos_joh_01_709_01_047_sort_pos_joh_01,709_01_045_sort_pos_joh_01,709_01_047_sort_pos_joh_01,0.04541942478775264,0.024906452832120226,0.18042165065294558,0.025304183770104263
709_01_045_sort_pos_joh_01_709_01_047_sort_pos_joh_02,709_01_045_sort_pos_joh_01,709_01_047_sort_pos_joh_02,0.030050741859408845,0.04366631716888854,0.22272798687564163,0.041843491317368815
709_01_045_sort_pos_joh_01_709_01_047_sort_pos_joh_03,709_01_045_sort_pos_joh_01,709_01_047_sort_pos_joh_03,0.024422335511774352,0.03713964284523012,0.17570981134024613,0.015178429434012333
709_01_045_sort_pos_joh_01_709_01_047_sort_pos_joh_04,709_01_045_sort_pos_joh_01,709_01_047_sort_pos_joh_04,0.05578520101263784,0.041500187853681196,0.1815160475557506,0.028436068549056746
709_01_045_sort_pos_joh_01_709_01_048_sort_pos_joh_01,709_01_045_sort_pos_joh_01,709_01_048_sort_pos_joh_01,0.03635402235645289,0.03110610945233948,0.284637221172263,0.03938917366788592
709_01_045_sort_pos_joh_01_709_01_048_sort_pos_joh_02,709_01_045_sort_pos_joh_01,709_01_048_sort_pos_joh_02,0.061382527272719714,0.013277970678514436,0.2614636444250673,0.05298270247986819
709_01_045_sort_pos_joh_01_709_01_048_sort_pos_joh_03,709_01_045_sort_pos_joh_01,709_01_048_sort_pos_joh_03,0.023001266667956537,0.03364121179516209,0.15261500373448839,0.03125330031939763
709_01_045_sort_pos_joh_01_709_01_091_sort_pos_joh_02,709_01_045_sort_pos_joh_01,709_01_091_sort_pos_joh_02,-0.00018203599446383218,0.009882037007598961,0.02038363888355371,0.0038438034760095914
709_01_045_sort_pos_joh_01_709_01_091_sort_pos_joh_03,709_01_045_sort_pos_joh_01,709_01_091_sort_pos_joh_03,-0.000989397988968193,0.023650996314281154,0.045631495682446684,0.007478155893906962
709_01_045_sort_pos_joh_01_709_01_091_sort_pos_joh_04,709_01_045_sort_pos_joh_01,709_01_091_sort_pos_joh_04,0.005316576675159249,-0.0004905312351434475,0.01998072232652302,0.016414935717457797
709_01_045_sort_pos_joh_01_709_01_092_sort_pos_joh_01,709_01_045_sort_pos_joh_01,709_01_092_sort_pos_joh_01,0.019459062003105074,0.006713162319203349,0.01423025077560548,0.038658921830306656
709_01_045_sort_pos_joh_01_709_01_093_sort_pos_joh_01,709_01_045_sort_pos_joh_01,709_01_093_sort_pos_joh_01,0.013542626382417518,0.011325507966569138,0.06365514936818745,0.035350695350935935
709_01_045_sort_pos_joh_01_709_01_093_sort_pos_joh_02,709_01_045_sort_pos_joh_01,709_01_093_sort_pos_joh_02,0.00023260808785153798,0.0052303263513876225,0.036372634691389044,0.045316657872632234
709_01_045_sort_pos_joh_01_709_01_093_sort_pos_joh_03,709_01_045_sort_pos_joh_01,709_01_093_sort_pos_joh_03,0.018345812423318217,0.004978748811923421,0.0783034809532056,0.07608469823331677
709_01_045_sort_pos_joh_01_709_01_095_sort_pos_joh_01,709_01_045_sort_pos_joh_01,709_01_095_sort_pos_joh_01,0.015872137154422546,0.010778498072803814,0.03535087592645639,0.022214962093080718
709_01_045_sort_pos_joh_01_709_01_096_sort_pos_joh_01,709_01_045_sort_pos_joh_01,709_01_096_sort_pos_joh_01,-0.0005191690223339977,-0.01057173591296168,0.019769671012567023,0.009338113751990857
709_01_045_sort_pos_joh_01_709_01_096_sort_pos_joh_02,709_01_045_sort_pos_joh_01,709_01_096_sort_pos_joh_02,0.022847981416474386,-0.009154038762982587,0.032063798150844765,0.013694131748700648
709_01_047_sort_pos_joh_01_709_01_047_sort_pos_joh_02,709_01_047_sort_pos_joh_01,709_01_047_sort_pos_joh_02,0.16413743907778688,0.1344970232115025,0.441356588621292,0.09736854357156323
709_01_047_sort_pos_joh_01_709_01_047_sort_pos_joh_03,709_01_047_sort_pos_joh_01,709_01_047_sort_pos_joh_03,0.05339695481705223,0.05993548611005836,0.3291434657285339,0.05223270491798635
709_01_047_sort_pos_joh_01_709_01_047_sort_pos_joh_04,709_01_047_sort_pos_joh_01,709_01_047_sort_pos_joh_04,0.060210550716067165,0.0628588070880845,0.3050158024459903,0.039805138109736724
709_01_047_sort_pos_joh_01_709_01_048_sort_pos_joh_01,709_01_047_sort_pos_joh_01,709_01_048_sort_pos_joh_01,0.2790250947810359,0.32043399346491863,0.6769366092065225,0.36369038907668166
709_01_047_sort_pos_joh_01_709_01_048_sort_pos_joh_02,709_01_047_sort_pos_joh_01,709_01_048_sort_pos_joh_02,0.2159374106366571,0.19685093905640774,0.5095153653344787,0.25393121350246045
709_01_047_sort_pos_joh_01_709_01_048_sort_pos_joh_03,709_01_047_sort_pos_joh_01,709_01_048_sort_pos_joh_03,0.09631318175501472,0.13569260919669557,0.29510650019276297,0.14645846418140276
709_01_047_sort_pos_joh_01_709_01_091_sort_pos_joh_02,709_01_047_sort_pos_joh_01,709_01_091_sort_pos_joh_02,0.013640245506848265,-0.011180505106539559,0.06710761283285739,0.026191433524446157
709_01_047_sort_pos_joh_01_709_01_091_sort_pos_joh_03,709_01_047_sort_pos_joh_01,709_01_091_sort_pos_joh_03,0.009383635120125734,0.014801893736300833,0.06666712285079224,0.005024491980068019
709_01_047_sort_pos_joh_01_709_01_091_sort_pos_joh_04,709_01_047_sort_pos_joh_01,709_01_091_sort_pos_joh_04,0.025683974913746858,0.002227170083118666,0.04473525224860339,0.01742628797277974
709_01_047_sort_pos_joh_01_709_01_092_sort_pos_joh_01,709_01_047_sort_pos_joh_01,709_01_092_sort_pos_joh_01,-0.0035973743494758514,0.010417414376936055,0.05101520514841227,0.018353608249171986
709_01_047_sort_pos_joh_01_709_01_093_sort_pos_joh_01,709_01_047_sort_pos_joh_01,709_01_093_sort_pos_joh_01,0.023602190180250827,-0.00219299118250474,0.11500265636637423,0.039443843746393696
709_01_047_sort_pos_joh_01_709_01_093_sort_pos_joh_02,709_01_047_sort_pos_joh_01,709_01_093_sort_pos_joh_02,0.05575280121330965,0.013341295261323162,0.07648949956403064,0.022875119428692907
709_01_047_sort_pos_joh_01_709_01_093_sort_pos_joh_03,709_01_047_sort_pos_joh_01,709_01_093_sort_pos_joh_03,0.006216301752589128,0.019474615228006153,0.16258576162436858,0.06265426491458735
709_01_047_sort_pos_joh_01_709_01_095_sort_pos_joh_01,709_01_047_sort_pos_joh_01,709_01_095_sort_pos_joh_01,0.031783281478456306,0.006895195053104003,0.08790468760398863,0.024756895356422094
709_01_047_sort_pos_joh_01_709_01_096_sort_pos_joh_01,709_01_047_sort_pos_joh_01,709_01_096_sort_pos_joh_01,0.016148745481082537,0.02090015404972869,0.0977092362400107,0.01809990055395514
709_01_047_sort_pos_joh_01_709_01_096_sort_pos_joh_02,709_01_047_sort_pos_joh_01,709_01_096_sort_pos_joh_02,0.03470876899243712,0.02478249332160496,0.08487060255524011,0.011023513699597545
709_01_047_sort_pos_joh_02_709_01_047_sort_pos_joh_03,709_01_047_sort_pos_joh_02,709_01_047_sort_pos_joh_03,0.031085611046571423,0.0714886671976207,0.3915279937412202,0.05066763494373212
709_01_047_sort_pos_joh_02_709_01_047_sort_pos_joh_04,709_01_047_sort_pos_joh_02,709_01_047_sort_pos_joh_04,0.08028096386901445,0.07533976903648615,0.3932181658664875,0.09275232960271976
709_01_047_sort_pos_joh_02_709_01_048_sort_pos_joh_01,709_01_047_sort_pos_joh_02,709_01_048_sort_pos_joh_01,0.12266133650589281,0.12472466097166393,0.5178315441844159,0.1761491831600212
709_01_047_sort_pos_joh_02_709_01_048_sort_pos_joh_02,709_01_047_sort_pos_joh_02,709_01_048_sort_pos_joh_02,0.11777994563919053,0.13126262240030195,0.4663592605160419,0.16294797605606415
709_01_047_sort_pos_joh_02_709_01_048_sort_pos_joh_03,709_01_047_sort_pos_joh_02,709_01_048_sort_pos_joh_03,0.10029105499734467,0.14223653915074116,0.3111248072660366,0.12590678543317516
709_01_047_sort_pos_joh_02_709_01_091_sort_pos_joh_02,709_01_047_sort_pos_joh_02,709_01_091_sort_pos_joh_02,0.019838865929563784,-0.00170244751129434,0.06758829696167352,0.027171835718379125
709_01_047_sort_pos_joh_02_709_01_091_sort_pos_joh_03,709_01_047_sort_pos_joh_02,709_01_091_sort_pos_joh_03,0.0037827886752787028,-0.0031299553685417373,0.06661294061501848,0.008932598323338512
709_01_047_sort_pos_joh_02_709_01_091_sort_pos_joh_04,709_01_047_sort_pos_joh_02,709_01_091_sort_pos_joh_04,-0.002052942862579893,0.010357650816926061,0.04693184221372443,0.029389189570114698
709_01_047_sort_pos_joh_02_709_01_092_sort_pos_joh_01,709_01_047_sort_pos_joh_02,709_01_092_sort_pos_joh_01,0.013667331422337992,-0.003145635627900655,0.04608511515630237,0.026336899072603847
709_01_047_sort_pos_joh_02_709_01_093_sort_pos_joh_01,709_01_047_sort_pos_joh_02,709_01_093_sort_pos_joh_01,0.014156658406907741,-0.008648007718707698,0.1177643536886171,0.04463901687846804
709_01_047_sort_pos_joh_02_709_01_093_sort_pos_joh_02,709_01_047_sort_pos_joh_02,709_01_093_sort_pos_joh_02,0.04240977159642315,0.016107085649134628,0.06986790454416217,0.03222323375985951
709_01_047_sort_pos_joh_02_709_01_093_sort_pos_joh_03,709_01_047_sort_pos_joh_02,709_01_093_sort_pos_joh_03,0.023479300074735095,0.025465290761045218,0.13973959729130717,0.06664515589303868
709_01_047_sort_pos_joh_02_709_01_095_sort_pos_joh_01,709_01_047_sort_pos_joh_02,709_01_095_sort_pos_joh_01,0.0108027397916548,0.009111215730221623,0.07342644403107253,0.012175611033957345
709_01_047_sort_pos_joh_02_709_01_096_sort_pos_joh_01,709_01_047_sort_pos_joh_02,709_01_096_sort_pos_joh_01,0.018660213044581608,-0.007266068059616891,0.09205799364737487,0.0007174304504758846
709_01_047_sort_pos_joh_02_709_01_096_sort_pos_joh_02,709_01_047_sort_pos_joh_02,709_01_096_sort_pos_joh_02,0.015597841607558697,-0.00479688307356587,0.09297034592346304,0.006972429848405874
709_01_047_sort_pos_joh_03_709_01_047_sort_pos_joh_04,709_01_047_sort_pos_joh_03,709_01_047_sort_pos_joh_04,0.048346920267525004,0.061854206757121326,0.3303689974453888,0.08038495141910193
709_01_047_sort_pos_joh_03_709_01_048_sort_pos_joh_01,709_01_047_sort_pos_joh_03,709_01_048_sort_pos_joh_01,0.07061464600544334,0.07609822720227173,0.4240800122816468,0.08473510004055627
709_01_047_sort_pos_joh_03_709_01_048_sort_pos_joh_02,709_01_047_sort_pos_joh_03,709_01_048_sort_pos_joh_02,0.07635671138789656,0.08424914584586711,0.396145817525948,0.09734793386065851
709_01_047_sort_pos_joh_03_709_01_048_sort_pos_joh_03,709_01_047_sort_pos_joh_03,709_01_048_sort_pos_joh_03,0.055583824357109034,0.10370988907427318,0.275092559930332,0.05091709952393993
709_01_047_sort_pos_joh_03_709_01_091_sort_pos_joh_02,709_01_047_sort_pos_joh_03,709_01_091_sort_pos_joh_02,0.007164678095377481,0.0032242520022928173,0.050661950236823426,-0.007678293376283162
709_01_047_sort_pos_joh_03_709_01_091_sort_pos_joh_03,709_01_047_sort_pos_joh_03,709_01_091_sort_pos_joh_03,-0.006469625641800526,-0.0011434598323404337,0.05165289893652464,0.005561044524013305
709_01_047_sort_pos_joh_03_709_01_091_sort_pos_joh_04,709_01_047_sort_pos_joh_03,709_01_091_sort_pos_joh_04,0.015592024376601375,0.000545798611923684,0.0397212438047404,0.00024433731034663144
709_01_047_sort_pos_joh_03_709_01_092_sort_pos_joh_01,709_01_047_sort_pos_joh_03,709_01_092_sort_pos_joh_01,0.021262403058006696,-0.008862129483154806,0.0498495471603821,0.008439505421432587
709_01_047_sort_pos_joh_03_709_01_093_sort_pos_joh_01,709_01_047_sort_pos_joh_03,709_01_093_sort_pos_joh_01,-0.0026652632565157155,0.004316543037904909,0.09533214053425632,0.015628583964745264
709_01_047_sort_pos_joh_03_709_01_093_sort_pos_joh_02,709_01_047_sort_pos_joh_03,709_01_093_sort_pos_joh_02,0.006616608699919357,0.0033794451624533446,0.042094265859766826,0.00852012444632303
709_01_047_sort_pos_joh_03_709_01_093_sort_pos_joh_03,709_01_047_sort_pos_joh_03,709_01_093_sort_pos_joh_03,0.011265371199708161,0.021265392009741518,0.11309007209625682,0.013686370441648941
709_01_047_sort_pos_joh_03_709_01_095_sort_pos_joh_01,709_01_047_sort_pos_joh_03,709_01_095_sort_pos_joh_01,0.02030656660938852,0.0014510152649585284,0.05835582426362731,-0.0044094150372082554
709_01_047_sort_pos_joh_03_709_01_096_sort_pos_joh_01,709_01_047_sort_pos_joh_03,709_01_096_sort_pos_joh_01,-0.002376314683228459,0.011634765834175737,0.07987607658484842,0.021977541273547497
709_01_047_sort_pos_joh_03_709_01_096_sort_pos_joh_02,709_01_047_sort_pos_joh_03,709_01_096_sort_pos_joh_02,-0.0017334598704603747,0.0123943714718328,0.08020914497850092,0.004793093295617171
709_01_047_sort_pos_joh_04_709_01_048_sort_pos_joh_01,709_01_047_sort_pos_joh_04,709_01_048_sort_pos_joh_01,0.07052308720640274,0.08059237980821858,0.39575105045765246,0.10474276276835401
709_01_047_sort_pos_joh_04_709_01_048_sort_pos_joh_02,709_01_047_sort_pos_joh_04,709_01_048_sort_pos_joh_02,0.09436078962506787,0.07601834296155632,0.3823295138726537,0.1408553758161267
709_01_047_sort_pos_joh_04_709_01_048_sort_pos_joh_03,709_01_047_sort_pos_joh_04,709_01_048_sort_pos_joh_03,0.09389315793680422,0.10679690258073644,0.2635155019219971,0.08552206676987592
709_01_047_sort_pos_joh_04_709_01_091_sort_pos_joh_02,709_01_047_sort_pos_joh_04,709_01_091_sort_pos_joh_02,0.004427585661076454,-0.007098087004105205,0.04638568036355453,0.008691104310339226
709_01_047_sort_pos_joh_04_709_01_091_sort_pos_joh_03,709_01_047_sort_pos_joh_04,709_01_091_sort_pos_joh_03,0.010383068549937625,0.004376832734691295,0.04667657530080826,0.006020894740621783
709_01_047_sort_pos_joh_04_709_01_091_sort_pos_joh_04,709_01_047_sort_pos_joh_04,709_01_091_sort_pos_joh_04,0.009108739758693342,-0.003660658144076948,0.03408697180660345,0.008945142300170858
709_01_047_sort_pos_joh_04_709_01_092_sort_pos_joh_01,709_01_047_sort_pos_joh_04,709_01_092_sort_pos_joh_01,0.013005821026842992,-0.006628224985824227,0.02818466802938045,0.029556408737010067
709_01_047_sort_pos_joh_04_709_01_093_sort_pos_joh_01,709_01_047_sort_pos_joh_04,709_01_093_sort_pos_joh_01,0.0016581107948758582,0.00863598200833305,0.08924515427142928,0.01783207236545676
709_01_047_sort_pos_joh_04_709_01_093_sort_pos_joh_02,709_01_047_sort_pos_joh_04,709_01_093_sort_pos_joh_02,0.010257964328672865,0.0032422933013073444,0.04051994306052437,0.02483621915169807
709_01_047_sort_pos_joh_04_709_01_093_sort_pos_joh_03,709_01_047_sort_pos_joh_04,709_01_093_sort_pos_joh_03,0.019691234618205027,0.023197404091397887,0.11391297632320542,0.034624706016189666
709_01_047_sort_pos_joh_04_709_01_095_sort_pos_joh_01,709_01_047_sort_pos_joh_04,709_01_095_sort_pos_joh_01,-0.009845419865768883,0.012093906065975582,0.05057747067196541,0.008883805876027943
709_01_047_sort_pos_joh_04_709_01_096_sort_pos_joh_01,709_01_047_sort_pos_joh_04,709_01_096_sort_pos_joh_01,0.00761553863048901,0.01706034913739919,0.06380110118097768,0.016007297533580985
709_01_047_sort_pos_joh_04_709_01_096_sort_pos_joh_02,709_01_047_sort_pos_joh_04,709_01_096_sort_pos_joh_02,0.011833948009949078,0.007818988012445969,0.05742862019568706,-0.0016651702419499556
709_01_048_sort_pos_joh_01_709_01_048_sort_pos_joh_02,709_01_048_sort_pos_joh_01,709_01_048_sort_pos_joh_02,0.12444082794607671,0.10667480172188722,0.5211056734795516,0.17040957487057726
709_01_048_sort_pos_joh_01_709_01_048_sort_pos_joh_03,709_01_048_sort_pos_joh_01,709_01_048_sort_pos_joh_03,0.0689421513949948,0.08473162642019434,0.34932842095649536,0.15622584425951136
709_01_048_sort_pos_joh_01_709_01_091_sort_pos_joh_02,709_01_048_sort_pos_joh_01,709_01_091_sort_pos_joh_02,0.017520516633312225,0.006771244909801377,0.06501872895582585,0.01615716405067825
709_01_048_sort_pos_joh_01_709_01_091_sort_pos_joh_03,709_01_048_sort_pos_joh_01,709_01_091_sort_pos_joh_03,0.01127008850265782,0.0051902288400947775,0.0767210679694225,0.0163833594786199
709_01_048_sort_pos_joh_01_709_01_091_sort_pos_joh_04,709_01_048_sort_pos_joh_01,709_01_091_sort_pos_joh_04,0.0037446766428251145,-0.005525236313201489,0.04164273073867809,0.007095574283249697
709_01_048_sort_pos_joh_01_709_01_092_sort_pos_joh_01,709_01_048_sort_pos_joh_01,709_01_092_sort_pos_joh_01,0.013018720523695093,-0.006180136570208805,0.04265862745007787,0.03416618689142591
709_01_048_sort_pos_joh_01_709_01_093_sort_pos_joh_01,709_01_048_sort_pos_joh_01,709_01_093_sort_pos_joh_01,0.014572615672460031,0.010016670949340162,0.11081785208903148,0.020836697432290593
709_01_048_sort_pos_joh_01_709_01_093_sort_pos_joh_02,709_01_048_sort_pos_joh_01,709_01_093_sort_pos_joh_02,0.031470039508580586,0.012664893745009075,0.07450517559032334,0.015187884322705908
709_01_048_sort_pos_joh_01_709_01_093_sort_pos_joh_03,709_01_048_sort_pos_joh_01,709_01_093_sort_pos_joh_03,0.00805635410606259,0.0073191377004384215,0.1491804571318508,0.05490405555918603
709_01_048_sort_pos_joh_01_709_01_095_sort_pos_joh_01,709_01_048_sort_pos_joh_01,709_01_095_sort_pos_joh_01,-0.001473170361864763,-0.010788296088444813,0.08071037612349512,0.011514672128076109
709_01_048_sort_pos_joh_01_709_01_096_sort_pos_joh_01,709_01_048_sort_pos_joh_01,709_01_096_sort_pos_joh_01,0.02341118414228596,0.0030057675141413128,0.0847218454281901,0.01678859164425698
709_01_048_sort_pos_joh_01_709_01_096_sort_pos_joh_02,709_01_048_sort_pos_joh_01,709_01_096_sort_pos_joh_02,0.024562521094443557,-0.002523226010790215,0.07835514297174113,-0.0017437821132383657
709_01_048_sort_pos_joh_02_709_01_048_sort_pos_joh_03,709_01_048_sort_pos_joh_02,709_01_048_sort_pos_joh_03,0.155925429058022,0.16019562898312895,0.341048298355795,0.19162935936707065
709_01_048_sort_pos_joh_02_709_01_091_sort_pos_joh_02,709_01_048_sort_pos_joh_02,709_01_091_sort_pos_joh_02,-0.002101975917772433,0.007156563005693776,0.051143812244683916,-0.0015716208399706466
709_01_048_sort_pos_joh_02_709_01_091_sort_pos_joh_03,709_01_048_sort_pos_joh_02,709_01_091_sort_pos_joh_03,0.004237576933450088,-0.015539151640330567,0.060979949395647305,0.008274845288366603
709_01_048_sort_pos_joh_02_709_01_091_sort_pos_joh_04,709_01_048_sort_pos_joh_02,709_01_091_sort_pos_joh_04,0.009915205971114699,0.004220587800432939,0.04530749732001493,0.026468033141797066
709_01_048_sort_pos_joh_02_709_01_092_sort_pos_joh_01,709_01_048_sort_pos_joh_02,709_01_092_sort_pos_joh_01,0.02827302898328715,0.011394599050501282,0.04594359610737222,0.04257099029657043
709_01_048_sort_pos_joh_02_709_01_093_sort_pos_joh_01,709_01_048_sort_pos_joh_02,709_01_093_sort_pos_joh_01,0.019046154509235316,0.00953257512412664,0.10750774221713501,0.020402132712767005
709_01_048_sort_pos_joh_02_709_01_093_sort_pos_joh_02,709_01_048_sort_pos_joh_02,709_01_093_sort_pos_joh_02,0.022426778702520186,-0.0051935836496802565,0.06417425700883092,0.026770547814740146
709_01_048_sort_pos_joh_02_709_01_093_sort_pos_joh_03,709_01_048_sort_pos_joh_02,709_01_093_sort_pos_joh_03,0.025216129137600796,0.01429111781169534,0.12936653467068596,0.050362903438660754
709_01_048_sort_pos_joh_02_709_01_095_sort_pos_joh_01,709_01_048_sort_pos_joh_02,709_01_095_sort_pos_joh_01,0.0202867018826229,-0.003181143565228933,0.070140747925002,0.013843848138965314
709_01_048_sort_pos_joh_02_709_01_096_sort_pos_joh_01,709_01_048_sort_pos_joh_02,709_01_096_sort_pos_joh_01,0.015388318957061033,0.0003019802242429148,0.07319141954972475,0.017919922946750898
709_01_048_sort_pos_joh_02_709_01_096_sort_pos_joh_02,709_01_048_sort_pos_joh_02,709_01_096_sort_pos_joh_02,0.016334828688183298,0.007037225156280533,0.07396088076854179,0.00542433446974982
709_01_048_sort_pos_joh_03_709_01_091_sort_pos_joh_02,709_01_048_sort_pos_joh_03,709_01_091_sort_pos_joh_02,0.01312777234506513,-0.004194766752507876,0.030561714167851844,0.01511022227283653
709_01_048_sort_pos_joh_03_709_01_091_sort_pos_joh_03,709_01_048_sort_pos_joh_03,709_01_091_sort_pos_joh_03,0.011771570867752015,0.012560079666335825,0.03207431083876383,0.018227348022865474
709_01_048_sort_pos_joh_03_709_01_091_sort_pos_joh_04,709_01_048_sort_pos_joh_03,709_01_091_sort_pos_joh_04,0.008932516977058233,0.0035210097768618095,0.018844373672550697,0.013374005405133676
709_01_048_sort_pos_joh_03_709_01_092_sort_pos_joh_01,709_01_048_sort_pos_joh_03,709_01_092_sort_pos_joh_01,0.0177738647704034,-0.0030622303414562166,0.03367489532229246,0.02755562435174382
709_01_048_sort_pos_joh_03_709_01_093_sort_pos_joh_01,709_01_048_sort_pos_joh_03,709_01_093_sort_pos_joh_01,0.018044515610804404,0.008284829071267803,0.058804886471212105,0.017264251465563058
709_01_048_sort_pos_joh_03_709_01_093_sort_pos_joh_02,709_01_048_sort_pos_joh_03,709_01_093_sort_pos_joh_02,0.021137018724520805,0.004952256637100349,0.030638528575597828,0.018061628018293335
709_01_048_sort_pos_joh_03_709_01_093_sort_pos_joh_03,709_01_048_sort_pos_joh_03,709_01_093_sort_pos_joh_03,-0.0011697934501528737,0.017732005965589236,0.08363856443467753,0.050326158520795035
709_01_048_sort_pos_joh_03_709_01_095_sort_pos_joh_01,709_01_048_sort_pos_joh_03,709_01_095_sort_pos_joh_01,0.0074689950487392305,0.032090908503967244,0.045441922345184564,0.008416908267755315
709_01_048_sort_pos_joh_03_709_01_096_sort_pos_joh_01,709_01_048_sort_pos_joh_03,709_01_096_sort_pos_joh_01,-0.0009300821152081367,-0.0056921861724664145,0.03744481197638086,0.015218933170116713
709_01_048_sort_pos_joh_03_709_01_096_sort_pos_joh_02,709_01_048_sort_pos_joh_03,709_01_096_sort_pos_joh_02,-0.009078399474434454,0.000300673468481065,0.0403327413597555,0.00683170506403931
709_01_091_sort_pos_joh_02_709_01_091_sort_pos_joh_03,709_01_091_sort_pos_joh_02,709_01_091_sort_pos_joh_03,0.09222735777218896,0.11101159381306339,0.28179163697678683,0.1439898194653576
709_01_091_sort_pos_joh_02_709_01_091_sort_pos_joh_04,709_01_091_sort_pos_joh_02,709_01_091_sort_pos_joh_04,0.07650148105362335,0.06419721729708702,0.22340529986753035,0.15065128523724744
709_01_091_sort_pos_joh_02_709_01_092_sort_pos_joh_01,709_01_091_sort_pos_joh_02,709_01_092_sort_pos_joh_01,0.048052054499474375,0.038676814590429064,0.21355800640978398,0.07617904266549351
709_01_091_sort_pos_joh_02_709_01_093_sort_pos_joh_01,709_01_091_sort_pos_joh_02,709_01_093_sort_pos_joh_01,0.019416485723547098,0.05228008112215139,0.2744204503650957,0.11539750215582333
709_01_091_sort_pos_joh_02_709_01_093_sort_pos_joh_02,709_01_091_sort_pos_joh_02,709_01_093_sort_pos_joh_02,0.01751395640969589,0.034949938837922655,0.20390938075952247,0.11345477418998604
709_01_091_sort_pos_joh_02_709_01_093_sort_pos_joh_03,709_01_091_sort_pos_joh_02,709_01_093_sort_pos_joh_03,0.012887848537481558,0.02710363496658057,0.2663323792664552,0.13530708893054663
709_01_091_sort_pos_joh_02_709_01_095_sort_pos_joh_01,709_01_091_sort_pos_joh_02,709_01_095_sort_pos_joh_01,0.07606061877820625,0.09296803564209681,0.23414419297646197,0.11249111737972585
709_01_091_sort_pos_joh_02_709_01_096_sort_pos_joh_01,709_01_091_sort_pos_joh_02,709_01_096_sort_pos_joh_01,0.008358638779956596,-0.013600024408548742,0.19840099919378731,0.03989960172888582
709_01_091_sort_pos_joh_02_709_01_096_sort_pos_joh_02,709_01_091_sort_pos_joh_02,709_01_096_sort_pos_joh_02,-0.011694384775321616,-0.008102825666064266,0.1571883570207375,0.039628459874801694
709_01_091_sort_pos_joh_03_709_01_091_sort_pos_joh_04,709_01_091_sort_pos_joh_03,709_01_091_sort_pos_joh_04,0.03779297029766591,0.04985323744575416,0.22011883728134363,0.12270190039955861
709_01_091_sort_pos_joh_03_709_01_092_sort_pos_joh_01,709_01_091_sort_pos_joh_03,709_01_092_sort_pos_joh_01,0.029992604919231766,0.052573702826786715,0.16343283577534287,0.06535470129507007
709_01_091_sort_pos_joh_03_709_01_093_sort_pos_joh_01,709_01_091_sort_pos_joh_03,709_01_093_sort_pos_joh_01,0.04310615559180501,0.07427308529195292,0.2586223938356121,0.0803201476949245
709_01_091_sort_pos_joh_03_709_01_093_sort_pos_joh_02,709_01_091_sort_pos_joh_03,709_01_093_sort_pos_joh_02,0.029778907198238773,0.06036365370654617,0.17243186067051094,0.0658948380433883
709_01_091_sort_pos_joh_03_709_01_093_sort_pos_joh_03,709_01_091_sort_pos_joh_03,709_01_093_sort_pos_joh_03,0.037034205706930175,0.06117445788575971,0.210037819614629,0.11400063117921436
709_01_091_sort_pos_joh_03_709_01_095_sort_pos_joh_01,709_01_091_sort_pos_joh_03,709_01_095_sort_pos_joh_01,0.06291037718735426,0.07289338073058389,0.2334205932391398,0.07154843874224451
709_01_091_sort_pos_joh_03_709_01_096_sort_pos_joh_01,709_01_091_sort_pos_joh_03,709_01_096_sort_pos_joh_01,0.014209061659878277,-0.00594625821820661,0.19409574324936338,0.03150758666926627
709_01_091_sort_pos_joh_03_709_01_096_sort_pos_joh_02,709_01_091_sort_pos_joh_03,709_01_096_sort_pos_joh_02,-0.017487969334826405,0.009749916521693333,0.1605917575783642,0.023412068907769895
709_01_091_sort_pos_joh_04_709_01_092_sort_pos_joh_01,709_01_091_sort_pos_joh_04,709_01_092_sort_pos_joh_01,0.11278557474564802,0.0342255782581841,0.16707731725331146,0.09332828962512991
709_01_091_sort_pos_joh_04_709_01_093_sort_pos_joh_01,709_01_091_sort_pos_joh_04,709_01_093_sort_pos_joh_01,0.060815404253732684,0.04268274967018272,0.19633152155662204,0.08538073519777521
709_01_091_sort_pos_joh_04_709_01_093_sort_pos_joh_02,709_01_091_sort_pos_joh_04,709_01_093_sort_pos_joh_02,0.06429987569668674,0.026300527893289054,0.14439960909038121,0.08420300308034044
709_01_091_sort_pos_joh_04_709_01_093_sort_pos_joh_03,709_01_091_sort_pos_joh_04,709_01_093_sort_pos_joh_03,0.04863068795368734,0.021580012328079046,0.16767933302965812,0.11365496298543698
709_01_091_sort_pos_joh_04_709_01_095_sort_pos_joh_01,709_01_091_sort_pos_joh_04,709_01_095_sort_pos_joh_01,0.061447071541201215,0.06495718201424082,0.15215466754646134,0.07530450038885232
709_01_091_sort_pos_joh_04_709_01_096_sort_pos_joh_01,709_01_091_sort_pos_joh_04,709_01_096_sort_pos_joh_01,0.02202626006325318,0.037557949723608285,0.1557285382074419,0.026114372316843888
709_01_091_sort_pos_joh_04_709_01_096_sort_pos_joh_02,709_01_091_sort_pos_joh_04,709_01_096_sort_pos_joh_02,0.022426596347722205,0.016780019090121542,0.1317581603667298,0.028317908678695734
709_01_092_sort_pos_joh_01_709_01_093_sort_pos_joh_01,709_01_092_sort_pos_joh_01,709_01_093_sort_pos_joh_01,0.10949625557159658,0.08513611085560746,0.2614120817368874,0.11070096153328944
709_01_092_sort_pos_joh_01_709_01_093_sort_pos_joh_02,709_01_092_sort_pos_joh_01,709_01_093_sort_pos_joh_02,0.049672364244363706,0.058244130747310684,0.17842070735868423,0.08291300537350471
709_01_092_sort_pos_joh_01_709_01_093_sort_pos_joh_03,709_01_092_sort_pos_joh_01,709_01_093_sort_pos_joh_03,0.20687480906875103,0.1268385914531193,0.2843937801975917,0.14433449639351423
709_01_092_sort_pos_joh_01_709_01_095_sort_pos_joh_01,709_01_092_sort_pos_joh_01,709_01_095_sort_pos_joh_01,0.05010369477512542,0.05227547940220752,0.13137568283309645,0.04588777620633239
709_01_092_sort_pos_joh_01_709_01_096_sort_pos_joh_01,709_01_092_sort_pos_joh_01,709_01_096_sort_pos_joh_01,0.09727621906428612,0.08592938688747614,0.18812779223689044,0.06990809832238147
709_01_092_sort_pos_joh_01_709_01_096_sort_pos_joh_02,709_01_092_sort_pos_joh_01,709_01_096_sort_pos_joh_02,0.028005840460217587,0.06292030133062146,0.15209316402424244,0.06742847298268981
709_01_093_sort_pos_joh_01_709_01_093_sort_pos_joh_02,709_01_093_sort_pos_joh_01,709_01_093_sort_pos_joh_02,0.0971644200222964,0.11030576694957368,0.3259394428664109,0.2066934452990585
709_01_093_sort_pos_joh_01_709_01_093_sort_pos_joh_03,709_01_093_sort_pos_joh_01,709_01_093_sort_pos_joh_03,0.10103649623107165,0.09048008450166516,0.4158633774967784,0.2629813190806591
709_01_093_sort_pos_joh_01_709_01_095_sort_pos_joh_01,709_01_093_sort_pos_joh_01,709_01_095_sort_pos_joh_01,0.10424276404557381,0.11035199374570168,0.29968994581178793,0.13374998854619258
709_01_093_sort_pos_joh_01_709_01_096_sort_pos_joh_01,709_01_093_sort_pos_joh_01,709_01_096_sort_pos_joh_01,0.03278948075424501,0.05584286863252825,0.2421718842582148,0.0935019362146855
709_01_093_sort_pos_joh_01_709_01_096_sort_pos_joh_02,709_01_093_sort_pos_joh_01,709_01_096_sort_pos_joh_02,0.027917701178022912,0.026742180967185076,0.18558450397872284,0.06028396243130708
709_01_093_sort_pos_joh_02_709_01_093_sort_pos_joh_03,709_01_093_sort_pos_joh_02,709_01_093_sort_pos_joh_03,0.0784853879450482,0.11886469347818732,0.2816860649499346,0.19291717948992573
709_01_093_sort_pos_joh_02_709_01_095_sort_pos_joh_01,709_01_093_sort_pos_joh_02,709_01_095_sort_pos_joh_01,0.06916321776809795,0.06776663098880534,0.20123151559633404,0.11603968890257657
709_01_093_sort_pos_joh_02_709_01_096_sort_pos_joh_01,709_01_093_sort_pos_joh_02,709_01_096_sort_pos_joh_01,0.023079228306676684,0.021617543966776644,0.1593650916486377,0.08025313778513193
709_01_093_sort_pos_joh_02_709_01_096_sort_pos_joh_02,709_01_093_sort_pos_joh_02,709_01_096_sort_pos_joh_02,0.011256081245946051,0.021769579332961215,0.13328825596209073,0.054647600237680685
709_01_093_sort_pos_joh_03_709_01_095_sort_pos_joh_01,709_01_093_sort_pos_joh_03,709_01_095_sort_pos_joh_01,0.0524364679235844,0.09609274475755301,0.23165259302828367,0.13559902468954738
709_01_093_sort_pos_joh_03_709_01_096_sort_pos_joh_01,709_01_093_sort_pos_joh_03,709_01_096_sort_pos_joh_01,0.06389136182210058,0.06790073703409134,0.23504187272084298,0.11845298050278709
709_01_093_sort_pos_joh_03_709_01_096_sort_pos_joh_02,709_01_093_sort_pos_joh_03,709_01_096_sort_pos_joh_02,0.04484192221894531,0.05599330435456282,0.17628209417717844,0.10004424498530487
709_01_095_sort_pos_joh_01_709_01_096_sort_pos_joh_01,709_01_095_sort_pos_joh_01,709_01_096_sort_pos_joh_01,0.016762810062292802,0.024408967130820348,0.2013925795842706,0.04592688412881087
709_01_095_sort_pos_joh_01_709_01_096_sort_pos_joh_02,709_01_095_sort_pos_joh_01,709_01_096_sort_pos_joh_02,0.0038591386179869847,-0.002137917927869237,0.14553991349511786,0.032700419011891
709_01_096_sort_pos_joh_01_709_01_096_sort_pos_joh_02,709_01_096_sort_pos_joh_01,709_01_096_sort_pos_joh_02,0.3102712703479114,0.3735276260889146,0.5813805810607353,0.3546744212463925
709_02_001_sort_pos_joh_02_709_02_001_sort_pos_joh_03,709_02_001_sort_pos_joh_02,709_02_001_sort_pos_joh_03,-0.004688414106560438,0.03762081001523308,0.2666238241851521,0.0852154198783007
709_02_001_sort_pos_joh_02_709_02_041_sort_pos_joh_01,709_02_001_sort_pos_joh_02,709_02_041_sort_pos_joh_01,-0.011445755910982285,-0.021487010193493538,-0.010606622937985258,0.011548095540109445
709_02_001_sort_pos_joh_02_709_02_041_sort_pos_joh_02,709_02_001_sort_pos_joh_02,709_02_041_sort_pos_joh_02,-0.00253310901985856,-0.020033330086603355,-0.009166651422739373,-0.014459313744205332
709_02_001_sort_pos_joh_02_709_02_043_sort_pos_joh_01,709_02_001_sort_pos_joh_02,709_02_043_sort_pos_joh_01,-0.013187521453648786,-0.0011136599571244918,0.0028710630680906356,0.0008891281865360768
709_02_001_sort_pos_joh_02_709_02_043_sort_pos_joh_02,709_02_001_sort_pos_joh_02,709_02_043_sort_pos_joh_02,0.0029643437366234657,0.021089226678649743,-0.002493999588810252,0.025353219736431846
709_02_001_sort_pos_joh_02_709_02_043_sort_pos_joh_03,709_02_001_sort_pos_joh_02,709_02_043_sort_pos_joh_03,0.004944441836527949,-0.0027831223076260846,0.016759643006330628,-0.0032339624621231704
709_02_001_sort_pos_joh_02_709_02_044_sort_pos_joh_01,709_02_001_sort_pos_joh_02,709_02_044_sort_pos_joh_01,-0.03001929920492595,-0.0052302889722013425,0.037327801811918526,0.009747381232211163
709_02_001_sort_pos_joh_02_709_02_044_sort_pos_joh_02,709_02_001_sort_pos_joh_02,709_02_044_sort_pos_joh_02,0.017763181271489178,-0.01925831308586405,0.025322102253383837,0.027410641601723785
709_02_001_sort_pos_joh_02_709_02_044_sort_pos_joh_03,709_02_001_sort_pos_joh_02,709_02_044_sort_pos_joh_03,-0.014521863815635229,0.0187298131137522,0.01632749833140544,0.014673883521515243
709_02_001_sort_pos_joh_02_709_02_045_sort_pos_joh_01,709_02_001_sort_pos_joh_02,709_02_045_sort_pos_joh_01,-0.011204133967538915,0.011843199646840856,-0.023496382897226983,0.009583483528861871
709_02_001_sort_pos_joh_02_709_02_045_sort_pos_joh_02,709_02_001_sort_pos_joh_02,709_02_045_sort_pos_joh_02,-0.0035380327593355046,-0.010673297449101423,-0.01049463358143593,0.017096572053041558
709_02_001_sort_pos_joh_02_709_02_045_sort_pos_joh_03,709_02_001_sort_pos_joh_02,709_02_045_sort_pos_joh_03,-0.0002886330718835639,-0.009895296552969864,-0.023896857980751054,-0.00285021763133949
709_02_001_sort_pos_joh_02_709_02_045_sort_pos_joh_04,709_02_001_sort_pos_joh_02,709_02_045_sort_pos_joh_04,-0.0019963878554496934,-0.0029867667134703076,-0.022597720645903725,0.009219789330035167
709_02_001_sort_pos_joh_02_709_02_045_sort_pos_joh_05,709_02_001_sort_pos_joh_02,709_02_045_sort_pos_joh_05,-0.00909922224939058,-0.0008190965010023597,-0.005231809309605904,-0.0022574552676733178
709_02_001_sort_pos_joh_02_709_02_086_sort_pos_joh_01,709_02_001_sort_pos_joh_02,709_02_086_sort_pos_joh_01,-0.005215215242829035,-0.012171669562084927,0.01364895926135324,-0.000998418738417625
709_02_001_sort_pos_joh_02_709_02_093_sort_pos_joh_02,709_02_001_sort_pos_joh_02,709_02_093_sort_pos_joh_02,-0.01280771828777126,0.007169299177545548,0.015198919527147636,0.013337483660654199
709_02_001_sort_pos_joh_02_709_02_096_sort_pos_joh_01,709_02_001_sort_pos_joh_02,709_02_096_sort_pos_joh_01,0.013471822207001943,0.003116232256824425,0.0050919410165556934,0.0029878805321016857
709_02_001_sort_pos_joh_03_709_02_041_sort_pos_joh_01,709_02_001_sort_pos_joh_03,709_02_041_sort_pos_joh_01,-0.009368928208131934,-0.006867418159926882,-0.027146429370791165,0.0021564450597535536
709_02_001_sort_pos_joh_03_709_02_041_sort_pos_joh_02,709_02_001_sort_pos_joh_03,709_02_041_sort_pos_joh_02,-0.0008489386314225453,-0.011631885861601556,-0.0269915652461845,0.009546921839762133
709_02_001_sort_pos_joh_03_709_02_043_sort_pos_joh_01,709_02_001_sort_pos_joh_03,709_02_043_sort_pos_joh_01,0.017172161547744234,-0.006501758859707161,0.005630824916306758,0.016255416133873032
709_02_001_sort_pos_joh_03_709_02_043_sort_pos_joh_02,709_02_001_sort_pos_joh_03,709_02_043_sort_pos_joh_02,0.021093633605914226,-0.01131851724539341,-0.013494497628876584,0.005016435824791943
709_02_001_sort_pos_joh_03_709_02_043_sort_pos_joh_03,709_02_001_sort_pos_joh_03,709_02_043_sort_pos_joh_03,0.015561554341207895,-0.01673967019766646,0.0053285970540019895,-0.004377708702145569
709_02_001_sort_pos_joh_03_709_02_044_sort_pos_joh_01,709_02_001_sort_pos_joh_03,709_02_044_sort_pos_joh_01,0.019424491510641607,0.0030433946703514497,0.015397914882734239,0.02078571605707258
709_02_001_sort_pos_joh_03_709_02_044_sort_pos_joh_02,709_02_001_sort_pos_joh_03,709_02_044_sort_pos_joh_02,-0.015909069954541687,-0.012016962503766892,0.009472392403188003,0.008323349791774806
709_02_001_sort_pos_joh_03_709_02_044_sort_pos_joh_03,709_02_001_sort_pos_joh_03,709_02_044_sort_pos_joh_03,0.02352799936377954,0.0014950443932784615,0.002773260054515896,0.00036594926977509887
709_02_001_sort_pos_joh_03_709_02_045_sort_pos_joh_01,709_02_001_sort_pos_joh_03,709_02_045_sort_pos_joh_01,0.012600649614721604,-0.002342113025284448,-0.034152399011672156,0.0051938795217883115
709_02_001_sort_pos_joh_03_709_02_045_sort_pos_joh_02,709_02_001_sort_pos_joh_03,709_02_045_sort_pos_joh_02,-0.004226143768159286,0.005508603293804718,-0.03205419394067343,0.0160941327561627
709_02_001_sort_pos_joh_03_709_02_045_sort_pos_joh_03,709_02_001_sort_pos_joh_03,709_02_045_sort_pos_joh_03,0.011244107668972875,0.005322771881974359,-0.03257696286603118,-0.005670791652621955
709_02_001_sort_pos_joh_03_709_02_045_sort_pos_joh_04,709_02_001_sort_pos_joh_03,709_02_045_sort_pos_joh_04,0.005702401722791291,-0.0007069703924541592,-0.03326047873276869,-0.006187468301958101
709_02_001_sort_pos_joh_03_709_02_045_sort_pos_joh_05,709_02_001_sort_pos_joh_03,709_02_045_sort_pos_joh_05,-0.014176514763731758,-0.013509108151294956,-0.005361233825721872,0.002228665884880914
709_02_001_sort_pos_joh_03_709_02_086_sort_pos_joh_01,709_02_001_sort_pos_joh_03,709_02_086_sort_pos_joh_01,-0.03239296020063175,0.017122955877218883,-0.004039624846680381,-0.010095888797935324
709_02_001_sort_pos_joh_03_709_02_093_sort_pos_joh_02,709_02_001_sort_pos_joh_03,709_02_093_sort_pos_joh_02,-0.005373951118957932,-0.009408118387525692,0.01013785731105006,0.00852419453776535
709_02_001_sort_pos_joh_03_709_02_096_sort_pos_joh_01,709_02_001_sort_pos_joh_03,709_02_096_sort_pos_joh_01,0.005233381692525055,0.0036894545907278056,0.012368435106560959,0.023657633415999503
709_02_041_sort_pos_joh_01_709_02_041_sort_pos_joh_02,709_02_041_sort_pos_joh_01,709_02_041_sort_pos_joh_02,0.20313767858165674,0.26776220664148925,0.486449452745057,0.3400580238781578
709_02_041_sort_pos_joh_01_709_02_043_sort_pos_joh_01,709_02_041_sort_pos_joh_01,709_02_043_sort_pos_joh_01,0.03780417425083674,0.017166878407161246,0.15213582167447434,0.023600287895348196
709_02_041_sort_pos_joh_01_709_02_043_sort_pos_joh_02,709_02_041_sort_pos_joh_01,709_02_043_sort_pos_joh_02,-0.01676407496440024,-0.009975788816035806,0.1880493264853212,0.021108176548142444
709_02_041_sort_pos_joh_01_709_02_043_sort_pos_joh_03,709_02_041_sort_pos_joh_01,709_02_043_sort_pos_joh_03,0.05729978467822791,0.02140536874446356,0.18543208313554926,0.03829127263568228
709_02_041_sort_pos_joh_01_709_02_044_sort_pos_joh_01,709_02_041_sort_pos_joh_01,709_02_044_sort_pos_joh_01,0.023449373574536178,0.044547292392063995,0.061979130606179385,0.004728774935199966
709_02_041_sort_pos_joh_01_709_02_044_sort_pos_joh_02,709_02_041_sort_pos_joh_01,709_02_044_sort_pos_joh_02,0.08025512236947124,0.05019645781984661,0.00365161467646962,-0.0085481528892004
709_02_041_sort_pos_joh_01_709_02_044_sort_pos_joh_03,709_02_041_sort_pos_joh_01,709_02_044_sort_pos_joh_03,0.03798846784959623,0.004598130729545833,0.057625881664744666,0.016555908305370046
709_02_041_sort_pos_joh_01_709_02_045_sort_pos_joh_01,709_02_041_sort_pos_joh_01,709_02_045_sort_pos_joh_01,0.026514078255283277,0.03753750216658685,0.4323254682822656,0.11003460428944409
709_02_041_sort_pos_joh_01_709_02_045_sort_pos_joh_02,709_02_041_sort_pos_joh_01,709_02_045_sort_pos_joh_02,0.03207968032266731,0.0573432558212216,0.41321539355623593,0.10229487199458968
709_02_041_sort_pos_joh_01_709_02_045_sort_pos_joh_03,709_02_041_sort_pos_joh_01,709_02_045_sort_pos_joh_03,0.04807607190285753,0.07227943921816954,0.4285212512631482,0.11909714087103816
709_02_041_sort_pos_joh_01_709_02_045_sort_pos_joh_04,709_02_041_sort_pos_joh_01,709_02_045_sort_pos_joh_04,0.05457614068797545,0.06928763839414503,0.45279325965874545,0.13632308785342676
709_02_041_sort_pos_joh_01_709_02_045_sort_pos_joh_05,709_02_041_sort_pos_joh_01,709_02_045_sort_pos_joh_05,0.0036096666449277016,0.03735025005970643,0.2417072035715817,0.06708364723881888
709_02_041_sort_pos_joh_01_709_02_086_sort_pos_joh_01,709_02_041_sort_pos_joh_01,709_02_086_sort_pos_joh_01,-0.02465475884575624,-0.0018041221358001288,-0.00344137969007486,0.014110320330476624
709_02_041_sort_pos_joh_01_709_02_093_sort_pos_joh_02,709_02_041_sort_pos_joh_01,709_02_093_sort_pos_joh_02,0.0011048971166019313,0.00642019796918352,0.015583982572851644,0.011643006647447262
709_02_041_sort_pos_joh_01_709_02_096_sort_pos_joh_01,709_02_041_sort_pos_joh_01,709_02_096_sort_pos_joh_01,0.027140311117528345,0.007343100257167565,0.031951407384127224,0.008496652715418551
709_02_041_sort_pos_joh_02_709_02_043_sort_pos_joh_01,709_02_041_sort_pos_joh_02,709_02_043_sort_pos_joh_01,0.036571652673051847,0.017473621655909762,0.07285902764836404,-0.01680398091114692
709_02_041_sort_pos_joh_02_709_02_043_sort_pos_joh_02,709_02_041_sort_pos_joh_02,709_02_043_sort_pos_joh_02,-0.010065406240272806,-0.014887239401433109,0.10659571337959835,0.016113342800148634
709_02_041_sort_pos_joh_02_709_02_043_sort_pos_joh_03,709_02_041_sort_pos_joh_02,709_02_043_sort_pos_joh_03,0.039744266312622255,0.010295531760762599,0.09587783898119867,0.018576904329766913
709_02_041_sort_pos_joh_02_709_02_044_sort_pos_joh_01,709_02_041_sort_pos_joh_02,709_02_044_sort_pos_joh_01,0.029064931775725375,0.017314915594889388,0.011571500530642632,-0.014252547128065542
709_02_041_sort_pos_joh_02_709_02_044_sort_pos_joh_02,709_02_041_sort_pos_joh_02,709_02_044_sort_pos_joh_02,0.03823632622812436,0.026265932828377674,-0.02417232177561064,-0.02831348128182174
709_02_041_sort_pos_joh_02_709_02_044_sort_pos_joh_03,709_02_041_sort_pos_joh_02,709_02_044_sort_pos_joh_03,0.0355836844852294,0.0082846763891555,0.018472185486934037,-0.02219798208422234
709_02_041_sort_pos_joh_02_709_02_045_sort_pos_joh_01,709_02_041_sort_pos_joh_02,709_02_045_sort_pos_joh_01,0.02268232900327521,0.036821682187469264,0.2981878958697167,0.07992859052158327
709_02_041_sort_pos_joh_02_709_02_045_sort_pos_joh_02,709_02_041_sort_pos_joh_02,709_02_045_sort_pos_joh_02,0.03790704583497155,0.06804733288594056,0.2915955240239659,0.07243411407561282
709_02_041_sort_pos_joh_02_709_02_045_sort_pos_joh_03,709_02_041_sort_pos_joh_02,709_02_045_sort_pos_joh_03,0.04320762787442229,0.07199838011160654,0.2867686030219841,0.08982848729435933
709_02_041_sort_pos_joh_02_709_02_045_sort_pos_joh_04,709_02_041_sort_pos_joh_02,709_02_045_sort_pos_joh_04,0.03880498467022784,0.07035252074797435,0.296203439676904,0.12152336217089604
709_02_041_sort_pos_joh_02_709_02_045_sort_pos_joh_05,709_02_041_sort_pos_joh_02,709_02_045_sort_pos_joh_05,-0.003049536151731978,0.04801937541892263,0.16237504832571303,0.06488107953038595
709_02_041_sort_pos_joh_02_709_02_086_sort_pos_joh_01,709_02_041_sort_pos_joh_02,709_02_086_sort_pos_joh_01,-0.02350125765168842,0.007383636584353565,-0.009774942122497727,0.010950687424309808
709_02_041_sort_pos_joh_02_709_02_093_sort_pos_joh_02,709_02_041_sort_pos_joh_02,709_02_093_sort_pos_joh_02,0.010894965435704703,0.003413780581657135,0.010232245543355419,0.00965201299578115
709_02_041_sort_pos_joh_02_709_02_096_sort_pos_joh_01,709_02_041_sort_pos_joh_02,709_02_096_sort_pos_joh_01,0.009023267873529571,-0.003985207452764945,0.009667291568421143,-0.01442637638031869
709_02_043_sort_pos_joh_01_709_02_043_sort_pos_joh_02,709_02_043_sort_pos_joh_01,709_02_043_sort_pos_joh_02,0.08466841793161867,0.06646932517898595,0.3590543571822021,0.06169885385731524
709_02_043_sort_pos_joh_01_709_02_043_sort_pos_joh_03,709_02_043_sort_pos_joh_01,709_02_043_sort_pos_joh_03,0.12996714220611902,0.10073582309900454,0.33657435224783416,0.09934243094243271
709_02_043_sort_pos_joh_01_709_02_044_sort_pos_joh_01,709_02_043_sort_pos_joh_01,709_02_044_sort_pos_joh_01,0.011355796613668813,0.011680707386946423,0.11739164528520364,0.04251418165826839
709_02_043_sort_pos_joh_01_709_02_044_sort_pos_joh_02,709_02_043_sort_pos_joh_01,709_02_044_sort_pos_joh_02,-0.016956172208300684,0.0012565469357462874,0.07058829838446806,0.022971069155273714
709_02_043_sort_pos_joh_01_709_02_044_sort_pos_joh_03,709_02_043_sort_pos_joh_01,709_02_044_sort_pos_joh_03,0.060556832390477724,0.016254093372052723,0.09498110623813677,0.039383436501908876
709_02_043_sort_pos_joh_01_709_02_045_sort_pos_joh_01,709_02_043_sort_pos_joh_01,709_02_045_sort_pos_joh_01,0.04727630357897532,-0.009429616819246684,0.03967978909341741,-0.004057445751719515
709_02_043_sort_pos_joh_01_709_02_045_sort_pos_joh_02,709_02_043_sort_pos_joh_01,709_02_045_sort_pos_joh_02,0.0076678928318384635,0.002292456995235039,0.05941082882669402,-0.007915018749177282
709_02_043_sort_pos_joh_01_709_02_045_sort_pos_joh_03,709_02_043_sort_pos_joh_01,709_02_045_sort_pos_joh_03,0.05653670179660431,0.019150047499653693,0.05500766985991398,0.0037934694096258613
709_02_043_sort_pos_joh_01_709_02_045_sort_pos_joh_04,709_02_043_sort_pos_joh_01,709_02_045_sort_pos_joh_04,0.03623666878120699,0.016725982579137984,0.05409681104244161,0.013531847533177911
709_02_043_sort_pos_joh_01_709_02_045_sort_pos_joh_05,709_02_043_sort_pos_joh_01,709_02_045_sort_pos_joh_05,-0.0160457334206993,-0.010015998221439375,0.0007547048174894378,-0.013078750108277451
709_02_043_sort_pos_joh_01_709_02_086_sort_pos_joh_01,709_02_043_sort_pos_joh_01,709_02_086_sort_pos_joh_01,-0.009671037657756513,-0.0024204275337722943,0.016677566126313673,-0.005093103973601159
709_02_043_sort_pos_joh_01_709_02_093_sort_pos_joh_02,709_02_043_sort_pos_joh_01,709_02_093_sort_pos_joh_02,-0.017085946907227353,-0.005903946555611625,0.05776229345444501,0.01384170625045926
709_02_043_sort_pos_joh_01_709_02_096_sort_pos_joh_01,709_02_043_sort_pos_joh_01,709_02_096_sort_pos_joh_01,0.01839860508653546,0.007210339569883152,0.12618115380812364,0.03039985477809807
709_02_043_sort_pos_joh_02_709_02_043_sort_pos_joh_03,709_02_043_sort_pos_joh_02,709_02_043_sort_pos_joh_03,0.07949480380224509,0.016986721306901993,0.3521846830049274,0.05998240728685582
709_02_043_sort_pos_joh_02_709_02_044_sort_pos_joh_01,709_02_043_sort_pos_joh_02,709_02_044_sort_pos_joh_01,-0.0011063847559683987,0.010358509408237055,0.10540099571482357,0.0014831532553479295
709_02_043_sort_pos_joh_02_709_02_044_sort_pos_joh_02,709_02_043_sort_pos_joh_02,709_02_044_sort_pos_joh_02,-0.010984089778337498,-0.022960542505395188,0.06678269362479633,0.005293394218382639
709_02_043_sort_pos_joh_02_709_02_044_sort_pos_joh_03,709_02_043_sort_pos_joh_02,709_02_044_sort_pos_joh_03,0.027451058993188972,0.0186146848624177,0.09432156963898998,0.011043038601784926
709_02_043_sort_pos_joh_02_709_02_045_sort_pos_joh_01,709_02_043_sort_pos_joh_02,709_02_045_sort_pos_joh_01,0.034584991321275814,0.001968446377574901,0.05778469133386429,0.02132537599347563
709_02_043_sort_pos_joh_02_709_02_045_sort_pos_joh_02,709_02_043_sort_pos_joh_02,709_02_045_sort_pos_joh_02,0.015096218796536795,0.004977144364411294,0.09686932178403201,0.011806014685932884
709_02_043_sort_pos_joh_02_709_02_045_sort_pos_joh_03,709_02_043_sort_pos_joh_02,709_02_045_sort_pos_joh_03,0.012329645041792599,0.011760812349292714,0.08166740205602509,0.024445409712566705
709_02_043_sort_pos_joh_02_709_02_045_sort_pos_joh_04,709_02_043_sort_pos_joh_02,709_02_045_sort_pos_joh_04,0.02590262844369105,0.007225872451213454,0.08799019397199206,0.009229533109580641
709_02_043_sort_pos_joh_02_709_02_045_sort_pos_joh_05,709_02_043_sort_pos_joh_02,709_02_045_sort_pos_joh_05,-0.006649088848583867,-0.004247016461295964,0.027554941844489016,0.01150334298665523
709_02_043_sort_pos_joh_02_709_02_086_sort_pos_joh_01,709_02_043_sort_pos_joh_02,709_02_086_sort_pos_joh_01,0.0032252135343888337,0.004588449005099231,0.0019189924647065077,-0.004976851316011371
709_02_043_sort_pos_joh_02_709_02_093_sort_pos_joh_02,709_02_043_sort_pos_joh_02,709_02_093_sort_pos_joh_02,-0.008774399397292638,-0.012745973764382346,0.04905424354637407,0.007857292113654041
709_02_043_sort_pos_joh_02_709_02_096_sort_pos_joh_01,709_02_043_sort_pos_joh_02,709_02_096_sort_pos_joh_01,0.004757817123712597,-0.007308412362210303,0.0968848524033515,0.021713143896781754
709_02_043_sort_pos_joh_03_709_02_044_sort_pos_joh_01,709_02_043_sort_pos_joh_03,709_02_044_sort_pos_joh_01,0.02200672274261407,0.003513152630447135,0.0967831099328042,0.02371672015598524
709_02_043_sort_pos_joh_03_709_02_044_sort_pos_joh_02,709_02_043_sort_pos_joh_03,709_02_044_sort_pos_joh_02,-0.021066011637192395,-0.013432000698655215,0.059097540704636055,0.017649518429662014
709_02_043_sort_pos_joh_03_709_02_044_sort_pos_joh_03,709_02_043_sort_pos_joh_03,709_02_044_sort_pos_joh_03,0.0665167090367354,0.04821656752656741,0.06219751050616565,0.0075989249247185335
709_02_043_sort_pos_joh_03_709_02_045_sort_pos_joh_01,709_02_043_sort_pos_joh_03,709_02_045_sort_pos_joh_01,0.03232226456052692,0.019729456023848957,0.04757333349991213,-0.0021985235796756967
709_02_043_sort_pos_joh_03_709_02_045_sort_pos_joh_02,709_02_043_sort_pos_joh_03,709_02_045_sort_pos_joh_02,0.032317799534367295,0.01737133072197469,0.07393460891915324,0.0038839512367266245
709_02_043_sort_pos_joh_03_709_02_045_sort_pos_joh_03,709_02_043_sort_pos_joh_03,709_02_045_sort_pos_joh_03,0.034489777334148895,0.0041193415449522425,0.07429656957808116,0.015377325389932302
709_02_043_sort_pos_joh_03_709_02_045_sort_pos_joh_04,709_02_043_sort_pos_joh_03,709_02_045_sort_pos_joh_04,0.029991316266146092,-0.0005575202651560441,0.06574796607345933,-0.001093793560514696
709_02_043_sort_pos_joh_03_709_02_045_sort_pos_joh_05,709_02_043_sort_pos_joh_03,709_02_045_sort_pos_joh_05,-0.011307829300392683,-0.012426472395726583,0.032479157432065725,0.009271475558134477
709_02_043_sort_pos_joh_03_709_02_086_sort_pos_joh_01,709_02_043_sort_pos_joh_03,709_02_086_sort_pos_joh_01,0.006502536282723127,0.002386967348210471,0.025137547076923825,-0.007214949567298513
709_02_043_sort_pos_joh_03_709_02_093_sort_pos_joh_02,709_02_043_sort_pos_joh_03,709_02_093_sort_pos_joh_02,-0.00569039735654156,-0.007441405216216139,0.05212969897008731,-0.0013829307876877738
709_02_043_sort_pos_joh_03_709_02_096_sort_pos_joh_01,709_02_043_sort_pos_joh_03,709_02_096_sort_pos_joh_01,0.008711817748258232,-7.8777116490018e-05,0.09443425919966505,0.021106427363602097
709_02_044_sort_pos_joh_01_709_02_044_sort_pos_joh_02,709_02_044_sort_pos_joh_01,709_02_044_sort_pos_joh_02,-0.016031455042019856,0.1072485230581917,0.29983781897675077,0.22515986322158793
709_02_044_sort_pos_joh_01_709_02_044_sort_pos_joh_03,709_02_044_sort_pos_joh_01,709_02_044_sort_pos_joh_03,0.09320185005625038,0.12202612284604161,0.28163744532767465,0.20999770069234253
709_02_044_sort_pos_joh_01_709_02_045_sort_pos_joh_01,709_02_044_sort_pos_joh_01,709_02_045_sort_pos_joh_01,0.03214756147102875,0.012545975069612485,0.01022363618616883,-0.0013871416912576127
709_02_044_sort_pos_joh_01_709_02_045_sort_pos_joh_02,709_02_044_sort_pos_joh_01,709_02_045_sort_pos_joh_02,0.004180929029134576,0.017065248265962066,0.017608989478043888,-0.015438287363718262
709_02_044_sort_pos_joh_01_709_02_045_sort_pos_joh_03,709_02_044_sort_pos_joh_01,709_02_045_sort_pos_joh_03,0.009242392225214991,0.002636366970954212,0.013221983301613565,-0.007781798788025117
709_02_044_sort_pos_joh_01_709_02_045_sort_pos_joh_04,709_02_044_sort_pos_joh_01,709_02_045_sort_pos_joh_04,0.010502016903257225,0.017903473231408413,0.01524234143195869,-0.011133988676620833
709_02_044_sort_pos_joh_01_709_02_045_sort_pos_joh_05,709_02_044_sort_pos_joh_01,709_02_045_sort_pos_joh_05,0.00899724780910904,-0.02228069123551136,-0.00509139395213843,-0.00513115490279074
709_02_044_sort_pos_joh_01_709_02_086_sort_pos_joh_01,709_02_044_sort_pos_joh_01,709_02_086_sort_pos_joh_01,0.022088121423219257,-0.003923987296444827,0.02030616395370893,0.002375578276246373
709_02_044_sort_pos_joh_01_709_02_093_sort_pos_joh_02,709_02_044_sort_pos_joh_01,709_02_093_sort_pos_joh_02,0.019285087670385788,-0.0002305773265245013,0.03302342609857399,0.01391194115306146
709_02_044_sort_pos_joh_01_709_02_096_sort_pos_joh_01,709_02_044_sort_pos_joh_01,709_02_096_sort_pos_joh_01,0.03098142600354449,0.024503368139344932,0.0903050995515717,0.01990769491849561
709_02_044_sort_pos_joh_02_709_02_044_sort_pos_joh_03,709_02_044_sort_pos_joh_02,709_02_044_sort_pos_joh_03,-0.02662566712001968,0.010288099780466235,0.18358288747651927,0.1211308632153375
709_02_044_sort_pos_joh_02_709_02_045_sort_pos_joh_01,709_02_044_sort_pos_joh_02,709_02_045_sort_pos_joh_01,-0.037824273554162735,0.011765709934567268,-0.017654991508190936,-0.0029105538798033554
709_02_044_sort_pos_joh_02_709_02_045_sort_pos_joh_02,709_02_044_sort_pos_joh_02,709_02_045_sort_pos_joh_02,0.010209026609136935,0.018851949853494733,-0.009769619066038527,-0.0007711886789290143
709_02_044_sort_pos_joh_02_709_02_045_sort_pos_joh_03,709_02_044_sort_pos_joh_02,709_02_045_sort_pos_joh_03,0.004537417540735852,0.03941098974733646,-0.017231496882276855,-0.0013981162049502833
709_02_044_sort_pos_joh_02_709_02_045_sort_pos_joh_04,709_02_044_sort_pos_joh_02,709_02_045_sort_pos_joh_04,0.02351944609557012,0.030068307640673756,-0.014514896794536864,-0.011723598981647178
709_02_044_sort_pos_joh_02_709_02_045_sort_pos_joh_05,709_02_044_sort_pos_joh_02,709_02_045_sort_pos_joh_05,-0.0020759025441647538,0.03022281702265493,-0.012834052384460339,0.001185868915172362
709_02_044_sort_pos_joh_02_709_02_086_sort_pos_joh_01,709_02_044_sort_pos_joh_02,709_02_086_sort_pos_joh_01,-0.035497077568133605,0.013647157555256886,0.005604080442845181,0.005815757067545119
709_02_044_sort_pos_joh_02_709_02_093_sort_pos_joh_02,709_02_044_sort_pos_joh_02,709_02_093_sort_pos_joh_02,0.01397155264424636,0.018585127412491697,0.017799760518335823,0.02983384521718081
709_02_044_sort_pos_joh_02_709_02_096_sort_pos_joh_01,709_02_044_sort_pos_joh_02,709_02_096_sort_pos_joh_01,0.001728900614902148,0.02090774710727295,0.0760183967993287,0.01109886096099086
709_02_044_sort_pos_joh_03_709_02_045_sort_pos_joh_01,709_02_044_sort_pos_joh_03,709_02_045_sort_pos_joh_01,0.037153422487740125,0.0015926660817629837,0.009074355451573209,0.004597694204376065
709_02_044_sort_pos_joh_03_709_02_045_sort_pos_joh_02,709_02_044_sort_pos_joh_03,709_02_045_sort_pos_joh_02,0.008309287437512235,-0.0047902147523689745,0.02547487782816711,-0.010047606192763119
709_02_044_sort_pos_joh_03_709_02_045_sort_pos_joh_03,709_02_044_sort_pos_joh_03,709_02_045_sort_pos_joh_03,0.03461221411479651,-0.0010008798605420249,0.022776467933108738,0.001715356005255263
709_02_044_sort_pos_joh_03_709_02_045_sort_pos_joh_04,709_02_044_sort_pos_joh_03,709_02_045_sort_pos_joh_04,0.010295954207785046,-0.008161067879689348,0.0189378133506758,0.00020307058242529776
709_02_044_sort_pos_joh_03_709_02_045_sort_pos_joh_05,709_02_044_sort_pos_joh_03,709_02_045_sort_pos_joh_05,-0.01077134141471639,-0.007578305640019571,0.018092259051977172,-0.0036204008316776445
709_02_044_sort_pos_joh_03_709_02_086_sort_pos_joh_01,709_02_044_sort_pos_joh_03,709_02_086_sort_pos_joh_01,0.008677699531752181,-0.005632842471971514,0.01830488650043217,1.6089535800131294e-05
709_02_044_sort_pos_joh_03_709_02_093_sort_pos_joh_02,709_02_044_sort_pos_joh_03,709_02_093_sort_pos_joh_02,0.023246950018819056,0.005986292810723076,0.022993834584882956,0.005564559704121617
709_02_044_sort_pos_joh_03_709_02_096_sort_pos_joh_01,709_02_044_sort_pos_joh_03,709_02_096_sort_pos_joh_01,0.023406737715786188,0.024490774453913136,0.057426504243600456,0.010554291314133714
709_02_045_sort_pos_joh_01_709_02_045_sort_pos_joh_02,709_02_045_sort_pos_joh_01,709_02_045_sort_pos_joh_02,0.14589003661077618,0.16483081343540143,0.45315384673053355,0.1814104966553905
709_02_045_sort_pos_joh_01_709_02_045_sort_pos_joh_03,709_02_045_sort_pos_joh_01,709_02_045_sort_pos_joh_03,0.1066365473802382,0.1153376251513252,0.4199457437015747,0.14841945185835367
709_02_045_sort_pos_joh_01_709_02_045_sort_pos_joh_04,709_02_045_sort_pos_joh_01,709_02_045_sort_pos_joh_04,0.09113410336328255,0.13169700986893046,0.4437234373684204,0.1831522895507181
709_02_045_sort_pos_joh_01_709_02_045_sort_pos_joh_05,709_02_045_sort_pos_joh_01,709_02_045_sort_pos_joh_05,0.08229033026283479,0.10038675380347024,0.2665844320841697,0.10237416471452866
709_02_045_sort_pos_joh_01_709_02_086_sort_pos_joh_01,709_02_045_sort_pos_joh_01,709_02_086_sort_pos_joh_01,0.025458668733862953,0.005392735364820681,-0.008301148114158243,-0.0061245818112226225
709_02_045_sort_pos_joh_01_709_02_093_sort_pos_joh_02,709_02_045_sort_pos_joh_01,709_02_093_sort_pos_joh_02,0.004085228937050547,-0.009359375907842108,0.008897605679569327,0.010934530389414025
709_02_045_sort_pos_joh_01_709_02_096_sort_pos_joh_01,709_02_045_sort_pos_joh_01,709_02_096_sort_pos_joh_01,0.00045546805925245174,-0.010705559198716645,-0.013497334689606,0.0015468252990443086
709_02_045_sort_pos_joh_02_709_02_045_sort_pos_joh_03,709_02_045_sort_pos_joh_02,709_02_045_sort_pos_joh_03,0.135621308603326,0.17263371116415724,0.45751712188144733,0.17995457852751512
709_02_045_sort_pos_joh_02_709_02_045_sort_pos_joh_04,709_02_045_sort_pos_joh_02,709_02_045_sort_pos_joh_04,0.09956694417934964,0.1611868719748059,0.43753232790409546,0.1634397202250612
709_02_045_sort_pos_joh_02_709_02_045_sort_pos_joh_05,709_02_045_sort_pos_joh_02,709_02_045_sort_pos_joh_05,0.035803573762267726,0.06826303799050457,0.20526606621494936,0.04337188182512955
709_02_045_sort_pos_joh_02_709_02_086_sort_pos_joh_01,709_02_045_sort_pos_joh_02,709_02_086_sort_pos_joh_01,0.005182732754166351,0.002433215571065176,0.00036676741597579216,0.0021932338363113936
709_02_045_sort_pos_joh_02_709_02_093_sort_pos_joh_02,709_02_045_sort_pos_joh_02,709_02_093_sort_pos_joh_02,-0.00965141342637266,-0.004462689396215565,0.0017412664445230644,-0.007558482092789904
709_02_045_sort_pos_joh_02_709_02_096_sort_pos_joh_01,709_02_045_sort_pos_joh_02,709_02_096_sort_pos_joh_01,-0.014588947525418266,-0.009730942506485313,-0.008829611722619327,-0.01329670499946091
709_02_045_sort_pos_joh_03_709_02_045_sort_pos_joh_04,709_02_045_sort_pos_joh_03,709_02_045_sort_pos_joh_04,0.09560983920821038,0.16284602446618987,0.47871505080217236,0.1708238871540127
709_02_045_sort_pos_joh_03_709_02_045_sort_pos_joh_05,709_02_045_sort_pos_joh_03,709_02_045_sort_pos_joh_05,0.04066291216174988,0.06199195305445577,0.23378335528997368,0.053798074902537005
709_02_045_sort_pos_joh_03_709_02_086_sort_pos_joh_01,709_02_045_sort_pos_joh_03,709_02_086_sort_pos_joh_01,-0.008317265241646601,-0.0033825103489218394,-0.00812036933995201,0.004498686531284184
709_02_045_sort_pos_joh_03_709_02_093_sort_pos_joh_02,709_02_045_sort_pos_joh_03,709_02_093_sort_pos_joh_02,0.004927944305651797,0.0071488897620654865,0.011882934950157858,0.0001091044525759108
709_02_045_sort_pos_joh_03_709_02_096_sort_pos_joh_01,709_02_045_sort_pos_joh_03,709_02_096_sort_pos_joh_01,0.00619407984118426,-0.0164823082025223,-0.003392464961142551,0.003452562883138832
709_02_045_sort_pos_joh_04_709_02_045_sort_pos_joh_05,709_02_045_sort_pos_joh_04,709_02_045_sort_pos_joh_05,0.0506010829197879,0.06152124912180089,0.2564989732689673,0.0637642622127502
709_02_045_sort_pos_joh_04_709_02_086_sort_pos_joh_01,709_02_045_sort_pos_joh_04,709_02_086_sort_pos_joh_01,-0.0027566101029478534,0.011952255768528876,-0.003062055224579037,-0.006729513372982845
709_02_045_sort_pos_joh_04_709_02_093_sort_pos_joh_02,709_02_045_sort_pos_joh_04,709_02_093_sort_pos_joh_02,0.0010060377330036213,0.0031502310705523134,0.015243335661964695,0.016427447727992043
709_02_045_sort_pos_joh_04_709_02_096_sort_pos_joh_01,709_02_045_sort_pos_joh_04,709_02_096_sort_pos_joh_01,-0.015135197024362803,-0.02139466106664897,0.0017828378164126482,0.0012924210074986592
709_02_045_sort_pos_joh_05_709_02_086_sort_pos_joh_01,709_02_045_sort_pos_joh_05,709_02_086_sort_pos_joh_01,0.005357981837030425,0.010488046067449972,0.00883300907133555,-0.003720780875303201
709_02_045_sort_pos_joh_05_709_02_093_sort_pos_joh_02,709_02_045_sort_pos_joh_05,709_02_093_sort_pos_joh_02,-0.00267942752332054,0.0015955542491731404,-0.0009741531844462131,-0.00032195954238594917
709_02_045_sort_pos_joh_05_709_02_096_sort_pos_joh_01,709_02_045_sort_pos_joh_05,709_02_096_sort_pos_joh_01,-0.009138247182621292,0.005309748669833478,-0.0055882348246300475,-0.008476598382110038
709_02_086_sort_pos_joh_01_709_02_093_sort_pos_joh_02,709_02_086_sort_pos_joh_01,709_02_093_sort_pos_joh_02,0.00791801584473614,0.003701984155553671,-0.009152483978935446,0.0024191461084800804
709_02_086_sort_pos_joh_01_709_02_096_sort_pos_joh_01,709_02_086_sort_pos_joh_01,709_02_096_sort_pos_joh_01,-0.008611743306771346,-0.011958909942077338,0.012627022793595604,-0.003966038663886761
709_02_093_sort_pos_joh_02_709_02_096_sort_pos_joh_01,709_02_093_sort_pos_joh_02,709_02_096_sort_pos_joh_01,0.03194433712243701,0.011967051676734676,0.16407031232324815,0.03820451895784511
709_03_003_sort_pos_joh_01_709_03_005_sort_pos_joh_01,709_03_003_sort_pos_joh_01,709_03_005_sort_pos_joh_01,0.09683051297615994,0.04325075903722016,0.21537628341216894,0.048104256267278704
709_03_003_sort_pos_joh_01_709_03_032_sort_pos_joh_03,709_03_003_sort_pos_joh_01,709_03_032_sort_pos_joh_03,-0.02199164807359665,-0.05136017774402093,0.012990632206786947,
709_03_003_sort_pos_joh_01_709_03_038_sort_pos_joh_01,709_03_003_sort_pos_joh_01,709_03_038_sort_pos_joh_01,0.05789639062016721,0.031557142958279875,0.012326449007728795,0.008703137470834926
709_03_003_sort_pos_joh_01_709_03_044_sort_pos_joh_01,709_03_003_sort_pos_joh_01,709_03_044_sort_pos_joh_01,0.04900490287242075,0.03642515986316963,0.06785578427711393,0.005646599572118428
709_03_003_sort_pos_joh_01_709_03_044_sort_pos_joh_02,709_03_003_sort_pos_joh_01,709_03_044_sort_pos_joh_02,-0.013319800917229492,-0.016281101525991618,0.05256737126641315,-0.0010817463769967632
709_03_003_sort_pos_joh_01_709_03_044_sort_pos_joh_03,709_03_003_sort_pos_joh_01,709_03_044_sort_pos_joh_03,-0.002108903465821718,-0.010214064210980959,0.04545827936643878,0.006409929797589642
709_03_003_sort_pos_joh_01_709_03_044_sort_pos_joh_04,709_03_003_sort_pos_joh_01,709_03_044_sort_pos_joh_04,-0.01552865925521128,0.009717864668492227,0.03802318264279178,0.0010916941995504467
709_03_003_sort_pos_joh_01_709_03_044_sort_pos_joh_05,709_03_003_sort_pos_joh_01,709_03_044_sort_pos_joh_05,0.03021919270433305,0.004460062817691042,0.030931395313246894,0.004945208008617769
709_03_003_sort_pos_joh_01_709_03_045_sort_pos_joh_01,709_03_003_sort_pos_joh_01,709_03_045_sort_pos_joh_01,0.01354271912758221,0.003771483074631917,-0.0025488812876450274,-0.005343499795971415
709_03_003_sort_pos_joh_01_709_03_045_sort_pos_joh_02,709_03_003_sort_pos_joh_01,709_03_045_sort_pos_joh_02,-0.0006402059212058082,0.00856475177121183,-0.009122647146605224,0.005100097563533456
709_03_003_sort_pos_joh_01_709_03_045_sort_pos_joh_04,709_03_003_sort_pos_joh_01,709_03_045_sort_pos_joh_04,0.029489011980188853,-0.004315741854057749,-0.01171400939870736,0.01100379769992041
709_03_003_sort_pos_joh_01_709_03_046_sort_pos_joh_01,709_03_003_sort_pos_joh_01,709_03_046_sort_pos_joh_01,0.001775287114538402,-0.01569945367731951,-0.006723954918490464,0.004393092523662525
709_03_003_sort_pos_joh_01_709_03_046_sort_pos_joh_02,709_03_003_sort_pos_joh_01,709_03_046_sort_pos_joh_02,0.017142566010724274,0.0024384167491745485,0.01485700724426282,0.009736034065581593
709_03_003_sort_pos_joh_01_709_03_047_sort_pos_joh_01,709_03_003_sort_pos_joh_01,709_03_047_sort_pos_joh_01,0.018741377884744174,-0.01526109968982131,0.012909420221775755,0.0011930482945301762
709_03_003_sort_pos_joh_01_709_03_047_sort_pos_joh_02,709_03_003_sort_pos_joh_01,709_03_047_sort_pos_joh_02,-0.011430458738196122,-0.017070935239137473,-0.0029743727199030563,-0.004404237890933105
709_03_003_sort_pos_joh_01_709_03_072_sort_pos_joh_01,709_03_003_sort_pos_joh_01,709_03_072_sort_pos_joh_01,0.017739865060994644,0.011603385999204657,0.020482313640646423,0.003719393381132344
709_03_003_sort_pos_joh_01_709_03_091_sort_pos_joh_01,709_03_003_sort_pos_joh_01,709_03_091_sort_pos_joh_01,0.03828942845479511,0.03749205343212964,0.007604875980407894,-0.007956824286766234
709_03_003_sort_pos_joh_01_709_03_094_sort_pos_joh_01,709_03_003_sort_pos_joh_01,709_03_094_sort_pos_joh_01,-0.014385488715621968,0.0033150459760314757,0.0033008863403139227,0.006934805856360239
709_03_003_sort_pos_joh_01_709_03_096_sort_pos_joh_01,709_03_003_sort_pos_joh_01,709_03_096_sort_pos_joh_01,0.03049454749436308,0.013817303834953613,0.02915970690025631,0.004002688006967881
709_03_005_sort_pos_joh_01_709_03_032_sort_pos_joh_03,709_03_005_sort_pos_joh_01,709_03_032_sort_pos_joh_03,0.010084023947415538,-0.007360498012407742,0.012607964326920958,
709_03_005_sort_pos_joh_01_709_03_038_sort_pos_joh_01,709_03_005_sort_pos_joh_01,709_03_038_sort_pos_joh_01,0.0310822861676588,0.01575696645036306,0.02080895223417098,0.008249384761987671
709_03_005_sort_pos_joh_01_709_03_044_sort_pos_joh_01,709_03_005_sort_pos_joh_01,709_03_044_sort_pos_joh_01,-0.0025118080913847565,0.033479798881729625,0.041191615978540964,0.0038834168660421813
709_03_005_sort_pos_joh_01_709_03_044_sort_pos_joh_02,709_03_005_sort_pos_joh_01,709_03_044_sort_pos_joh_02,-0.001305702954482797,-0.006669104289019193,0.043358193389578366,-0.0011244032165564023
709_03_005_sort_pos_joh_01_709_03_044_sort_pos_joh_03,709_03_005_sort_pos_joh_01,709_03_044_sort_pos_joh_03,0.00726209115252424,0.01420580222028005,0.03178724222438357,-0.0019492411628305962
709_03_005_sort_pos_joh_01_709_03_044_sort_pos_joh_04,709_03_005_sort_pos_joh_01,709_03_044_sort_pos_joh_04,-0.022678869560184722,-0.00820274123603149,0.025829252324778524,0.0020092977412061305
709_03_005_sort_pos_joh_01_709_03_044_sort_pos_joh_05,709_03_005_sort_pos_joh_01,709_03_044_sort_pos_joh_05,0.016718042677945796,0.008887627963914426,0.008810690901219513,-0.0010040789165043991
709_03_005_sort_pos_joh_01_709_03_045_sort_pos_joh_01,709_03_005_sort_pos_joh_01,709_03_045_sort_pos_joh_01,0.00860895800791161,0.014967968659617917,0.011384071439870205,-0.0005371433968497995
709_03_005_sort_pos_joh_01_709_03_045_sort_pos_joh_02,709_03_005_sort_pos_joh_01,709_03_045_sort_pos_joh_02,0.0017829443335432506,0.007456723098190583,-0.0033402718166975803,0.0013738895328496035
709_03_005_sort_pos_joh_01_709_03_045_sort_pos_joh_04,709_03_005_sort_pos_joh_01,709_03_045_sort_pos_joh_04,0.011892170276072778,0.006181666803062289,-0.00592362871307328,0.009444253764312325
709_03_005_sort_pos_joh_01_709_03_046_sort_pos_joh_01,709_03_005_sort_pos_joh_01,709_03_046_sort_pos_joh_01,0.019426627454485416,-0.014929593742718239,-0.004385330600111959,-0.008807229753076469
709_03_005_sort_pos_joh_01_709_03_046_sort_pos_joh_02,709_03_005_sort_pos_joh_01,709_03_046_sort_pos_joh_02,0.02335479815654513,0.018082190507116604,0.0005557214238920519,0.011838834297767751
709_03_005_sort_pos_joh_01_709_03_047_sort_pos_joh_01,709_03_005_sort_pos_joh_01,709_03_047_sort_pos_joh_01,0.030840532621533943,0.016817379161056474,0.016416072835929038,-0.005682740279400332
709_03_005_sort_pos_joh_01_709_03_047_sort_pos_joh_02,709_03_005_sort_pos_joh_01,709_03_047_sort_pos_joh_02,0.023602787478172148,0.011109833120234296,-0.0046224185288440064,-0.009841252405535057
709_03_005_sort_pos_joh_01_709_03_072_sort_pos_joh_01,709_03_005_sort_pos_joh_01,709_03_072_sort_pos_joh_01,0.022468820658181694,0.01329522160654391,0.015853296235479132,0.010619560997300012
709_03_005_sort_pos_joh_01_709_03_091_sort_pos_joh_01,709_03_005_sort_pos_joh_01,709_03_091_sort_pos_joh_01,0.01731453734420181,0.001009404770352198,0.0021000768191745314,0.004341220246477141
709_03_005_sort_pos_joh_01_709_03_094_sort_pos_joh_01,709_03_005_sort_pos_joh_01,709_03_094_sort_pos_joh_01,0.004521691360265964,0.01528752466631088,0.007280601101163952,-0.00117526936156535
709_03_005_sort_pos_joh_01_709_03_096_sort_pos_joh_01,709_03_005_sort_pos_joh_01,709_03_096_sort_pos_joh_01,-0.004552119213815913,0.002840044013950784,0.020314751637077414,0.0066794467288067115
709_03_032_sort_pos_joh_03_709_03_038_sort_pos_joh_01,709_03_032_sort_pos_joh_03,709_03_038_sort_pos_joh_01,0.07625534184019737,0.03197627764603892,-0.00847134474691666,
709_03_032_sort_pos_joh_03_709_03_044_sort_pos_joh_01,709_03_032_sort_pos_joh_03,709_03_044_sort_pos_joh_01,0.01220864281403459,-0.019285251170946795,0.011091069780482184,
709_03_032_sort_pos_joh_03_709_03_044_sort_pos_joh_02,709_03_032_sort_pos_joh_03,709_03_044_sort_pos_joh_02,-0.0033350144053195074,0.051027784637966436,-0.002060787243673535,
709_03_032_sort_pos_joh_03_709_03_044_sort_pos_joh_03,709_03_032_sort_pos_joh_03,709_03_044_sort_pos_joh_03,0.03193055436183154,0.022298140325361305,0.011117372992299267,
709_03_032_sort_pos_joh_03_709_03_044_sort_pos_joh_04,709_03_032_sort_pos_joh_03,709_03_044_sort_pos_joh_04,-0.004783836642651134,0.016039047489794515,0.0104911429909092,
709_03_032_sort_pos_joh_03_709_03_044_sort_pos_joh_05,709_03_032_sort_pos_joh_03,709_03_044_sort_pos_joh_05,0.01585688684678536,0.014201971395378349,0.015485544189019103,
709_03_032_sort_pos_joh_03_709_03_045_sort_pos_joh_01,709_03_032_sort_pos_joh_03,709_03_045_sort_pos_joh_01,-0.022394536001405972,-0.027280911758370826,-0.0025125211779547818,
709_03_032_sort_pos_joh_03_709_03_045_sort_pos_joh_02,709_03_032_sort_pos_joh_03,709_03_045_sort_pos_joh_02,-0.01973067028934126,-0.031995571266125324,-0.00016361111429367977,
709_03_032_sort_pos_joh_03_709_03_045_sort_pos_joh_04,709_03_032_sort_pos_joh_03,709_03_045_sort_pos_joh_04,0.005905646735772192,-0.009189090276220065,-0.000833968572653099,
709_03_032_sort_pos_joh_03_709_03_046_sort_pos_joh_01,709_03_032_sort_pos_joh_03,709_03_046_sort_pos_joh_01,0.031470495538620115,-0.0026991467319731123,0.00351819341927178,
709_03_032_sort_pos_joh_03_709_03_046_sort_pos_joh_02,709_03_032_sort_pos_joh_03,709_03_046_sort_pos_joh_02,0.002974804059836664,0.005978800275808296,-0.0015046776983780594,
709_03_032_sort_pos_joh_03_709_03_047_sort_pos_joh_01,709_03_032_sort_pos_joh_03,709_03_047_sort_pos_joh_01,0.025835484082565776,0.0017342035018743647,0.004373379310414083,
709_03_032_sort_pos_joh_03_709_03_047_sort_pos_joh_02,709_03_032_sort_pos_joh_03,709_03_047_sort_pos_joh_02,0.03744293760212904,0.0289704047435814,0.0025077695438638914,
709_03_032_sort_pos_joh_03_709_03_072_sort_pos_joh_01,709_03_032_sort_pos_joh_03,709_03_072_sort_pos_joh_01,0.007412024130750261,0.0041311678633878446,-0.006377297642574917,
709_03_032_sort_pos_joh_03_709_03_091_sort_pos_joh_01,709_03_032_sort_pos_joh_03,709_03_091_sort_pos_joh_01,0.0003454552023198807,-0.004072996074060397,0.0008065842469640494,
709_03_032_sort_pos_joh_03_709_03_094_sort_pos_joh_01,709_03_032_sort_pos_joh_03,709_03_094_sort_pos_joh_01,0.00863177068840004,-0.002075908650952208,0.0010114722230293784,
709_03_032_sort_pos_joh_03_709_03_096_sort_pos_joh_01,709_03_032_sort_pos_joh_03,709_03_096_sort_pos_joh_01,-0.014204670076805419,-0.005972882540472448,-0.004806318947834443,
709_03_038_sort_pos_joh_01_709_03_044_sort_pos_joh_01,709_03_038_sort_pos_joh_01,709_03_044_sort_pos_joh_01,0.05562163451600138,0.002320441232144249,0.0032878083623385755,0.009130310686356393
709_03_038_sort_pos_joh_01_709_03_044_sort_pos_joh_02,709_03_038_sort_pos_joh_01,709_03_044_sort_pos_joh_02,0.01049029704440697,-0.009317042737610432,0.019796338731322704,0.0012578534278019236
709_03_038_sort_pos_joh_01_709_03_044_sort_pos_joh_03,709_03_038_sort_pos_joh_01,709_03_044_sort_pos_joh_03,0.022435675479330525,0.025808384613258066,0.02236237912358131,-0.0010333404775972352
709_03_038_sort_pos_joh_01_709_03_044_sort_pos_joh_04,709_03_038_sort_pos_joh_01,709_03_044_sort_pos_joh_04,-0.015025576551729565,-0.005352021985402604,0.0041972251130885764,-0.01498506917102332
709_03_038_sort_pos_joh_01_709_03_044_sort_pos_joh_05,709_03_038_sort_pos_joh_01,709_03_044_sort_pos_joh_05,0.09438345090572467,0.03873112519064525,0.012453724086913845,0.008046503678531512
709_03_038_sort_pos_joh_01_709_03_045_sort_pos_joh_01,709_03_038_sort_pos_joh_01,709_03_045_sort_pos_joh_01,0.03296766659615087,0.006131099160805156,0.0313084074744792,0.025638662071072998
709_03_038_sort_pos_joh_01_709_03_045_sort_pos_joh_02,709_03_038_sort_pos_joh_01,709_03_045_sort_pos_joh_02,0.023147781246175152,-0.006319617081748141,0.03849668477612373,0.012794645339208146
709_03_038_sort_pos_joh_01_709_03_045_sort_pos_joh_04,709_03_038_sort_pos_joh_01,709_03_045_sort_pos_joh_04,0.06917548444184422,0.01619454537097989,0.04025465321385475,0.028082433352032175
709_03_038_sort_pos_joh_01_709_03_046_sort_pos_joh_01,709_03_038_sort_pos_joh_01,709_03_046_sort_pos_joh_01,0.12295030814146492,0.011826518091718747,0.020946508315810436,0.029903340880547392
709_03_038_sort_pos_joh_01_709_03_046_sort_pos_joh_02,709_03_038_sort_pos_joh_01,709_03_046_sort_pos_joh_02,0.04988490704961392,0.028301907852532747,0.028809056625341434,0.02285115931860904
709_03_038_sort_pos_joh_01_709_03_047_sort_pos_joh_01,709_03_038_sort_pos_joh_01,709_03_047_sort_pos_joh_01,0.07476036218657987,0.003060430260982006,0.06972097694283758,0.023863413432377748
709_03_038_sort_pos_joh_01_709_03_047_sort_pos_joh_02,709_03_038_sort_pos_joh_01,709_03_047_sort_pos_joh_02,0.03452050360866587,-0.02521729926246442,0.0321896361070819,0.0036068923100230723
709_03_038_sort_pos_joh_01_709_03_072_sort_pos_joh_01,709_03_038_sort_pos_joh_01,709_03_072_sort_pos_joh_01,0.08326144681277566,0.054786712274417115,-0.0063488281442449085,0.005852122616743631
709_03_038_sort_pos_joh_01_709_03_091_sort_pos_joh_01,709_03_038_sort_pos_joh_01,709_03_091_sort_pos_joh_01,-0.0029942380171881456,0.018394901812581795,0.009088511109718853,7.309619386826578e-05
709_03_038_sort_pos_joh_01_709_03_094_sort_pos_joh_01,709_03_038_sort_pos_joh_01,709_03_094_sort_pos_joh_01,0.01034712901326813,0.005228717426836227,0.029709270815785328,0.006474512749727084
709_03_038_sort_pos_joh_01_709_03_096_sort_pos_joh_01,709_03_038_sort_pos_joh_01,709_03_096_sort_pos_joh_01,0.02818992481985273,0.03893477773823675,0.09488387555474813,0.030232660390933624
709_03_044_sort_pos_joh_01_709_03_044_sort_pos_joh_02,709_03_044_sort_pos_joh_01,709_03_044_sort_pos_joh_02,0.0592707605756041,0.10638337477823365,0.25273752489420437,0.13336368133079657
709_03_044_sort_pos_joh_01_709_03_044_sort_pos_joh_03,709_03_044_sort_pos_joh_01,709_03_044_sort_pos_joh_03,0.07591440925871175,0.12653040697441412,0.23317144011617516,0.11368337171624836
709_03_044_sort_pos_joh_01_709_03_044_sort_pos_joh_04,709_03_044_sort_pos_joh_01,709_03_044_sort_pos_joh_04,0.0029576159951602015,0.040662414451953,0.16205076360500445,0.07031430115989815
709_03_044_sort_pos_joh_01_709_03_044_sort_pos_joh_05,709_03_044_sort_pos_joh_01,709_03_044_sort_pos_joh_05,0.09752341997299391,0.05407976762298004,0.0999819047587292,0.078660538192725
709_03_044_sort_pos_joh_01_709_03_045_sort_pos_joh_01,709_03_044_sort_pos_joh_01,709_03_045_sort_pos_joh_01,0.02626505661889982,0.00674839499405654,-0.013069567699474998,0.00804465441147802
709_03_044_sort_pos_joh_01_709_03_045_sort_pos_joh_02,709_03_044_sort_pos_joh_01,709_03_045_sort_pos_joh_02,0.018098019008112056,0.015145755756169433,-0.011129338007627634,0.0005883423530108734
709_03_044_sort_pos_joh_01_709_03_045_sort_pos_joh_04,709_03_044_sort_pos_joh_01,709_03_045_sort_pos_joh_04,0.04323808909902771,0.008335017615963754,-0.017857650718048446,-0.005667717482947578
709_03_044_sort_pos_joh_01_709_03_046_sort_pos_joh_01,709_03_044_sort_pos_joh_01,709_03_046_sort_pos_joh_01,0.026734236998932782,-0.012878229081747418,-0.005025851789959752,-0.00109281032383593
709_03_044_sort_pos_joh_01_709_03_046_sort_pos_joh_02,709_03_044_sort_pos_joh_01,709_03_046_sort_pos_joh_02,0.036754363937877906,-0.013226686570746191,0.011593981923622801,0.030674041023167217
709_03_044_sort_pos_joh_01_709_03_047_sort_pos_joh_01,709_03_044_sort_pos_joh_01,709_03_047_sort_pos_joh_01,0.038676477174297084,0.021605926175878382,0.11583118159461472,0.02495229613368115
709_03_044_sort_pos_joh_01_709_03_047_sort_pos_joh_02,709_03_044_sort_pos_joh_01,709_03_047_sort_pos_joh_02,0.02008483185715963,0.039429624208253335,0.027704987877999052,0.013126214123655711
709_03_044_sort_pos_joh_01_709_03_072_sort_pos_joh_01,709_03_044_sort_pos_joh_01,709_03_072_sort_pos_joh_01,0.017204939627032838,0.015534594790071077,-0.01345488398962008,-0.0052345732511491294
709_03_044_sort_pos_joh_01_709_03_091_sort_pos_joh_01,709_03_044_sort_pos_joh_01,709_03_091_sort_pos_joh_01,0.031060022068999806,-0.0014180273494650102,0.03279322052938112,0.015162182277513798
709_03_044_sort_pos_joh_01_709_03_094_sort_pos_joh_01,709_03_044_sort_pos_joh_01,709_03_094_sort_pos_joh_01,-0.007674013988152438,0.006369268668173611,0.031175435141506676,0.00604020874449857
709_03_044_sort_pos_joh_01_709_03_096_sort_pos_joh_01,709_03_044_sort_pos_joh_01,709_03_096_sort_pos_joh_01,0.03000180980048946,0.017995441660813457,0.06373553196675907,0.027259416375126407
709_03_044_sort_pos_joh_02_709_03_044_sort_pos_joh_03,709_03_044_sort_pos_joh_02,709_03_044_sort_pos_joh_03,0.08858626237807644,0.18942029260851137,0.27577051298927135,0.1561593791979671
709_03_044_sort_pos_joh_02_709_03_044_sort_pos_joh_04,709_03_044_sort_pos_joh_02,709_03_044_sort_pos_joh_04,0.030102623482592326,0.11092460626206431,0.2230367310856031,0.07308864700964292
709_03_044_sort_pos_joh_02_709_03_044_sort_pos_joh_05,709_03_044_sort_pos_joh_02,709_03_044_sort_pos_joh_05,0.041916135168923736,0.06662926388803418,0.11586691664307106,0.06483029258022907
709_03_044_sort_pos_joh_02_709_03_045_sort_pos_joh_01,709_03_044_sort_pos_joh_02,709_03_045_sort_pos_joh_01,0.02322977606165049,-0.03977374363443651,-0.021361710929477133,-0.013036702582956148
709_03_044_sort_pos_joh_02_709_03_045_sort_pos_joh_02,709_03_044_sort_pos_joh_02,709_03_045_sort_pos_joh_02,0.012996018028238545,-0.00842947733818968,-0.013984432826887702,-0.016315043931727634
709_03_044_sort_pos_joh_02_709_03_045_sort_pos_joh_04,709_03_044_sort_pos_joh_02,709_03_045_sort_pos_joh_04,0.014965559560618964,-0.024214288146801734,-0.014923700368399885,-0.00869266674512215
709_03_044_sort_pos_joh_02_709_03_046_sort_pos_joh_01,709_03_044_sort_pos_joh_02,709_03_046_sort_pos_joh_01,0.02830214299509063,-0.00562102718609142,-0.006085326519872864,0.0007815168375586298
709_03_044_sort_pos_joh_02_709_03_046_sort_pos_joh_02,709_03_044_sort_pos_joh_02,709_03_046_sort_pos_joh_02,0.0025056984594521176,-0.01778451897436998,0.0018226579804881532,-0.0038452969173613035
709_03_044_sort_pos_joh_02_709_03_047_sort_pos_joh_01,709_03_044_sort_pos_joh_02,709_03_047_sort_pos_joh_01,0.021853172912943912,0.015929777391606243,0.08910079901774581,0.02173687697851922
709_03_044_sort_pos_joh_02_709_03_047_sort_pos_joh_02,709_03_044_sort_pos_joh_02,709_03_047_sort_pos_joh_02,0.030782127175014082,0.02912814819879193,0.029758163490148315,-0.0022180775148515014
709_03_044_sort_pos_joh_02_709_03_072_sort_pos_joh_01,709_03_044_sort_pos_joh_02,709_03_072_sort_pos_joh_01,-0.00981233563177885,0.006711180491665153,-0.016774036811433544,4.4899173214568446e-05
709_03_044_sort_pos_joh_02_709_03_091_sort_pos_joh_01,709_03_044_sort_pos_joh_02,709_03_091_sort_pos_joh_01,-0.0021405562483458158,-0.014972757447701194,0.030063281177981835,0.008020945611041337
709_03_044_sort_pos_joh_02_709_03_094_sort_pos_joh_01,709_03_044_sort_pos_joh_02,709_03_094_sort_pos_joh_01,-0.006856151887699025,0.017931209510421604,0.011694574549371914,0.0009175408437691052
709_03_044_sort_pos_joh_02_709_03_096_sort_pos_joh_01,709_03_044_sort_pos_joh_02,709_03_096_sort_pos_joh_01,0.0027782421805707764,-0.00014301219793727096,0.07898778688427512,0.012898898165174337
709_03_044_sort_pos_joh_03_709_03_044_sort_pos_joh_04,709_03_044_sort_pos_joh_03,709_03_044_sort_pos_joh_04,0.04061650842016188,0.09415461115013436,0.18511720140440585,0.08117020692057539
709_03_044_sort_pos_joh_03_709_03_044_sort_pos_joh_05,709_03_044_sort_pos_joh_03,709_03_044_sort_pos_joh_05,0.05849485840084466,0.07503308598413655,0.12793390876827984,0.05455715707148312
709_03_044_sort_pos_joh_03_709_03_045_sort_pos_joh_01,709_03_044_sort_pos_joh_03,709_03_045_sort_pos_joh_01,-0.009572813574914994,-0.02308447521723373,-0.03886924246728191,-0.010577522044107526
709_03_044_sort_pos_joh_03_709_03_045_sort_pos_joh_02,709_03_044_sort_pos_joh_03,709_03_045_sort_pos_joh_02,-0.0018245197510766186,-0.018347945761517673,-0.030899126656444433,-0.0043225721787897705
709_03_044_sort_pos_joh_03_709_03_045_sort_pos_joh_04,709_03_044_sort_pos_joh_03,709_03_045_sort_pos_joh_04,0.011670068940831984,-0.009555116584128269,-0.029265847478272464,-0.011981914284154377
709_03_044_sort_pos_joh_03_709_03_046_sort_pos_joh_01,709_03_044_sort_pos_joh_03,709_03_046_sort_pos_joh_01,0.022084299427540737,-0.016837428046769763,-0.030955783649575755,-0.007365397093926359
709_03_044_sort_pos_joh_03_709_03_046_sort_pos_joh_02,709_03_044_sort_pos_joh_03,709_03_046_sort_pos_joh_02,0.006580529104803816,-0.009570453535129418,-0.016591419370361727,0.008797245346718174
709_03_044_sort_pos_joh_03_709_03_047_sort_pos_joh_01,709_03_044_sort_pos_joh_03,709_03_047_sort_pos_joh_01,0.03243877389522301,0.023446353126743143,0.06871106268265625,0.011697668154617416
709_03_044_sort_pos_joh_03_709_03_047_sort_pos_joh_02,709_03_044_sort_pos_joh_03,709_03_047_sort_pos_joh_02,0.04523703359480987,0.03171951585697323,0.02208836762912084,-0.00046202901848904404
709_03_044_sort_pos_joh_03_709_03_072_sort_pos_joh_01,709_03_044_sort_pos_joh_03,709_03_072_sort_pos_joh_01,0.001401365401098598,0.013342727917539345,-0.011266209148172935,0.007629349275512466
709_03_044_sort_pos_joh_03_709_03_091_sort_pos_joh_01,709_03_044_sort_pos_joh_03,709_03_091_sort_pos_joh_01,0.00946212241305698,0.009468190807554903,0.03114688426853137,0.013333097117384906
709_03_044_sort_pos_joh_03_709_03_094_sort_pos_joh_01,709_03_044_sort_pos_joh_03,709_03_094_sort_pos_joh_01,0.014168374513895124,0.015317505986842958,0.014006645838393346,-0.0024940198135691917
709_03_044_sort_pos_joh_03_709_03_096_sort_pos_joh_01,709_03_044_sort_pos_joh_03,709_03_096_sort_pos_joh_01,-0.0020241832061226677,0.012244106428388008,0.05513570516574417,0.014605606729527472
709_03_044_sort_pos_joh_04_709_03_044_sort_pos_joh_05,709_03_044_sort_pos_joh_04,709_03_044_sort_pos_joh_05,-0.0008163744351740089,0.03704144721247966,0.09650868915496752,0.02725507912013705
709_03_044_sort_pos_joh_04_709_03_045_sort_pos_joh_01,709_03_044_sort_pos_joh_04,709_03_045_sort_pos_joh_01,0.016193593221180975,-0.007032896911885551,-0.0035453133013424475,-0.0036473189084278625
709_03_044_sort_pos_joh_04_709_03_045_sort_pos_joh_02,709_03_044_sort_pos_joh_04,709_03_045_sort_pos_joh_02,0.01515373481520509,-0.00045266376117713257,0.0009726100236674141,-0.0027225209032035154
709_03_044_sort_pos_joh_04_709_03_045_sort_pos_joh_04,709_03_044_sort_pos_joh_04,709_03_045_sort_pos_joh_04,-0.001406363139451872,-0.007529864898192949,-0.0032498073071556494,-0.01167590072322222
709_03_044_sort_pos_joh_04_709_03_046_sort_pos_joh_01,709_03_044_sort_pos_joh_04,709_03_046_sort_pos_joh_01,-0.0024107108597849593,0.006400353440697767,0.007926068714299433,-0.011888623384114961
709_03_044_sort_pos_joh_04_709_03_046_sort_pos_joh_02,709_03_044_sort_pos_joh_04,709_03_046_sort_pos_joh_02,0.00343294594937843,-0.009410938710084867,0.005000900627498148,0.0016484731658454406
709_03_044_sort_pos_joh_04_709_03_047_sort_pos_joh_01,709_03_044_sort_pos_joh_04,709_03_047_sort_pos_joh_01,0.010941453562038206,0.010253150182424835,0.05915789390685886,0.01020442418382377
709_03_044_sort_pos_joh_04_709_03_047_sort_pos_joh_02,709_03_044_sort_pos_joh_04,709_03_047_sort_pos_joh_02,0.015469221357665115,0.01158791511187983,0.018337458727459302,-0.0083771073175672
709_03_044_sort_pos_joh_04_709_03_072_sort_pos_joh_01,709_03_044_sort_pos_joh_04,709_03_072_sort_pos_joh_01,0.0002696489874262742,-0.005348559515238135,0.0037769419798294635,-0.006302219917520663
709_03_044_sort_pos_joh_04_709_03_091_sort_pos_joh_01,709_03_044_sort_pos_joh_04,709_03_091_sort_pos_joh_01,-0.009159822497404478,-0.018217394094748655,0.016969382446984857,0.005769674137578471
709_03_044_sort_pos_joh_04_709_03_094_sort_pos_joh_01,709_03_044_sort_pos_joh_04,709_03_094_sort_pos_joh_01,0.008600170776247381,0.009600581586821444,0.010147598486458315,0.018419838802161602
709_03_044_sort_pos_joh_04_709_03_096_sort_pos_joh_01,709_03_044_sort_pos_joh_04,709_03_096_sort_pos_joh_01,-0.013267454146319252,-0.012982738221525006,0.04741837425001298,0.009180706996125014
709_03_044_sort_pos_joh_05_709_03_045_sort_pos_joh_01,709_03_044_sort_pos_joh_05,709_03_045_sort_pos_joh_01,0.026184059060377664,0.01595239947701049,0.0008684560284818914,-0.006665693901136722
709_03_044_sort_pos_joh_05_709_03_045_sort_pos_joh_02,709_03_044_sort_pos_joh_05,709_03_045_sort_pos_joh_02,0.03143884021671944,-0.0006041143725640459,0.0043081274825238726,-0.01490265704111075
709_03_044_sort_pos_joh_05_709_03_045_sort_pos_joh_04,709_03_044_sort_pos_joh_05,709_03_045_sort_pos_joh_04,0.0569441165530065,0.02009540218247532,0.0014445108567361603,-0.016991204457043926
709_03_044_sort_pos_joh_05_709_03_046_sort_pos_joh_01,709_03_044_sort_pos_joh_05,709_03_046_sort_pos_joh_01,0.06915396396977311,0.02289511557307765,0.0044789509231585685,-0.017437324337641162
709_03_044_sort_pos_joh_05_709_03_046_sort_pos_joh_02,709_03_044_sort_pos_joh_05,709_03_046_sort_pos_joh_02,0.04737144778023512,0.011894007771325337,-0.0028161936441771927,0.009019600442741634
709_03_044_sort_pos_joh_05_709_03_047_sort_pos_joh_01,709_03_044_sort_pos_joh_05,709_03_047_sort_pos_joh_01,0.05057474927190071,0.03165904247480629,0.026412511961370594,0.025154634356387262
709_03_044_sort_pos_joh_05_709_03_047_sort_pos_joh_02,709_03_044_sort_pos_joh_05,709_03_047_sort_pos_joh_02,0.038734978670809043,0.04484882894925348,-6.575760125344888e-05,0.013954091097009633
709_03_044_sort_pos_joh_05_709_03_072_sort_pos_joh_01,709_03_044_sort_pos_joh_05,709_03_072_sort_pos_joh_01,0.022243702191985223,0.030197536448415465,-0.021482750240123645,-0.004848332854790146
709_03_044_sort_pos_joh_05_709_03_091_sort_pos_joh_01,709_03_044_sort_pos_joh_05,709_03_091_sort_pos_joh_01,0.002783502413843196,-0.002353280842209394,-0.004853218084773795,0.015065801623034126
709_03_044_sort_pos_joh_05_709_03_094_sort_pos_joh_01,709_03_044_sort_pos_joh_05,709_03_094_sort_pos_joh_01,0.0062395380427321305,-0.00030564431924575975,-0.009929524849610202,0.003335376985094821
709_03_044_sort_pos_joh_05_709_03_096_sort_pos_joh_01,709_03_044_sort_pos_joh_05,709_03_096_sort_pos_joh_01,0.010587333611783066,0.0024689895256307473,0.02752593860797472,0.01957986394093349
709_03_045_sort_pos_joh_01_709_03_045_sort_pos_joh_02,709_03_045_sort_pos_joh_01,709_03_045_sort_pos_joh_02,0.19865682304758925,0.17666543015480346,0.5205986179238635,0.22864314355629609
709_03_045_sort_pos_joh_01_709_03_045_sort_pos_joh_04,709_03_045_sort_pos_joh_01,709_03_045_sort_pos_joh_04,0.16911432288904038,0.17557222249533624,0.5076393692998509,0.18985299575585138
709_03_045_sort_pos_joh_01_709_03_046_sort_pos_joh_01,709_03_045_sort_pos_joh_01,709_03_046_sort_pos_joh_01,0.07741652871262081,0.06870801588765237,0.4735649240173314,0.18471321092254328
709_03_045_sort_pos_joh_01_709_03_046_sort_pos_joh_02,709_03_045_sort_pos_joh_01,709_03_046_sort_pos_joh_02,0.05410251623083561,0.07688662906577494,0.2718453170041157,0.11194922942761315
709_03_045_sort_pos_joh_01_709_03_047_sort_pos_joh_01,709_03_045_sort_pos_joh_01,709_03_047_sort_pos_joh_01,0.026483816825880302,0.02146650443320874,0.18415500307196025,0.019597203655719427
709_03_045_sort_pos_joh_01_709_03_047_sort_pos_joh_02,709_03_045_sort_pos_joh_01,709_03_047_sort_pos_joh_02,0.010577786091454254,-0.009963274307982651,0.05200272475764185,0.015035252990543911
709_03_045_sort_pos_joh_01_709_03_072_sort_pos_joh_01,709_03_045_sort_pos_joh_01,709_03_072_sort_pos_joh_01,0.020642214713845742,0.012248425418007396,0.003209136674744831,0.0037655589245034313
709_03_045_sort_pos_joh_01_709_03_091_sort_pos_joh_01,709_03_045_sort_pos_joh_01,709_03_091_sort_pos_joh_01,0.012479350470284199,0.002832622346708395,0.012382646236992288,0.012787521076106907
709_03_045_sort_pos_joh_01_709_03_094_sort_pos_joh_01,709_03_045_sort_pos_joh_01,709_03_094_sort_pos_joh_01,-0.009684964002372407,0.010197590503074958,0.028869597780836996,0.00973522701796798
709_03_045_sort_pos_joh_01_709_03_096_sort_pos_joh_01,709_03_045_sort_pos_joh_01,709_03_096_sort_pos_joh_01,-0.005081086005560241,-0.005745297654780818,-0.016166948341540564,-0.0008948597303626362
709_03_045_sort_pos_joh_02_709_03_045_sort_pos_joh_04,709_03_045_sort_pos_joh_02,709_03_045_sort_pos_joh_04,0.2008267358986159,0.1463059563110853,0.4199397951347511,0.16999365005944325
709_03_045_sort_pos_joh_02_709_03_046_sort_pos_joh_01,709_03_045_sort_pos_joh_02,709_03_046_sort_pos_joh_01,0.07873303771293895,0.06154959102652117,0.38062231388223283,0.15500094754739788
709_03_045_sort_pos_joh_02_709_03_046_sort_pos_joh_02,709_03_045_sort_pos_joh_02,709_03_046_sort_pos_joh_02,0.06461173114157424,0.059076410915819805,0.22167123057149152,0.08914299302334402
709_03_045_sort_pos_joh_02_709_03_047_sort_pos_joh_01,709_03_045_sort_pos_joh_02,709_03_047_sort_pos_joh_01,0.048509819928482176,0.01683305457243649,0.14870723820194195,0.006695486766964696
709_03_045_sort_pos_joh_02_709_03_047_sort_pos_joh_02,709_03_045_sort_pos_joh_02,709_03_047_sort_pos_joh_02,0.005370299856094938,-0.01842707553485945,0.049383671999254586,0.009692674060502357
709_03_045_sort_pos_joh_02_709_03_072_sort_pos_joh_01,709_03_045_sort_pos_joh_02,709_03_072_sort_pos_joh_01,0.006753495883984077,0.013763960696097758,0.005933556666598803,0.014637118384027557
709_03_045_sort_pos_joh_02_709_03_091_sort_pos_joh_01,709_03_045_sort_pos_joh_02,709_03_091_sort_pos_joh_01,-0.0016121484648594943,0.01991820388526057,0.006671152457029224,0.01266052638551101
709_03_045_sort_pos_joh_02_709_03_094_sort_pos_joh_01,709_03_045_sort_pos_joh_02,709_03_094_sort_pos_joh_01,-0.0020097420092454123,0.013935953277752365,0.02166298425071812,0.011270462417108554
709_03_045_sort_pos_joh_02_709_03_096_sort_pos_joh_01,709_03_045_sort_pos_joh_02,709_03_096_sort_pos_joh_01,0.012147621941699539,-0.007784355110446813,-0.01764933680691121,0.008133682442396997
709_03_045_sort_pos_joh_04_709_03_046_sort_pos_joh_01,709_03_045_sort_pos_joh_04,709_03_046_sort_pos_joh_01,0.11546818022931431,0.08172622186597131,0.38785164740243633,0.16225853951399266
709_03_045_sort_pos_joh_04_709_03_046_sort_pos_joh_02,709_03_045_sort_pos_joh_04,709_03_046_sort_pos_joh_02,0.07496783823684404,0.09623422352229191,0.2318843788592095,0.12372099954994795
709_03_045_sort_pos_joh_04_709_03_047_sort_pos_joh_01,709_03_045_sort_pos_joh_04,709_03_047_sort_pos_joh_01,0.033842736534465394,0.02704453309923977,0.1442404855757594,0.015695108986389008
709_03_045_sort_pos_joh_04_709_03_047_sort_pos_joh_02,709_03_045_sort_pos_joh_04,709_03_047_sort_pos_joh_02,-0.005798356103946667,0.0012571514090146565,0.04418846339267091,0.010720294810596174
709_03_045_sort_pos_joh_04_709_03_072_sort_pos_joh_01,709_03_045_sort_pos_joh_04,709_03_072_sort_pos_joh_01,0.04638889788826351,0.04594189610497894,-0.0032343371102510404,0.006528955690222994
709_03_045_sort_pos_joh_04_709_03_091_sort_pos_joh_01,709_03_045_sort_pos_joh_04,709_03_091_sort_pos_joh_01,0.010301612463945902,0.015310668877756983,0.010852801160263619,0.011380980031591704
709_03_045_sort_pos_joh_04_709_03_094_sort_pos_joh_01,709_03_045_sort_pos_joh_04,709_03_094_sort_pos_joh_01,0.004099078338990984,0.02321735274954247,0.024790502355617004,0.007489994071808417
709_03_045_sort_pos_joh_04_709_03_096_sort_pos_joh_01,709_03_045_sort_pos_joh_04,709_03_096_sort_pos_joh_01,0.010107771050753831,-0.01014590308120806,-0.024919527613778168,0.004594347479970931
709_03_046_sort_pos_joh_01_709_03_046_sort_pos_joh_02,709_03_046_sort_pos_joh_01,709_03_046_sort_pos_joh_02,0.15833821703006476,0.12230418877460753,0.33572939837758786,0.26331490759030796
709_03_046_sort_pos_joh_01_709_03_047_sort_pos_joh_01,709_03_046_sort_pos_joh_01,709_03_047_sort_pos_joh_01,0.08875080452935788,0.0336990031289747,0.21767812236858233,0.0836987580581934
709_03_046_sort_pos_joh_01_709_03_047_sort_pos_joh_02,709_03_046_sort_pos_joh_01,709_03_047_sort_pos_joh_02,0.059406878030180674,0.0012912278611818004,0.07738779388268661,0.04330391845225345
709_03_046_sort_pos_joh_01_709_03_072_sort_pos_joh_01,709_03_046_sort_pos_joh_01,709_03_072_sort_pos_joh_01,0.04606458828762985,0.02472620300316734,0.0012744556877649644,0.009668456588238644
709_03_046_sort_pos_joh_01_709_03_091_sort_pos_joh_01,709_03_046_sort_pos_joh_01,709_03_091_sort_pos_joh_01,-0.011715954792231968,-0.005258336434557753,0.016469623530426147,0.029941523439296916
709_03_046_sort_pos_joh_01_709_03_094_sort_pos_joh_01,709_03_046_sort_pos_joh_01,709_03_094_sort_pos_joh_01,0.019600644319193544,-0.006741774709333039,0.02367617539373647,0.005694568714706668
709_03_046_sort_pos_joh_01_709_03_096_sort_pos_joh_01,709_03_046_sort_pos_joh_01,709_03_096_sort_pos_joh_01,-0.0077411068677202596,-0.025482176524641364,-0.01419409914109116,0.00784818131901861
709_03_046_sort_pos_joh_02_709_03_047_sort_pos_joh_01,709_03_046_sort_pos_joh_02,709_03_047_sort_pos_joh_01,0.05338232247648321,0.0437662222542147,0.15442286325027985,0.06399431352600687
709_03_046_sort_pos_joh_02_709_03_047_sort_pos_joh_02,709_03_046_sort_pos_joh_02,709_03_047_sort_pos_joh_02,0.03462872276118241,0.03408281548687803,0.046893759426360204,0.04841013658888283
709_03_046_sort_pos_joh_02_709_03_072_sort_pos_joh_01,709_03_046_sort_pos_joh_02,709_03_072_sort_pos_joh_01,0.003304460666029647,0.013736912752928286,0.014927330796370313,0.015326187311319916
709_03_046_sort_pos_joh_02_709_03_091_sort_pos_joh_01,709_03_046_sort_pos_joh_02,709_03_091_sort_pos_joh_01,0.02609636941903495,0.010603216491331885,0.02231856136299851,0.03758189079208637
709_03_046_sort_pos_joh_02_709_03_094_sort_pos_joh_01,709_03_046_sort_pos_joh_02,709_03_094_sort_pos_joh_01,0.0026381896919557414,0.0028054058325774223,0.013833274976433118,0.015497576733606454
709_03_046_sort_pos_joh_02_709_03_096_sort_pos_joh_01,709_03_046_sort_pos_joh_02,709_03_096_sort_pos_joh_01,0.0010674759406009953,0.0035392499112025357,0.003921716181748306,0.0363533953305124
709_03_047_sort_pos_joh_01_709_03_047_sort_pos_joh_02,709_03_047_sort_pos_joh_01,709_03_047_sort_pos_joh_02,0.13208569965995912,0.1002609398219491,0.26150237916919444,0.12064302043821026
709_03_047_sort_pos_joh_01_709_03_072_sort_pos_joh_01,709_03_047_sort_pos_joh_01,709_03_072_sort_pos_joh_01,0.008346537864557269,0.009954801920530299,-0.020420696173921817,0.011369735480023293
709_03_047_sort_pos_joh_01_709_03_091_sort_pos_joh_01,709_03_047_sort_pos_joh_01,709_03_091_sort_pos_joh_01,0.006912628322127326,0.009501482088288203,0.07802831639505968,0.019471183267810097
709_03_047_sort_pos_joh_01_709_03_094_sort_pos_joh_01,709_03_047_sort_pos_joh_01,709_03_094_sort_pos_joh_01,0.002301430853949975,0.014806569361858212,0.052643612724379896,0.0032460960817006844
709_03_047_sort_pos_joh_01_709_03_096_sort_pos_joh_01,709_03_047_sort_pos_joh_01,709_03_096_sort_pos_joh_01,0.010130368385592487,0.0029705342807247294,0.08477162518621745,0.02752943865435262
709_03_047_sort_pos_joh_02_709_03_072_sort_pos_joh_01,709_03_047_sort_pos_joh_02,709_03_072_sort_pos_joh_01,-0.0020420722791203347,-0.006771050127764919,-0.00011987555664853604,0.003298727904641911
709_03_047_sort_pos_joh_02_709_03_091_sort_pos_joh_01,709_03_047_sort_pos_joh_02,709_03_091_sort_pos_joh_01,-0.006411136652246541,-0.020516333768142943,0.024807723889344404,0.007196806285606954
709_03_047_sort_pos_joh_02_709_03_094_sort_pos_joh_01,709_03_047_sort_pos_joh_02,709_03_094_sort_pos_joh_01,0.00397322891315713,0.0012530075486891204,0.016819503883572017,0.0003227775440666882
709_03_047_sort_pos_joh_02_709_03_096_sort_pos_joh_01,709_03_047_sort_pos_joh_02,709_03_096_sort_pos_joh_01,-0.02165443278953688,-0.0017087191787893794,0.035366003125605276,0.007724588089667684
709_03_072_sort_pos_joh_01_709_03_091_sort_pos_joh_01,709_03_072_sort_pos_joh_01,709_03_091_sort_pos_joh_01,0.00566024838447211,0.020508131478776913,-0.009233534033779562,-0.001713441310152797
709_03_072_sort_pos_joh_01_709_03_094_sort_pos_joh_01,709_03_072_sort_pos_joh_01,709_03_094_sort_pos_joh_01,0.024130525516708985,0.008187057545453257,-0.0006449747988357946,-0.0035114046425588383
709_03_072_sort_pos_joh_01_709_03_096_sort_pos_joh_01,709_03_072_sort_pos_joh_01,709_03_096_sort_pos_joh_01,0.013511457144097065,0.01854449383572189,-0.027118062236296713,0.0039071791916039786
709_03_091_sort_pos_joh_01_709_03_094_sort_pos_joh_01,709_03_091_sort_pos_joh_01,709_03_094_sort_pos_joh_01,0.02438065734559436,0.028420058658416215,0.16425050583082798,0.03131992216061395
709_03_091_sort_pos_joh_01_709_03_096_sort_pos_joh_01,709_03_091_sort_pos_joh_01,709_03_096_sort_pos_joh_01,0.02310939098638936,0.04001663725369906,0.22924557415337987,0.05866256696810571
709_03_094_sort_pos_joh_01_709_03_096_sort_pos_joh_01,709_03_094_sort_pos_joh_01,709_03_096_sort_pos_joh_01,-0.0019021898929147318,0.00195044802291919,0.12269366383037783,0.02406737964788772
709_04_003_sort_pos_joh_01_709_04_003_sort_pos_joh_02,709_04_003_sort_pos_joh_01,709_04_003_sort_pos_joh_02,0.051389399549672116,0.04587898319139545,,
709_04_003_sort_pos_joh_01_709_04_008_sort_pos_joh_02,709_04_003_sort_pos_joh_01,709_04_008_sort_pos_joh_02,-0.024037743540978332,0.07287988373740174,0.05656134768997612,0.04150618866053555
709_04_003_sort_pos_joh_01_709_04_041_sort_pos_joh_01,709_04_003_sort_pos_joh_01,709_04_041_sort_pos_joh_01,0.018811367516554697,-0.01671280775451458,0.006034601817495465,0.013219958467523921
709_04_003_sort_pos_joh_01_709_04_041_sort_pos_joh_04,709_04_003_sort_pos_joh_01,709_04_041_sort_pos_joh_04,-0.005423011019507738,0.004683872866838735,-0.0023941741452840727,0.002159717949672228
709_04_003_sort_pos_joh_01_709_04_041_sort_pos_joh_05,709_04_003_sort_pos_joh_01,709_04_041_sort_pos_joh_05,-0.00828541500801838,-0.010369790719533338,-0.0067483484027401125,-7.25809657521794e-05
709_04_003_sort_pos_joh_01_709_04_042_sort_pos_joh_01,709_04_003_sort_pos_joh_01,709_04_042_sort_pos_joh_01,0.0019613143510205325,-0.01365402840317597,0.017254652051774063,0.004994254225238954
709_04_003_sort_pos_joh_01_709_04_042_sort_pos_joh_02,709_04_003_sort_pos_joh_01,709_04_042_sort_pos_joh_02,-0.00905122909415869,-0.0154171207230674,0.014377442308347466,0.010963088716266872
709_04_003_sort_pos_joh_01_709_04_045_sort_pos_joh_03,709_04_003_sort_pos_joh_01,709_04_045_sort_pos_joh_03,0.004783691134740647,-0.012840877333047061,0.0037468226052721947,0.0016069349844014518
709_04_003_sort_pos_joh_01_709_04_048_sort_pos_joh_01,709_04_003_sort_pos_joh_01,709_04_048_sort_pos_joh_01,0.01249900524933457,-0.03592208100713528,-0.011157464318567673,0.008776674484402159
709_04_003_sort_pos_joh_01_709_04_096_sort_pos_joh_01,709_04_003_sort_pos_joh_01,709_04_096_sort_pos_joh_01,0.004912264012430275,-0.003116175191784909,0.0108261440561389,0.004513987038001219
709_04_003_sort_pos_joh_02_709_04_008_sort_pos_joh_02,709_04_003_sort_pos_joh_02,709_04_008_sort_pos_joh_02,0.004484910272252406,0.04786916596241256,,
709_04_003_sort_pos_joh_02_709_04_041_sort_pos_joh_01,709_04_003_sort_pos_joh_02,709_04_041_sort_pos_joh_01,0.014890339083257311,-0.0018066658276718222,,
709_04_003_sort_pos_joh_02_709_04_041_sort_pos_joh_04,709_04_003_sort_pos_joh_02,709_04_041_sort_pos_joh_04,0.010689440272411178,-0.0005537536056270608,,
709_04_003_sort_pos_joh_02_709_04_041_sort_pos_joh_05,709_04_003_sort_pos_joh_02,709_04_041_sort_pos_joh_05,-0.0008901316885508657,-0.013140519330175949,,
709_04_003_sort_pos_joh_02_709_04_042_sort_pos_joh_01,709_04_003_sort_pos_joh_02,709_04_042_sort_pos_joh_01,0.002340751361269029,0.012242092530234899,,
709_04_003_sort_pos_joh_02_709_04_042_sort_pos_joh_02,709_04_003_sort_pos_joh_02,709_04_042_sort_pos_joh_02,0.0027038052714380787,0.003188203224812529,,
709_04_003_sort_pos_joh_02_709_04_045_sort_pos_joh_03,709_04_003_sort_pos_joh_02,709_04_045_sort_pos_joh_03,-0.0028819585764134725,0.006355300564408234,,
709_04_003_sort_pos_joh_02_709_04_048_sort_pos_joh_01,709_04_003_sort_pos_joh_02,709_04_048_sort_pos_joh_01,0.012158651724874969,-0.021493001088536866,,
709_04_003_sort_pos_joh_02_709_04_096_sort_pos_joh_01,709_04_003_sort_pos_joh_02,709_04_096_sort_pos_joh_01,0.017202290917344158,0.020508358478269182,,
709_04_008_sort_pos_joh_02_709_04_041_sort_pos_joh_01,709_04_008_sort_pos_joh_02,709_04_041_sort_pos_joh_01,-0.003457958185984981,0.014722902153623657,0.034247612505282896,0.016001695756491872
709_04_008_sort_pos_joh_02_709_04_041_sort_pos_joh_04,709_04_008_sort_pos_joh_02,709_04_041_sort_pos_joh_04,-0.00904253108047403,-0.00962236031948624,0.013378493913505662,0.0011142181366436974
709_04_008_sort_pos_joh_02_709_04_041_sort_pos_joh_05,709_04_008_sort_pos_joh_02,709_04_041_sort_pos_joh_05,0.012648312791515593,0.028944169584025445,0.014859934808842987,0.012564889493635836
709_04_008_sort_pos_joh_02_709_04_042_sort_pos_joh_01,709_04_008_sort_pos_joh_02,709_04_042_sort_pos_joh_01,0.011393263381061784,0.020701652256634836,0.012067310863248795,0.02464964033773198
709_04_008_sort_pos_joh_02_709_04_042_sort_pos_joh_02,709_04_008_sort_pos_joh_02,709_04_042_sort_pos_joh_02,0.01956355717962728,0.011283633815920006,0.01180805818269067,0.025701354497234985
709_04_008_sort_pos_joh_02_709_04_045_sort_pos_joh_03,709_04_008_sort_pos_joh_02,709_04_045_sort_pos_joh_03,0.001589764161084942,0.0019473802795642358,0.017059677951349682,0.0031287782011921762
709_04_008_sort_pos_joh_02_709_04_048_sort_pos_joh_01,709_04_008_sort_pos_joh_02,709_04_048_sort_pos_joh_01,0.01072589943564896,-0.0019179819342648376,0.02018909017441261,0.021206196036842432
709_04_008_sort_pos_joh_02_709_04_096_sort_pos_joh_01,709_04_008_sort_pos_joh_02,709_04_096_sort_pos_joh_01,0.00743417480780618,-0.0053317151005687815,0.009071239168045834,0.0007799564908366995
709_04_041_sort_pos_joh_01_709_04_041_sort_pos_joh_04,709_04_041_sort_pos_joh_01,709_04_041_sort_pos_joh_04,0.09883615673502696,0.1386056860404309,0.2634006268021428,0.1695970646376753
709_04_041_sort_pos_joh_01_709_04_041_sort_pos_joh_05,709_04_041_sort_pos_joh_01,709_04_041_sort_pos_joh_05,0.08133101048687104,0.06153533726641757,0.19304462712388556,0.10220701543989716
709_04_041_sort_pos_joh_01_709_04_042_sort_pos_joh_01,709_04_041_sort_pos_joh_01,709_04_042_sort_pos_joh_01,0.05502844231156216,0.0345740463980957,0.02698960212855347,0.01150927832066151
709_04_041_sort_pos_joh_01_709_04_042_sort_pos_joh_02,709_04_041_sort_pos_joh_01,709_04_042_sort_pos_joh_02,0.04246335676647447,0.04904088035730204,0.020343802690676187,0.005802259813530837
709_04_041_sort_pos_joh_01_709_04_045_sort_pos_joh_03,709_04_041_sort_pos_joh_01,709_04_045_sort_pos_joh_03,-0.01104776769062016,0.026852982335965336,0.14719314637577569,0.03950089741086621
709_04_041_sort_pos_joh_01_709_04_048_sort_pos_joh_01,709_04_041_sort_pos_joh_01,709_04_048_sort_pos_joh_01,0.025551408859575256,0.019660416626005386,0.20675319447041376,0.036991464218863415
709_04_041_sort_pos_joh_01_709_04_096_sort_pos_joh_01,709_04_041_sort_pos_joh_01,709_04_096_sort_pos_joh_01,0.01774495789298398,0.008070000871278368,0.056332051922120596,0.013211349818921326
709_04_041_sort_pos_joh_04_709_04_041_sort_pos_joh_05,709_04_041_sort_pos_joh_04,709_04_041_sort_pos_joh_05,0.059789459294899934,0.03440486606961614,0.10125386524475118,0.05265002935316247
709_04_041_sort_pos_joh_04_709_04_042_sort_pos_joh_01,709_04_041_sort_pos_joh_04,709_04_042_sort_pos_joh_01,0.00395343179266765,0.004470502447341628,0.014806481756225258,-0.0022772326771949136
709_04_041_sort_pos_joh_04_709_04_042_sort_pos_joh_02,709_04_041_sort_pos_joh_04,709_04_042_sort_pos_joh_02,-0.0025313986926476352,0.022056770819765596,0.0045364738486616055,0.003735586231164067
709_04_041_sort_pos_joh_04_709_04_045_sort_pos_joh_03,709_04_041_sort_pos_joh_04,709_04_045_sort_pos_joh_03,-0.0090541587413673,0.025316951137053754,0.06352549312111304,0.014256527000285407
709_04_041_sort_pos_joh_04_709_04_048_sort_pos_joh_01,709_04_041_sort_pos_joh_04,709_04_048_sort_pos_joh_01,0.016749776390117262,-0.007761459832254516,0.09336150045300089,0.012852351759256331
709_04_041_sort_pos_joh_04_709_04_096_sort_pos_joh_01,709_04_041_sort_pos_joh_04,709_04_096_sort_pos_joh_01,-0.004381924063783755,0.006986438133676332,0.021090788057967585,0.010928806708701621
709_04_041_sort_pos_joh_05_709_04_042_sort_pos_joh_01,709_04_041_sort_pos_joh_05,709_04_042_sort_pos_joh_01,0.0012485260393001528,0.03390564402855604,0.005713778541873161,0.013142433103902684
709_04_041_sort_pos_joh_05_709_04_042_sort_pos_joh_02,709_04_041_sort_pos_joh_05,709_04_042_sort_pos_joh_02,-0.01710877301104164,0.01077348703556425,0.0015849042611870412,0.004855339842761583
709_04_041_sort_pos_joh_05_709_04_045_sort_pos_joh_03,709_04_041_sort_pos_joh_05,709_04_045_sort_pos_joh_03,-0.0073801193226306645,-0.0002975491472655866,0.06310993544733645,0.010998148002168499
709_04_041_sort_pos_joh_05_709_04_048_sort_pos_joh_01,709_04_041_sort_pos_joh_05,709_04_048_sort_pos_joh_01,0.01816906149041364,0.00896852323218923,0.06511419672203658,0.018938225008760468
709_04_041_sort_pos_joh_05_709_04_096_sort_pos_joh_01,709_04_041_sort_pos_joh_05,709_04_096_sort_pos_joh_01,0.019713698102609704,0.045151133408658325,0.012481655605022166,-0.0010336942072852312
709_04_042_sort_pos_joh_01_709_04_042_sort_pos_joh_02,709_04_042_sort_pos_joh_01,709_04_042_sort_pos_joh_02,0.15117507848850656,0.16950998192194341,0.32963307580963447,0.21549764771407967
709_04_042_sort_pos_joh_01_709_04_045_sort_pos_joh_03,709_04_042_sort_pos_joh_01,709_04_045_sort_pos_joh_03,-0.024658154281759673,-0.0030645065806519326,-0.03997846998404316,-0.020007843448967277
709_04_042_sort_pos_joh_01_709_04_048_sort_pos_joh_01,709_04_042_sort_pos_joh_01,709_04_048_sort_pos_joh_01,0.05588426448884265,-0.013393108279225128,0.05571082355962277,0.03296036848231914
709_04_042_sort_pos_joh_01_709_04_096_sort_pos_joh_01,709_04_042_sort_pos_joh_01,709_04_096_sort_pos_joh_01,0.026063029947957634,0.04884749617331568,0.04999163533518226,0.015428520478131216
709_04_042_sort_pos_joh_02_709_04_045_sort_pos_joh_03,709_04_042_sort_pos_joh_02,709_04_045_sort_pos_joh_03,-0.007261084591432385,-0.02659591237565949,-0.0406191006920113,-0.017009465141749967
709_04_042_sort_pos_joh_02_709_04_048_sort_pos_joh_01,709_04_042_sort_pos_joh_02,709_04_048_sort_pos_joh_01,0.015485786129109606,0.003847370912393623,0.044019072708861795,0.010190204342407277
709_04_042_sort_pos_joh_02_709_04_096_sort_pos_joh_01,709_04_042_sort_pos_joh_02,709_04_096_sort_pos_joh_01,0.03183888699680078,0.02058381046730914,0.0483181426437836,0.030966045666565294
709_04_045_sort_pos_joh_03_709_04_048_sort_pos_joh_01,709_04_045_sort_pos_joh_03,709_04_048_sort_pos_joh_01,-0.01828100369611774,-0.01949947191997554,0.02576274408089874,-0.01356732655256201
709_04_045_sort_pos_joh_03_709_04_096_sort_pos_joh_01,709_04_045_sort_pos_joh_03,709_04_096_sort_pos_joh_01,-0.00732578159570013,-0.007435292715814468,-0.008823066595547923,-0.006984001257150947
709_04_048_sort_pos_joh_01_709_04_096_sort_pos_joh_01,709_04_048_sort_pos_joh_01,709_04_096_sort_pos_joh_01,0.0030255595828904756,-0.017077265348495865,0.06835051360434471,0.021447220018064185
710_01_008_sort_pos_joh_02_710_01_011_sort_pos_joh_01,710_01_008_sort_pos_joh_02,710_01_011_sort_pos_joh_01,0.007109702840520295,-0.009115012258304758,0.06021358836985394,0.04798179659318438
710_01_008_sort_pos_joh_02_710_01_011_sort_pos_joh_03,710_01_008_sort_pos_joh_02,710_01_011_sort_pos_joh_03,0.0017040560476798013,0.02767076788284905,0.012650789301703987,0.026980765052307284
710_01_008_sort_pos_joh_02_710_01_011_sort_pos_joh_04,710_01_008_sort_pos_joh_02,710_01_011_sort_pos_joh_04,0.007201776095474243,-0.052034829381773506,0.024533747678376266,0.0025284805836479807
710_01_008_sort_pos_joh_02_710_01_014_sort_pos_joh_01,710_01_008_sort_pos_joh_02,710_01_014_sort_pos_joh_01,0.009036578630146341,0.029237742100972307,0.00562198732273274,0.01722832626319187
710_01_008_sort_pos_joh_02_710_01_014_sort_pos_joh_05,710_01_008_sort_pos_joh_02,710_01_014_sort_pos_joh_05,0.018202088339486062,-0.0013321585313428447,0.01844166984556702,
710_01_008_sort_pos_joh_02_710_01_015_sort_pos_joh_01,710_01_008_sort_pos_joh_02,710_01_015_sort_pos_joh_01,0.026082538556107995,0.03459482259701187,0.14820461755144257,0.047077960593256044
710_01_008_sort_pos_joh_02_710_01_015_sort_pos_joh_02,710_01_008_sort_pos_joh_02,710_01_015_sort_pos_joh_02,-0.03112293211640328,-0.009396007155534635,0.012972831672326268,0.02101208570713784
710_01_008_sort_pos_joh_02_710_01_015_sort_pos_joh_03,710_01_008_sort_pos_joh_02,710_01_015_sort_pos_joh_03,0.0047838950012847395,-0.007378531090155363,0.0011480809328186313,
710_01_008_sort_pos_joh_02_710_01_019_sort_pos_joh_01,710_01_008_sort_pos_joh_02,710_01_019_sort_pos_joh_01,0.01201396211121765,-0.03410213840448718,0.06498503217545887,0.003866252164498425
710_01_008_sort_pos_joh_02_710_01_019_sort_pos_joh_03,710_01_008_sort_pos_joh_02,710_01_019_sort_pos_joh_03,0.020034013153954377,0.007237387829896176,0.07272904649347807,0.015947177152186298
710_01_008_sort_pos_joh_02_710_01_037_sort_pos_joh_01,710_01_008_sort_pos_joh_02,710_01_037_sort_pos_joh_01,-0.017265625769812217,-0.02288666436975828,0.030784536981087147,0.02546302490851125
710_01_008_sort_pos_joh_02_710_01_037_sort_pos_joh_02,710_01_008_sort_pos_joh_02,710_01_037_sort_pos_joh_02,-0.011550548473387611,0.01745694765196052,0.03047034843488923,0.031681137018125395
710_01_008_sort_pos_joh_02_710_01_042_sort_pos_joh_01,710_01_008_sort_pos_joh_02,710_01_042_sort_pos_joh_01,0.029695474254560265,0.008171100945953238,0.0544670717360174,0.010309871376002817
710_01_008_sort_pos_joh_02_710_01_046_sort_pos_joh_01,710_01_008_sort_pos_joh_02,710_01_046_sort_pos_joh_01,0.007554785427173206,0.025360541603925885,0.08222619475594907,0.016977991675494755
710_01_008_sort_pos_joh_02_710_01_046_sort_pos_joh_03,710_01_008_sort_pos_joh_02,710_01_046_sort_pos_joh_03,0.009048228563707699,0.0017821093169366597,0.05958358577075061,0.02063041645562229
710_01_008_sort_pos_joh_02_710_01_056_sort_pos_joh_03,710_01_008_sort_pos_joh_02,710_01_056_sort_pos_joh_03,-0.004753903988083542,0.03661286003845412,0.010304335019359172,0.008637456539071312
710_01_008_sort_pos_joh_02_710_01_069_sort_pos_joh_01,710_01_008_sort_pos_joh_02,710_01_069_sort_pos_joh_01,0.013947341535925051,0.0506274903685911,-0.002425597695348503,0.01890367577445765
710_01_011_sort_pos_joh_01_710_01_011_sort_pos_joh_03,710_01_011_sort_pos_joh_01,710_01_011_sort_pos_joh_03,0.14935604361122712,0.16579900191709018,0.14761007125702832,0.08176930453683047
710_01_011_sort_pos_joh_01_710_01_011_sort_pos_joh_04,710_01_011_sort_pos_joh_01,710_01_011_sort_pos_joh_04,0.3025317168180191,0.44226810820235773,0.27491583506081413,0.02141339784391919
710_01_011_sort_pos_joh_01_710_01_014_sort_pos_joh_01,710_01_011_sort_pos_joh_01,710_01_014_sort_pos_joh_01,0.0037657295101618826,-0.04755754228637673,0.06772036457332012,0.05079592828360712
710_01_011_sort_pos_joh_01_710_01_014_sort_pos_joh_05,710_01_011_sort_pos_joh_01,710_01_014_sort_pos_joh_05,0.026846243044557315,0.05083056535706176,0.061822600911252544,
710_01_011_sort_pos_joh_01_710_01_015_sort_pos_joh_01,710_01_011_sort_pos_joh_01,710_01_015_sort_pos_joh_01,0.14681963053098473,0.2725771090023309,0.21491604517183613,0.03129200872487642
710_01_011_sort_pos_joh_01_710_01_015_sort_pos_joh_02,710_01_011_sort_pos_joh_01,710_01_015_sort_pos_joh_02,0.09139618905710296,0.16322290973562154,0.08727302555339501,0.01820075112499056
710_01_011_sort_pos_joh_01_710_01_015_sort_pos_joh_03,710_01_011_sort_pos_joh_01,710_01_015_sort_pos_joh_03,-0.057343049169798856,-0.031622163643510934,0.048733434577005706,
710_01_011_sort_pos_joh_01_710_01_019_sort_pos_joh_01,710_01_011_sort_pos_joh_01,710_01_019_sort_pos_joh_01,-0.015531210153345442,-0.013574739639817186,0.01917645043701111,-0.0028881611294114527
710_01_011_sort_pos_joh_01_710_01_019_sort_pos_joh_03,710_01_011_sort_pos_joh_01,710_01_019_sort_pos_joh_03,-0.02286937505307529,-0.04136764131584609,0.0396625206811131,0.013332514269310383
710_01_011_sort_pos_joh_01_710_01_037_sort_pos_joh_01,710_01_011_sort_pos_joh_01,710_01_037_sort_pos_joh_01,-0.02783821317899092,-0.004464699950549343,0.009077294264035403,0.01651029335397557
710_01_011_sort_pos_joh_01_710_01_037_sort_pos_joh_02,710_01_011_sort_pos_joh_01,710_01_037_sort_pos_joh_02,-0.01414577501287549,-0.043212374228127404,0.009973401830635685,-9.147042229181834e-05
710_01_011_sort_pos_joh_01_710_01_042_sort_pos_joh_01,710_01_011_sort_pos_joh_01,710_01_042_sort_pos_joh_01,0.03611589791338958,0.0473741429184979,0.005297690601578976,-0.0003722263458776254
710_01_011_sort_pos_joh_01_710_01_046_sort_pos_joh_01,710_01_011_sort_pos_joh_01,710_01_046_sort_pos_joh_01,0.01494242976911069,0.032301837187547575,0.018309909422152507,-0.0048007904352511885
710_01_011_sort_pos_joh_01_710_01_046_sort_pos_joh_03,710_01_011_sort_pos_joh_01,710_01_046_sort_pos_joh_03,-0.0009188614399605854,0.05884394642413872,-0.0010435648304253304,-0.00209114927497156
710_01_011_sort_pos_joh_01_710_01_056_sort_pos_joh_03,710_01_011_sort_pos_joh_01,710_01_056_sort_pos_joh_03,0.0028657923799919245,0.04596086520485733,0.021048782045297042,-0.005409682216380246
710_01_011_sort_pos_joh_01_710_01_069_sort_pos_joh_01,710_01_011_sort_pos_joh_01,710_01_069_sort_pos_joh_01,0.0021475289329473198,0.029561611928777893,0.0063276053153519555,0.022021881957733955
710_01_011_sort_pos_joh_03_710_01_011_sort_pos_joh_04,710_01_011_sort_pos_joh_03,710_01_011_sort_pos_joh_04,0.07876968979845513,0.10575413311715981,0.10942861271906586,0.022931700971858614
710_01_011_sort_pos_joh_03_710_01_014_sort_pos_joh_01,710_01_011_sort_pos_joh_03,710_01_014_sort_pos_joh_01,-0.0246490597316473,-0.046216260751322596,0.01831985538570038,0.03883525210216816
710_01_011_sort_pos_joh_03_710_01_014_sort_pos_joh_05,710_01_011_sort_pos_joh_03,710_01_014_sort_pos_joh_05,-0.012809457042225796,0.02221303629596739,0.029723387430124024,
710_01_011_sort_pos_joh_03_710_01_015_sort_pos_joh_01,710_01_011_sort_pos_joh_03,710_01_015_sort_pos_joh_01,0.05350535716077804,0.09769902699525186,0.09542555255313342,0.0205490179339214
710_01_011_sort_pos_joh_03_710_01_015_sort_pos_joh_02,710_01_011_sort_pos_joh_03,710_01_015_sort_pos_joh_02,-0.019515212273819353,0.016640634445484047,0.05161739079292818,0.01861082500991599
710_01_011_sort_pos_joh_03_710_01_015_sort_pos_joh_03,710_01_011_sort_pos_joh_03,710_01_015_sort_pos_joh_03,-0.07575468312272671,-0.01209544096230229,0.028869035184518627,
710_01_011_sort_pos_joh_03_710_01_019_sort_pos_joh_01,710_01_011_sort_pos_joh_03,710_01_019_sort_pos_joh_01,-0.005912280634173111,-0.005279529978054708,0.00935330306934526,0.030098999943894665
710_01_011_sort_pos_joh_03_710_01_019_sort_pos_joh_03,710_01_011_sort_pos_joh_03,710_01_019_sort_pos_joh_03,-0.021614075573376336,-0.010628205005472909,0.006829350235231343,0.037091632927431346
710_01_011_sort_pos_joh_03_710_01_037_sort_pos_joh_01,710_01_011_sort_pos_joh_03,710_01_037_sort_pos_joh_01,0.0202167269141266,0.010008131952796661,0.012533563950703434,0.02100653840330324
710_01_011_sort_pos_joh_03_710_01_037_sort_pos_joh_02,710_01_011_sort_pos_joh_03,710_01_037_sort_pos_joh_02,0.0006673242067312629,0.06930502810538972,0.004605899098172622,0.0054955307890104345
710_01_011_sort_pos_joh_03_710_01_042_sort_pos_joh_01,710_01_011_sort_pos_joh_03,710_01_042_sort_pos_joh_01,-0.003867351552127868,0.043898183602125905,0.024858269442276523,-0.0027494408153423233
710_01_011_sort_pos_joh_03_710_01_046_sort_pos_joh_01,710_01_011_sort_pos_joh_03,710_01_046_sort_pos_joh_01,-0.0022090907451596357,0.061168764280241456,8.058928372974411e-05,0.001164261566141812
710_01_011_sort_pos_joh_03_710_01_046_sort_pos_joh_03,710_01_011_sort_pos_joh_03,710_01_046_sort_pos_joh_03,-0.009841788868073848,0.041559426861218524,0.004226217648734154,0.00903749258722466
710_01_011_sort_pos_joh_03_710_01_056_sort_pos_joh_03,710_01_011_sort_pos_joh_03,710_01_056_sort_pos_joh_03,-0.01715293096426806,0.08044550651001492,0.013640718528025154,0.020141648632570907
710_01_011_sort_pos_joh_03_710_01_069_sort_pos_joh_01,710_01_011_sort_pos_joh_03,710_01_069_sort_pos_joh_01,0.012571092896653426,0.08206809109410408,-0.01001901712505604,0.006937772585881766
710_01_011_sort_pos_joh_04_710_01_014_sort_pos_joh_01,710_01_011_sort_pos_joh_04,710_01_014_sort_pos_joh_01,0.005197224175339799,-0.03915260191569814,0.013729670737841662,-0.018096116204675872
710_01_011_sort_pos_joh_04_710_01_014_sort_pos_joh_05,710_01_011_sort_pos_joh_04,710_01_014_sort_pos_joh_05,0.03843243960035986,0.02282175307447299,0.04325247304493249,
710_01_011_sort_pos_joh_04_710_01_015_sort_pos_joh_01,710_01_011_sort_pos_joh_04,710_01_015_sort_pos_joh_01,0.12409634710413842,0.15585024299256522,0.09914213488252563,-0.014738955867276849
710_01_011_sort_pos_joh_04_710_01_015_sort_pos_joh_02,710_01_011_sort_pos_joh_04,710_01_015_sort_pos_joh_02,0.07836122660253593,0.16773711268384567,0.06407032895543782,-0.012427783195974682
710_01_011_sort_pos_joh_04_710_01_015_sort_pos_joh_03,710_01_011_sort_pos_joh_04,710_01_015_sort_pos_joh_03,-0.051080905208483296,0.024750759817157932,0.015779312533634227,
710_01_011_sort_pos_joh_04_710_01_019_sort_pos_joh_01,710_01_011_sort_pos_joh_04,710_01_019_sort_pos_joh_01,-0.013324885554104923,0.0058197146045392955,-0.015060911694301158,0.01155983175092482
710_01_011_sort_pos_joh_04_710_01_019_sort_pos_joh_03,710_01_011_sort_pos_joh_04,710_01_019_sort_pos_joh_03,-0.008411739985290205,0.01078026249904414,0.0028635323694266085,0.0074403780441920355
710_01_011_sort_pos_joh_04_710_01_037_sort_pos_joh_01,710_01_011_sort_pos_joh_04,710_01_037_sort_pos_joh_01,-0.038962663633363995,-0.019500256703560804,-0.008810126056986452,-0.010407780472491957
710_01_011_sort_pos_joh_04_710_01_037_sort_pos_joh_02,710_01_011_sort_pos_joh_04,710_01_037_sort_pos_joh_02,-0.022956712332001934,-0.04624348948707551,0.0011839525331185474,0.004624575898081096
710_01_011_sort_pos_joh_04_710_01_042_sort_pos_joh_01,710_01_011_sort_pos_joh_04,710_01_042_sort_pos_joh_01,0.001984758313447034,0.04800315836312254,0.021564549338698353,0.0006023760259459594
710_01_011_sort_pos_joh_04_710_01_046_sort_pos_joh_01,710_01_011_sort_pos_joh_04,710_01_046_sort_pos_joh_01,0.014802943316424028,0.05137082525408624,0.024836993234126598,-0.000709984584376584
710_01_011_sort_pos_joh_04_710_01_046_sort_pos_joh_03,710_01_011_sort_pos_joh_04,710_01_046_sort_pos_joh_03,-0.007879120095568619,-0.005059008281199991,-0.0004973223861828738,0.02561415082369366
710_01_011_sort_pos_joh_04_710_01_056_sort_pos_joh_03,710_01_011_sort_pos_joh_04,710_01_056_sort_pos_joh_03,0.014474855199586476,0.018582001274599372,0.023451614582762518,0.02300058229230779
710_01_011_sort_pos_joh_04_710_01_069_sort_pos_joh_01,710_01_011_sort_pos_joh_04,710_01_069_sort_pos_joh_01,0.00032664376990167637,0.01678186448112852,0.006899294387691667,-0.015409397982617742
710_01_014_sort_pos_joh_01_710_01_014_sort_pos_joh_05,710_01_014_sort_pos_joh_01,710_01_014_sort_pos_joh_05,0.1509095635114266,0.09174126838525154,0.17404268948871074,
710_01_014_sort_pos_joh_01_710_01_015_sort_pos_joh_01,710_01_014_sort_pos_joh_01,710_01_015_sort_pos_joh_01,0.012869256004505263,-0.13419419194192664,0.07457288282169847,0.024137145856758014
710_01_014_sort_pos_joh_01_710_01_015_sort_pos_joh_02,710_01_014_sort_pos_joh_01,710_01_015_sort_pos_joh_02,-0.012646925442764799,-0.149683450760123,0.018756561886572647,-0.008796953720881856
710_01_014_sort_pos_joh_01_710_01_015_sort_pos_joh_03,710_01_014_sort_pos_joh_01,710_01_015_sort_pos_joh_03,0.11331686250997951,-0.014586082469441796,0.04779949198154235,
710_01_014_sort_pos_joh_01_710_01_019_sort_pos_joh_01,710_01_014_sort_pos_joh_01,710_01_019_sort_pos_joh_01,0.012311270487695107,0.006066259734701029,0.01213307894676592,-0.0022464525354746927
710_01_014_sort_pos_joh_01_710_01_019_sort_pos_joh_03,710_01_014_sort_pos_joh_01,710_01_019_sort_pos_joh_03,0.010079757882872473,-0.00040539706942339937,0.014874773467702683,0.012224707361304623
710_01_014_sort_pos_joh_01_710_01_037_sort_pos_joh_01,710_01_014_sort_pos_joh_01,710_01_037_sort_pos_joh_01,-0.031245731453312168,0.007841870686136464,-0.014685474447310535,-0.0024510187870194844
710_01_014_sort_pos_joh_01_710_01_037_sort_pos_joh_02,710_01_014_sort_pos_joh_01,710_01_037_sort_pos_joh_02,0.011566888820080168,0.01699916670772576,0.0005962999524644049,-0.0025328391072232943
710_01_014_sort_pos_joh_01_710_01_042_sort_pos_joh_01,710_01_014_sort_pos_joh_01,710_01_042_sort_pos_joh_01,0.0019795951088470713,0.013028185156574593,-0.007955368787539625,0.028402520614495917
710_01_014_sort_pos_joh_01_710_01_046_sort_pos_joh_01,710_01_014_sort_pos_joh_01,710_01_046_sort_pos_joh_01,-0.00943881820677799,-0.0009379220762200909,0.004238303625351176,-0.0042597246805512684
710_01_014_sort_pos_joh_01_710_01_046_sort_pos_joh_03,710_01_014_sort_pos_joh_01,710_01_046_sort_pos_joh_03,0.010192598400849422,-0.025373304785240018,-0.0023155821079603152,0.0057132838229497045
710_01_014_sort_pos_joh_01_710_01_056_sort_pos_joh_03,710_01_014_sort_pos_joh_01,710_01_056_sort_pos_joh_03,0.014480269410104782,-0.06774543110487252,-0.024681238271120506,-0.01608292955175964
710_01_014_sort_pos_joh_01_710_01_069_sort_pos_joh_01,710_01_014_sort_pos_joh_01,710_01_069_sort_pos_joh_01,0.0006721802497892858,0.0006648905040657835,0.006691039089787552,0.05181036038909581
710_01_014_sort_pos_joh_05_710_01_015_sort_pos_joh_01,710_01_014_sort_pos_joh_05,710_01_015_sort_pos_joh_01,0.038318504036455404,0.04682838393237038,0.06359409476505413,
710_01_014_sort_pos_joh_05_710_01_015_sort_pos_joh_02,710_01_014_sort_pos_joh_05,710_01_015_sort_pos_joh_02,0.015498703657370536,-0.008891458721359748,0.03647191714849985,
710_01_014_sort_pos_joh_05_710_01_015_sort_pos_joh_03,710_01_014_sort_pos_joh_05,710_01_015_sort_pos_joh_03,0.02424342836900899,0.21432668942794458,0.019530103898234105,
710_01_014_sort_pos_joh_05_710_01_019_sort_pos_joh_01,710_01_014_sort_pos_joh_05,710_01_019_sort_pos_joh_01,-0.0011842382107650823,0.008130087862139522,0.020669559959160116,
710_01_014_sort_pos_joh_05_710_01_019_sort_pos_joh_03,710_01_014_sort_pos_joh_05,710_01_019_sort_pos_joh_03,-0.002595823046496881,0.019768456649499187,0.03464322349403914,
710_01_014_sort_pos_joh_05_710_01_037_sort_pos_joh_01,710_01_014_sort_pos_joh_05,710_01_037_sort_pos_joh_01,-0.01387869775180282,0.06997199876502325,-0.008720415298136087,
710_01_014_sort_pos_joh_05_710_01_037_sort_pos_joh_02,710_01_014_sort_pos_joh_05,710_01_037_sort_pos_joh_02,-0.01569242299981465,-0.014555334240815374,-0.012615285533473937,
710_01_014_sort_pos_joh_05_710_01_042_sort_pos_joh_01,710_01_014_sort_pos_joh_05,710_01_042_sort_pos_joh_01,0.024472336478620953,-0.013332653155045875,0.018395793281762846,
710_01_014_sort_pos_joh_05_710_01_046_sort_pos_joh_01,710_01_014_sort_pos_joh_05,710_01_046_sort_pos_joh_01,-0.003118156272055617,0.002324884807098807,0.011564775413017037,
710_01_014_sort_pos_joh_05_710_01_046_sort_pos_joh_03,710_01_014_sort_pos_joh_05,710_01_046_sort_pos_joh_03,-0.002809784891284668,0.009497137219864626,0.012258363266592241,
710_01_014_sort_pos_joh_05_710_01_056_sort_pos_joh_03,710_01_014_sort_pos_joh_05,710_01_056_sort_pos_joh_03,0.016755227836561786,0.01802077018171857,9.681934291474826e-05,
710_01_014_sort_pos_joh_05_710_01_069_sort_pos_joh_01,710_01_014_sort_pos_joh_05,710_01_069_sort_pos_joh_01,0.007277603762992635,-0.06423506853433202,0.014864903624214918,
710_01_015_sort_pos_joh_01_710_01_015_sort_pos_joh_02,710_01_015_sort_pos_joh_01,710_01_015_sort_pos_joh_02,0.31022465289205553,0.3030106481024115,0.28710587469188426,0.24190797650425655
710_01_015_sort_pos_joh_01_710_01_015_sort_pos_joh_03,710_01_015_sort_pos_joh_01,710_01_015_sort_pos_joh_03,-0.023844161928759648,0.08484215627195779,0.04214892330908625,
710_01_015_sort_pos_joh_01_710_01_019_sort_pos_joh_01,710_01_015_sort_pos_joh_01,710_01_019_sort_pos_joh_01,-0.0025293478627675652,0.017154413182786515,0.04097734162722079,0.00950330349021691
710_01_015_sort_pos_joh_01_710_01_019_sort_pos_joh_03,710_01_015_sort_pos_joh_01,710_01_019_sort_pos_joh_03,-0.0038678371296441438,-0.018058918532660208,0.08166112005618455,-0.0023854643768490523
710_01_015_sort_pos_joh_01_710_01_037_sort_pos_joh_01,710_01_015_sort_pos_joh_01,710_01_037_sort_pos_joh_01,0.0003016452278315626,0.02952565127723196,0.03692277050522283,0.020653802280642886
710_01_015_sort_pos_joh_01_710_01_037_sort_pos_joh_02,710_01_015_sort_pos_joh_01,710_01_037_sort_pos_joh_02,0.008257383842450686,-0.01808888612099048,0.039567428992348566,-0.00032190203525640283
710_01_015_sort_pos_joh_01_710_01_042_sort_pos_joh_01,710_01_015_sort_pos_joh_01,710_01_042_sort_pos_joh_01,0.02074319410366697,0.015814632136448164,0.03607358774774267,0.0229953481442346
710_01_015_sort_pos_joh_01_710_01_046_sort_pos_joh_01,710_01_015_sort_pos_joh_01,710_01_046_sort_pos_joh_01,0.02374948385950794,0.07175235476533057,0.04498726586240967,0.015634890007367147
710_01_015_sort_pos_joh_01_710_01_046_sort_pos_joh_03,710_01_015_sort_pos_joh_01,710_01_046_sort_pos_joh_03,0.012754034280102093,0.08046004193344108,0.014050577706176175,0.010202856914635072
710_01_015_sort_pos_joh_01_710_01_056_sort_pos_joh_03,710_01_015_sort_pos_joh_01,710_01_056_sort_pos_joh_03,-0.01124016959489202,0.02033657730496928,0.009683658279793316,-0.0022050728128895037
710_01_015_sort_pos_joh_01_710_01_069_sort_pos_joh_01,710_01_015_sort_pos_joh_01,710_01_069_sort_pos_joh_01,0.0016170670318421455,0.0660126511943245,0.018922643837885115,0.009165650233792308
710_01_015_sort_pos_joh_02_710_01_015_sort_pos_joh_03,710_01_015_sort_pos_joh_02,710_01_015_sort_pos_joh_03,0.044910718409305356,0.019497119296777964,0.0677356744563406,
710_01_015_sort_pos_joh_02_710_01_019_sort_pos_joh_01,710_01_015_sort_pos_joh_02,710_01_019_sort_pos_joh_01,-0.02057116517038702,-0.004940027480617119,0.018004987565031383,0.013165978230490514
710_01_015_sort_pos_joh_02_710_01_019_sort_pos_joh_03,710_01_015_sort_pos_joh_02,710_01_019_sort_pos_joh_03,0.004559629166686074,0.016312188323496006,0.020946547050780886,-0.00486652266001485
710_01_015_sort_pos_joh_02_710_01_037_sort_pos_joh_01,710_01_015_sort_pos_joh_02,710_01_037_sort_pos_joh_01,0.0423429533147643,-0.014551572637158953,0.02493776014815807,0.010884719446122033
710_01_015_sort_pos_joh_02_710_01_037_sort_pos_joh_02,710_01_015_sort_pos_joh_02,710_01_037_sort_pos_joh_02,0.03695753561653998,0.013403698996107544,0.03095013768140497,-0.011895861306761533
710_01_015_sort_pos_joh_02_710_01_042_sort_pos_joh_01,710_01_015_sort_pos_joh_02,710_01_042_sort_pos_joh_01,-0.00988338428726003,-0.013314766789214975,0.013318688858922857,-0.0009472585633594113
710_01_015_sort_pos_joh_02_710_01_046_sort_pos_joh_01,710_01_015_sort_pos_joh_02,710_01_046_sort_pos_joh_01,-0.002442353401330126,0.09696391244308811,-0.010672079640004137,-0.01032525100843248
710_01_015_sort_pos_joh_02_710_01_046_sort_pos_joh_03,710_01_015_sort_pos_joh_02,710_01_046_sort_pos_joh_03,0.004666628840098896,0.03300315398562913,0.0008139951918298811,-0.0026347919306873523
710_01_015_sort_pos_joh_02_710_01_056_sort_pos_joh_03,710_01_015_sort_pos_joh_02,710_01_056_sort_pos_joh_03,0.007339852948746416,-0.012355337207211369,-0.008454218915913157,-0.016882403978599893
710_01_015_sort_pos_joh_02_710_01_069_sort_pos_joh_01,710_01_015_sort_pos_joh_02,710_01_069_sort_pos_joh_01,0.0003315798587641927,0.013943392647770163,0.011951205695826552,0.0033190821690876073
710_01_015_sort_pos_joh_03_710_01_019_sort_pos_joh_01,710_01_015_sort_pos_joh_03,710_01_019_sort_pos_joh_01,-0.0028781302084472447,0.027613472890246932,-0.005969168549655591,
710_01_015_sort_pos_joh_03_710_01_019_sort_pos_joh_03,710_01_015_sort_pos_joh_03,710_01_019_sort_pos_joh_03,-0.0022321245263753763,0.05178719300027737,0.0010402650763800582,
710_01_015_sort_pos_joh_03_710_01_037_sort_pos_joh_01,710_01_015_sort_pos_joh_03,710_01_037_sort_pos_joh_01,0.0047904556293676594,0.02416000749310587,0.009428658856500129,
710_01_015_sort_pos_joh_03_710_01_037_sort_pos_joh_02,710_01_015_sort_pos_joh_03,710_01_037_sort_pos_joh_02,-0.0021822589362793503,-0.0823441229174452,0.0030143021687051457,
710_01_015_sort_pos_joh_03_710_01_042_sort_pos_joh_01,710_01_015_sort_pos_joh_03,710_01_042_sort_pos_joh_01,0.01471147407684569,0.025569147076158698,0.01275031854914215,
710_01_015_sort_pos_joh_03_710_01_046_sort_pos_joh_01,710_01_015_sort_pos_joh_03,710_01_046_sort_pos_joh_01,-0.003010722390373785,-0.0255985573105882,-0.003770062928834257,
710_01_015_sort_pos_joh_03_710_01_046_sort_pos_joh_03,710_01_015_sort_pos_joh_03,710_01_046_sort_pos_joh_03,0.013124714677035914,-0.007407213028163662,-0.0032075480351530226,
710_01_015_sort_pos_joh_03_710_01_056_sort_pos_joh_03,710_01_015_sort_pos_joh_03,710_01_056_sort_pos_joh_03,0.018717282695251643,0.052046782703378994,-0.0048939919756139484,
710_01_015_sort_pos_joh_03_710_01_069_sort_pos_joh_01,710_01_015_sort_pos_joh_03,710_01_069_sort_pos_joh_01,-0.014712930085773094,-0.030669034807597462,0.008094658510637627,
710_01_019_sort_pos_joh_01_710_01_019_sort_pos_joh_03,710_01_019_sort_pos_joh_01,710_01_019_sort_pos_joh_03,0.23114728797253736,0.15144805288933863,0.4149658625805722,0.25032602174583407
710_01_019_sort_pos_joh_01_710_01_037_sort_pos_joh_01,710_01_019_sort_pos_joh_01,710_01_037_sort_pos_joh_01,-0.023999950972839038,0.013529703651715044,-0.0064096909055557,0.0006560653635246802
710_01_019_sort_pos_joh_01_710_01_037_sort_pos_joh_02,710_01_019_sort_pos_joh_01,710_01_037_sort_pos_joh_02,-0.024111992911666224,0.007225605822723406,0.005035119802731489,-0.003766786520925716
710_01_019_sort_pos_joh_01_710_01_042_sort_pos_joh_01,710_01_019_sort_pos_joh_01,710_01_042_sort_pos_joh_01,-0.019320954313331567,0.0025355174944471535,0.03280963924955267,0.0031818709701226557
710_01_019_sort_pos_joh_01_710_01_046_sort_pos_joh_01,710_01_019_sort_pos_joh_01,710_01_046_sort_pos_joh_01,2.2686772565690684e-05,0.03163777175816851,0.051740958288242773,-0.003615601414530333
710_01_019_sort_pos_joh_01_710_01_046_sort_pos_joh_03,710_01_019_sort_pos_joh_01,710_01_046_sort_pos_joh_03,0.009751260563572854,0.04473479421580298,0.038043805327900554,-0.005214237426350627
710_01_019_sort_pos_joh_01_710_01_056_sort_pos_joh_03,710_01_019_sort_pos_joh_01,710_01_056_sort_pos_joh_03,0.005367009991333016,0.005291445681273398,0.011254400996835834,0.024077219887225096
710_01_019_sort_pos_joh_01_710_01_069_sort_pos_joh_01,710_01_019_sort_pos_joh_01,710_01_069_sort_pos_joh_01,-0.004745601674560767,0.02270350965214096,0.013689421213425389,0.020722747450998308
710_01_019_sort_pos_joh_03_710_01_037_sort_pos_joh_01,710_01_019_sort_pos_joh_03,710_01_037_sort_pos_joh_01,-0.025584252569988128,0.02298650323544526,0.005567282158909084,-0.002377959165520821
710_01_019_sort_pos_joh_03_710_01_037_sort_pos_joh_02,710_01_019_sort_pos_joh_03,710_01_037_sort_pos_joh_02,-0.020019092745789134,0.03307637345551728,0.007036927952309351,0.010699096358843538
710_01_019_sort_pos_joh_03_710_01_042_sort_pos_joh_01,710_01_019_sort_pos_joh_03,710_01_042_sort_pos_joh_01,0.006399500127434224,-0.03148302330138068,0.014385729184114534,0.012618961959374427
710_01_019_sort_pos_joh_03_710_01_046_sort_pos_joh_01,710_01_019_sort_pos_joh_03,710_01_046_sort_pos_joh_01,0.0030553048341746248,-0.018174402099599172,0.042249020244434894,0.00012624159720466322
710_01_019_sort_pos_joh_03_710_01_046_sort_pos_joh_03,710_01_019_sort_pos_joh_03,710_01_046_sort_pos_joh_03,0.023371449451761346,0.0076654561643849616,0.0346733759467758,0.0035134287816931914
710_01_019_sort_pos_joh_03_710_01_056_sort_pos_joh_03,710_01_019_sort_pos_joh_03,710_01_056_sort_pos_joh_03,0.01680617607345044,0.0057433862510282655,0.015085733124397602,0.0021283907952978328
710_01_019_sort_pos_joh_03_710_01_069_sort_pos_joh_01,710_01_019_sort_pos_joh_03,710_01_069_sort_pos_joh_01,0.004435175955646461,0.024336373853148872,0.012459627161396617,0.02751965147580053
710_01_037_sort_pos_joh_01_710_01_037_sort_pos_joh_02,710_01_037_sort_pos_joh_01,710_01_037_sort_pos_joh_02,0.29710721684726943,0.22982515147341423,0.2735951694932486,0.16476036436206623
710_01_037_sort_pos_joh_01_710_01_042_sort_pos_joh_01,710_01_037_sort_pos_joh_01,710_01_042_sort_pos_joh_01,-0.011762773049631203,0.03751958033364802,0.02816138969015188,0.029855452606534015
710_01_037_sort_pos_joh_01_710_01_046_sort_pos_joh_01,710_01_037_sort_pos_joh_01,710_01_046_sort_pos_joh_01,-0.003570643512760881,0.01678200186150813,0.006394599389396618,-0.0005222870914946265
710_01_037_sort_pos_joh_01_710_01_046_sort_pos_joh_03,710_01_037_sort_pos_joh_01,710_01_046_sort_pos_joh_03,0.008122059274554116,0.046358974027618446,0.019996138476962046,0.0021618606493949703
710_01_037_sort_pos_joh_01_710_01_056_sort_pos_joh_03,710_01_037_sort_pos_joh_01,710_01_056_sort_pos_joh_03,0.009183329001629912,0.029786052552316387,0.015059647208614746,0.016512736868928145
710_01_037_sort_pos_joh_01_710_01_069_sort_pos_joh_01,710_01_037_sort_pos_joh_01,710_01_069_sort_pos_joh_01,0.030423835561713082,0.022763670363480495,-0.013099625534538802,-0.013788261953389154
710_01_037_sort_pos_joh_02_710_01_042_sort_pos_joh_01,710_01_037_sort_pos_joh_02,710_01_042_sort_pos_joh_01,0.011462062324168234,0.012794483335475906,0.011745778123544746,-0.0030095518013701318
710_01_037_sort_pos_joh_02_710_01_046_sort_pos_joh_01,710_01_037_sort_pos_joh_02,710_01_046_sort_pos_joh_01,-0.014498247278255905,0.051177181253970916,0.010044978581212526,0.0025710537950978775
710_01_037_sort_pos_joh_02_710_01_046_sort_pos_joh_03,710_01_037_sort_pos_joh_02,710_01_046_sort_pos_joh_03,-0.0003360609315154478,-0.0333186785000046,-0.0038612861745457544,0.003974980668624312
710_01_037_sort_pos_joh_02_710_01_056_sort_pos_joh_03,710_01_037_sort_pos_joh_02,710_01_056_sort_pos_joh_03,0.002584606491806029,-0.05687400133347155,0.026370587152623887,-0.0010514525351521583
710_01_037_sort_pos_joh_02_710_01_069_sort_pos_joh_01,710_01_037_sort_pos_joh_02,710_01_069_sort_pos_joh_01,0.033238112853767106,-0.01099964590703232,0.005900055157988688,-0.002929654850615443
710_01_042_sort_pos_joh_01_710_01_046_sort_pos_joh_01,710_01_042_sort_pos_joh_01,710_01_046_sort_pos_joh_01,0.015164760432542425,-0.010305294343875634,0.2542813516749535,0.018013602319090716
710_01_042_sort_pos_joh_01_710_01_046_sort_pos_joh_03,710_01_042_sort_pos_joh_01,710_01_046_sort_pos_joh_03,0.0247329261477377,0.09823075726797395,0.18395275429758115,0.031118889937238246
710_01_042_sort_pos_joh_01_710_01_056_sort_pos_joh_03,710_01_042_sort_pos_joh_01,710_01_056_sort_pos_joh_03,-0.006073891317017683,0.08520746154276093,0.03790249375917331,0.0029753599041609734
710_01_042_sort_pos_joh_01_710_01_069_sort_pos_joh_01,710_01_042_sort_pos_joh_01,710_01_069_sort_pos_joh_01,0.015907363032414582,-0.0029078078588312727,0.03739639244174982,0.003248376432440332
710_01_046_sort_pos_joh_01_710_01_046_sort_pos_joh_03,710_01_046_sort_pos_joh_01,710_01_046_sort_pos_joh_03,0.09647283597909392,0.057395657471050306,0.2737059071193239,0.09014658240201504
710_01_046_sort_pos_joh_01_710_01_056_sort_pos_joh_03,710_01_046_sort_pos_joh_01,710_01_056_sort_pos_joh_03,0.0036836348016645233,0.01980785751450702,0.03307778334929732,0.008343459570071677
710_01_046_sort_pos_joh_01_710_01_069_sort_pos_joh_01,710_01_046_sort_pos_joh_01,710_01_069_sort_pos_joh_01,0.002509987101540937,0.013368927982741032,0.04044668370533274,0.0189700863557109
710_01_046_sort_pos_joh_03_710_01_056_sort_pos_joh_03,710_01_046_sort_pos_joh_03,710_01_056_sort_pos_joh_03,-0.002183175790376984,0.06411525782559636,0.043758580705749645,0.019604092635362932
710_01_046_sort_pos_joh_03_710_01_069_sort_pos_joh_01,710_01_046_sort_pos_joh_03,710_01_069_sort_pos_joh_01,0.017132331156277134,0.039168604780586536,0.025935134875945114,-0.0012159737587277377
710_01_056_sort_pos_joh_03_710_01_069_sort_pos_joh_01,710_01_056_sort_pos_joh_03,710_01_069_sort_pos_joh_01,-0.009837801958831032,0.06467825368195393,0.03112354953692818,-0.01535220705708068
711_01_002_sort_pos_joh_02_711_01_004_sort_pos_joh_01,711_01_002_sort_pos_joh_02,711_01_004_sort_pos_joh_01,0.0973689993643298,0.08022363964029543,0.24527041749012163,0.07674447633835571
711_01_002_sort_pos_joh_02_711_01_006_sort_pos_joh_02,711_01_002_sort_pos_joh_02,711_01_006_sort_pos_joh_02,0.02364132907765926,0.020247683579962893,0.11463290627023483,0.023068489014039253
711_01_002_sort_pos_joh_02_711_01_006_sort_pos_joh_04,711_01_002_sort_pos_joh_02,711_01_006_sort_pos_joh_04,0.02167270073545061,0.023910710878375895,0.13221359473913144,0.04125456035174022
711_01_002_sort_pos_joh_02_711_01_007_sort_pos_joh_01,711_01_002_sort_pos_joh_02,711_01_007_sort_pos_joh_01,0.04958023418971263,0.06552812110601346,0.09809091281403862,0.02370896351841229
711_01_002_sort_pos_joh_02_711_01_008_sort_pos_joh_03,711_01_002_sort_pos_joh_02,711_01_008_sort_pos_joh_03,0.04827506552867427,0.04998154460396882,0.09213570513145619,0.0352980718211247
711_01_002_sort_pos_joh_02_711_01_008_sort_pos_joh_04,711_01_002_sort_pos_joh_02,711_01_008_sort_pos_joh_04,0.083699976861425,0.03171121623708407,0.05271061406146268,
711_01_002_sort_pos_joh_02_711_01_010_sort_pos_joh_01,711_01_002_sort_pos_joh_02,711_01_010_sort_pos_joh_01,0.08824279116062551,0.039605867877839415,0.02465453921352155,0.018221729973566716
711_01_002_sort_pos_joh_02_711_01_017_sort_pos_joh_02,711_01_002_sort_pos_joh_02,711_01_017_sort_pos_joh_02,0.018187058163282845,0.036673869044475095,0.0068495821794646375,0.004011560027756113
711_01_002_sort_pos_joh_02_711_01_018_sort_pos_joh_01,711_01_002_sort_pos_joh_02,711_01_018_sort_pos_joh_01,0.03221365803133706,0.0560264115294148,0.003663115178501812,0.01205378865516466
711_01_002_sort_pos_joh_02_711_01_062_sort_pos_joh_01,711_01_002_sort_pos_joh_02,711_01_062_sort_pos_joh_01,0.002074702995541988,-0.008508305490600726,-0.006496811521216606,0.001337404887969462
711_01_004_sort_pos_joh_01_711_01_006_sort_pos_joh_02,711_01_004_sort_pos_joh_01,711_01_006_sort_pos_joh_02,0.019143092995284997,0.030922485705734505,0.12200546833510198,0.05890285541866692
711_01_004_sort_pos_joh_01_711_01_006_sort_pos_joh_04,711_01_004_sort_pos_joh_01,711_01_006_sort_pos_joh_04,0.014105601973004814,0.043058600550998354,0.17930867124956887,0.06304781702157769
711_01_004_sort_pos_joh_01_711_01_007_sort_pos_joh_01,711_01_004_sort_pos_joh_01,711_01_007_sort_pos_joh_01,0.07505319494800658,0.06880334837049469,0.14810071629209257,0.05246510906862162
711_01_004_sort_pos_joh_01_711_01_008_sort_pos_joh_03,711_01_004_sort_pos_joh_01,711_01_008_sort_pos_joh_03,0.056772995999038726,0.04658588143948962,0.11964435858097199,0.03494240120881529
711_01_004_sort_pos_joh_01_711_01_008_sort_pos_joh_04,711_01_004_sort_pos_joh_01,711_01_008_sort_pos_joh_04,0.06820932714966182,0.05942203753336908,0.063524962063287,
711_01_004_sort_pos_joh_01_711_01_010_sort_pos_joh_01,711_01_004_sort_pos_joh_01,711_01_010_sort_pos_joh_01,0.06751716000665059,0.027224427957749524,0.017270446703303736,0.0026954273349902476
711_01_004_sort_pos_joh_01_711_01_017_sort_pos_joh_02,711_01_004_sort_pos_joh_01,711_01_017_sort_pos_joh_02,0.020327805203141324,0.041633442401213826,0.02221991149379687,-0.0005093021154055448
711_01_004_sort_pos_joh_01_711_01_018_sort_pos_joh_01,711_01_004_sort_pos_joh_01,711_01_018_sort_pos_joh_01,0.05933756731473701,0.06387645535120959,0.014640603896180264,0.02803962023004066
711_01_004_sort_pos_joh_01_711_01_062_sort_pos_joh_01,711_01_004_sort_pos_joh_01,711_01_062_sort_pos_joh_01,-0.003635004340139432,0.004000276601463486,0.004845438697719169,0.0006699197337618572
711_01_006_sort_pos_joh_02_711_01_006_sort_pos_joh_04,711_01_006_sort_pos_joh_02,711_01_006_sort_pos_joh_04,-0.016787317513807496,0.11135613619459264,0.18208251857516727,0.06457108245207781
711_01_006_sort_pos_joh_02_711_01_007_sort_pos_joh_01,711_01_006_sort_pos_joh_02,711_01_007_sort_pos_joh_01,0.03337681094920009,0.040648565566593096,0.11097167559467865,0.02732941188501072
711_01_006_sort_pos_joh_02_711_01_008_sort_pos_joh_03,711_01_006_sort_pos_joh_02,711_01_008_sort_pos_joh_03,0.07595589100365344,0.051097300352548856,0.040324415579096086,0.034525632418748856
711_01_006_sort_pos_joh_02_711_01_008_sort_pos_joh_04,711_01_006_sort_pos_joh_02,711_01_008_sort_pos_joh_04,0.08602218049323353,0.036429551035791596,0.05660004413971699,
711_01_006_sort_pos_joh_02_711_01_010_sort_pos_joh_01,711_01_006_sort_pos_joh_02,711_01_010_sort_pos_joh_01,0.03784984634099999,-0.002463897473691132,0.0015754856172980258,0.007615362047091689
711_01_006_sort_pos_joh_02_711_01_017_sort_pos_joh_02,711_01_006_sort_pos_joh_02,711_01_017_sort_pos_joh_02,0.013172613394549422,0.020043191782107832,0.0010407208984014576,-0.0026296529612619183
711_01_006_sort_pos_joh_02_711_01_018_sort_pos_joh_01,711_01_006_sort_pos_joh_02,711_01_018_sort_pos_joh_01,0.025547301705141693,0.0166925513329828,-0.002328538339402596,0.026258422110774816
711_01_006_sort_pos_joh_02_711_01_062_sort_pos_joh_01,711_01_006_sort_pos_joh_02,711_01_062_sort_pos_joh_01,-0.023651184488441012,-0.01778846145707496,0.006170879041498555,-0.002341383971452286
711_01_006_sort_pos_joh_04_711_01_007_sort_pos_joh_01,711_01_006_sort_pos_joh_04,711_01_007_sort_pos_joh_01,0.010661086974871361,0.016646030039013063,0.10584688421235872,0.04161193406997074
711_01_006_sort_pos_joh_04_711_01_008_sort_pos_joh_03,711_01_006_sort_pos_joh_04,711_01_008_sort_pos_joh_03,0.0982240101817221,0.1458114611002473,0.09810079508747599,0.04543492976894232
711_01_006_sort_pos_joh_04_711_01_008_sort_pos_joh_04,711_01_006_sort_pos_joh_04,711_01_008_sort_pos_joh_04,0.09084347212180117,0.12214351998840098,0.08215479330994527,
711_01_006_sort_pos_joh_04_711_01_010_sort_pos_joh_01,711_01_006_sort_pos_joh_04,711_01_010_sort_pos_joh_01,0.01605532423404828,0.008741430837157404,0.015351373665964388,0.02450723748821128
711_01_006_sort_pos_joh_04_711_01_017_sort_pos_joh_02,711_01_006_sort_pos_joh_04,711_01_017_sort_pos_joh_02,0.00606758082588264,0.020235691079415082,0.0214773214873291,0.003049704911778093
711_01_006_sort_pos_joh_04_711_01_018_sort_pos_joh_01,711_01_006_sort_pos_joh_04,711_01_018_sort_pos_joh_01,0.009438865746981485,0.020712498099922188,0.019273519106286115,0.01056222942338649
711_01_006_sort_pos_joh_04_711_01_062_sort_pos_joh_01,711_01_006_sort_pos_joh_04,711_01_062_sort_pos_joh_01,0.001359474536995726,-0.005481270244975119,0.014154066632245856,0.0034893782091844835
711_01_007_sort_pos_joh_01_711_01_008_sort_pos_joh_03,711_01_007_sort_pos_joh_01,711_01_008_sort_pos_joh_03,0.05294084520664834,0.060861290831126194,0.05174963558553639,0.01660849211827888
711_01_007_sort_pos_joh_01_711_01_008_sort_pos_joh_04,711_01_007_sort_pos_joh_01,711_01_008_sort_pos_joh_04,0.05544330483582135,0.06560317744766077,0.09865737111934747,
711_01_007_sort_pos_joh_01_711_01_010_sort_pos_joh_01,711_01_007_sort_pos_joh_01,711_01_010_sort_pos_joh_01,0.050408641069088184,0.003420220414893731,0.00282121254063811,0.014569008936709016
711_01_007_sort_pos_joh_01_711_01_017_sort_pos_joh_02,711_01_007_sort_pos_joh_01,711_01_017_sort_pos_joh_02,-0.0008927259147968799,0.007137102009981601,-0.005939286063379341,0.0025299718082013377
711_01_007_sort_pos_joh_01_711_01_018_sort_pos_joh_01,711_01_007_sort_pos_joh_01,711_01_018_sort_pos_joh_01,0.03429973807548244,0.04261353424561389,0.0030173316086045815,0.02430796138640857
711_01_007_sort_pos_joh_01_711_01_062_sort_pos_joh_01,711_01_007_sort_pos_joh_01,711_01_062_sort_pos_joh_01,-0.019234818887787646,-0.005458571492890709,-0.0008859211699145463,0.004412515110785272
711_01_008_sort_pos_joh_03_711_01_008_sort_pos_joh_04,711_01_008_sort_pos_joh_03,711_01_008_sort_pos_joh_04,0.14755376408347573,0.19344795896915037,0.07978457581850157,
711_01_008_sort_pos_joh_03_711_01_010_sort_pos_joh_01,711_01_008_sort_pos_joh_03,711_01_010_sort_pos_joh_01,0.043745834996291595,0.01706308892327141,0.016492522931813178,0.04327924491125426
711_01_008_sort_pos_joh_03_711_01_017_sort_pos_joh_02,711_01_008_sort_pos_joh_03,711_01_017_sort_pos_joh_02,0.009876744682836853,0.027774904774939813,0.017839574802396976,0.0006094728896961126
711_01_008_sort_pos_joh_03_711_01_018_sort_pos_joh_01,711_01_008_sort_pos_joh_03,711_01_018_sort_pos_joh_01,0.04357752841416448,0.047118191001871285,0.027781535354757993,0.02002630916981502
711_01_008_sort_pos_joh_03_711_01_062_sort_pos_joh_01,711_01_008_sort_pos_joh_03,711_01_062_sort_pos_joh_01,0.0023723118382156516,-0.021383324790159537,0.007557908185216826,0.005066436949558828
711_01_008_sort_pos_joh_04_711_01_010_sort_pos_joh_01,711_01_008_sort_pos_joh_04,711_01_010_sort_pos_joh_01,0.04995758959793537,0.010797748898113014,0.014648240654265537,
711_01_008_sort_pos_joh_04_711_01_017_sort_pos_joh_02,711_01_008_sort_pos_joh_04,711_01_017_sort_pos_joh_02,0.016419546004031827,0.03911266393843828,0.012814533632599379,
711_01_008_sort_pos_joh_04_711_01_018_sort_pos_joh_01,711_01_008_sort_pos_joh_04,711_01_018_sort_pos_joh_01,0.04981765478247259,0.03617034405163129,0.00534917578904855,
711_01_008_sort_pos_joh_04_711_01_062_sort_pos_joh_01,711_01_008_sort_pos_joh_04,711_01_062_sort_pos_joh_01,-0.004053068177723512,-0.002422204264607835,0.003560632414204193,
711_01_010_sort_pos_joh_01_711_01_017_sort_pos_joh_02,711_01_010_sort_pos_joh_01,711_01_017_sort_pos_joh_02,0.014308559524700693,0.019273945004079543,0.009557609275260582,0.018078515363840784
711_01_010_sort_pos_joh_01_711_01_018_sort_pos_joh_01,711_01_010_sort_pos_joh_01,711_01_018_sort_pos_joh_01,0.05948153389143994,0.009258799797082766,0.014788828179469221,0.027402470646330387
711_01_010_sort_pos_joh_01_711_01_062_sort_pos_joh_01,711_01_010_sort_pos_joh_01,711_01_062_sort_pos_joh_01,-0.01665346125868696,0.007439942409512599,0.0036857679572261676,0.004661119254929583
711_01_017_sort_pos_joh_02_711_01_018_sort_pos_joh_01,711_01_017_sort_pos_joh_02,711_01_018_sort_pos_joh_01,0.03205829342840185,0.032560612348744127,0.038078951823362885,0.028985060129272544
711_01_017_sort_pos_joh_02_711_01_062_sort_pos_joh_01,711_01_017_sort_pos_joh_02,711_01_062_sort_pos_joh_01,0.007993610852027853,0.014138594469446902,-0.0066970821202274825,0.01657006019003552
711_01_018_sort_pos_joh_01_711_01_062_sort_pos_joh_01,711_01_018_sort_pos_joh_01,711_01_062_sort_pos_joh_01,-0.0034820438863130292,-0.0001591040514766153,-0.004899726217516263,0.0004193568656793051
711_04_001_sort_pos_joh_01_711_04_003_sort_pos_joh_02,711_04_001_sort_pos_joh_01,711_04_003_sort_pos_joh_02,0.1108998627415839,0.05159270795734377,0.12496415610197013,0.05278145052525159
711_04_001_sort_pos_joh_01_711_04_003_sort_pos_joh_06,711_04_001_sort_pos_joh_01,711_04_003_sort_pos_joh_06,0.05289700290915763,0.04835258205422621,0.0770904430582167,0.015138699399531805
711_04_001_sort_pos_joh_01_711_04_004_sort_pos_joh_01,711_04_001_sort_pos_joh_01,711_04_004_sort_pos_joh_01,0.07054732369913233,0.14728785717267373,0.1464566906817611,0.022875607980317146
711_04_001_sort_pos_joh_01_711_04_017_sort_pos_joh_01,711_04_001_sort_pos_joh_01,711_04_017_sort_pos_joh_01,0.03112570596085102,0.01880007203686409,0.00016769697023869296,0.005487941337765586
711_04_001_sort_pos_joh_01_711_04_020_sort_pos_joh_01,711_04_001_sort_pos_joh_01,711_04_020_sort_pos_joh_01,0.03141865534065795,0.044464398837605314,-0.006304769708890741,-0.003474188819730123
711_04_001_sort_pos_joh_01_711_04_020_sort_pos_joh_02,711_04_001_sort_pos_joh_01,711_04_020_sort_pos_joh_02,0.03040958949799693,0.03256929939673579,-0.005368231594511645,-0.004449097137430943
711_04_001_sort_pos_joh_01_711_04_022_sort_pos_joh_01,711_04_001_sort_pos_joh_01,711_04_022_sort_pos_joh_01,0.02293972548871874,0.04721869663405513,0.0027701848110309128,0.014645914045205675
711_04_001_sort_pos_joh_01_711_04_023_sort_pos_joh_02,711_04_001_sort_pos_joh_01,711_04_023_sort_pos_joh_02,0.005737578550862169,0.006949004687764459,-0.022340746190692803,0.005129086866820249
711_04_001_sort_pos_joh_01_711_04_058_sort_pos_joh_01,711_04_001_sort_pos_joh_01,711_04_058_sort_pos_joh_01,0.0013727397845173064,0.012582416828307828,0.013740593135910145,0.026414819822104398
711_04_003_sort_pos_joh_02_711_04_003_sort_pos_joh_06,711_04_003_sort_pos_joh_02,711_04_003_sort_pos_joh_06,0.15320562229935972,0.13462226876062436,0.26561464074910224,0.13809023736794504
711_04_003_sort_pos_joh_02_711_04_004_sort_pos_joh_01,711_04_003_sort_pos_joh_02,711_04_004_sort_pos_joh_01,0.05335615155989638,0.08533039985342408,0.0897924324645239,0.0187592087622085
711_04_003_sort_pos_joh_02_711_04_017_sort_pos_joh_01,711_04_003_sort_pos_joh_02,711_04_017_sort_pos_joh_01,0.025441384646375735,0.02807867127006715,0.006538197730008647,0.008930273912788585
711_04_003_sort_pos_joh_02_711_04_020_sort_pos_joh_01,711_04_003_sort_pos_joh_02,711_04_020_sort_pos_joh_01,0.03396425607915324,0.04329963219180876,-0.010523699887425046,-0.01701671496489219
711_04_003_sort_pos_joh_02_711_04_020_sort_pos_joh_02,711_04_003_sort_pos_joh_02,711_04_020_sort_pos_joh_02,0.022568343372890654,0.0407808497657751,0.005321439826182461,-0.006164337187703869
711_04_003_sort_pos_joh_02_711_04_022_sort_pos_joh_01,711_04_003_sort_pos_joh_02,711_04_022_sort_pos_joh_01,0.028344427036407414,0.04783792871379688,0.0022223089484446215,-0.00600835156422398
711_04_003_sort_pos_joh_02_711_04_023_sort_pos_joh_02,711_04_003_sort_pos_joh_02,711_04_023_sort_pos_joh_02,0.008077902623646441,0.004371619536962353,-0.004287861086649944,-0.0027994702360567576
711_04_003_sort_pos_joh_02_711_04_058_sort_pos_joh_01,711_04_003_sort_pos_joh_02,711_04_058_sort_pos_joh_01,0.005118628625774787,0.022420327959782417,0.030016052868616232,0.00459776588645028
711_04_003_sort_pos_joh_06_711_04_004_sort_pos_joh_01,711_04_003_sort_pos_joh_06,711_04_004_sort_pos_joh_01,0.08317745049931508,0.1268788615618407,0.05646435508980048,0.010199384967733488
711_04_003_sort_pos_joh_06_711_04_017_sort_pos_joh_01,711_04_003_sort_pos_joh_06,711_04_017_sort_pos_joh_01,0.0531905332747603,0.02359172367277564,0.0022951792738883196,0.0008223745517571348
711_04_003_sort_pos_joh_06_711_04_020_sort_pos_joh_01,711_04_003_sort_pos_joh_06,711_04_020_sort_pos_joh_01,0.06037315500621385,0.05510526823496323,-0.002443392125238967,-0.0034650575924603864
711_04_003_sort_pos_joh_06_711_04_020_sort_pos_joh_02,711_04_003_sort_pos_joh_06,711_04_020_sort_pos_joh_02,0.029162139991972823,0.053872772255909966,0.0009335055296082057,-0.008410271403459386
711_04_003_sort_pos_joh_06_711_04_022_sort_pos_joh_01,711_04_003_sort_pos_joh_06,711_04_022_sort_pos_joh_01,0.0455024101847608,0.020842968571274153,0.0015129477795485285,-0.0022997693189087142
711_04_003_sort_pos_joh_06_711_04_023_sort_pos_joh_02,711_04_003_sort_pos_joh_06,711_04_023_sort_pos_joh_02,0.019417132802988627,0.025232719345672713,-0.004763971533706424,0.013611461414528956
711_04_003_sort_pos_joh_06_711_04_058_sort_pos_joh_01,711_04_003_sort_pos_joh_06,711_04_058_sort_pos_joh_01,-0.0009962038170075503,-0.012826600918512888,0.009542338683945025,0.011580488487543195
711_04_004_sort_pos_joh_01_711_04_017_sort_pos_joh_01,711_04_004_sort_pos_joh_01,711_04_017_sort_pos_joh_01,0.07135044452967203,0.07118651878697196,0.016539789472328592,0.0029576314464489642
711_04_004_sort_pos_joh_01_711_04_020_sort_pos_joh_01,711_04_004_sort_pos_joh_01,711_04_020_sort_pos_joh_01,0.08616920957264917,0.1278657781873472,0.002250258729698978,-0.012992802726345896
711_04_004_sort_pos_joh_01_711_04_020_sort_pos_joh_02,711_04_004_sort_pos_joh_01,711_04_020_sort_pos_joh_02,0.0401131499563004,0.10302151293437382,0.017092913827935513,0.0006040453201253004
711_04_004_sort_pos_joh_01_711_04_022_sort_pos_joh_01,711_04_004_sort_pos_joh_01,711_04_022_sort_pos_joh_01,0.05077214860400429,0.08229023047618052,0.014839684424646027,-0.005959823187943247
711_04_004_sort_pos_joh_01_711_04_023_sort_pos_joh_02,711_04_004_sort_pos_joh_01,711_04_023_sort_pos_joh_02,0.05936424493919511,0.030043736794847904,0.010181778231384291,0.012957202352404487
711_04_004_sort_pos_joh_01_711_04_058_sort_pos_joh_01,711_04_004_sort_pos_joh_01,711_04_058_sort_pos_joh_01,0.015604773948062188,0.007536268320328939,0.007134977416628889,-0.0011413185541562414
711_04_017_sort_pos_joh_01_711_04_020_sort_pos_joh_01,711_04_017_sort_pos_joh_01,711_04_020_sort_pos_joh_01,0.12347215268156805,0.12286524106056176,0.03711246297108337,0.024152243625898812
711_04_017_sort_pos_joh_01_711_04_020_sort_pos_joh_02,711_04_017_sort_pos_joh_01,711_04_020_sort_pos_joh_02,0.07969016343909437,0.06583521901955366,0.0364647175247372,0.016569537813574186
711_04_017_sort_pos_joh_01_711_04_022_sort_pos_joh_01,711_04_017_sort_pos_joh_01,711_04_022_sort_pos_joh_01,0.10569875432591833,0.10527811493627838,0.06764265968086772,0.038266915757250386
711_04_017_sort_pos_joh_01_711_04_023_sort_pos_joh_02,711_04_017_sort_pos_joh_01,711_04_023_sort_pos_joh_02,0.08353429496715756,0.029252313202022397,0.040590427498669,0.01457301933487513
711_04_017_sort_pos_joh_01_711_04_058_sort_pos_joh_01,711_04_017_sort_pos_joh_01,711_04_058_sort_pos_joh_01,0.007747550866405485,0.008484851347029265,-0.007231240703946027,0.009042656514541229
711_04_020_sort_pos_joh_01_711_04_020_sort_pos_joh_02,711_04_020_sort_pos_joh_01,711_04_020_sort_pos_joh_02,0.11311600974068968,0.16219118268975724,0.20040186225496137,0.09396440412818775
711_04_020_sort_pos_joh_01_711_04_022_sort_pos_joh_01,711_04_020_sort_pos_joh_01,711_04_022_sort_pos_joh_01,0.13103512625305738,0.14730850891621813,0.08080982793484526,0.039048494836854575
711_04_020_sort_pos_joh_01_711_04_023_sort_pos_joh_02,711_04_020_sort_pos_joh_01,711_04_023_sort_pos_joh_02,0.07510747440370348,0.04584903616015499,0.02586575784598581,0.01945272985837907
711_04_020_sort_pos_joh_01_711_04_058_sort_pos_joh_01,711_04_020_sort_pos_joh_01,711_04_058_sort_pos_joh_01,0.009965670172567814,0.0060755933888814095,-0.0077463256777792885,0.011952004650430753
711_04_020_sort_pos_joh_02_711_04_022_sort_pos_joh_01,711_04_020_sort_pos_joh_02,711_04_022_sort_pos_joh_01,0.06611425004560197,0.09537763870527445,0.06313105308121547,0.02720192331711138
711_04_020_sort_pos_joh_02_711_04_023_sort_pos_joh_02,711_04_020_sort_pos_joh_02,711_04_023_sort_pos_joh_02,0.038270404574499,0.02045830081638796,0.04151439372878323,-0.005096817697701799
711_04_020_sort_pos_joh_02_711_04_058_sort_pos_joh_01,711_04_020_sort_pos_joh_02,711_04_058_sort_pos_joh_01,-0.0007311428652457046,0.010211564825879007,-0.004967441528701464,0.002877113397978584
711_04_022_sort_pos_joh_01_711_04_023_sort_pos_joh_02,711_04_022_sort_pos_joh_01,711_04_023_sort_pos_joh_02,0.07284007530902156,0.025864071044874662,0.09535189354617153,0.013457935099968732
711_04_022_sort_pos_joh_01_711_04_058_sort_pos_joh_01,711_04_022_sort_pos_joh_01,711_04_058_sort_pos_joh_01,0.02535040335610846,0.010363367515003883,-0.007494664593921331,0.0016040519798578286
711_04_023_sort_pos_joh_02_711_04_058_sort_pos_joh_01,711_04_023_sort_pos_joh_02,711_04_058_sort_pos_joh_01,-0.007521926642708758,0.006665884189590497,-0.003506944584188749,-0.015151190054831003
712_01_004_sort_pos_joh_01_712_01_026_sort_pos_joh_01,712_01_004_sort_pos_joh_01,712_01_026_sort_pos_joh_01,0.021096604303309303,0.01923790605292603,0.015217161308171618,
712_01_004_sort_pos_joh_01_712_01_050_sort_pos_joh_01,712_01_004_sort_pos_joh_01,712_01_050_sort_pos_joh_01,0.02976198784360934,0.05821178629170798,0.03812204784784541,0.007832174404661694
712_01_004_sort_pos_joh_01_712_01_058_sort_pos_joh_01,712_01_004_sort_pos_joh_01,712_01_058_sort_pos_joh_01,0.024065932965584312,0.007137304412575964,0.006214224864679993,0.001884020029090198
712_01_004_sort_pos_joh_01_712_01_058_sort_pos_joh_04,712_01_004_sort_pos_joh_01,712_01_058_sort_pos_joh_04,0.0072988578810846685,,0.01409463943481803,0.01016203853158431
712_01_004_sort_pos_joh_01_712_01_060_sort_pos_joh_01,712_01_004_sort_pos_joh_01,712_01_060_sort_pos_joh_01,-0.005371879112229684,0.00945020401830823,0.008824239465682589,0.011121341156236676
712_01_004_sort_pos_joh_01_712_01_060_sort_pos_joh_02,712_01_004_sort_pos_joh_01,712_01_060_sort_pos_joh_02,0.0018179172199469104,0.018473226820310752,0.008458265623351264,-0.016075142532060945
712_01_004_sort_pos_joh_01_712_01_062_sort_pos_joh_02,712_01_004_sort_pos_joh_01,712_01_062_sort_pos_joh_02,-0.0008569147593561828,0.03568272748540764,0.04061466491747124,0.002625271854632363
712_01_004_sort_pos_joh_01_712_01_062_sort_pos_joh_08,712_01_004_sort_pos_joh_01,712_01_062_sort_pos_joh_08,-0.004281207775568668,,,
712_01_004_sort_pos_joh_01_712_01_066_sort_pos_joh_03,712_01_004_sort_pos_joh_01,712_01_066_sort_pos_joh_03,0.00519932237450993,0.008136763531477544,-0.0027930411229678286,0.008692404959987136
712_01_004_sort_pos_joh_01_712_01_074_sort_pos_joh_01,712_01_004_sort_pos_joh_01,712_01_074_sort_pos_joh_01,0.002411418298032291,-0.029151156528615267,-0.005127497151408096,-0.018904151423611692
712_01_004_sort_pos_joh_01_712_01_089_sort_pos_joh_02,712_01_004_sort_pos_joh_01,712_01_089_sort_pos_joh_02,-0.0063016850859553535,0.00974501671169651,0.0012792011698918961,-0.01459195978736788
712_01_026_sort_pos_joh_01_712_01_050_sort_pos_joh_01,712_01_026_sort_pos_joh_01,712_01_050_sort_pos_joh_01,-0.015498779458885696,-0.0031349898446624918,0.0057361408597590875,
712_01_026_sort_pos_joh_01_712_01_058_sort_pos_joh_01,712_01_026_sort_pos_joh_01,712_01_058_sort_pos_joh_01,0.02338144217441592,0.02755613091566574,0.02313456994662771,
712_01_026_sort_pos_joh_01_712_01_058_sort_pos_joh_04,712_01_026_sort_pos_joh_01,712_01_058_sort_pos_joh_04,-0.00035659016878976195,,-0.014923946205871402,
712_01_026_sort_pos_joh_01_712_01_060_sort_pos_joh_01,712_01_026_sort_pos_joh_01,712_01_060_sort_pos_joh_01,0.00017676456852267972,0.0008289815326433262,-0.0013206865093297617,
712_01_026_sort_pos_joh_01_712_01_060_sort_pos_joh_02,712_01_026_sort_pos_joh_01,712_01_060_sort_pos_joh_02,-0.02142560940293384,0.0031814962089771427,0.021681436370751924,
712_01_026_sort_pos_joh_01_712_01_062_sort_pos_joh_02,712_01_026_sort_pos_joh_01,712_01_062_sort_pos_joh_02,0.03901573432199181,0.021847498404631814,0.00722432626891345,
712_01_026_sort_pos_joh_01_712_01_062_sort_pos_joh_08,712_01_026_sort_pos_joh_01,712_01_062_sort_pos_joh_08,0.03452241389814406,,,
712_01_026_sort_pos_joh_01_712_01_066_sort_pos_joh_03,712_01_026_sort_pos_joh_01,712_01_066_sort_pos_joh_03,0.022087172317711037,0.022703266998367024,-0.002343695577553901,
712_01_026_sort_pos_joh_01_712_01_074_sort_pos_joh_01,712_01_026_sort_pos_joh_01,712_01_074_sort_pos_joh_01,-0.011304305556642058,0.004414507798716049,-0.0037182730573795254,
712_01_026_sort_pos_joh_01_712_01_089_sort_pos_joh_02,712_01_026_sort_pos_joh_01,712_01_089_sort_pos_joh_02,0.004069940702955367,-0.006433752994759277,0.01033157161555227,
712_01_050_sort_pos_joh_01_712_01_058_sort_pos_joh_01,712_01_050_sort_pos_joh_01,712_01_058_sort_pos_joh_01,0.018171567396958486,0.014869399172671143,0.09365636204859805,0.044595754050636684
712_01_050_sort_pos_joh_01_712_01_058_sort_pos_joh_04,712_01_050_sort_pos_joh_01,712_01_058_sort_pos_joh_04,0.03158193441169764,,0.023368995604327838,0.005743993438854326
712_01_050_sort_pos_joh_01_712_01_060_sort_pos_joh_01,712_01_050_sort_pos_joh_01,712_01_060_sort_pos_joh_01,0.012398874204661221,0.010600264752132679,0.04254526611770457,-0.0180730351063939
712_01_050_sort_pos_joh_01_712_01_060_sort_pos_joh_02,712_01_050_sort_pos_joh_01,712_01_060_sort_pos_joh_02,0.01475502755488767,0.017803889506305678,0.10340646678782806,-0.01132285887401426
712_01_050_sort_pos_joh_01_712_01_062_sort_pos_joh_02,712_01_050_sort_pos_joh_01,712_01_062_sort_pos_joh_02,0.03204343619353413,0.031231445140472987,0.11371695474418762,0.05564041833010396
712_01_050_sort_pos_joh_01_712_01_062_sort_pos_joh_08,712_01_050_sort_pos_joh_01,712_01_062_sort_pos_joh_08,0.011201071675309371,,,
712_01_050_sort_pos_joh_01_712_01_066_sort_pos_joh_03,712_01_050_sort_pos_joh_01,712_01_066_sort_pos_joh_03,-0.002372694053415647,0.01347765885820306,0.13781637219212997,0.018532337486925166
712_01_050_sort_pos_joh_01_712_01_074_sort_pos_joh_01,712_01_050_sort_pos_joh_01,712_01_074_sort_pos_joh_01,-0.02011954873230797,0.0014669816077673016,0.07235050492095065,-0.03249101611207574
712_01_050_sort_pos_joh_01_712_01_089_sort_pos_joh_02,712_01_050_sort_pos_joh_01,712_01_089_sort_pos_joh_02,0.008575065299211928,0.00521868700658664,0.010824017703711058,0.0021932722055575346
712_01_058_sort_pos_joh_01_712_01_058_sort_pos_joh_04,712_01_058_sort_pos_joh_01,712_01_058_sort_pos_joh_04,0.007347620303001618,,0.054277410244213266,0.014065950082331136
712_01_058_sort_pos_joh_01_712_01_060_sort_pos_joh_01,712_01_058_sort_pos_joh_01,712_01_060_sort_pos_joh_01,0.054632076866561456,0.06324840326898704,0.06606909903316047,0.013378955106349101
712_01_058_sort_pos_joh_01_712_01_060_sort_pos_joh_02,712_01_058_sort_pos_joh_01,712_01_060_sort_pos_joh_02,0.08541367689469435,0.09564031370775504,0.07449098527140142,0.017088695377966975
712_01_058_sort_pos_joh_01_712_01_062_sort_pos_joh_02,712_01_058_sort_pos_joh_01,712_01_062_sort_pos_joh_02,0.043866891440614696,0.0536880229212085,0.08397538722311632,0.0019530575318187277
712_01_058_sort_pos_joh_01_712_01_062_sort_pos_joh_08,712_01_058_sort_pos_joh_01,712_01_062_sort_pos_joh_08,0.05193303849515522,,,
712_01_058_sort_pos_joh_01_712_01_066_sort_pos_joh_03,712_01_058_sort_pos_joh_01,712_01_066_sort_pos_joh_03,0.016137561908761065,0.0021695604231319037,0.06001398601624894,0.00030821980436322125
712_01_058_sort_pos_joh_01_712_01_074_sort_pos_joh_01,712_01_058_sort_pos_joh_01,712_01_074_sort_pos_joh_01,-0.02044647622887941,-0.038534418087929526,0.03637843771703677,-0.025321654521923333
712_01_058_sort_pos_joh_01_712_01_089_sort_pos_joh_02,712_01_058_sort_pos_joh_01,712_01_089_sort_pos_joh_02,-0.0010063990191188643,0.0004583782686224645,0.024661952635359193,0.022385453790040862
712_01_058_sort_pos_joh_04_712_01_060_sort_pos_joh_01,712_01_058_sort_pos_joh_04,712_01_060_sort_pos_joh_01,0.0062232101530450955,,0.07761711885984442,0.025369655062189467
712_01_058_sort_pos_joh_04_712_01_060_sort_pos_joh_02,712_01_058_sort_pos_joh_04,712_01_060_sort_pos_joh_02,-0.007113963740952817,,0.0418635273009292,0.01881002009418003
712_01_058_sort_pos_joh_04_712_01_062_sort_pos_joh_02,712_01_058_sort_pos_joh_04,712_01_062_sort_pos_joh_02,0.017650484430548206,,0.03286940445336647,0.0030120507775723638
712_01_058_sort_pos_joh_04_712_01_062_sort_pos_joh_08,712_01_058_sort_pos_joh_04,712_01_062_sort_pos_joh_08,0.008930173216832694,,,
712_01_058_sort_pos_joh_04_712_01_066_sort_pos_joh_03,712_01_058_sort_pos_joh_04,712_01_066_sort_pos_joh_03,-0.009150415577256444,,0.013640708381515208,0.001852967897202521
712_01_058_sort_pos_joh_04_712_01_074_sort_pos_joh_01,712_01_058_sort_pos_joh_04,712_01_074_sort_pos_joh_01,-0.001972758589373348,,-0.014928537584000773,0.003086485322265718
712_01_058_sort_pos_joh_04_712_01_089_sort_pos_joh_02,712_01_058_sort_pos_joh_04,712_01_089_sort_pos_joh_02,0.009921836376273677,,0.04097403660141329,0.009052249615380087
712_01_060_sort_pos_joh_01_712_01_060_sort_pos_joh_02,712_01_060_sort_pos_joh_01,712_01_060_sort_pos_joh_02,0.04247660528559855,0.10080908962188045,0.08749547909322684,0.064648063274973
712_01_060_sort_pos_joh_01_712_01_062_sort_pos_joh_02,712_01_060_sort_pos_joh_01,712_01_062_sort_pos_joh_02,0.03598074285827659,0.04192930390624992,0.08559423593686488,-0.005785932509500651
712_01_060_sort_pos_joh_01_712_01_062_sort_pos_joh_08,712_01_060_sort_pos_joh_01,712_01_062_sort_pos_joh_08,0.016774825076429675,,,
712_01_060_sort_pos_joh_01_712_01_066_sort_pos_joh_03,712_01_060_sort_pos_joh_01,712_01_066_sort_pos_joh_03,-0.008553605576254007,0.0011929501652145362,0.026615848500529362,-0.007305894669221882
712_01_060_sort_pos_joh_01_712_01_074_sort_pos_joh_01,712_01_060_sort_pos_joh_01,712_01_074_sort_pos_joh_01,-0.025101077799343244,-0.0038337977780556554,0.015693384549220004,0.015435012335315513
712_01_060_sort_pos_joh_01_712_01_089_sort_pos_joh_02,712_01_060_sort_pos_joh_01,712_01_089_sort_pos_joh_02,0.013689897033175028,0.013568026512234474,0.01972549255631896,0.013930900157482919
712_01_060_sort_pos_joh_02_712_01_062_sort_pos_joh_02,712_01_060_sort_pos_joh_02,712_01_062_sort_pos_joh_02,-0.0018652364142609636,0.019647288235589203,0.0618921459840297,-0.005266187489663667
712_01_060_sort_pos_joh_02_712_01_062_sort_pos_joh_08,712_01_060_sort_pos_joh_02,712_01_062_sort_pos_joh_08,0.0008119243782225394,,,
712_01_060_sort_pos_joh_02_712_01_066_sort_pos_joh_03,712_01_060_sort_pos_joh_02,712_01_066_sort_pos_joh_03,-0.019705212216309453,-0.0029924579357821454,0.04312260355617937,-0.007368740249486822
712_01_060_sort_pos_joh_02_712_01_074_sort_pos_joh_01,712_01_060_sort_pos_joh_02,712_01_074_sort_pos_joh_01,-0.019151320302225498,-0.007375698136194581,0.03194685808554364,0.011366945460670706
712_01_060_sort_pos_joh_02_712_01_089_sort_pos_joh_02,712_01_060_sort_pos_joh_02,712_01_089_sort_pos_joh_02,0.023382957406544856,0.0023307873228349484,0.026214159926147843,0.0017952294805570815
712_01_062_sort_pos_joh_02_712_01_062_sort_pos_joh_08,712_01_062_sort_pos_joh_02,712_01_062_sort_pos_joh_08,0.1305378175410501,,,
712_01_062_sort_pos_joh_02_712_01_066_sort_pos_joh_03,712_01_062_sort_pos_joh_02,712_01_066_sort_pos_joh_03,0.01611765344751163,0.00859413898120989,0.04528953026874862,0.010682562150974299
712_01_062_sort_pos_joh_02_712_01_074_sort_pos_joh_01,712_01_062_sort_pos_joh_02,712_01_074_sort_pos_joh_01,-0.00448902469738017,-0.0015687877438907562,0.03935404806726085,0.0184536172324962
712_01_062_sort_pos_joh_02_712_01_089_sort_pos_joh_02,712_01_062_sort_pos_joh_02,712_01_089_sort_pos_joh_02,-0.01661963437693956,-0.0010782596531605864,0.0075074545270207285,0.000476974270315465
712_01_062_sort_pos_joh_08_712_01_066_sort_pos_joh_03,712_01_062_sort_pos_joh_08,712_01_066_sort_pos_joh_03,0.02231684663795903,,,
712_01_062_sort_pos_joh_08_712_01_074_sort_pos_joh_01,712_01_062_sort_pos_joh_08,712_01_074_sort_pos_joh_01,-0.01088586017830139,,,
712_01_062_sort_pos_joh_08_712_01_089_sort_pos_joh_02,712_01_062_sort_pos_joh_08,712_01_089_sort_pos_joh_02,0.018372609487573754,,,
712_01_066_sort_pos_joh_03_712_01_074_sort_pos_joh_01,712_01_066_sort_pos_joh_03,712_01_074_sort_pos_joh_01,-0.003769297343364458,0.012736021029456644,0.0546873019552716,-0.010740074303787206
712_01_066_sort_pos_joh_03_712_01_089_sort_pos_joh_02,712_01_066_sort_pos_joh_03,712_01_089_sort_pos_joh_02,0.006944920992675535,-0.018088350147755002,0.014967771982901529,0.008822795108829943
712_01_074_sort_pos_joh_01_712_01_089_sort_pos_joh_02,712_01_074_sort_pos_joh_01,712_01_089_sort_pos_joh_02,0.00121685988403416,-0.003838433180826722,0.013140520810646953,-0.0012889789935883193
712_02_049_sort_pos_joh_03_712_02_049_sort_pos_joh_04,712_02_049_sort_pos_joh_03,712_02_049_sort_pos_joh_04,0.0396369791630936,0.057136752560665166,0.11298626716211235,0.03838064363611094
712_02_049_sort_pos_joh_03_712_02_050_sort_pos_joh_01,712_02_049_sort_pos_joh_03,712_02_050_sort_pos_joh_01,-0.0041477075629836576,0.008397623241338893,0.08650595364024612,0.015901888957433455
712_02_049_sort_pos_joh_03_712_02_050_sort_pos_joh_03,712_02_049_sort_pos_joh_03,712_02_050_sort_pos_joh_03,0.005530883649742511,0.01850599398509809,0.014810742511531397,-0.004365635676553192
712_02_049_sort_pos_joh_03_712_02_050_sort_pos_joh_05,712_02_049_sort_pos_joh_03,712_02_050_sort_pos_joh_05,0.009204671798155834,-0.011325526171816473,0.026606746009880625,0.010401648069251828
712_02_049_sort_pos_joh_03_712_02_063_sort_pos_joh_01,712_02_049_sort_pos_joh_03,712_02_063_sort_pos_joh_01,0.021828043705163433,0.022717931782229913,0.028898770754821775,0.003722053357678262
712_02_049_sort_pos_joh_03_712_02_063_sort_pos_joh_03,712_02_049_sort_pos_joh_03,712_02_063_sort_pos_joh_03,0.01979946575575368,,0.04302561440001424,0.012921717404998803
712_02_049_sort_pos_joh_03_712_02_066_sort_pos_joh_03,712_02_049_sort_pos_joh_03,712_02_066_sort_pos_joh_03,-0.010969386427463697,-0.007924201663866343,0.03495621580849385,-0.004366864428662526
712_02_049_sort_pos_joh_04_712_02_050_sort_pos_joh_01,712_02_049_sort_pos_joh_04,712_02_050_sort_pos_joh_01,0.028952713473770222,0.04274872083369497,0.17030667970079985,0.03122108296978841
712_02_049_sort_pos_joh_04_712_02_050_sort_pos_joh_03,712_02_049_sort_pos_joh_04,712_02_050_sort_pos_joh_03,0.00404438387146173,0.0018686584342326035,0.04510976081846645,-0.0007186818530914008
712_02_049_sort_pos_joh_04_712_02_050_sort_pos_joh_05,712_02_049_sort_pos_joh_04,712_02_050_sort_pos_joh_05,0.005692863962982794,0.022861444320773878,0.06696123466036062,0.014994603749700195
712_02_049_sort_pos_joh_04_712_02_063_sort_pos_joh_01,712_02_049_sort_pos_joh_04,712_02_063_sort_pos_joh_01,0.0027807917835122277,-0.015512953411180641,0.05821632627452581,-0.0016624367783205686
712_02_049_sort_pos_joh_04_712_02_063_sort_pos_joh_03,712_02_049_sort_pos_joh_04,712_02_063_sort_pos_joh_03,-0.003929354604384275,,0.07233670072854285,0.01646934190895958
712_02_049_sort_pos_joh_04_712_02_066_sort_pos_joh_03,712_02_049_sort_pos_joh_04,712_02_066_sort_pos_joh_03,-0.0038443959449508424,0.0034355066433322833,0.05823103266717548,-0.0004258842467927187
712_02_050_sort_pos_joh_01_712_02_050_sort_pos_joh_03,712_02_050_sort_pos_joh_01,712_02_050_sort_pos_joh_03,0.035381368666407724,0.05879338459385753,0.21865494081998352,0.07367489559084564
712_02_050_sort_pos_joh_01_712_02_050_sort_pos_joh_05,712_02_050_sort_pos_joh_01,712_02_050_sort_pos_joh_05,0.06005560197419264,0.07245731751181761,0.19253714615269524,0.08997061425737549
712_02_050_sort_pos_joh_01_712_02_063_sort_pos_joh_01,712_02_050_sort_pos_joh_01,712_02_063_sort_pos_joh_01,-0.029996599673311787,-0.0094967335620138,0.09559131246240919,-0.008622541301237678
712_02_050_sort_pos_joh_01_712_02_063_sort_pos_joh_03,712_02_050_sort_pos_joh_01,712_02_063_sort_pos_joh_03,-0.021431754287943645,,0.11990110053859798,0.010531085683352323
712_02_050_sort_pos_joh_01_712_02_066_sort_pos_joh_03,712_02_050_sort_pos_joh_01,712_02_066_sort_pos_joh_03,0.02286290126896224,0.060621376159619746,0.11835878838241272,0.013340971470070219
712_02_050_sort_pos_joh_03_712_02_050_sort_pos_joh_05,712_02_050_sort_pos_joh_03,712_02_050_sort_pos_joh_05,0.026508486948830078,0.02304758341897682,0.09365676569913543,0.013100497121158452
712_02_050_sort_pos_joh_03_712_02_063_sort_pos_joh_01,712_02_050_sort_pos_joh_03,712_02_063_sort_pos_joh_01,0.02249580062339941,-0.0014497697003855135,0.027052090991961344,-0.007028319713143531
712_02_050_sort_pos_joh_03_712_02_063_sort_pos_joh_03,712_02_050_sort_pos_joh_03,712_02_063_sort_pos_joh_03,-0.004320035459692272,,0.040808255307427675,-0.003689503698284584
712_02_050_sort_pos_joh_03_712_02_066_sort_pos_joh_03,712_02_050_sort_pos_joh_03,712_02_066_sort_pos_joh_03,0.00387886343379378,0.012114222062534282,0.05411487421677438,0.012570628258193793
712_02_050_sort_pos_joh_05_712_02_063_sort_pos_joh_01,712_02_050_sort_pos_joh_05,712_02_063_sort_pos_joh_01,-0.009354540121759696,-0.019251743823816576,0.03965494205304969,-0.0011471574643375127
712_02_050_sort_pos_joh_05_712_02_063_sort_pos_joh_03,712_02_050_sort_pos_joh_05,712_02_063_sort_pos_joh_03,-0.007502100315395108,,0.05042955750897715,0.00874007803737941
712_02_050_sort_pos_joh_05_712_02_066_sort_pos_joh_03,712_02_050_sort_pos_joh_05,712_02_066_sort_pos_joh_03,0.007936244151728932,0.009410319667450685,0.05121461858612797,-0.0007822551042570147
712_02_063_sort_pos_joh_01_712_02_063_sort_pos_joh_03,712_02_063_sort_pos_joh_01,712_02_063_sort_pos_joh_03,0.06961325367993138,,0.1383727452638339,0.031598673808776706
712_02_063_sort_pos_joh_01_712_02_066_sort_pos_joh_03,712_02_063_sort_pos_joh_01,712_02_066_sort_pos_joh_03,-0.023480923515523607,-0.020019790406331714,0.046060316669491626,-0.010004151010931585
712_02_063_sort_pos_joh_03_712_02_066_sort_pos_joh_03,712_02_063_sort_pos_joh_03,712_02_066_sort_pos_joh_03,0.0011520749505041982,,0.033107187390106804,0.0035924014261103543
712_03_030_sort_pos_joh_02_712_03_039_sort_pos_joh_01,712_03_030_sort_pos_joh_02,712_03_039_sort_pos_joh_01,0.0011214723641953194,-0.016378741339562762,-0.004705844136393873,0.002795133412339639
712_03_030_sort_pos_joh_02_712_03_052_sort_pos_joh_02,712_03_030_sort_pos_joh_02,712_03_052_sort_pos_joh_02,0.016848977387205994,0.009374842879866766,0.00689626225114787,0.005408444307582993
712_03_030_sort_pos_joh_02_712_03_060_sort_pos_joh_02,712_03_030_sort_pos_joh_02,712_03_060_sort_pos_joh_02,0.03649668917997437,0.056927956417733676,0.015689977353045868,0.017652570700194416
712_03_030_sort_pos_joh_02_712_03_065_sort_pos_joh_03,712_03_030_sort_pos_joh_02,712_03_065_sort_pos_joh_03,0.012330951790867744,-0.006087871935156961,0.007135333970562227,-0.004085908060311986
712_03_030_sort_pos_joh_02_712_03_066_sort_pos_joh_04,712_03_030_sort_pos_joh_02,712_03_066_sort_pos_joh_04,-0.0118021930239848,-0.006335214637691173,,
712_03_030_sort_pos_joh_02_712_03_069_sort_pos_joh_01,712_03_030_sort_pos_joh_02,712_03_069_sort_pos_joh_01,0.007872088786018066,0.008062241547793076,0.019460080364860643,-0.004676778185017631
712_03_030_sort_pos_joh_02_712_03_069_sort_pos_joh_03,712_03_030_sort_pos_joh_02,712_03_069_sort_pos_joh_03,-0.006130524973725372,0.0009165454438000172,0.008800337864237095,-0.0009208905987546835
712_03_039_sort_pos_joh_01_712_03_052_sort_pos_joh_02,712_03_039_sort_pos_joh_01,712_03_052_sort_pos_joh_02,0.009499185172129271,0.0032903168900111843,0.008227675628590586,0.007567050939273966
712_03_039_sort_pos_joh_01_712_03_060_sort_pos_joh_02,712_03_039_sort_pos_joh_01,712_03_060_sort_pos_joh_02,0.01227380658062154,0.017116979476639475,-0.007571033678072701,0.006968510311244912
712_03_039_sort_pos_joh_01_712_03_065_sort_pos_joh_03,712_03_039_sort_pos_joh_01,712_03_065_sort_pos_joh_03,-0.001011855809318464,0.015588271986864542,6.964242035077552e-05,-0.012850839298719748
712_03_039_sort_pos_joh_01_712_03_066_sort_pos_joh_04,712_03_039_sort_pos_joh_01,712_03_066_sort_pos_joh_04,0.0024204947163471518,0.006143900511533054,,
712_03_039_sort_pos_joh_01_712_03_069_sort_pos_joh_01,712_03_039_sort_pos_joh_01,712_03_069_sort_pos_joh_01,0.004853265361762392,0.004424781660529449,-0.009123898999413193,0.0060575095289742515
712_03_039_sort_pos_joh_01_712_03_069_sort_pos_joh_03,712_03_039_sort_pos_joh_01,712_03_069_sort_pos_joh_03,0.00592938674514923,0.028769482919735644,0.006289235775263746,0.008456011085856238
712_03_052_sort_pos_joh_02_712_03_060_sort_pos_joh_02,712_03_052_sort_pos_joh_02,712_03_060_sort_pos_joh_02,0.06619249236443811,0.07316943915443938,0.10009264700106041,0.034872249286974515
712_03_052_sort_pos_joh_02_712_03_065_sort_pos_joh_03,712_03_052_sort_pos_joh_02,712_03_065_sort_pos_joh_03,0.013724640884781073,0.02813923056305091,0.10205989109377996,0.02212027365967868
712_03_052_sort_pos_joh_02_712_03_066_sort_pos_joh_04,712_03_052_sort_pos_joh_02,712_03_066_sort_pos_joh_04,0.00425855157396245,0.003227586951190486,,
712_03_052_sort_pos_joh_02_712_03_069_sort_pos_joh_01,712_03_052_sort_pos_joh_02,712_03_069_sort_pos_joh_01,0.042575371033002164,0.028675419007928533,0.15058913772865634,0.02547660764706121
712_03_052_sort_pos_joh_02_712_03_069_sort_pos_joh_03,712_03_052_sort_pos_joh_02,712_03_069_sort_pos_joh_03,0.0034268066101100555,0.004914651513015306,0.10002735229827278,0.0223391846991336
712_03_060_sort_pos_joh_02_712_03_065_sort_pos_joh_03,712_03_060_sort_pos_joh_02,712_03_065_sort_pos_joh_03,0.012316674861208299,-0.008659563077097225,0.04744750860622157,0.01594350571726839
712_03_060_sort_pos_joh_02_712_03_066_sort_pos_joh_04,712_03_060_sort_pos_joh_02,712_03_066_sort_pos_joh_04,0.008019091575668859,-0.004200233889429046,,
712_03_060_sort_pos_joh_02_712_03_069_sort_pos_joh_01,712_03_060_sort_pos_joh_02,712_03_069_sort_pos_joh_01,0.00881583831117571,0.015393677326242446,0.10331597709089617,0.02241973284446779
712_03_060_sort_pos_joh_02_712_03_069_sort_pos_joh_03,712_03_060_sort_pos_joh_02,712_03_069_sort_pos_joh_03,0.0019759387199109143,0.0008378468312261381,0.07043379166201504,0.01046069875435905
712_03_065_sort_pos_joh_03_712_03_066_sort_pos_joh_04,712_03_065_sort_pos_joh_03,712_03_066_sort_pos_joh_04,0.011194793424563787,0.013914840154759548,,
712_03_065_sort_pos_joh_03_712_03_069_sort_pos_joh_01,712_03_065_sort_pos_joh_03,712_03_069_sort_pos_joh_01,0.03393743439563264,0.016903976665932376,0.16604205614327955,0.02838119703985584
712_03_065_sort_pos_joh_03_712_03_069_sort_pos_joh_03,712_03_065_sort_pos_joh_03,712_03_069_sort_pos_joh_03,0.002310956116719646,0.0126103163354595,0.06430911206227861,0.01435297538747301
712_03_066_sort_pos_joh_04_712_03_069_sort_pos_joh_01,712_03_066_sort_pos_joh_04,712_03_069_sort_pos_joh_01,-3.916398771803553e-05,0.014716738610805462,,
712_03_066_sort_pos_joh_04_712_03_069_sort_pos_joh_03,712_03_066_sort_pos_joh_04,712_03_069_sort_pos_joh_03,-0.0033204271331092644,-0.015489439119880143,,
712_03_069_sort_pos_joh_01_712_03_069_sort_pos_joh_03,712_03_069_sort_pos_joh_01,712_03_069_sort_pos_joh_03,0.03629694646735357,0.03661696283498265,0.15494890229611344,0.03465447244462325
713_01_022_sort_pos_joh_04_713_01_046_sort_pos_joh_01,713_01_022_sort_pos_joh_04,713_01_046_sort_pos_joh_01,-0.010488756591382174,0.016182123495711243,0.021287363960462012,0.009098291410607827
713_01_022_sort_pos_joh_04_713_01_054_sort_pos_joh_01,713_01_022_sort_pos_joh_04,713_01_054_sort_pos_joh_01,-0.018974258448108485,0.00723625766915453,0.016080853121770617,0.0016150838591715059
713_01_022_sort_pos_joh_04_713_01_066_sort_pos_joh_01,713_01_022_sort_pos_joh_04,713_01_066_sort_pos_joh_01,-0.0005133271069650318,0.005586451817865173,0.0036448092903319817,0.01509920607267979
713_01_022_sort_pos_joh_04_713_01_066_sort_pos_joh_02,713_01_022_sort_pos_joh_04,713_01_066_sort_pos_joh_02,0.03474644904132054,0.006566951666434289,-0.0071633673953563955,0.0034667430258176566
713_01_022_sort_pos_joh_04_713_01_090_sort_pos_joh_01,713_01_022_sort_pos_joh_04,713_01_090_sort_pos_joh_01,0.006227155911478371,-0.008971356037309624,-0.0019171608189581808,0.004964275233140068
713_01_022_sort_pos_joh_04_713_01_090_sort_pos_joh_04,713_01_022_sort_pos_joh_04,713_01_090_sort_pos_joh_04,-0.013920934371011967,0.0024985118709455905,-0.009858939609560942,-0.008821630452097311
713_01_022_sort_pos_joh_04_713_01_092_sort_pos_joh_01,713_01_022_sort_pos_joh_04,713_01_092_sort_pos_joh_01,-0.007162491610529922,0.003278225978135298,-0.005667891362002425,0.0005141922470684809
713_01_022_sort_pos_joh_04_713_01_092_sort_pos_joh_06,713_01_022_sort_pos_joh_04,713_01_092_sort_pos_joh_06,-0.011958723658893741,0.005778404083267888,0.0012680880838127685,-0.002055439925652569
713_01_022_sort_pos_joh_04_713_01_094_sort_pos_joh_03,713_01_022_sort_pos_joh_04,713_01_094_sort_pos_joh_03,-0.0030262948035262634,,-0.00591600591025109,-0.014557404025380385
713_01_046_sort_pos_joh_01_713_01_054_sort_pos_joh_01,713_01_046_sort_pos_joh_01,713_01_054_sort_pos_joh_01,-0.002848089121275309,-0.004679257713064644,0.045909705848201095,0.00432615880938647
713_01_046_sort_pos_joh_01_713_01_066_sort_pos_joh_01,713_01_046_sort_pos_joh_01,713_01_066_sort_pos_joh_01,-0.007692060050773904,0.0012442028626879513,0.006721728545338539,0.010674561944353666
713_01_046_sort_pos_joh_01_713_01_066_sort_pos_joh_02,713_01_046_sort_pos_joh_01,713_01_066_sort_pos_joh_02,-0.010482553055685274,-0.022500040613122937,-0.030312388055541283,0.009803202650527955
713_01_046_sort_pos_joh_01_713_01_090_sort_pos_joh_01,713_01_046_sort_pos_joh_01,713_01_090_sort_pos_joh_01,0.010704861760842009,-0.003336284953374546,0.05320352470528973,0.004295312981278667
713_01_046_sort_pos_joh_01_713_01_090_sort_pos_joh_04,713_01_046_sort_pos_joh_01,713_01_090_sort_pos_joh_04,-0.014664727527056333,-0.022335523112685756,-0.022605690747712064,-0.004240027218693519
713_01_046_sort_pos_joh_01_713_01_092_sort_pos_joh_01,713_01_046_sort_pos_joh_01,713_01_092_sort_pos_joh_01,0.043131309339090484,0.045836026309121536,0.07543186103440733,0.01262095197156178
713_01_046_sort_pos_joh_01_713_01_092_sort_pos_joh_06,713_01_046_sort_pos_joh_01,713_01_092_sort_pos_joh_06,0.021443310759241982,0.025203133290987487,0.043878220495490575,0.0039517586200566905
713_01_046_sort_pos_joh_01_713_01_094_sort_pos_joh_03,713_01_046_sort_pos_joh_01,713_01_094_sort_pos_joh_03,0.0012991418578830586,,0.03843231748210657,0.002979727121450525
713_01_054_sort_pos_joh_01_713_01_066_sort_pos_joh_01,713_01_054_sort_pos_joh_01,713_01_066_sort_pos_joh_01,0.016086916965868146,0.02525232545552053,0.06345281276747776,0.021735439164729014
713_01_054_sort_pos_joh_01_713_01_066_sort_pos_joh_02,713_01_054_sort_pos_joh_01,713_01_066_sort_pos_joh_02,-0.01923896075088882,-0.005710987954925528,0.030286123949218348,0.008248024898429475
713_01_054_sort_pos_joh_01_713_01_090_sort_pos_joh_01,713_01_054_sort_pos_joh_01,713_01_090_sort_pos_joh_01,-0.00834406521101655,0.009186394609111173,0.033624200123824236,-0.00744234990292233
713_01_054_sort_pos_joh_01_713_01_090_sort_pos_joh_04,713_01_054_sort_pos_joh_01,713_01_090_sort_pos_joh_04,-0.011177710274597859,0.004446455427560628,-0.008734988654746288,-0.0017808573978618455
713_01_054_sort_pos_joh_01_713_01_092_sort_pos_joh_01,713_01_054_sort_pos_joh_01,713_01_092_sort_pos_joh_01,-0.002548004470357657,-0.0030502456986151246,0.014991284986185122,0.006630019640487248
713_01_054_sort_pos_joh_01_713_01_092_sort_pos_joh_06,713_01_054_sort_pos_joh_01,713_01_092_sort_pos_joh_06,-0.005719427542832181,-0.0143197356529948,-0.002886513234395944,0.010724809466805664
713_01_054_sort_pos_joh_01_713_01_094_sort_pos_joh_03,713_01_054_sort_pos_joh_01,713_01_094_sort_pos_joh_03,-0.01548319870800543,,0.0010638799972902005,0.002592352713033174
713_01_066_sort_pos_joh_01_713_01_066_sort_pos_joh_02,713_01_066_sort_pos_joh_01,713_01_066_sort_pos_joh_02,0.017169533087399165,0.03231545024853481,0.044356464227883224,0.0706032108934034
713_01_066_sort_pos_joh_01_713_01_090_sort_pos_joh_01,713_01_066_sort_pos_joh_01,713_01_090_sort_pos_joh_01,-3.0194702082967974e-05,0.003860998512031193,0.0005117247752540646,0.006380113946105261
713_01_066_sort_pos_joh_01_713_01_090_sort_pos_joh_04,713_01_066_sort_pos_joh_01,713_01_090_sort_pos_joh_04,-0.010398228785751362,0.0019888470115168883,-0.007707279621496935,0.00732041387254033
713_01_066_sort_pos_joh_01_713_01_092_sort_pos_joh_01,713_01_066_sort_pos_joh_01,713_01_092_sort_pos_joh_01,0.015784370499315376,0.01093023280252786,0.0016494216176150427,0.0189256047590058
713_01_066_sort_pos_joh_01_713_01_092_sort_pos_joh_06,713_01_066_sort_pos_joh_01,713_01_092_sort_pos_joh_06,0.018559820647461898,-0.0036817196229005284,0.003733987512246957,0.007257201057104907
713_01_066_sort_pos_joh_01_713_01_094_sort_pos_joh_03,713_01_066_sort_pos_joh_01,713_01_094_sort_pos_joh_03,0.007227816773408353,,-0.010085145370146783,0.012710667285355165
713_01_066_sort_pos_joh_02_713_01_090_sort_pos_joh_01,713_01_066_sort_pos_joh_02,713_01_090_sort_pos_joh_01,-0.008467147102413709,-0.006338625248799151,-0.03879379896570483,-0.00540210246630493
713_01_066_sort_pos_joh_02_713_01_090_sort_pos_joh_04,713_01_066_sort_pos_joh_02,713_01_090_sort_pos_joh_04,0.03181649547992125,0.024084774422087736,0.06570733482150788,0.008722168946258045
713_01_066_sort_pos_joh_02_713_01_092_sort_pos_joh_01,713_01_066_sort_pos_joh_02,713_01_092_sort_pos_joh_01,0.007571334982811945,-0.01079869987601507,-0.0320150103194316,0.013619334084137387
713_01_066_sort_pos_joh_02_713_01_092_sort_pos_joh_06,713_01_066_sort_pos_joh_02,713_01_092_sort_pos_joh_06,-0.008271779854903202,0.004361625350478636,-0.011440219502423377,0.004268944557245361
713_01_066_sort_pos_joh_02_713_01_094_sort_pos_joh_03,713_01_066_sort_pos_joh_02,713_01_094_sort_pos_joh_03,-0.004098110807502006,,-0.03444231035344564,0.003170773272844186
713_01_090_sort_pos_joh_01_713_01_090_sort_pos_joh_04,713_01_090_sort_pos_joh_01,713_01_090_sort_pos_joh_04,-0.016525062654745164,-0.016178612278840154,0.038197866914927756,-0.0018078034661139402
713_01_090_sort_pos_joh_01_713_01_092_sort_pos_joh_01,713_01_090_sort_pos_joh_01,713_01_092_sort_pos_joh_01,0.007819854327776139,0.002754569704096052,0.13474116559967753,0.004232331790348519
713_01_090_sort_pos_joh_01_713_01_092_sort_pos_joh_06,713_01_090_sort_pos_joh_01,713_01_092_sort_pos_joh_06,-0.0016464267081093206,-0.002154734644922963,0.06197794129979173,0.0093715045284672
713_01_090_sort_pos_joh_01_713_01_094_sort_pos_joh_03,713_01_090_sort_pos_joh_01,713_01_094_sort_pos_joh_03,0.0059601406156688805,,0.10771565823187476,0.029331238061833038
713_01_090_sort_pos_joh_04_713_01_092_sort_pos_joh_01,713_01_090_sort_pos_joh_04,713_01_092_sort_pos_joh_01,-0.047378795295015604,-0.032255752909759225,-0.010004769289083107,-0.024459958366376607
713_01_090_sort_pos_joh_04_713_01_092_sort_pos_joh_06,713_01_090_sort_pos_joh_04,713_01_092_sort_pos_joh_06,-0.017974207675924368,-0.009879390965043111,-0.004028868160367367,-0.006774089841699182
713_01_090_sort_pos_joh_04_713_01_094_sort_pos_joh_03,713_01_090_sort_pos_joh_04,713_01_094_sort_pos_joh_03,-0.0073676904293822326,,-0.008038685167774772,0.011240551421610269
713_01_092_sort_pos_joh_01_713_01_092_sort_pos_joh_06,713_01_092_sort_pos_joh_01,713_01_092_sort_pos_joh_06,0.22583593484917486,0.239339847769786,0.23369783352385548,0.16292264722498895
713_01_092_sort_pos_joh_01_713_01_094_sort_pos_joh_03,713_01_092_sort_pos_joh_01,713_01_094_sort_pos_joh_03,0.034909812570011106,,0.08971631715388564,0.01289378467433565
713_01_092_sort_pos_joh_06_713_01_094_sort_pos_joh_03,713_01_092_sort_pos_joh_06,713_01_094_sort_pos_joh_03,0.011749259322991281,,0.04121473912212184,0.015915055458026253
713_02_003_sort_pos_joh_01_713_02_003_sort_pos_joh_02,713_02_003_sort_pos_joh_01,713_02_003_sort_pos_joh_02,0.12918810298975836,0.12681373961465778,0.21133359529264623,0.1279985644895962
713_02_003_sort_pos_joh_01_713_02_004_sort_pos_joh_01,713_02_003_sort_pos_joh_01,713_02_004_sort_pos_joh_01,0.05140358371649416,0.013174034696116159,0.07006182740191934,0.03282695872341807
713_02_003_sort_pos_joh_01_713_02_005_sort_pos_joh_01,713_02_003_sort_pos_joh_01,713_02_005_sort_pos_joh_01,0.04661905244471081,0.03285353254507267,0.05758515464783722,0.0348480824759648
713_02_003_sort_pos_joh_01_713_02_042_sort_pos_joh_03,713_02_003_sort_pos_joh_01,713_02_042_sort_pos_joh_03,0.003028106044075819,0.011748995560633045,0.014373121592529063,0.0013005817335652182
713_02_003_sort_pos_joh_01_713_02_042_sort_pos_joh_05,713_02_003_sort_pos_joh_01,713_02_042_sort_pos_joh_05,0.00037250307180050504,0.006760382558039059,-0.00029983836034541656,0.004549378587964184
713_02_003_sort_pos_joh_01_713_02_054_sort_pos_joh_03,713_02_003_sort_pos_joh_01,713_02_054_sort_pos_joh_03,0.0012359740589392104,-0.002432284433740662,0.016325374360241326,-0.00031339495429015914
713_02_003_sort_pos_joh_01_713_02_055_sort_pos_joh_02,713_02_003_sort_pos_joh_01,713_02_055_sort_pos_joh_02,0.006972721475664794,-0.004233058300147576,0.015615225103350143,-0.001338242792394
713_02_003_sort_pos_joh_01_713_02_060_sort_pos_joh_01,713_02_003_sort_pos_joh_01,713_02_060_sort_pos_joh_01,0.00971557555328636,0.031449402906518674,0.009052712399232915,0.03188326123593736
713_02_003_sort_pos_joh_01_713_02_060_sort_pos_joh_02,713_02_003_sort_pos_joh_01,713_02_060_sort_pos_joh_02,0.004745719303856383,0.003993723063293608,0.009494222489079924,0.009083847738098396
713_02_003_sort_pos_joh_01_713_02_062_sort_pos_joh_01,713_02_003_sort_pos_joh_01,713_02_062_sort_pos_joh_01,0.00626855003643815,,0.040553309377225684,
713_02_003_sort_pos_joh_01_713_02_065_sort_pos_joh_01,713_02_003_sort_pos_joh_01,713_02_065_sort_pos_joh_01,0.020261251277878402,0.046449500636023135,0.01928266976737735,0.003128573301429358
713_02_003_sort_pos_joh_01_713_02_068_sort_pos_joh_01,713_02_003_sort_pos_joh_01,713_02_068_sort_pos_joh_01,0.02991324251087046,0.020874539422091443,0.016996137353853014,0.01684519508476686
713_02_003_sort_pos_joh_01_713_02_068_sort_pos_joh_03,713_02_003_sort_pos_joh_01,713_02_068_sort_pos_joh_03,-0.00268953431444522,0.0052861019981437956,0.002133899371464703,0.0012739678559937483
713_02_003_sort_pos_joh_01_713_02_069_sort_pos_joh_03,713_02_003_sort_pos_joh_01,713_02_069_sort_pos_joh_03,0.00454736209460763,0.020037266733675,0.01826222258865766,0.0013299440916762603
713_02_003_sort_pos_joh_01_713_02_090_sort_pos_joh_01,713_02_003_sort_pos_joh_01,713_02_090_sort_pos_joh_01,0.008363899876032279,-0.004574629550299073,0.00793309957990479,-0.006174597288486208
713_02_003_sort_pos_joh_01_713_02_092_sort_pos_joh_01,713_02_003_sort_pos_joh_01,713_02_092_sort_pos_joh_01,0.014443898900613462,0.004212848743407297,0.002593927372258009,-0.012584544678189563
713_02_003_sort_pos_joh_01_713_02_092_sort_pos_joh_02,713_02_003_sort_pos_joh_01,713_02_092_sort_pos_joh_02,-0.010889905438321364,0.0032582035518823227,0.011771596037821469,-0.009110842866093326
713_02_003_sort_pos_joh_01_713_02_092_sort_pos_joh_04,713_02_003_sort_pos_joh_01,713_02_092_sort_pos_joh_04,0.014906799277466886,0.0025230345070936687,0.01238951270376108,0.009241169673881115
713_02_003_sort_pos_joh_01_713_02_092_sort_pos_joh_05,713_02_003_sort_pos_joh_01,713_02_092_sort_pos_joh_05,-0.0016996424750006652,-0.008879825851673486,0.01240932370766914,-0.013145746154304621
713_02_003_sort_pos_joh_01_713_02_092_sort_pos_joh_06,713_02_003_sort_pos_joh_01,713_02_092_sort_pos_joh_06,0.009820834576235369,-0.004752341142617415,-0.004232957929836487,-0.004286524911142606
713_02_003_sort_pos_joh_02_713_02_004_sort_pos_joh_01,713_02_003_sort_pos_joh_02,713_02_004_sort_pos_joh_01,0.01981348374055326,0.017312855487264647,0.031035536328578698,0.014465575887437382
713_02_003_sort_pos_joh_02_713_02_005_sort_pos_joh_01,713_02_003_sort_pos_joh_02,713_02_005_sort_pos_joh_01,0.01896465908378998,0.02370738094099165,0.04377883741194051,0.0015595530768977989
713_02_003_sort_pos_joh_02_713_02_042_sort_pos_joh_03,713_02_003_sort_pos_joh_02,713_02_042_sort_pos_joh_03,0.008772401530873124,0.0036880399823506606,0.002038444297725387,0.0036493843661627714
713_02_003_sort_pos_joh_02_713_02_042_sort_pos_joh_05,713_02_003_sort_pos_joh_02,713_02_042_sort_pos_joh_05,-0.0009846718232298139,-0.0033907266555590087,-0.0016320478860591535,0.0048468351395683194
713_02_003_sort_pos_joh_02_713_02_054_sort_pos_joh_03,713_02_003_sort_pos_joh_02,713_02_054_sort_pos_joh_03,-0.003361301672706168,-0.007730145631465456,0.005744810355105154,-0.00038618607836394246
713_02_003_sort_pos_joh_02_713_02_055_sort_pos_joh_02,713_02_003_sort_pos_joh_02,713_02_055_sort_pos_joh_02,0.000962266771126853,0.008923505816254928,0.0073517747025829555,0.0046193428997029036
713_02_003_sort_pos_joh_02_713_02_060_sort_pos_joh_01,713_02_003_sort_pos_joh_02,713_02_060_sort_pos_joh_01,0.008707020302677176,0.010416609561335834,0.005774390183410994,0.024948644040968283
713_02_003_sort_pos_joh_02_713_02_060_sort_pos_joh_02,713_02_003_sort_pos_joh_02,713_02_060_sort_pos_joh_02,0.00377423999971818,0.007257623639971722,0.0035987990169801527,-0.0043865151228968885
713_02_003_sort_pos_joh_02_713_02_062_sort_pos_joh_01,713_02_003_sort_pos_joh_02,713_02_062_sort_pos_joh_01,-0.006542190148590802,,0.03688536305873541,
713_02_003_sort_pos_joh_02_713_02_065_sort_pos_joh_01,713_02_003_sort_pos_joh_02,713_02_065_sort_pos_joh_01,0.019787747744599803,0.016076575111943433,0.01521985947807981,0.0025669793660807625
713_02_003_sort_pos_joh_02_713_02_068_sort_pos_joh_01,713_02_003_sort_pos_joh_02,713_02_068_sort_pos_joh_01,0.028787291809747664,0.014166448785182665,0.006871809321399286,0.00914887129905802
713_02_003_sort_pos_joh_02_713_02_068_sort_pos_joh_03,713_02_003_sort_pos_joh_02,713_02_068_sort_pos_joh_03,-0.012013386806361652,-0.0023451928191345257,0.0004934582906788607,0.004603072652523158
713_02_003_sort_pos_joh_02_713_02_069_sort_pos_joh_03,713_02_003_sort_pos_joh_02,713_02_069_sort_pos_joh_03,0.022527102754405094,-0.005164821262011945,0.007485888179957941,-0.011346118084081529
713_02_003_sort_pos_joh_02_713_02_090_sort_pos_joh_01,713_02_003_sort_pos_joh_02,713_02_090_sort_pos_joh_01,0.015553465632240004,-0.0055244441168729235,0.0023384672473927633,0.00272728546303819
713_02_003_sort_pos_joh_02_713_02_092_sort_pos_joh_01,713_02_003_sort_pos_joh_02,713_02_092_sort_pos_joh_01,0.011878707598150384,0.009537696883765578,0.014919620472121297,-0.0013938451479952848
713_02_003_sort_pos_joh_02_713_02_092_sort_pos_joh_02,713_02_003_sort_pos_joh_02,713_02_092_sort_pos_joh_02,0.005681688861697739,0.009637260822080143,0.013863620102115816,-0.004134784860135346
713_02_003_sort_pos_joh_02_713_02_092_sort_pos_joh_04,713_02_003_sort_pos_joh_02,713_02_092_sort_pos_joh_04,0.02046618604177126,0.010665046990338182,0.018811591381737856,-0.0003396545274085344
713_02_003_sort_pos_joh_02_713_02_092_sort_pos_joh_05,713_02_003_sort_pos_joh_02,713_02_092_sort_pos_joh_05,0.0009954733757131836,-0.016744944932119678,0.006876940955171332,0.0007768908290229502
713_02_003_sort_pos_joh_02_713_02_092_sort_pos_joh_06,713_02_003_sort_pos_joh_02,713_02_092_sort_pos_joh_06,0.011197740127203582,0.008775796088210969,0.020330105063400942,-0.00856013464336097
713_02_004_sort_pos_joh_01_713_02_005_sort_pos_joh_01,713_02_004_sort_pos_joh_01,713_02_005_sort_pos_joh_01,0.09555017079513396,0.07520844307252021,0.07115464702033597,0.04359515752201924
713_02_004_sort_pos_joh_01_713_02_042_sort_pos_joh_03,713_02_004_sort_pos_joh_01,713_02_042_sort_pos_joh_03,-0.015898258700305905,-0.009593941985704164,0.017425102170151304,0.009640507855299388
713_02_004_sort_pos_joh_01_713_02_042_sort_pos_joh_05,713_02_004_sort_pos_joh_01,713_02_042_sort_pos_joh_05,0.00036714550725180684,-0.0034429855135760744,0.021752591027125973,-0.0009770755161987881
713_02_004_sort_pos_joh_01_713_02_054_sort_pos_joh_03,713_02_004_sort_pos_joh_01,713_02_054_sort_pos_joh_03,0.008253650029442316,0.009192755975615741,-0.010743898211105659,-0.003416652496183456
713_02_004_sort_pos_joh_01_713_02_055_sort_pos_joh_02,713_02_004_sort_pos_joh_01,713_02_055_sort_pos_joh_02,-0.008591034879802995,0.005987358038214524,0.02079744205567805,-0.00809755743398533
713_02_004_sort_pos_joh_01_713_02_060_sort_pos_joh_01,713_02_004_sort_pos_joh_01,713_02_060_sort_pos_joh_01,-0.011664879812000118,0.0023255238405859783,-0.004199541529798707,0.01291175970175304
713_02_004_sort_pos_joh_01_713_02_060_sort_pos_joh_02,713_02_004_sort_pos_joh_01,713_02_060_sort_pos_joh_02,0.0009527668132902921,-0.0038636469640402965,0.006630852502705309,0.005471345128504323
713_02_004_sort_pos_joh_01_713_02_062_sort_pos_joh_01,713_02_004_sort_pos_joh_01,713_02_062_sort_pos_joh_01,0.016239040636185306,,0.023947957266727802,
713_02_004_sort_pos_joh_01_713_02_065_sort_pos_joh_01,713_02_004_sort_pos_joh_01,713_02_065_sort_pos_joh_01,0.01870710777628338,0.002558074901573701,0.01306730519347209,0.00791483054477062
713_02_004_sort_pos_joh_01_713_02_068_sort_pos_joh_01,713_02_004_sort_pos_joh_01,713_02_068_sort_pos_joh_01,0.029102035473593888,0.011787672685905769,0.022642061033152003,0.0194033981877641
713_02_004_sort_pos_joh_01_713_02_068_sort_pos_joh_03,713_02_004_sort_pos_joh_01,713_02_068_sort_pos_joh_03,0.007160203660102186,-0.0009934592728842691,-0.0023329406300251557,-0.00015904121125420422
713_02_004_sort_pos_joh_01_713_02_069_sort_pos_joh_03,713_02_004_sort_pos_joh_01,713_02_069_sort_pos_joh_03,-6.344034587254834e-05,-0.015737509936437986,0.013393849278913426,0.006216127550094501
713_02_004_sort_pos_joh_01_713_02_090_sort_pos_joh_01,713_02_004_sort_pos_joh_01,713_02_090_sort_pos_joh_01,0.012392028525629034,0.0017560005919088335,0.009611843966616017,-0.0012476164006431218
713_02_004_sort_pos_joh_01_713_02_092_sort_pos_joh_01,713_02_004_sort_pos_joh_01,713_02_092_sort_pos_joh_01,0.023311424822167734,0.00856734086414838,0.0034709005518006627,0.005043271010288504
713_02_004_sort_pos_joh_01_713_02_092_sort_pos_joh_02,713_02_004_sort_pos_joh_01,713_02_092_sort_pos_joh_02,0.020750692076211698,0.0030262812781224435,0.006846405143306793,0.01955031425003093
713_02_004_sort_pos_joh_01_713_02_092_sort_pos_joh_04,713_02_004_sort_pos_joh_01,713_02_092_sort_pos_joh_04,0.01354182348830952,0.000284824568516284,-0.0010426880706773827,0.005651662626643338
713_02_004_sort_pos_joh_01_713_02_092_sort_pos_joh_05,713_02_004_sort_pos_joh_01,713_02_092_sort_pos_joh_05,0.01638896937891272,-0.0012268124958122878,-0.009638312207839513,0.015762460079015876
713_02_004_sort_pos_joh_01_713_02_092_sort_pos_joh_06,713_02_004_sort_pos_joh_01,713_02_092_sort_pos_joh_06,0.014920114067956673,0.011945894890335046,-0.006281837999055495,0.010580708636140043
713_02_005_sort_pos_joh_01_713_02_042_sort_pos_joh_03,713_02_005_sort_pos_joh_01,713_02_042_sort_pos_joh_03,0.009117737203435035,0.001053915369198464,0.002464243163380413,0.008888251333481761
713_02_005_sort_pos_joh_01_713_02_042_sort_pos_joh_05,713_02_005_sort_pos_joh_01,713_02_042_sort_pos_joh_05,0.013258878441495548,0.003081327813945339,-0.009695882203433287,0.000761109879886136
713_02_005_sort_pos_joh_01_713_02_054_sort_pos_joh_03,713_02_005_sort_pos_joh_01,713_02_054_sort_pos_joh_03,-0.0053667293482659835,-0.00190153101458771,0.003979681162163685,0.0022165361128889953
713_02_005_sort_pos_joh_01_713_02_055_sort_pos_joh_02,713_02_005_sort_pos_joh_01,713_02_055_sort_pos_joh_02,0.000990402954862196,0.012001203171466683,0.011261574382124098,0.016349555649724262
713_02_005_sort_pos_joh_01_713_02_060_sort_pos_joh_01,713_02_005_sort_pos_joh_01,713_02_060_sort_pos_joh_01,0.011137799763491243,-0.002037754842589323,0.00719323484736839,0.007385294958188926
713_02_005_sort_pos_joh_01_713_02_060_sort_pos_joh_02,713_02_005_sort_pos_joh_01,713_02_060_sort_pos_joh_02,0.006539993562273788,0.008253734209947464,-0.0032916777474465584,-5.7581023510739955e-05
713_02_005_sort_pos_joh_01_713_02_062_sort_pos_joh_01,713_02_005_sort_pos_joh_01,713_02_062_sort_pos_joh_01,0.027688809883221747,,0.00925126980988674,
713_02_005_sort_pos_joh_01_713_02_065_sort_pos_joh_01,713_02_005_sort_pos_joh_01,713_02_065_sort_pos_joh_01,0.015029329094410316,0.02217746922385946,0.0041622545308050915,0.00526385448080682
713_02_005_sort_pos_joh_01_713_02_068_sort_pos_joh_01,713_02_005_sort_pos_joh_01,713_02_068_sort_pos_joh_01,0.01797376858828563,0.00675129774854547,0.003594646382102673,-0.0010687813169473132
713_02_005_sort_pos_joh_01_713_02_068_sort_pos_joh_03,713_02_005_sort_pos_joh_01,713_02_068_sort_pos_joh_03,0.00332386250084967,0.009003978536610146,-0.007450319153488424,0.010577143379980591
713_02_005_sort_pos_joh_01_713_02_069_sort_pos_joh_03,713_02_005_sort_pos_joh_01,713_02_069_sort_pos_joh_03,-0.004659280065229695,0.01207600867430205,-0.005054228982356267,0.018246583716038912
713_02_005_sort_pos_joh_01_713_02_090_sort_pos_joh_01,713_02_005_sort_pos_joh_01,713_02_090_sort_pos_joh_01,-0.00534664061111458,-0.003568810581745999,0.0181159550819182,0.015423260716603994
713_02_005_sort_pos_joh_01_713_02_092_sort_pos_joh_01,713_02_005_sort_pos_joh_01,713_02_092_sort_pos_joh_01,0.012255385106175857,0.001564162077286034,0.016782279265473474,-7.527216168163047e-05
713_02_005_sort_pos_joh_01_713_02_092_sort_pos_joh_02,713_02_005_sort_pos_joh_01,713_02_092_sort_pos_joh_02,0.03394431550907119,0.017913311027850373,0.01483218097314045,0.0029565433101637127
713_02_005_sort_pos_joh_01_713_02_092_sort_pos_joh_04,713_02_005_sort_pos_joh_01,713_02_092_sort_pos_joh_04,0.002989386073602087,-0.003177564276879582,0.022392637140457406,0.01068673911294636
713_02_005_sort_pos_joh_01_713_02_092_sort_pos_joh_05,713_02_005_sort_pos_joh_01,713_02_092_sort_pos_joh_05,0.015245889006790933,0.01722499846722192,0.019951241162064526,0.0006943985266625994
713_02_005_sort_pos_joh_01_713_02_092_sort_pos_joh_06,713_02_005_sort_pos_joh_01,713_02_092_sort_pos_joh_06,0.01977446763307152,0.0018369133345493825,0.0076837077526693024,0.009637084761210415
713_02_042_sort_pos_joh_03_713_02_042_sort_pos_joh_05,713_02_042_sort_pos_joh_03,713_02_042_sort_pos_joh_05,0.07626151552207597,0.051315570236261286,0.1202975567810204,0.06578940441680271
713_02_042_sort_pos_joh_03_713_02_054_sort_pos_joh_03,713_02_042_sort_pos_joh_03,713_02_054_sort_pos_joh_03,0.0068227454409439964,0.018693235899599543,0.004940043779936769,0.01634159867077699
713_02_042_sort_pos_joh_03_713_02_055_sort_pos_joh_02,713_02_042_sort_pos_joh_03,713_02_055_sort_pos_joh_02,-0.003748670384208964,-0.005077252796273301,0.009227905947865843,0.0007382156324280981
713_02_042_sort_pos_joh_03_713_02_060_sort_pos_joh_01,713_02_042_sort_pos_joh_03,713_02_060_sort_pos_joh_01,0.0006797299703902905,0.01242486721164674,-0.0040311500128964,0.0228607118600691
713_02_042_sort_pos_joh_03_713_02_060_sort_pos_joh_02,713_02_042_sort_pos_joh_03,713_02_060_sort_pos_joh_02,0.01007370916371869,-0.0031824371298900273,0.003852357345283884,0.00472377940342916
713_02_042_sort_pos_joh_03_713_02_062_sort_pos_joh_01,713_02_042_sort_pos_joh_03,713_02_062_sort_pos_joh_01,-0.002406386733238939,,0.0037515787183686365,
713_02_042_sort_pos_joh_03_713_02_065_sort_pos_joh_01,713_02_042_sort_pos_joh_03,713_02_065_sort_pos_joh_01,0.005920602253510073,0.010994020869012855,0.002625381754069087,0.002626442441907655
713_02_042_sort_pos_joh_03_713_02_068_sort_pos_joh_01,713_02_042_sort_pos_joh_03,713_02_068_sort_pos_joh_01,0.016079598551134933,-0.00193031295832426,0.009351997992961901,0.014908102351554469
713_02_042_sort_pos_joh_03_713_02_068_sort_pos_joh_03,713_02_042_sort_pos_joh_03,713_02_068_sort_pos_joh_03,0.017713830201892013,-0.00284956115044907,-0.00300892121065134,0.003890325278337123
713_02_042_sort_pos_joh_03_713_02_069_sort_pos_joh_03,713_02_042_sort_pos_joh_03,713_02_069_sort_pos_joh_03,0.004373801227907254,0.008272703968199553,0.011228200002995613,0.009251616785121467
713_02_042_sort_pos_joh_03_713_02_090_sort_pos_joh_01,713_02_042_sort_pos_joh_03,713_02_090_sort_pos_joh_01,0.025122420847123707,0.01683401367783734,0.03343821413214074,-0.005238163033887142
713_02_042_sort_pos_joh_03_713_02_092_sort_pos_joh_01,713_02_042_sort_pos_joh_03,713_02_092_sort_pos_joh_01,0.021635797558887317,-0.001438580341709402,0.013560240129104147,0.009409232119367426
713_02_042_sort_pos_joh_03_713_02_092_sort_pos_joh_02,713_02_042_sort_pos_joh_03,713_02_092_sort_pos_joh_02,0.02160273141120975,0.021174414433408294,0.01088138087443996,0.011928262844121556
713_02_042_sort_pos_joh_03_713_02_092_sort_pos_joh_04,713_02_042_sort_pos_joh_03,713_02_092_sort_pos_joh_04,0.0124215749372762,0.01778597420447039,0.01938048591664947,0.005700557627307184
713_02_042_sort_pos_joh_03_713_02_092_sort_pos_joh_05,713_02_042_sort_pos_joh_03,713_02_092_sort_pos_joh_05,0.04074931061405497,0.015891664073628804,0.009283774563918767,0.0022002896003065105
713_02_042_sort_pos_joh_03_713_02_092_sort_pos_joh_06,713_02_042_sort_pos_joh_03,713_02_092_sort_pos_joh_06,0.00786836705411729,0.0031360888519722813,0.010071635986151477,0.009331791692526212
713_02_042_sort_pos_joh_05_713_02_054_sort_pos_joh_03,713_02_042_sort_pos_joh_05,713_02_054_sort_pos_joh_03,-0.009772784837516452,-0.01086239562158122,0.004262380763404446,0.0017632439726004542
713_02_042_sort_pos_joh_05_713_02_055_sort_pos_joh_02,713_02_042_sort_pos_joh_05,713_02_055_sort_pos_joh_02,0.002028624212634618,0.010163041264201053,-0.0168966055475672,0.002611349303584954
713_02_042_sort_pos_joh_05_713_02_060_sort_pos_joh_01,713_02_042_sort_pos_joh_05,713_02_060_sort_pos_joh_01,0.0013689561065198085,0.015040548675387214,0.007465033899692746,0.01674870691356259
713_02_042_sort_pos_joh_05_713_02_060_sort_pos_joh_02,713_02_042_sort_pos_joh_05,713_02_060_sort_pos_joh_02,-0.01961554335669126,-0.01102395526244535,-0.0014566187986773964,0.002071955720643276
713_02_042_sort_pos_joh_05_713_02_062_sort_pos_joh_01,713_02_042_sort_pos_joh_05,713_02_062_sort_pos_joh_01,0.002441932591370129,,0.007787835466281417,
713_02_042_sort_pos_joh_05_713_02_065_sort_pos_joh_01,713_02_042_sort_pos_joh_05,713_02_065_sort_pos_joh_01,-0.0020114032127629953,0.004482882231936266,-0.0013982398891071292,0.0028643024653640958
713_02_042_sort_pos_joh_05_713_02_068_sort_pos_joh_01,713_02_042_sort_pos_joh_05,713_02_068_sort_pos_joh_01,0.013093374807879789,0.011733585027520485,0.003375755545358164,0.008339735071102899
713_02_042_sort_pos_joh_05_713_02_068_sort_pos_joh_03,713_02_042_sort_pos_joh_05,713_02_068_sort_pos_joh_03,0.007729722645817113,-0.0001244663032820804,-0.006268847446864359,-0.0013987540560949567
713_02_042_sort_pos_joh_05_713_02_069_sort_pos_joh_03,713_02_042_sort_pos_joh_05,713_02_069_sort_pos_joh_03,0.008610062836884116,0.015298638924325607,0.001126755166732729,-0.0007517465097898795
713_02_042_sort_pos_joh_05_713_02_090_sort_pos_joh_01,713_02_042_sort_pos_joh_05,713_02_090_sort_pos_joh_01,0.021975436891419235,0.011772627248665006,0.011690669477261646,-0.005274237649475552
713_02_042_sort_pos_joh_05_713_02_092_sort_pos_joh_01,713_02_042_sort_pos_joh_05,713_02_092_sort_pos_joh_01,0.015275135926385276,0.011246936219001365,0.02473291426311416,-0.004195187174143885
713_02_042_sort_pos_joh_05_713_02_092_sort_pos_joh_02,713_02_042_sort_pos_joh_05,713_02_092_sort_pos_joh_02,0.01847103329069031,0.00984529158476877,0.021122599546839965,0.010001688458075569
713_02_042_sort_pos_joh_05_713_02_092_sort_pos_joh_04,713_02_042_sort_pos_joh_05,713_02_092_sort_pos_joh_04,-0.006368738186184162,0.013565159341119756,0.018360727073195807,-0.012346284659765124
713_02_042_sort_pos_joh_05_713_02_092_sort_pos_joh_05,713_02_042_sort_pos_joh_05,713_02_092_sort_pos_joh_05,0.019434564405652634,0.02524397184753648,0.02476672441210027,0.001878686629718523
713_02_042_sort_pos_joh_05_713_02_092_sort_pos_joh_06,713_02_042_sort_pos_joh_05,713_02_092_sort_pos_joh_06,0.024036722094048574,0.006514447109886484,0.020303232523238797,-0.001831690243996128
713_02_054_sort_pos_joh_03_713_02_055_sort_pos_joh_02,713_02_054_sort_pos_joh_03,713_02_055_sort_pos_joh_02,0.004133543517139115,-0.0018348792724136706,0.055968140510434146,-0.0061004402132678395
713_02_054_sort_pos_joh_03_713_02_060_sort_pos_joh_01,713_02_054_sort_pos_joh_03,713_02_060_sort_pos_joh_01,0.004561532014824123,0.0286872729735342,0.04577732684638214,0.01574233844758718
713_02_054_sort_pos_joh_03_713_02_060_sort_pos_joh_02,713_02_054_sort_pos_joh_03,713_02_060_sort_pos_joh_02,-0.012008892479655123,0.011689670593855098,0.021754312608942575,0.024362872050545784
713_02_054_sort_pos_joh_03_713_02_062_sort_pos_joh_01,713_02_054_sort_pos_joh_03,713_02_062_sort_pos_joh_01,-0.013359951943171541,,0.020609130094694093,
713_02_054_sort_pos_joh_03_713_02_065_sort_pos_joh_01,713_02_054_sort_pos_joh_03,713_02_065_sort_pos_joh_01,-0.00034715341060774643,0.023503364555239596,0.01890215509228134,0.007328202699849645
713_02_054_sort_pos_joh_03_713_02_068_sort_pos_joh_01,713_02_054_sort_pos_joh_03,713_02_068_sort_pos_joh_01,-0.011136853044274453,-0.0063655048994712546,0.008477753843780385,0.014682447603690722
713_02_054_sort_pos_joh_03_713_02_068_sort_pos_joh_03,713_02_054_sort_pos_joh_03,713_02_068_sort_pos_joh_03,-0.018673615549244703,-0.03242892572293871,0.017146525070172367,-0.0018050229251634368
713_02_054_sort_pos_joh_03_713_02_069_sort_pos_joh_03,713_02_054_sort_pos_joh_03,713_02_069_sort_pos_joh_03,0.023877587606453452,0.03830694657940294,0.009956332571789826,0.002034119348457324
713_02_054_sort_pos_joh_03_713_02_090_sort_pos_joh_01,713_02_054_sort_pos_joh_03,713_02_090_sort_pos_joh_01,-0.020269417407248722,-0.01867142085841122,-0.0036605345581115414,-0.004046884815249225
713_02_054_sort_pos_joh_03_713_02_092_sort_pos_joh_01,713_02_054_sort_pos_joh_03,713_02_092_sort_pos_joh_01,0.010473778400447352,0.012185005367774936,-0.009035153900574812,-0.002549528331551097
713_02_054_sort_pos_joh_03_713_02_092_sort_pos_joh_02,713_02_054_sort_pos_joh_03,713_02_092_sort_pos_joh_02,0.01998968249129585,0.02417319668328963,-0.0010716394645955783,-0.00778939111363208
713_02_054_sort_pos_joh_03_713_02_092_sort_pos_joh_04,713_02_054_sort_pos_joh_03,713_02_092_sort_pos_joh_04,0.001802352855444175,0.0036966066281854987,0.00352860602994676,0.005299503443008967
713_02_054_sort_pos_joh_03_713_02_092_sort_pos_joh_05,713_02_054_sort_pos_joh_03,713_02_092_sort_pos_joh_05,-0.012987552634912072,0.03882876045894255,-0.0009913747394860244,0.004023840943354221
713_02_054_sort_pos_joh_03_713_02_092_sort_pos_joh_06,713_02_054_sort_pos_joh_03,713_02_092_sort_pos_joh_06,0.001120921228253885,0.00944615919013749,0.0002249206912471974,0.0028324419601322794
713_02_055_sort_pos_joh_02_713_02_060_sort_pos_joh_01,713_02_055_sort_pos_joh_02,713_02_060_sort_pos_joh_01,0.017251505186910984,0.016038613426990322,0.03814934447293246,0.018472952112237446
713_02_055_sort_pos_joh_02_713_02_060_sort_pos_joh_02,713_02_055_sort_pos_joh_02,713_02_060_sort_pos_joh_02,-0.0009792116769869958,-0.005033835965121509,0.01258009974215646,0.006297141071312515
713_02_055_sort_pos_joh_02_713_02_062_sort_pos_joh_01,713_02_055_sort_pos_joh_02,713_02_062_sort_pos_joh_01,-0.0005592977779270569,,0.03013884261900368,
713_02_055_sort_pos_joh_02_713_02_065_sort_pos_joh_01,713_02_055_sort_pos_joh_02,713_02_065_sort_pos_joh_01,0.029432688164395537,0.010723206248412973,0.04591819654947648,0.02099758378582784
713_02_055_sort_pos_joh_02_713_02_068_sort_pos_joh_01,713_02_055_sort_pos_joh_02,713_02_068_sort_pos_joh_01,0.029943925318074625,0.015618610741082924,0.02214953918781198,-0.004234672106941759
713_02_055_sort_pos_joh_02_713_02_068_sort_pos_joh_03,713_02_055_sort_pos_joh_02,713_02_068_sort_pos_joh_03,0.006299929609899976,-0.010200664886112317,0.007601540345392472,0.004682461457830947
713_02_055_sort_pos_joh_02_713_02_069_sort_pos_joh_03,713_02_055_sort_pos_joh_02,713_02_069_sort_pos_joh_03,0.009876201609917989,-0.0008244749674921596,0.0133976016464412,0.0024145308789500666
713_02_055_sort_pos_joh_02_713_02_090_sort_pos_joh_01,713_02_055_sort_pos_joh_02,713_02_090_sort_pos_joh_01,-0.01719840899319579,-0.013217048744237589,-0.00968560927702785,0.018387404274483526
713_02_055_sort_pos_joh_02_713_02_092_sort_pos_joh_01,713_02_055_sort_pos_joh_02,713_02_092_sort_pos_joh_01,0.00010986596525545423,0.004271526997146641,-0.013786729055260365,0.015103652873853632
713_02_055_sort_pos_joh_02_713_02_092_sort_pos_joh_02,713_02_055_sort_pos_joh_02,713_02_092_sort_pos_joh_02,0.013788156429407263,-0.014549745650593445,0.002427620273586374,0.002219661554408646
713_02_055_sort_pos_joh_02_713_02_092_sort_pos_joh_04,713_02_055_sort_pos_joh_02,713_02_092_sort_pos_joh_04,0.004586299034714718,-0.01131353685678927,-0.01126273242671675,-0.001611853881338133
713_02_055_sort_pos_joh_02_713_02_092_sort_pos_joh_05,713_02_055_sort_pos_joh_02,713_02_092_sort_pos_joh_05,-0.011714566095827852,-0.0035128102945375032,-0.014503648156174897,0.005070562811459765
713_02_055_sort_pos_joh_02_713_02_092_sort_pos_joh_06,713_02_055_sort_pos_joh_02,713_02_092_sort_pos_joh_06,0.0064244906592005446,0.006769650925596383,-0.013264256548055684,0.011283760029626291
713_02_060_sort_pos_joh_01_713_02_060_sort_pos_joh_02,713_02_060_sort_pos_joh_01,713_02_060_sort_pos_joh_02,0.05724604724900898,0.029693098091949293,0.08694434340337874,0.039193138807901484
713_02_060_sort_pos_joh_01_713_02_062_sort_pos_joh_01,713_02_060_sort_pos_joh_01,713_02_062_sort_pos_joh_01,0.020865824895050563,,0.06076227819212107,
713_02_060_sort_pos_joh_01_713_02_065_sort_pos_joh_01,713_02_060_sort_pos_joh_01,713_02_065_sort_pos_joh_01,0.025056971142504256,0.05593818340346304,0.027921334244610876,0.0326580757730531
713_02_060_sort_pos_joh_01_713_02_068_sort_pos_joh_01,713_02_060_sort_pos_joh_01,713_02_068_sort_pos_joh_01,0.016818048075102753,0.0072333178681083235,0.012199439689546275,0.042209010421748454
713_02_060_sort_pos_joh_01_713_02_068_sort_pos_joh_03,713_02_060_sort_pos_joh_01,713_02_068_sort_pos_joh_03,0.01642082419553086,-0.010880951630263144,-0.001529712076947401,0.006660212412744568
713_02_060_sort_pos_joh_01_713_02_069_sort_pos_joh_03,713_02_060_sort_pos_joh_01,713_02_069_sort_pos_joh_03,0.003057108582126027,0.008137044629039783,-0.0005480720752506127,0.014649602365027511
713_02_060_sort_pos_joh_01_713_02_090_sort_pos_joh_01,713_02_060_sort_pos_joh_01,713_02_090_sort_pos_joh_01,0.0026298020789396045,-0.005495747999582416,0.01325832736392169,0.017553636927016315
713_02_060_sort_pos_joh_01_713_02_092_sort_pos_joh_01,713_02_060_sort_pos_joh_01,713_02_092_sort_pos_joh_01,0.02392945626586629,0.02665963924208679,0.009102761830617869,0.023018555326900347
713_02_060_sort_pos_joh_01_713_02_092_sort_pos_joh_02,713_02_060_sort_pos_joh_01,713_02_092_sort_pos_joh_02,0.014521218079794167,0.025829148546098506,0.016496378749905144,0.019063881645751825
713_02_060_sort_pos_joh_01_713_02_092_sort_pos_joh_04,713_02_060_sort_pos_joh_01,713_02_092_sort_pos_joh_04,0.01676860075251656,0.00738130870940405,0.006872829890250744,0.001193815652085108
713_02_060_sort_pos_joh_01_713_02_092_sort_pos_joh_05,713_02_060_sort_pos_joh_01,713_02_092_sort_pos_joh_05,0.04931154869599438,0.03154694265767783,0.01179579983709672,0.004649734987815905
713_02_060_sort_pos_joh_01_713_02_092_sort_pos_joh_06,713_02_060_sort_pos_joh_01,713_02_092_sort_pos_joh_06,0.01553126803208459,0.04059565759359895,0.01602527487380188,0.022321408764031055
713_02_060_sort_pos_joh_02_713_02_062_sort_pos_joh_01,713_02_060_sort_pos_joh_02,713_02_062_sort_pos_joh_01,-0.00156203201425457,,0.037972733766001326,
713_02_060_sort_pos_joh_02_713_02_065_sort_pos_joh_01,713_02_060_sort_pos_joh_02,713_02_065_sort_pos_joh_01,0.005133786518233975,-0.010370304256983341,-0.00018502239195650972,0.0021155937339342903
713_02_060_sort_pos_joh_02_713_02_068_sort_pos_joh_01,713_02_060_sort_pos_joh_02,713_02_068_sort_pos_joh_01,-0.017922048630977162,-0.0026143990765176107,-0.00028312173381712566,0.006634788799736666
713_02_060_sort_pos_joh_02_713_02_068_sort_pos_joh_03,713_02_060_sort_pos_joh_02,713_02_068_sort_pos_joh_03,0.002213511864443715,0.014173920975772114,0.00952743279364927,-0.013873019802084342
713_02_060_sort_pos_joh_02_713_02_069_sort_pos_joh_03,713_02_060_sort_pos_joh_02,713_02_069_sort_pos_joh_03,0.00478039182597211,-0.008179008215139996,-0.008062397028037748,-0.009306393289395146
713_02_060_sort_pos_joh_02_713_02_090_sort_pos_joh_01,713_02_060_sort_pos_joh_02,713_02_090_sort_pos_joh_01,0.0013109558676945839,-0.0017853413130667559,0.007802048011654436,-0.0053262375587832
713_02_060_sort_pos_joh_02_713_02_092_sort_pos_joh_01,713_02_060_sort_pos_joh_02,713_02_092_sort_pos_joh_01,0.019332513588172343,0.004484178793049057,0.02386001901518173,0.00392553697286314
713_02_060_sort_pos_joh_02_713_02_092_sort_pos_joh_02,713_02_060_sort_pos_joh_02,713_02_092_sort_pos_joh_02,0.02412270377404985,-0.009020890222165989,0.010755061142320098,-0.0017577939857587464
713_02_060_sort_pos_joh_02_713_02_092_sort_pos_joh_04,713_02_060_sort_pos_joh_02,713_02_092_sort_pos_joh_04,0.012065571533472173,0.005640398330626042,0.00030401666145114646,0.00795947279402122
713_02_060_sort_pos_joh_02_713_02_092_sort_pos_joh_05,713_02_060_sort_pos_joh_02,713_02_092_sort_pos_joh_05,0.025790948731553954,-0.004336076397770411,0.014045254245206014,0.016049459373749648
713_02_060_sort_pos_joh_02_713_02_092_sort_pos_joh_06,713_02_060_sort_pos_joh_02,713_02_092_sort_pos_joh_06,-0.011877192106504082,0.009859413318501865,0.02332051481010913,-0.0060369965509282355
713_02_062_sort_pos_joh_01_713_02_065_sort_pos_joh_01,713_02_062_sort_pos_joh_01,713_02_065_sort_pos_joh_01,0.01374623658211696,,-0.0028898714248596085,
713_02_062_sort_pos_joh_01_713_02_068_sort_pos_joh_01,713_02_062_sort_pos_joh_01,713_02_068_sort_pos_joh_01,0.043494319245407025,,0.020675516703648235,
713_02_062_sort_pos_joh_01_713_02_068_sort_pos_joh_03,713_02_062_sort_pos_joh_01,713_02_068_sort_pos_joh_03,0.02300783055308914,,-0.017663718996215248,
713_02_062_sort_pos_joh_01_713_02_069_sort_pos_joh_03,713_02_062_sort_pos_joh_01,713_02_069_sort_pos_joh_03,-0.002269813338976015,,0.019534607689394426,
713_02_062_sort_pos_joh_01_713_02_090_sort_pos_joh_01,713_02_062_sort_pos_joh_01,713_02_090_sort_pos_joh_01,-0.007125421121562738,,0.018712070217839855,
713_02_062_sort_pos_joh_01_713_02_092_sort_pos_joh_01,713_02_062_sort_pos_joh_01,713_02_092_sort_pos_joh_01,-0.004622427016933341,,0.008180966803893587,
713_02_062_sort_pos_joh_01_713_02_092_sort_pos_joh_02,713_02_062_sort_pos_joh_01,713_02_092_sort_pos_joh_02,0.007592714862022049,,0.013072355547834763,
713_02_062_sort_pos_joh_01_713_02_092_sort_pos_joh_04,713_02_062_sort_pos_joh_01,713_02_092_sort_pos_joh_04,-0.014122692197837643,,0.005341131573492272,
713_02_062_sort_pos_joh_01_713_02_092_sort_pos_joh_05,713_02_062_sort_pos_joh_01,713_02_092_sort_pos_joh_05,0.012200586897975726,,0.01530275983431797,
713_02_062_sort_pos_joh_01_713_02_092_sort_pos_joh_06,713_02_062_sort_pos_joh_01,713_02_092_sort_pos_joh_06,-0.003472007071408792,,0.005503635362511332,
713_02_065_sort_pos_joh_01_713_02_068_sort_pos_joh_01,713_02_065_sort_pos_joh_01,713_02_068_sort_pos_joh_01,0.03609474945391993,0.03272004969590927,0.08961378176961136,0.018733450806698138
713_02_065_sort_pos_joh_01_713_02_068_sort_pos_joh_03,713_02_065_sort_pos_joh_01,713_02_068_sort_pos_joh_03,-0.011278760532724351,-0.016141649487356375,-0.0045602698145987604,0.0017462709044514656
713_02_065_sort_pos_joh_01_713_02_069_sort_pos_joh_03,713_02_065_sort_pos_joh_01,713_02_069_sort_pos_joh_03,0.006219580973910658,0.01325709032813442,0.04951977397340312,0.0054015192790525714
713_02_065_sort_pos_joh_01_713_02_090_sort_pos_joh_01,713_02_065_sort_pos_joh_01,713_02_090_sort_pos_joh_01,0.003842807190149949,-0.012745387243029854,-0.008342534704519467,-0.0028384187112506934
713_02_065_sort_pos_joh_01_713_02_092_sort_pos_joh_01,713_02_065_sort_pos_joh_01,713_02_092_sort_pos_joh_01,0.02176098921454576,0.03252849832434672,-0.0046121268384363414,0.007310205473616156
713_02_065_sort_pos_joh_01_713_02_092_sort_pos_joh_02,713_02_065_sort_pos_joh_01,713_02_092_sort_pos_joh_02,0.0455153198225505,0.03222392061480649,0.003836048681054302,-0.0015492331021503577
713_02_065_sort_pos_joh_01_713_02_092_sort_pos_joh_04,713_02_065_sort_pos_joh_01,713_02_092_sort_pos_joh_04,0.011631032173744569,0.03598337905475806,0.002878962153502681,-0.005302155363481929
713_02_065_sort_pos_joh_01_713_02_092_sort_pos_joh_05,713_02_065_sort_pos_joh_01,713_02_092_sort_pos_joh_05,0.02439098438572496,0.016884922597822285,1.3878233413876135e-05,-0.00227420357901785
713_02_065_sort_pos_joh_01_713_02_092_sort_pos_joh_06,713_02_065_sort_pos_joh_01,713_02_092_sort_pos_joh_06,0.015055216787650875,0.021747182985450572,-0.008405447417215089,0.002285138071925581
713_02_068_sort_pos_joh_01_713_02_068_sort_pos_joh_03,713_02_068_sort_pos_joh_01,713_02_068_sort_pos_joh_03,0.10185383370283703,0.09146054895734813,0.08650491284671766,0.048205904758858546
713_02_068_sort_pos_joh_01_713_02_069_sort_pos_joh_03,713_02_068_sort_pos_joh_01,713_02_069_sort_pos_joh_03,0.02596479771943776,0.01245056488205477,0.08368661762842909,0.026301319566150044
713_02_068_sort_pos_joh_01_713_02_090_sort_pos_joh_01,713_02_068_sort_pos_joh_01,713_02_090_sort_pos_joh_01,0.005633118140281563,0.014580831259581473,-0.016613267804715,0.016896675560976952
713_02_068_sort_pos_joh_01_713_02_092_sort_pos_joh_01,713_02_068_sort_pos_joh_01,713_02_092_sort_pos_joh_01,0.021434345847159912,0.008122907382876212,-0.006025078087582813,-0.003348594260323691
713_02_068_sort_pos_joh_01_713_02_092_sort_pos_joh_02,713_02_068_sort_pos_joh_01,713_02_092_sort_pos_joh_02,0.04605945504635347,0.01831855337141654,-0.0024432010877460633,0.0003512796082851885
713_02_068_sort_pos_joh_01_713_02_092_sort_pos_joh_04,713_02_068_sort_pos_joh_01,713_02_092_sort_pos_joh_04,0.019024855465785275,0.012559217776578315,0.0018961852723405855,-0.0004701229197566258
713_02_068_sort_pos_joh_01_713_02_092_sort_pos_joh_05,713_02_068_sort_pos_joh_01,713_02_092_sort_pos_joh_05,0.03262722907023958,0.018920263463687265,-0.011027063142040473,0.005578572672626662
713_02_068_sort_pos_joh_01_713_02_092_sort_pos_joh_06,713_02_068_sort_pos_joh_01,713_02_092_sort_pos_joh_06,0.025453808959738956,0.003739179620091818,-0.002863183281184618,0.0058742306938796
713_02_068_sort_pos_joh_03_713_02_069_sort_pos_joh_03,713_02_068_sort_pos_joh_03,713_02_069_sort_pos_joh_03,0.026150326974994333,-0.009075291686373572,0.010128012312306296,0.01763300360024365
713_02_068_sort_pos_joh_03_713_02_090_sort_pos_joh_01,713_02_068_sort_pos_joh_03,713_02_090_sort_pos_joh_01,0.015208084336080372,0.015060728560947931,-0.002629338329029025,0.014168158748781749
713_02_068_sort_pos_joh_03_713_02_092_sort_pos_joh_01,713_02_068_sort_pos_joh_03,713_02_092_sort_pos_joh_01,-0.004978149069985384,-0.0042673825010735396,-0.013897480747097235,0.012656910728214574
713_02_068_sort_pos_joh_03_713_02_092_sort_pos_joh_02,713_02_068_sort_pos_joh_03,713_02_092_sort_pos_joh_02,-0.015823894401008873,-0.005027784676585004,-0.00778517472696752,0.002526112733985454
713_02_068_sort_pos_joh_03_713_02_092_sort_pos_joh_04,713_02_068_sort_pos_joh_03,713_02_092_sort_pos_joh_04,0.0017902602062348292,-0.0034266358456914513,-0.002066292047612391,-0.0018143825148911293
713_02_068_sort_pos_joh_03_713_02_092_sort_pos_joh_05,713_02_068_sort_pos_joh_03,713_02_092_sort_pos_joh_05,-0.001437648476063569,-0.0037184538854214137,-0.001346573953035338,0.005966485775273311
713_02_068_sort_pos_joh_03_713_02_092_sort_pos_joh_06,713_02_068_sort_pos_joh_03,713_02_092_sort_pos_joh_06,-0.01657701402355942,0.0032948206194932227,-0.012591719366760538,-0.0019419457895172643
713_02_069_sort_pos_joh_03_713_02_090_sort_pos_joh_01,713_02_069_sort_pos_joh_03,713_02_090_sort_pos_joh_01,-0.007703628960141514,-0.0023626199766183216,0.0032608302231021073,-0.00567116582569043
713_02_069_sort_pos_joh_03_713_02_092_sort_pos_joh_01,713_02_069_sort_pos_joh_03,713_02_092_sort_pos_joh_01,0.0016694193113650558,0.00872594517702396,0.005923059947430825,0.00902175217202973
713_02_069_sort_pos_joh_03_713_02_092_sort_pos_joh_02,713_02_069_sort_pos_joh_03,713_02_092_sort_pos_joh_02,0.0008109134205016318,-0.0012063095661660123,-0.00047971487016227563,-0.0009973037797342645
713_02_069_sort_pos_joh_03_713_02_092_sort_pos_joh_04,713_02_069_sort_pos_joh_03,713_02_092_sort_pos_joh_04,0.01816154814764802,0.01610212974478712,0.0032119114515400393,0.0028733216608273424
713_02_069_sort_pos_joh_03_713_02_092_sort_pos_joh_05,713_02_069_sort_pos_joh_03,713_02_092_sort_pos_joh_05,-0.0054521948663216226,0.008175871252497023,-0.0010380652568767466,-0.004963737376809775
713_02_069_sort_pos_joh_03_713_02_092_sort_pos_joh_06,713_02_069_sort_pos_joh_03,713_02_092_sort_pos_joh_06,0.008958977237733146,0.00025141228875654023,0.001868863678946245,0.0035992454124245637
713_02_090_sort_pos_joh_01_713_02_092_sort_pos_joh_01,713_02_090_sort_pos_joh_01,713_02_092_sort_pos_joh_01,0.03862645656542756,0.01983448541387494,0.13851435184213576,0.028483694317737892
713_02_090_sort_pos_joh_01_713_02_092_sort_pos_joh_02,713_02_090_sort_pos_joh_01,713_02_092_sort_pos_joh_02,0.03133605596367099,0.0276447252128933,0.1233508694757896,0.009771761664332263
713_02_090_sort_pos_joh_01_713_02_092_sort_pos_joh_04,713_02_090_sort_pos_joh_01,713_02_092_sort_pos_joh_04,0.01827866556856701,0.03784583682741646,0.10416309269276275,0.009280665542067254
713_02_090_sort_pos_joh_01_713_02_092_sort_pos_joh_05,713_02_090_sort_pos_joh_01,713_02_092_sort_pos_joh_05,0.06898621240005734,0.02395098455820366,0.13124179633565794,0.028802871804062467
713_02_090_sort_pos_joh_01_713_02_092_sort_pos_joh_06,713_02_090_sort_pos_joh_01,713_02_092_sort_pos_joh_06,0.015700103296641014,0.005584461912980264,0.089202452798838,0.01301105278147685
713_02_092_sort_pos_joh_01_713_02_092_sort_pos_joh_02,713_02_092_sort_pos_joh_01,713_02_092_sort_pos_joh_02,0.305172128185747,0.27239225339283674,0.41476818801976045,0.3074000779388476
713_02_092_sort_pos_joh_01_713_02_092_sort_pos_joh_04,713_02_092_sort_pos_joh_01,713_02_092_sort_pos_joh_04,0.2547330723976091,0.24918435867222496,0.3513916457183906,0.18460923600194082
713_02_092_sort_pos_joh_01_713_02_092_sort_pos_joh_05,713_02_092_sort_pos_joh_01,713_02_092_sort_pos_joh_05,0.2977194425898599,0.19770318729932015,0.3293402829372752,0.17445590324283913
713_02_092_sort_pos_joh_01_713_02_092_sort_pos_joh_06,713_02_092_sort_pos_joh_01,713_02_092_sort_pos_joh_06,0.2631732543725977,0.2154586952932819,0.353034903124253,0.234065082278862
713_02_092_sort_pos_joh_02_713_02_092_sort_pos_joh_04,713_02_092_sort_pos_joh_02,713_02_092_sort_pos_joh_04,0.16889100839432927,0.24451109202568175,0.33164283313749593,0.11380275919384
713_02_092_sort_pos_joh_02_713_02_092_sort_pos_joh_05,713_02_092_sort_pos_joh_02,713_02_092_sort_pos_joh_05,0.19965873162089579,0.22128811043632451,0.2914478456430969,0.10970256401168905
713_02_092_sort_pos_joh_02_713_02_092_sort_pos_joh_06,713_02_092_sort_pos_joh_02,713_02_092_sort_pos_joh_06,0.20921331567723103,0.18498712393211295,0.30671709931988084,0.18371587243319204
713_02_092_sort_pos_joh_04_713_02_092_sort_pos_joh_05,713_02_092_sort_pos_joh_04,713_02_092_sort_pos_joh_05,0.13479851582110614,0.1639117333604578,0.23356103605127504,0.07812072090902604
713_02_092_sort_pos_joh_04_713_02_092_sort_pos_joh_06,713_02_092_sort_pos_joh_04,713_02_092_sort_pos_joh_06,0.16750602209493265,0.17146690050263305,0.24389557960487931,0.09785463264549975
713_02_092_sort_pos_joh_05_713_02_092_sort_pos_joh_06,713_02_092_sort_pos_joh_05,713_02_092_sort_pos_joh_06,0.18013101545137927,0.14139122404663643,0.23571980209898927,0.06891879570000864
714_01_015_sort_pos_joh_03_714_01_039_sort_pos_joh_01,714_01_015_sort_pos_joh_03,714_01_039_sort_pos_joh_01,0.005961867690172053,0.01966211250820445,-0.003244341791182473,-0.008646758146521336
715_01_005_sort_pos_joh_01_715_01_041_sort_pos_joh_01,715_01_005_sort_pos_joh_01,715_01_041_sort_pos_joh_01,,,0.09768837719909425,
715_01_005_sort_pos_joh_01_715_01_047_sort_pos_joh_04,715_01_005_sort_pos_joh_01,715_01_047_sort_pos_joh_04,,,0.042133729825905464,
715_01_005_sort_pos_joh_01_715_01_065_sort_pos_joh_01,715_01_005_sort_pos_joh_01,715_01_065_sort_pos_joh_01,,,-0.0015047524859553077,
715_01_005_sort_pos_joh_01_715_01_067_sort_pos_joh_01,715_01_005_sort_pos_joh_01,715_01_067_sort_pos_joh_01,,,-0.009969732547274427,
715_01_005_sort_pos_joh_01_715_01_067_sort_pos_joh_04,715_01_005_sort_pos_joh_01,715_01_067_sort_pos_joh_04,,,-0.006392446089505958,
715_01_005_sort_pos_joh_01_715_01_070_sort_pos_joh_02,715_01_005_sort_pos_joh_01,715_01_070_sort_pos_joh_02,,,-0.011390799951652096,
715_01_041_sort_pos_joh_01_715_01_047_sort_pos_joh_04,715_01_041_sort_pos_joh_01,715_01_047_sort_pos_joh_04,,,0.05618184968196752,
715_01_041_sort_pos_joh_01_715_01_065_sort_pos_joh_01,715_01_041_sort_pos_joh_01,715_01_065_sort_pos_joh_01,,,0.08576472954950205,
715_01_041_sort_pos_joh_01_715_01_067_sort_pos_joh_01,715_01_041_sort_pos_joh_01,715_01_067_sort_pos_joh_01,,,0.01631767181310578,
715_01_041_sort_pos_joh_01_715_01_067_sort_pos_joh_04,715_01_041_sort_pos_joh_01,715_01_067_sort_pos_joh_04,,,0.012551186947202284,
715_01_041_sort_pos_joh_01_715_01_070_sort_pos_joh_02,715_01_041_sort_pos_joh_01,715_01_070_sort_pos_joh_02,,,0.007489137889963444,
715_01_047_sort_pos_joh_04_715_01_065_sort_pos_joh_01,715_01_047_sort_pos_joh_04,715_01_065_sort_pos_joh_01,,,0.02505390311951181,
715_01_047_sort_pos_joh_04_715_01_067_sort_pos_joh_01,715_01_047_sort_pos_joh_04,715_01_067_sort_pos_joh_01,,,-0.008591569075710622,
715_01_047_sort_pos_joh_04_715_01_067_sort_pos_joh_04,715_01_047_sort_pos_joh_04,715_01_067_sort_pos_joh_04,,,-0.0006980299289565364,
715_01_047_sort_pos_joh_04_715_01_070_sort_pos_joh_02,715_01_047_sort_pos_joh_04,715_01_070_sort_pos_joh_02,,,-0.022032525790737358,
715_01_065_sort_pos_joh_01_715_01_067_sort_pos_joh_01,715_01_065_sort_pos_joh_01,715_01_067_sort_pos_joh_01,,,0.009209024106112507,
715_01_065_sort_pos_joh_01_715_01_067_sort_pos_joh_04,715_01_065_sort_pos_joh_01,715_01_067_sort_pos_joh_04,,,0.0017803391592916943,
715_01_065_sort_pos_joh_01_715_01_070_sort_pos_joh_02,715_01_065_sort_pos_joh_01,715_01_070_sort_pos_joh_02,,,-0.042337837190942654,
715_01_067_sort_pos_joh_01_715_01_067_sort_pos_joh_04,715_01_067_sort_pos_joh_01,715_01_067_sort_pos_joh_04,,,0.13453258239874513,
715_01_067_sort_pos_joh_01_715_01_070_sort_pos_joh_02,715_01_067_sort_pos_joh_01,715_01_070_sort_pos_joh_02,,,-0.00868916885261589,
715_01_067_sort_pos_joh_04_715_01_070_sort_pos_joh_02,715_01_067_sort_pos_joh_04,715_01_070_sort_pos_joh_02,,,0.00443358315630401,
716_01_012_sort_pos_joh_01_716_01_028_sort_pos_joh_02,716_01_012_sort_pos_joh_01,716_01_028_sort_pos_joh_02,0.015574303483925023,0.015527406111875062,0.010329093682355989,-0.0019569684298165356
716_01_012_sort_pos_joh_01_716_01_030_sort_pos_joh_02,716_01_012_sort_pos_joh_01,716_01_030_sort_pos_joh_02,0.0024540245458765787,0.006630899707380752,0.006542989003751661,0.005776065306608953
716_01_012_sort_pos_joh_01_716_01_042_sort_pos_joh_01,716_01_012_sort_pos_joh_01,716_01_042_sort_pos_joh_01,0.028437299036033516,0.019923816907210016,0.004426245894610551,0.016741417226578955
716_01_012_sort_pos_joh_01_716_01_047_sort_pos_joh_02,716_01_012_sort_pos_joh_01,716_01_047_sort_pos_joh_02,0.009569455243176001,0.004710667100171084,0.007469988926227279,0.02751131852624091
716_01_012_sort_pos_joh_01_716_01_049_sort_pos_joh_03,716_01_012_sort_pos_joh_01,716_01_049_sort_pos_joh_03,0.030966302559004885,0.0036110010485489496,0.001886838552904882,0.06885319318357584
716_01_012_sort_pos_joh_01_716_01_050_sort_pos_joh_04,716_01_012_sort_pos_joh_01,716_01_050_sort_pos_joh_04,-0.002918741557490572,0.05082805093103126,0.003211045932814825,0.0666267218462333
716_01_012_sort_pos_joh_01_716_01_052_sort_pos_joh_01,716_01_012_sort_pos_joh_01,716_01_052_sort_pos_joh_01,0.006744513876069407,0.0275932837983204,0.002897744456686745,0.03039679713617811
716_01_012_sort_pos_joh_01_716_01_052_sort_pos_joh_02,716_01_012_sort_pos_joh_01,716_01_052_sort_pos_joh_02,0.001925474421513188,0.030469774266317216,-0.0009560478801730881,0.06521114959354508
716_01_012_sort_pos_joh_01_716_01_056_sort_pos_joh_01,716_01_012_sort_pos_joh_01,716_01_056_sort_pos_joh_01,-0.006787984196855529,0.009053018197607808,-0.0137929781170571,0.009116018840908848
716_01_012_sort_pos_joh_01_716_01_056_sort_pos_joh_02,716_01_012_sort_pos_joh_01,716_01_056_sort_pos_joh_02,0.008313893970679378,0.006721685593653461,-0.0012028748717845508,0.02146912147606594
716_01_012_sort_pos_joh_01_716_01_066_sort_pos_joh_01,716_01_012_sort_pos_joh_01,716_01_066_sort_pos_joh_01,0.005153044625019939,0.018832280502617767,0.0043925469031246426,
716_01_028_sort_pos_joh_02_716_01_030_sort_pos_joh_02,716_01_028_sort_pos_joh_02,716_01_030_sort_pos_joh_02,0.0908243548965987,0.05061733314061709,0.17900765446210465,0.03839660026706142
716_01_028_sort_pos_joh_02_716_01_042_sort_pos_joh_01,716_01_028_sort_pos_joh_02,716_01_042_sort_pos_joh_01,0.02987328631079441,0.015178646190397408,0.021308481270572586,-0.002198787600517639
716_01_028_sort_pos_joh_02_716_01_047_sort_pos_joh_02,716_01_028_sort_pos_joh_02,716_01_047_sort_pos_joh_02,0.016621082474050534,0.01586251036224913,0.01851478572154925,0.003231022092869719
716_01_028_sort_pos_joh_02_716_01_049_sort_pos_joh_03,716_01_028_sort_pos_joh_02,716_01_049_sort_pos_joh_03,0.028411186566219264,0.012143671855207268,0.00017072732837368701,0.008235153717694819
716_01_028_sort_pos_joh_02_716_01_050_sort_pos_joh_04,716_01_028_sort_pos_joh_02,716_01_050_sort_pos_joh_04,-0.004007045168038282,0.002178017675275248,-0.0016288565183580728,0.0014777077916404806
716_01_028_sort_pos_joh_02_716_01_052_sort_pos_joh_01,716_01_028_sort_pos_joh_02,716_01_052_sort_pos_joh_01,0.01242302820081426,0.027656996129584572,0.039398522557453665,0.008272791733243528
716_01_028_sort_pos_joh_02_716_01_052_sort_pos_joh_02,716_01_028_sort_pos_joh_02,716_01_052_sort_pos_joh_02,0.005325688316327735,0.028025303176348475,0.014107298786067967,-0.007507054459909026
716_01_028_sort_pos_joh_02_716_01_056_sort_pos_joh_01,716_01_028_sort_pos_joh_02,716_01_056_sort_pos_joh_01,0.003998412646102012,0.018494822725815714,0.010898242810069363,0.014084541945624474
716_01_028_sort_pos_joh_02_716_01_056_sort_pos_joh_02,716_01_028_sort_pos_joh_02,716_01_056_sort_pos_joh_02,0.014334946151249249,0.013383064404871066,0.011938805604668987,0.004759126805796293
716_01_028_sort_pos_joh_02_716_01_066_sort_pos_joh_01,716_01_028_sort_pos_joh_02,716_01_066_sort_pos_joh_01,0.008505306943047443,-0.0003528403123219457,-0.002988910539014816,
716_01_030_sort_pos_joh_02_716_01_042_sort_pos_joh_01,716_01_030_sort_pos_joh_02,716_01_042_sort_pos_joh_01,-0.001637532103681449,0.025271852276438703,0.025751771929669452,0.03882383151808826
716_01_030_sort_pos_joh_02_716_01_047_sort_pos_joh_02,716_01_030_sort_pos_joh_02,716_01_047_sort_pos_joh_02,0.028835345589108306,0.0006001329366869991,0.01627668124655454,0.025353829633783534
716_01_030_sort_pos_joh_02_716_01_049_sort_pos_joh_03,716_01_030_sort_pos_joh_02,716_01_049_sort_pos_joh_03,0.005980070855222843,0.024173942984881038,-0.008628485771087088,0.0007946866866661928
716_01_030_sort_pos_joh_02_716_01_050_sort_pos_joh_04,716_01_030_sort_pos_joh_02,716_01_050_sort_pos_joh_04,0.004533491305433614,-0.013229360386718654,-0.01156093125923244,-0.015778728426819155
716_01_030_sort_pos_joh_02_716_01_052_sort_pos_joh_01,716_01_030_sort_pos_joh_02,716_01_052_sort_pos_joh_01,0.010897711803976157,-0.012012913990678739,0.023530258276686526,0.011641882968159089
716_01_030_sort_pos_joh_02_716_01_052_sort_pos_joh_02,716_01_030_sort_pos_joh_02,716_01_052_sort_pos_joh_02,0.008257471509454644,0.009671198250941117,-0.001543614910875025,0.0029647589564379606
716_01_030_sort_pos_joh_02_716_01_056_sort_pos_joh_01,716_01_030_sort_pos_joh_02,716_01_056_sort_pos_joh_01,-0.0075300286166263795,0.014779067196018828,-0.005766890107380625,-0.01123232974281916
716_01_030_sort_pos_joh_02_716_01_056_sort_pos_joh_02,716_01_030_sort_pos_joh_02,716_01_056_sort_pos_joh_02,0.0030933473186433324,0.012700815998200327,-0.007311880969140922,0.0023091143201318595
716_01_030_sort_pos_joh_02_716_01_066_sort_pos_joh_01,716_01_030_sort_pos_joh_02,716_01_066_sort_pos_joh_01,0.008982545239904613,0.0033504642618254086,-0.004926609082321604,
716_01_042_sort_pos_joh_01_716_01_047_sort_pos_joh_02,716_01_042_sort_pos_joh_01,716_01_047_sort_pos_joh_02,0.03729516944045443,0.010342293913295466,0.0397765539763014,0.07311941640223067
716_01_042_sort_pos_joh_01_716_01_049_sort_pos_joh_03,716_01_042_sort_pos_joh_01,716_01_049_sort_pos_joh_03,0.026535104305641818,0.05001166539801414,0.08153263661329743,0.024103531241748678
716_01_042_sort_pos_joh_01_716_01_050_sort_pos_joh_04,716_01_042_sort_pos_joh_01,716_01_050_sort_pos_joh_04,0.027420504317385568,0.04480789808811447,0.052988090997831104,0.02011815303522447
716_01_042_sort_pos_joh_01_716_01_052_sort_pos_joh_01,716_01_042_sort_pos_joh_01,716_01_052_sort_pos_joh_01,0.03651117453253649,0.05388387572236637,0.06731468291944287,0.044323917064506196
716_01_042_sort_pos_joh_01_716_01_052_sort_pos_joh_02,716_01_042_sort_pos_joh_01,716_01_052_sort_pos_joh_02,0.016769045722874618,0.07292096215924695,0.05571830080822504,0.038811593615824466
716_01_042_sort_pos_joh_01_716_01_056_sort_pos_joh_01,716_01_042_sort_pos_joh_01,716_01_056_sort_pos_joh_01,0.032180580730451595,0.06059658057651192,0.0742254943802378,-0.02497625888360936
716_01_042_sort_pos_joh_01_716_01_056_sort_pos_joh_02,716_01_042_sort_pos_joh_01,716_01_056_sort_pos_joh_02,0.0268546582100534,0.08514440171075985,0.10932632856117162,0.01888288000080204
716_01_042_sort_pos_joh_01_716_01_066_sort_pos_joh_01,716_01_042_sort_pos_joh_01,716_01_066_sort_pos_joh_01,0.015782978965980746,0.022938051246284365,0.012693796295448435,
716_01_047_sort_pos_joh_02_716_01_049_sort_pos_joh_03,716_01_047_sort_pos_joh_02,716_01_049_sort_pos_joh_03,0.025802309973245688,-0.010553917557201926,0.0005700989180119018,0.0026812333765457424
716_01_047_sort_pos_joh_02_716_01_050_sort_pos_joh_04,716_01_047_sort_pos_joh_02,716_01_050_sort_pos_joh_04,-0.019631012095641866,-0.007463235960865674,-0.0316902139627628,-0.038182086724149675
716_01_047_sort_pos_joh_02_716_01_052_sort_pos_joh_01,716_01_047_sort_pos_joh_02,716_01_052_sort_pos_joh_01,0.02571420933180081,0.023357996350508826,0.045182416355747775,0.011923586190268098
716_01_047_sort_pos_joh_02_716_01_052_sort_pos_joh_02,716_01_047_sort_pos_joh_02,716_01_052_sort_pos_joh_02,0.014601233076755999,0.02774459060819222,0.02543277803244329,-0.008682777813546566
716_01_047_sort_pos_joh_02_716_01_056_sort_pos_joh_01,716_01_047_sort_pos_joh_02,716_01_056_sort_pos_joh_01,-0.0016216911511485294,0.027291263215347417,-0.0011731216635860401,-0.025408272412044717
716_01_047_sort_pos_joh_02_716_01_056_sort_pos_joh_02,716_01_047_sort_pos_joh_02,716_01_056_sort_pos_joh_02,0.005424372362926513,0.022774105033581248,0.002130745693542869,-0.002865797431148701
716_01_047_sort_pos_joh_02_716_01_066_sort_pos_joh_01,716_01_047_sort_pos_joh_02,716_01_066_sort_pos_joh_01,-0.016831045071858983,0.0013266420345038577,-0.01636508509794355,
716_01_049_sort_pos_joh_03_716_01_050_sort_pos_joh_04,716_01_049_sort_pos_joh_03,716_01_050_sort_pos_joh_04,0.01977508091521818,-0.012561455460996908,0.09686518627217044,0.14464254412587063
716_01_049_sort_pos_joh_03_716_01_052_sort_pos_joh_01,716_01_049_sort_pos_joh_03,716_01_052_sort_pos_joh_01,0.028356507653334372,0.03760566453456109,0.052350436015694675,0.06623817129692247
716_01_049_sort_pos_joh_03_716_01_052_sort_pos_joh_02,716_01_049_sort_pos_joh_03,716_01_052_sort_pos_joh_02,0.036820678302303934,0.0462345244907772,0.08629368973103625,0.08739993405502913
716_01_049_sort_pos_joh_03_716_01_056_sort_pos_joh_01,716_01_049_sort_pos_joh_03,716_01_056_sort_pos_joh_01,0.03384833865913007,0.019969375167349045,0.10899848511780175,0.027313438176932464
716_01_049_sort_pos_joh_03_716_01_056_sort_pos_joh_02,716_01_049_sort_pos_joh_03,716_01_056_sort_pos_joh_02,0.02502794643439449,0.03784838289889268,0.0864280679916414,0.0401130579690209
716_01_049_sort_pos_joh_03_716_01_066_sort_pos_joh_01,716_01_049_sort_pos_joh_03,716_01_066_sort_pos_joh_01,0.02008272177046652,0.002582207214941338,-6.272187343318306e-05,
716_01_050_sort_pos_joh_04_716_01_052_sort_pos_joh_01,716_01_050_sort_pos_joh_04,716_01_052_sort_pos_joh_01,0.04010139527276769,-0.016024626907273895,0.05272061346885726,0.13188772399409773
716_01_050_sort_pos_joh_04_716_01_052_sort_pos_joh_02,716_01_050_sort_pos_joh_04,716_01_052_sort_pos_joh_02,-0.00542269383583921,-0.03880588605383634,0.09846868496293348,0.18501665080702326
716_01_050_sort_pos_joh_04_716_01_056_sort_pos_joh_01,716_01_050_sort_pos_joh_04,716_01_056_sort_pos_joh_01,0.11898235206580894,0.0640670090093008,0.08479397104355017,0.03535817997581476
716_01_050_sort_pos_joh_04_716_01_056_sort_pos_joh_02,716_01_050_sort_pos_joh_04,716_01_056_sort_pos_joh_02,0.0745195771890892,0.03421760774740293,0.07515341791831999,0.06122933639333824
716_01_050_sort_pos_joh_04_716_01_066_sort_pos_joh_01,716_01_050_sort_pos_joh_04,716_01_066_sort_pos_joh_01,0.08859065045358441,-0.0007909629695580755,0.032624770019462616,
716_01_052_sort_pos_joh_01_716_01_052_sort_pos_joh_02,716_01_052_sort_pos_joh_01,716_01_052_sort_pos_joh_02,0.3442810326408577,0.34672149794127505,0.33157364902177316,0.3631965425200762
716_01_052_sort_pos_joh_01_716_01_056_sort_pos_joh_01,716_01_052_sort_pos_joh_01,716_01_056_sort_pos_joh_01,0.03255062090450029,0.06814127615950452,0.04444440473122749,0.004484276496652307
716_01_052_sort_pos_joh_01_716_01_056_sort_pos_joh_02,716_01_052_sort_pos_joh_01,716_01_056_sort_pos_joh_02,0.02513554204028891,0.035003583074339824,0.03896401250075305,0.04209787360850809
716_01_052_sort_pos_joh_01_716_01_066_sort_pos_joh_01,716_01_052_sort_pos_joh_01,716_01_066_sort_pos_joh_01,0.023341447864460425,-0.007431228437687828,-0.028174822993262884,
716_01_052_sort_pos_joh_02_716_01_056_sort_pos_joh_01,716_01_052_sort_pos_joh_02,716_01_056_sort_pos_joh_01,0.013535159763113556,0.05960539819570818,0.03897302937109958,0.014413592300352707
716_01_052_sort_pos_joh_02_716_01_056_sort_pos_joh_02,716_01_052_sort_pos_joh_02,716_01_056_sort_pos_joh_02,0.007604454635853105,0.04449875466154161,0.04077486102732816,0.049162637026831116
716_01_052_sort_pos_joh_02_716_01_066_sort_pos_joh_01,716_01_052_sort_pos_joh_02,716_01_066_sort_pos_joh_01,0.005091955359775164,0.0002250892197818997,0.011678301963965436,
716_01_056_sort_pos_joh_01_716_01_056_sort_pos_joh_02,716_01_056_sort_pos_joh_01,716_01_056_sort_pos_joh_02,0.3127125244004176,0.2975247228379788,0.2569510919964799,0.19575738012683697
716_01_056_sort_pos_joh_01_716_01_066_sort_pos_joh_01,716_01_056_sort_pos_joh_01,716_01_066_sort_pos_joh_01,0.03262218153465842,0.007950268772195849,0.013844938635612303,
716_01_056_sort_pos_joh_02_716_01_066_sort_pos_joh_01,716_01_056_sort_pos_joh_02,716_01_066_sort_pos_joh_01,0.029570353264356912,0.02771127532154509,0.002046215306665281,
716_02_028_sort_pos_joh_01_716_02_029_sort_pos_joh_01,716_02_028_sort_pos_joh_01,716_02_029_sort_pos_joh_01,-4.6795088182081485e-05,0.033828729425492775,0.08797539190460199,0.012767412110541155
716_02_028_sort_pos_joh_01_716_02_041_sort_pos_joh_02,716_02_028_sort_pos_joh_01,716_02_041_sort_pos_joh_02,0.014830643282807884,0.0235471752523352,-0.008488727364138712,0.010939969908435397
716_02_028_sort_pos_joh_01_716_02_042_sort_pos_joh_02,716_02_028_sort_pos_joh_01,716_02_042_sort_pos_joh_02,0.02343083367881178,-0.00246635231321194,0.01372477865724349,0.008652283642841789
716_02_028_sort_pos_joh_01_716_02_045_sort_pos_joh_07,716_02_028_sort_pos_joh_01,716_02_045_sort_pos_joh_07,0.0383151798630232,0.01410205749366325,0.005332306777024452,0.007514498835915493
716_02_028_sort_pos_joh_01_716_02_045_sort_pos_joh_08,716_02_028_sort_pos_joh_01,716_02_045_sort_pos_joh_08,0.03325352839019967,0.023528537599297992,0.003690787408786685,-0.014918030484021759
716_02_028_sort_pos_joh_01_716_02_048_sort_pos_joh_01,716_02_028_sort_pos_joh_01,716_02_048_sort_pos_joh_01,0.015668185079976697,0.020271302956509026,0.014976148931413542,0.003426613603229643
716_02_028_sort_pos_joh_01_716_02_048_sort_pos_joh_02,716_02_028_sort_pos_joh_01,716_02_048_sort_pos_joh_02,0.01982236620505891,0.008952070197380124,0.01739649073914255,-0.0010463960556683154
716_02_028_sort_pos_joh_01_716_02_056_sort_pos_joh_01,716_02_028_sort_pos_joh_01,716_02_056_sort_pos_joh_01,0.0012969012043429963,-0.0003113923251666061,0.01164938364249302,0.00433081671889826
716_02_028_sort_pos_joh_01_716_02_067_sort_pos_joh_01,716_02_028_sort_pos_joh_01,716_02_067_sort_pos_joh_01,0.0051338181411312404,0.03111810341984817,0.006702584605839737,-0.006119039681596282
716_02_028_sort_pos_joh_01_716_02_067_sort_pos_joh_02,716_02_028_sort_pos_joh_01,716_02_067_sort_pos_joh_02,0.00823772286760211,0.02943885392629201,-0.02228500618058737,-0.007531957681182606
716_02_028_sort_pos_joh_01_716_02_069_sort_pos_joh_01,716_02_028_sort_pos_joh_01,716_02_069_sort_pos_joh_01,0.008912307317652295,0.02375609452606312,-0.008703545782065608,0.010646933075721699
716_02_029_sort_pos_joh_01_716_02_041_sort_pos_joh_02,716_02_029_sort_pos_joh_01,716_02_041_sort_pos_joh_02,0.0210848589887735,0.012812552559056976,0.000526044025064405,-0.0015093249017311982
716_02_029_sort_pos_joh_01_716_02_042_sort_pos_joh_02,716_02_029_sort_pos_joh_01,716_02_042_sort_pos_joh_02,0.010155514259133113,-0.007182815538963571,0.017336561125835107,0.029040739264912404
716_02_029_sort_pos_joh_01_716_02_045_sort_pos_joh_07,716_02_029_sort_pos_joh_01,716_02_045_sort_pos_joh_07,-0.018648635026293322,-0.0018242172952372224,0.007370797284295085,0.01665275910834041
716_02_029_sort_pos_joh_01_716_02_045_sort_pos_joh_08,716_02_029_sort_pos_joh_01,716_02_045_sort_pos_joh_08,-0.012906010107258963,-0.009880449285971366,0.000575194758514793,0.001216273340160581
716_02_029_sort_pos_joh_01_716_02_048_sort_pos_joh_01,716_02_029_sort_pos_joh_01,716_02_048_sort_pos_joh_01,0.01913868811884073,0.019538256068217328,0.031675945994862266,0.009181644736804545
716_02_029_sort_pos_joh_01_716_02_048_sort_pos_joh_02,716_02_029_sort_pos_joh_01,716_02_048_sort_pos_joh_02,-0.011411887892326163,0.0007550190020486509,0.01358754388701922,0.0005301780266202644
716_02_029_sort_pos_joh_01_716_02_056_sort_pos_joh_01,716_02_029_sort_pos_joh_01,716_02_056_sort_pos_joh_01,-0.0043115887399776875,0.005338464381448925,0.01596342849485949,0.012130244540839918
716_02_029_sort_pos_joh_01_716_02_067_sort_pos_joh_01,716_02_029_sort_pos_joh_01,716_02_067_sort_pos_joh_01,0.03301628950345161,0.018519520212528156,-2.468280698016508e-05,-0.028396703477537366
716_02_029_sort_pos_joh_01_716_02_067_sort_pos_joh_02,716_02_029_sort_pos_joh_01,716_02_067_sort_pos_joh_02,0.00403240898460891,0.00575331229499214,-0.01412410859109264,-0.022898091103203573
716_02_029_sort_pos_joh_01_716_02_069_sort_pos_joh_01,716_02_029_sort_pos_joh_01,716_02_069_sort_pos_joh_01,0.004307432163560198,0.030253234446465896,-0.0036637787319105954,-0.003338448821812463
716_02_041_sort_pos_joh_02_716_02_042_sort_pos_joh_02,716_02_041_sort_pos_joh_02,716_02_042_sort_pos_joh_02,0.026430816164522437,0.021959361651070555,0.02270501652990309,-0.03994596088486007
716_02_041_sort_pos_joh_02_716_02_045_sort_pos_joh_07,716_02_041_sort_pos_joh_02,716_02_045_sort_pos_joh_07,-0.006217091733430254,0.023017737645465674,0.04583908129763621,-0.03073249872576146
716_02_041_sort_pos_joh_02_716_02_045_sort_pos_joh_08,716_02_041_sort_pos_joh_02,716_02_045_sort_pos_joh_08,-0.012081513564740402,-0.002250460553389543,0.029657200075177814,0.027500938817380874
716_02_041_sort_pos_joh_02_716_02_048_sort_pos_joh_01,716_02_041_sort_pos_joh_02,716_02_048_sort_pos_joh_01,0.0337569474570321,0.022638196055409614,0.04860635093633942,-0.0008591076272369665
716_02_041_sort_pos_joh_02_716_02_048_sort_pos_joh_02,716_02_041_sort_pos_joh_02,716_02_048_sort_pos_joh_02,0.008940791627031437,-0.003554297425435347,0.03724888400957126,-0.009471847574127093
716_02_041_sort_pos_joh_02_716_02_056_sort_pos_joh_01,716_02_041_sort_pos_joh_02,716_02_056_sort_pos_joh_01,0.004358435917803045,0.015612384215439638,0.03293982585236953,0.013101378084442452
716_02_041_sort_pos_joh_02_716_02_067_sort_pos_joh_01,716_02_041_sort_pos_joh_02,716_02_067_sort_pos_joh_01,0.014675668753240036,0.024175619101853844,0.005161036402173911,-0.010812347444987921
716_02_041_sort_pos_joh_02_716_02_067_sort_pos_joh_02,716_02_041_sort_pos_joh_02,716_02_067_sort_pos_joh_02,-0.007398232995771003,0.01982293497331113,-0.03361802454130839,-0.028561761098012554
716_02_041_sort_pos_joh_02_716_02_069_sort_pos_joh_01,716_02_041_sort_pos_joh_02,716_02_069_sort_pos_joh_01,-0.008681897458613868,0.006207634131697888,-0.013006554010285267,-0.0001942018962977924
716_02_042_sort_pos_joh_02_716_02_045_sort_pos_joh_07,716_02_042_sort_pos_joh_02,716_02_045_sort_pos_joh_07,0.03289121029099061,0.026148130815448603,0.015798116927373113,0.08860117541937323
716_02_042_sort_pos_joh_02_716_02_045_sort_pos_joh_08,716_02_042_sort_pos_joh_02,716_02_045_sort_pos_joh_08,0.014263113057261495,0.02845578643777573,0.05673160933418968,-0.012581010184635345
716_02_042_sort_pos_joh_02_716_02_048_sort_pos_joh_01,716_02_042_sort_pos_joh_02,716_02_048_sort_pos_joh_01,-0.030149063672410322,-0.0036055538033936776,0.12107799504151412,0.05324281039336572
716_02_042_sort_pos_joh_02_716_02_048_sort_pos_joh_02,716_02_042_sort_pos_joh_02,716_02_048_sort_pos_joh_02,0.05222550881878023,0.042527696670426,0.09905805661624323,0.05264426758258622
716_02_042_sort_pos_joh_02_716_02_056_sort_pos_joh_01,716_02_042_sort_pos_joh_02,716_02_056_sort_pos_joh_01,-0.010582992291102941,0.012656677609702445,0.014759951828721207,-0.001404914160747127
716_02_042_sort_pos_joh_02_716_02_067_sort_pos_joh_01,716_02_042_sort_pos_joh_02,716_02_067_sort_pos_joh_01,0.0021666481069672404,0.010916388818517413,-0.02928215230913455,-0.032488218516771535
716_02_042_sort_pos_joh_02_716_02_067_sort_pos_joh_02,716_02_042_sort_pos_joh_02,716_02_067_sort_pos_joh_02,0.029122734005219718,0.034466722848002465,-0.03333605584573577,0.002712524143392384
716_02_042_sort_pos_joh_02_716_02_069_sort_pos_joh_01,716_02_042_sort_pos_joh_02,716_02_069_sort_pos_joh_01,0.018115173197402155,0.024040832446259517,0.008125711780035749,-0.0384725433471149
716_02_045_sort_pos_joh_07_716_02_045_sort_pos_joh_08,716_02_045_sort_pos_joh_07,716_02_045_sort_pos_joh_08,0.056874400120367014,0.044145853234894734,0.03732971694200238,-0.009850405530616509
716_02_045_sort_pos_joh_07_716_02_048_sort_pos_joh_01,716_02_045_sort_pos_joh_07,716_02_048_sort_pos_joh_01,-0.001829040020304097,0.006781303252520208,0.031237124220149192,0.010618944443455042
716_02_045_sort_pos_joh_07_716_02_048_sort_pos_joh_02,716_02_045_sort_pos_joh_07,716_02_048_sort_pos_joh_02,0.025163229132175783,0.004823113539129199,0.031317461404807546,0.006298133047601953
716_02_045_sort_pos_joh_07_716_02_056_sort_pos_joh_01,716_02_045_sort_pos_joh_07,716_02_056_sort_pos_joh_01,-0.007804015335843978,0.006969692670348587,0.013241237579174232,0.01713507021040239
716_02_045_sort_pos_joh_07_716_02_067_sort_pos_joh_01,716_02_045_sort_pos_joh_07,716_02_067_sort_pos_joh_01,-0.04482233653572016,-0.013484534120999342,0.028011031294378572,-0.023428858069758824
716_02_045_sort_pos_joh_07_716_02_067_sort_pos_joh_02,716_02_045_sort_pos_joh_07,716_02_067_sort_pos_joh_02,0.008083608446577208,0.01575045063852681,-0.011467204459740157,0.003321137973918564
716_02_045_sort_pos_joh_07_716_02_069_sort_pos_joh_01,716_02_045_sort_pos_joh_07,716_02_069_sort_pos_joh_01,0.006284404830061966,0.0018356485500427438,-0.011136965469722303,-0.004141743733504972
716_02_045_sort_pos_joh_08_716_02_048_sort_pos_joh_01,716_02_045_sort_pos_joh_08,716_02_048_sort_pos_joh_01,0.004667025889274371,0.016960226274036747,0.07689398499885791,-0.006881883805102387
716_02_045_sort_pos_joh_08_716_02_048_sort_pos_joh_02,716_02_045_sort_pos_joh_08,716_02_048_sort_pos_joh_02,0.013374081144818393,0.02844600158661068,0.03752298059011834,0.00012042368080082585
716_02_045_sort_pos_joh_08_716_02_056_sort_pos_joh_01,716_02_045_sort_pos_joh_08,716_02_056_sort_pos_joh_01,-4.224446878062782e-05,0.0026415512517876027,0.010482400663854405,0.007065508582870792
716_02_045_sort_pos_joh_08_716_02_067_sort_pos_joh_01,716_02_045_sort_pos_joh_08,716_02_067_sort_pos_joh_01,-0.015835791018738797,-0.006107943144481394,-0.010399857253451387,-0.008236170814958945
716_02_045_sort_pos_joh_08_716_02_067_sort_pos_joh_02,716_02_045_sort_pos_joh_08,716_02_067_sort_pos_joh_02,0.006299897661771765,0.004480045348069547,-0.020399513263460765,-0.01883377089944843
716_02_045_sort_pos_joh_08_716_02_069_sort_pos_joh_01,716_02_045_sort_pos_joh_08,716_02_069_sort_pos_joh_01,0.016742539163441608,0.01865897855457899,-0.007546104693587715,-0.012201841719387346
716_02_048_sort_pos_joh_01_716_02_048_sort_pos_joh_02,716_02_048_sort_pos_joh_01,716_02_048_sort_pos_joh_02,0.00027549033629981946,0.0037234814934383473,0.14796995974511057,0.02505669516207464
716_02_048_sort_pos_joh_01_716_02_056_sort_pos_joh_01,716_02_048_sort_pos_joh_01,716_02_056_sort_pos_joh_01,-0.02249367530034565,-0.00675134062216927,0.00392877928277818,-0.010978581486536533
716_02_048_sort_pos_joh_01_716_02_067_sort_pos_joh_01,716_02_048_sort_pos_joh_01,716_02_067_sort_pos_joh_01,0.0003517231841420607,0.006067634142363043,-0.04320628127029102,-0.042131236666861235
716_02_048_sort_pos_joh_01_716_02_067_sort_pos_joh_02,716_02_048_sort_pos_joh_01,716_02_067_sort_pos_joh_02,-0.004255424371573538,-0.005550740473019158,-0.055667160046671535,-0.006032530183646126
716_02_048_sort_pos_joh_01_716_02_069_sort_pos_joh_01,716_02_048_sort_pos_joh_01,716_02_069_sort_pos_joh_01,-0.020747332115310525,-0.0030780426881494584,-0.00018010427045451937,-0.02946530162784374
716_02_048_sort_pos_joh_02_716_02_056_sort_pos_joh_01,716_02_048_sort_pos_joh_02,716_02_056_sort_pos_joh_01,0.0030348508462991358,0.025583954551813604,-0.023912616119566864,-0.009337105372061803
716_02_048_sort_pos_joh_02_716_02_067_sort_pos_joh_01,716_02_048_sort_pos_joh_02,716_02_067_sort_pos_joh_01,-0.009371217890442258,-0.0021548167208494647,-0.02947575198721876,-0.02861867698478645
716_02_048_sort_pos_joh_02_716_02_067_sort_pos_joh_02,716_02_048_sort_pos_joh_02,716_02_067_sort_pos_joh_02,0.033803435533673966,0.025448992330964735,-0.05274462278030237,-0.015144908436018978
716_02_048_sort_pos_joh_02_716_02_069_sort_pos_joh_01,716_02_048_sort_pos_joh_02,716_02_069_sort_pos_joh_01,0.020410532740288985,0.021759126290781573,-0.014777379500090618,-0.035358975202527586
716_02_056_sort_pos_joh_01_716_02_067_sort_pos_joh_01,716_02_056_sort_pos_joh_01,716_02_067_sort_pos_joh_01,0.06709854063323144,0.039767216877192556,0.08392560637556395,0.03269393224425144
716_02_056_sort_pos_joh_01_716_02_067_sort_pos_joh_02,716_02_056_sort_pos_joh_01,716_02_067_sort_pos_joh_02,0.010473979520341212,0.021483913403814225,0.0004995949888939906,-0.004350412459634866
716_02_056_sort_pos_joh_01_716_02_069_sort_pos_joh_01,716_02_056_sort_pos_joh_01,716_02_069_sort_pos_joh_01,0.010829880400694788,0.016839083237880748,0.03858865208742459,0.01842993158798272
716_02_067_sort_pos_joh_01_716_02_067_sort_pos_joh_02,716_02_067_sort_pos_joh_01,716_02_067_sort_pos_joh_02,0.2780551297824593,0.2988754911130293,0.19744387166307611,0.24758843385075438
716_02_067_sort_pos_joh_01_716_02_069_sort_pos_joh_01,716_02_067_sort_pos_joh_01,716_02_069_sort_pos_joh_01,0.19648046663726548,0.22431847753894213,0.05925098185592841,0.15244689923453314
716_02_067_sort_pos_joh_02_716_02_069_sort_pos_joh_01,716_02_067_sort_pos_joh_02,716_02_069_sort_pos_joh_01,0.20839670464226867,0.22913935902084323,0.05652480608601445,0.07431695989437195
716_03_063_sort_neg_joh_04_716_03_029_sort_pos_joh_02,716_03_063_sort_neg_joh_04,716_03_029_sort_pos_joh_02,0.021250124875693978,0.00312821209943299,0.023711427301394274,0.0017497150275495844
716_03_063_sort_neg_joh_04_716_03_029_sort_pos_joh_04,716_03_063_sort_neg_joh_04,716_03_029_sort_pos_joh_04,0.0065627833360983765,0.010348154959510322,0.027298822491515346,0.016737262101235346
716_03_063_sort_neg_joh_04_716_03_046_sort_pos_joh_01,716_03_063_sort_neg_joh_04,716_03_046_sort_pos_joh_01,0.04052694618826548,0.037745024893271646,0.1816936320646698,0.0846642690876587
716_03_063_sort_neg_joh_04_716_03_050_sort_pos_joh_01,716_03_063_sort_neg_joh_04,716_03_050_sort_pos_joh_01,0.002373237429811863,0.0048261770080157565,0.03257936080336259,0.004977682644900346
716_03_063_sort_neg_joh_04_716_03_052_sort_pos_joh_01,716_03_063_sort_neg_joh_04,716_03_052_sort_pos_joh_01,0.022652549502186543,0.03203329209363331,0.057732954506941846,0.021651089709785982
716_03_063_sort_neg_joh_04_716_03_067_sort_pos_joh_01,716_03_063_sort_neg_joh_04,716_03_067_sort_pos_joh_01,-0.002750732051581433,-0.003221977286358114,0.05987058886499683,-0.026837686369780803
716_03_029_sort_pos_joh_02_716_03_029_sort_pos_joh_04,716_03_029_sort_pos_joh_02,716_03_029_sort_pos_joh_04,0.016939667118160022,0.07144269451807392,0.2378923835106085,0.06880043407550704
716_03_029_sort_pos_joh_02_716_03_046_sort_pos_joh_01,716_03_029_sort_pos_joh_02,716_03_046_sort_pos_joh_01,0.024886832183938036,-0.00023438050149712948,0.05555627850889854,0.01918585946622867
716_03_029_sort_pos_joh_02_716_03_050_sort_pos_joh_01,716_03_029_sort_pos_joh_02,716_03_050_sort_pos_joh_01,0.012368291732840282,-0.007163661460861562,-0.004453414610730528,0.00965238140945777
716_03_029_sort_pos_joh_02_716_03_052_sort_pos_joh_01,716_03_029_sort_pos_joh_02,716_03_052_sort_pos_joh_01,-0.0039282851607960025,0.003480924403895245,0.024344224242178525,0.012157814045640154
716_03_029_sort_pos_joh_02_716_03_067_sort_pos_joh_01,716_03_029_sort_pos_joh_02,716_03_067_sort_pos_joh_01,0.01187148049751601,0.008467977449095344,0.021173010774457324,-0.0022213914570099985
716_03_029_sort_pos_joh_04_716_03_046_sort_pos_joh_01,716_03_029_sort_pos_joh_04,716_03_046_sort_pos_joh_01,-0.008819585622393182,-0.0032176858485819127,0.055225671685167343,0.014817694127994545
716_03_029_sort_pos_joh_04_716_03_050_sort_pos_joh_01,716_03_029_sort_pos_joh_04,716_03_050_sort_pos_joh_01,-0.007469874793374135,0.023909017384383856,-0.0033550528391831755,0.015125795220157596
716_03_029_sort_pos_joh_04_716_03_052_sort_pos_joh_01,716_03_029_sort_pos_joh_04,716_03_052_sort_pos_joh_01,0.0023820742070796213,0.01361041744473537,0.024411776143165597,0.005386558203315763
716_03_029_sort_pos_joh_04_716_03_067_sort_pos_joh_01,716_03_029_sort_pos_joh_04,716_03_067_sort_pos_joh_01,0.0015050793770816108,0.005012773041774265,0.011896259815309887,-0.004664184101265582
716_03_046_sort_pos_joh_01_716_03_050_sort_pos_joh_01,716_03_046_sort_pos_joh_01,716_03_050_sort_pos_joh_01,0.024154619872257435,-0.0038768874163484946,0.012932408049407304,0.027530950655658894
716_03_046_sort_pos_joh_01_716_03_052_sort_pos_joh_01,716_03_046_sort_pos_joh_01,716_03_052_sort_pos_joh_01,0.008189482781984959,-0.00545557948264422,0.08571482161515313,0.040630105360252085
716_03_046_sort_pos_joh_01_716_03_067_sort_pos_joh_01,716_03_046_sort_pos_joh_01,716_03_067_sort_pos_joh_01,0.049022557579941554,0.02889211684886299,0.029158698959485547,-0.05752171450196227
716_03_050_sort_pos_joh_01_716_03_052_sort_pos_joh_01,716_03_050_sort_pos_joh_01,716_03_052_sort_pos_joh_01,0.019513683334419805,0.011972578664688451,0.008035954933828216,0.007006736976840919
716_03_050_sort_pos_joh_01_716_03_067_sort_pos_joh_01,716_03_050_sort_pos_joh_01,716_03_067_sort_pos_joh_01,0.03312214836777122,-0.006842759626808749,0.030751766115739588,0.003508813241273609
716_03_052_sort_pos_joh_01_716_03_067_sort_pos_joh_01,716_03_052_sort_pos_joh_01,716_03_067_sort_pos_joh_01,-0.013183075020420631,0.012155928433318312,0.009871048138177334,-0.025004809110566628
717_01_030_sort_pos_joh_01_717_01_037_sort_pos_joh_01,717_01_030_sort_pos_joh_01,717_01_037_sort_pos_joh_01,-0.019154587474281465,0.004652062445361005,-0.004668139602161575,-0.0011388839946008178
717_01_030_sort_pos_joh_01_717_01_037_sort_pos_joh_02,717_01_030_sort_pos_joh_01,717_01_037_sort_pos_joh_02,0.0009193914953713279,-0.0007033197056487923,,-0.013706241753096855
717_01_030_sort_pos_joh_01_717_01_042_sort_pos_joh_01,717_01_030_sort_pos_joh_01,717_01_042_sort_pos_joh_01,0.04539544002980432,0.04160812899623583,-0.0005875080634121388,0.00030712658498206833
717_01_030_sort_pos_joh_01_717_01_046_sort_pos_joh_01,717_01_030_sort_pos_joh_01,717_01_046_sort_pos_joh_01,0.02252716563808016,0.03714703387408076,-0.006718256765557624,0.0020072361564860723
717_01_030_sort_pos_joh_01_717_01_060_sort_pos_joh_01,717_01_030_sort_pos_joh_01,717_01_060_sort_pos_joh_01,-0.004635091942793714,-0.0027776480911478815,-0.015455703824076142,-0.02343531169653694
717_01_030_sort_pos_joh_01_717_01_062_sort_pos_joh_01,717_01_030_sort_pos_joh_01,717_01_062_sort_pos_joh_01,-0.0084696315925565,-0.003033932917394191,-0.01348907699234463,-0.021268157173769665
717_01_030_sort_pos_joh_01_717_01_070_sort_pos_joh_01,717_01_030_sort_pos_joh_01,717_01_070_sort_pos_joh_01,0.014664161081157201,0.002867117284038036,0.0009754631263658761,-0.019123596256275324
717_01_030_sort_pos_joh_01_717_01_073_sort_pos_joh_01,717_01_030_sort_pos_joh_01,717_01_073_sort_pos_joh_01,-0.011700213641160938,-0.009130206615176753,0.022071629405503765,0.006816742457107463
717_01_030_sort_pos_joh_01_717_01_074_sort_pos_joh_01,717_01_030_sort_pos_joh_01,717_01_074_sort_pos_joh_01,-0.0006348976842936229,0.015346850218804628,-0.020299868139345867,-0.009224747113672029
717_01_030_sort_pos_joh_01_717_01_075_sort_pos_joh_01,717_01_030_sort_pos_joh_01,717_01_075_sort_pos_joh_01,-0.003045582037000292,0.0040499215544698005,-0.004778549761406831,0.0028476229878292227
717_01_030_sort_pos_joh_01_717_01_076_sort_pos_joh_01,717_01_030_sort_pos_joh_01,717_01_076_sort_pos_joh_01,0.007211649995855382,0.0008948035315439878,-0.0008035128362933182,0.010794657938006455
717_01_030_sort_pos_joh_01_717_01_076_sort_pos_joh_02,717_01_030_sort_pos_joh_01,717_01_076_sort_pos_joh_02,0.005815612090994237,-0.0039965130847843585,0.004849811706908669,0.004697139362741882
717_01_030_sort_pos_joh_01_717_01_078_sort_pos_joh_01,717_01_030_sort_pos_joh_01,717_01_078_sort_pos_joh_01,0.0029182166645769585,0.016144399645657455,0.005550195467840362,0.005602658507593777
717_01_030_sort_pos_joh_01_717_01_079_sort_pos_joh_01,717_01_030_sort_pos_joh_01,717_01_079_sort_pos_joh_01,-0.019818509164381062,0.015782131941701884,0.004491099143757603,0.0024848223930640646
717_01_037_sort_pos_joh_01_717_01_037_sort_pos_joh_02,717_01_037_sort_pos_joh_01,717_01_037_sort_pos_joh_02,0.02932118616482373,0.11465447866735465,,0.06134177612252875
717_01_037_sort_pos_joh_01_717_01_042_sort_pos_joh_01,717_01_037_sort_pos_joh_01,717_01_042_sort_pos_joh_01,0.01140867688145024,-0.0030403842605443055,0.012879419098492126,0.0032400139976296715
717_01_037_sort_pos_joh_01_717_01_046_sort_pos_joh_01,717_01_037_sort_pos_joh_01,717_01_046_sort_pos_joh_01,-0.002335410843911665,0.0075596467456077185,0.015450874940803197,0.006228059701064054
717_01_037_sort_pos_joh_01_717_01_060_sort_pos_joh_01,717_01_037_sort_pos_joh_01,717_01_060_sort_pos_joh_01,-0.01367375506263448,0.01829931479163588,0.015324812596996747,0.004138864704483507
717_01_037_sort_pos_joh_01_717_01_062_sort_pos_joh_01,717_01_037_sort_pos_joh_01,717_01_062_sort_pos_joh_01,0.0068460514162250775,0.018169515079526757,-0.00852413106375155,0.0066483483439065735
717_01_037_sort_pos_joh_01_717_01_070_sort_pos_joh_01,717_01_037_sort_pos_joh_01,717_01_070_sort_pos_joh_01,0.010065743042726798,0.019653171435225925,-0.0022206603615484025,0.006537140125274623
717_01_037_sort_pos_joh_01_717_01_073_sort_pos_joh_01,717_01_037_sort_pos_joh_01,717_01_073_sort_pos_joh_01,0.01330955869950104,-0.0009319973921065275,0.022843299008412726,0.01194223023771446
717_01_037_sort_pos_joh_01_717_01_074_sort_pos_joh_01,717_01_037_sort_pos_joh_01,717_01_074_sort_pos_joh_01,0.001977477791387353,0.02885690689899428,0.0053561453680335,0.00564041689811745
717_01_037_sort_pos_joh_01_717_01_075_sort_pos_joh_01,717_01_037_sort_pos_joh_01,717_01_075_sort_pos_joh_01,0.00415595379520766,0.014425378908754777,-0.010519882376122155,0.007103630082204325
717_01_037_sort_pos_joh_01_717_01_076_sort_pos_joh_01,717_01_037_sort_pos_joh_01,717_01_076_sort_pos_joh_01,0.012667031544183884,1.1195265078734843e-05,0.02119496355277898,-0.0033426762908514204
717_01_037_sort_pos_joh_01_717_01_076_sort_pos_joh_02,717_01_037_sort_pos_joh_01,717_01_076_sort_pos_joh_02,0.024317509159197278,0.004154780895633493,0.013156764152460611,0.004110040491327045
717_01_037_sort_pos_joh_01_717_01_078_sort_pos_joh_01,717_01_037_sort_pos_joh_01,717_01_078_sort_pos_joh_01,0.022884802553444702,-0.010440317117615219,0.02661004176733936,0.0030582189436518426
717_01_037_sort_pos_joh_01_717_01_079_sort_pos_joh_01,717_01_037_sort_pos_joh_01,717_01_079_sort_pos_joh_01,-0.008707647374021986,-0.0032430488466512206,0.0243239407114866,0.0029514532718414054
717_01_037_sort_pos_joh_02_717_01_042_sort_pos_joh_01,717_01_037_sort_pos_joh_02,717_01_042_sort_pos_joh_01,0.006059327857161166,-0.0021532151137958985,,-0.008320234944105229
717_01_037_sort_pos_joh_02_717_01_046_sort_pos_joh_01,717_01_037_sort_pos_joh_02,717_01_046_sort_pos_joh_01,0.016551978597264302,-0.005959333920685925,,0.004669678607377013
717_01_037_sort_pos_joh_02_717_01_060_sort_pos_joh_01,717_01_037_sort_pos_joh_02,717_01_060_sort_pos_joh_01,-0.0006988861613050607,0.008920550030101114,,0.013900189238843733
717_01_037_sort_pos_joh_02_717_01_062_sort_pos_joh_01,717_01_037_sort_pos_joh_02,717_01_062_sort_pos_joh_01,0.04235013003063713,0.01404585876928609,,-0.001947721180498263
717_01_037_sort_pos_joh_02_717_01_070_sort_pos_joh_01,717_01_037_sort_pos_joh_02,717_01_070_sort_pos_joh_01,0.03273444406095733,0.0010084348247186797,,0.010714859225260593
717_01_037_sort_pos_joh_02_717_01_073_sort_pos_joh_01,717_01_037_sort_pos_joh_02,717_01_073_sort_pos_joh_01,-0.008269183322754083,0.01686859258478947,,-0.000711233814351006
717_01_037_sort_pos_joh_02_717_01_074_sort_pos_joh_01,717_01_037_sort_pos_joh_02,717_01_074_sort_pos_joh_01,0.012962309262086028,0.031583902221089394,,0.0010135634487205454
717_01_037_sort_pos_joh_02_717_01_075_sort_pos_joh_01,717_01_037_sort_pos_joh_02,717_01_075_sort_pos_joh_01,0.03720261684864125,0.028003061321927904,,-0.0014973482823611025
717_01_037_sort_pos_joh_02_717_01_076_sort_pos_joh_01,717_01_037_sort_pos_joh_02,717_01_076_sort_pos_joh_01,-0.003162330203294507,0.008383237343585944,,-0.014194018083390903
717_01_037_sort_pos_joh_02_717_01_076_sort_pos_joh_02,717_01_037_sort_pos_joh_02,717_01_076_sort_pos_joh_02,0.008124129354277714,0.007773811235744778,,-0.00038589313248707345
717_01_037_sort_pos_joh_02_717_01_078_sort_pos_joh_01,717_01_037_sort_pos_joh_02,717_01_078_sort_pos_joh_01,0.015403501353434068,0.005576559341006506,,-0.003385502534544812
717_01_037_sort_pos_joh_02_717_01_079_sort_pos_joh_01,717_01_037_sort_pos_joh_02,717_01_079_sort_pos_joh_01,0.02412013144622576,0.019339832454566098,,0.011706920445080007
717_01_042_sort_pos_joh_01_717_01_046_sort_pos_joh_01,717_01_042_sort_pos_joh_01,717_01_046_sort_pos_joh_01,0.07616261815680272,0.07611563478032915,0.01980056467745762,0.05931760963628711
717_01_042_sort_pos_joh_01_717_01_060_sort_pos_joh_01,717_01_042_sort_pos_joh_01,717_01_060_sort_pos_joh_01,-0.017304587008143434,-0.016615973614362213,0.007390891415950497,0.012909203746852607
717_01_042_sort_pos_joh_01_717_01_062_sort_pos_joh_01,717_01_042_sort_pos_joh_01,717_01_062_sort_pos_joh_01,0.01526500572394618,0.01770422588961187,0.06773059280558799,-0.0011546364866319376
717_01_042_sort_pos_joh_01_717_01_070_sort_pos_joh_01,717_01_042_sort_pos_joh_01,717_01_070_sort_pos_joh_01,-0.0006327556119528203,0.004855577096575176,0.00919848110214105,-0.002635301582066346
717_01_042_sort_pos_joh_01_717_01_073_sort_pos_joh_01,717_01_042_sort_pos_joh_01,717_01_073_sort_pos_joh_01,0.016374382861416632,0.005234966649102996,0.021359237890394178,0.009319108180630664
717_01_042_sort_pos_joh_01_717_01_074_sort_pos_joh_01,717_01_042_sort_pos_joh_01,717_01_074_sort_pos_joh_01,0.00881659089904826,0.0028957641276450134,0.029819189966909132,0.004282843962786861
717_01_042_sort_pos_joh_01_717_01_075_sort_pos_joh_01,717_01_042_sort_pos_joh_01,717_01_075_sort_pos_joh_01,0.023421842365176727,0.01496623142632445,0.010310162904243823,0.005693448212531717
717_01_042_sort_pos_joh_01_717_01_076_sort_pos_joh_01,717_01_042_sort_pos_joh_01,717_01_076_sort_pos_joh_01,0.0014129820814736621,0.0007196354216711431,0.0009898601355480075,-0.0037910913355370906
717_01_042_sort_pos_joh_01_717_01_076_sort_pos_joh_02,717_01_042_sort_pos_joh_01,717_01_076_sort_pos_joh_02,0.015303574071355457,0.006028312643853089,0.013616011327524213,-0.0008451978993137913
717_01_042_sort_pos_joh_01_717_01_078_sort_pos_joh_01,717_01_042_sort_pos_joh_01,717_01_078_sort_pos_joh_01,0.019203644890656436,0.0009561540542916689,-0.0036113061851047574,0.0068000861293271925
717_01_042_sort_pos_joh_01_717_01_079_sort_pos_joh_01,717_01_042_sort_pos_joh_01,717_01_079_sort_pos_joh_01,-0.012818364465761432,0.02530813992491933,-0.013208496761831945,0.0008832290633123438
717_01_046_sort_pos_joh_01_717_01_060_sort_pos_joh_01,717_01_046_sort_pos_joh_01,717_01_060_sort_pos_joh_01,-0.024655625192765075,-0.022423043844693125,0.15647989770627685,-0.004544144177325444
717_01_046_sort_pos_joh_01_717_01_062_sort_pos_joh_01,717_01_046_sort_pos_joh_01,717_01_062_sort_pos_joh_01,0.027214448046632853,0.01646973795678666,0.051533636767981186,0.0015873037605478822
717_01_046_sort_pos_joh_01_717_01_070_sort_pos_joh_01,717_01_046_sort_pos_joh_01,717_01_070_sort_pos_joh_01,0.009675071226550492,-0.004342675634729109,0.043066567202436415,0.01850886864375951
717_01_046_sort_pos_joh_01_717_01_073_sort_pos_joh_01,717_01_046_sort_pos_joh_01,717_01_073_sort_pos_joh_01,0.0014750235068301347,0.010424833374368966,-0.015982539072139184,0.009128793695906247
717_01_046_sort_pos_joh_01_717_01_074_sort_pos_joh_01,717_01_046_sort_pos_joh_01,717_01_074_sort_pos_joh_01,0.018884126786966375,-0.0012170900186531059,-0.009573745655686569,-0.004965303988506286
717_01_046_sort_pos_joh_01_717_01_075_sort_pos_joh_01,717_01_046_sort_pos_joh_01,717_01_075_sort_pos_joh_01,0.026318386264408675,0.008112531233144916,0.015710457354062592,0.012487053195615782
717_01_046_sort_pos_joh_01_717_01_076_sort_pos_joh_01,717_01_046_sort_pos_joh_01,717_01_076_sort_pos_joh_01,0.01306861721465726,0.009580158223058733,-0.0046275633839734315,0.009136805839338877
717_01_046_sort_pos_joh_01_717_01_076_sort_pos_joh_02,717_01_046_sort_pos_joh_01,717_01_076_sort_pos_joh_02,0.014555621548568428,0.010848621449970586,0.015129924034593427,0.011161871965827026
717_01_046_sort_pos_joh_01_717_01_078_sort_pos_joh_01,717_01_046_sort_pos_joh_01,717_01_078_sort_pos_joh_01,0.011607074551173506,0.013564237261095671,-0.0030018276106223906,-0.015259046734617442
717_01_046_sort_pos_joh_01_717_01_079_sort_pos_joh_01,717_01_046_sort_pos_joh_01,717_01_079_sort_pos_joh_01,0.0014845916584771233,-0.005091779264469174,-0.017420126568797996,-0.008689632537252953
717_01_060_sort_pos_joh_01_717_01_062_sort_pos_joh_01,717_01_060_sort_pos_joh_01,717_01_062_sort_pos_joh_01,0.04766655235118263,0.03025591657743051,0.1819890241957169,0.022306306897999176
717_01_060_sort_pos_joh_01_717_01_070_sort_pos_joh_01,717_01_060_sort_pos_joh_01,717_01_070_sort_pos_joh_01,0.049707536176371706,0.05951949906085454,0.13199559145989975,0.06431427826171326
717_01_060_sort_pos_joh_01_717_01_073_sort_pos_joh_01,717_01_060_sort_pos_joh_01,717_01_073_sort_pos_joh_01,0.0026700883661398846,0.017439548560041353,0.00014584571630277103,-0.01199704659430398
717_01_060_sort_pos_joh_01_717_01_074_sort_pos_joh_01,717_01_060_sort_pos_joh_01,717_01_074_sort_pos_joh_01,0.017333395191021676,0.015192485800909731,0.01682013704188539,0.022369761317421764
717_01_060_sort_pos_joh_01_717_01_075_sort_pos_joh_01,717_01_060_sort_pos_joh_01,717_01_075_sort_pos_joh_01,0.026456918808464017,0.03676031198808801,0.0021424531005475606,0.0025457043495117244
717_01_060_sort_pos_joh_01_717_01_076_sort_pos_joh_01,717_01_060_sort_pos_joh_01,717_01_076_sort_pos_joh_01,0.012994769050815775,-0.011216972092515421,-0.014747853034916214,0.00015495404105602686
717_01_060_sort_pos_joh_01_717_01_076_sort_pos_joh_02,717_01_060_sort_pos_joh_01,717_01_076_sort_pos_joh_02,0.003121372891505783,0.014408208124462647,-0.013191201239213789,-0.0027804812739669967
717_01_060_sort_pos_joh_01_717_01_078_sort_pos_joh_01,717_01_060_sort_pos_joh_01,717_01_078_sort_pos_joh_01,-0.004284446724983376,0.006789037323368852,-0.01917862471335426,-0.01927554345271969
717_01_060_sort_pos_joh_01_717_01_079_sort_pos_joh_01,717_01_060_sort_pos_joh_01,717_01_079_sort_pos_joh_01,0.005494701934782768,0.026461775501533544,0.008600681803864935,-0.0025383666652891877
717_01_062_sort_pos_joh_01_717_01_070_sort_pos_joh_01,717_01_062_sort_pos_joh_01,717_01_070_sort_pos_joh_01,0.12401689959833813,0.11334146998546592,0.07141852308989449,0.018796838421430893
717_01_062_sort_pos_joh_01_717_01_073_sort_pos_joh_01,717_01_062_sort_pos_joh_01,717_01_073_sort_pos_joh_01,0.07919061193635629,0.07703225215334925,0.032208506452192906,0.019360188920035087
717_01_062_sort_pos_joh_01_717_01_074_sort_pos_joh_01,717_01_062_sort_pos_joh_01,717_01_074_sort_pos_joh_01,0.032040843320751154,0.07220501078507899,0.012438142422258634,-0.011217262698879925
717_01_062_sort_pos_joh_01_717_01_075_sort_pos_joh_01,717_01_062_sort_pos_joh_01,717_01_075_sort_pos_joh_01,0.07306049104883203,0.10174717234536695,-0.002073708399520047,0.0005373545456872762
717_01_062_sort_pos_joh_01_717_01_076_sort_pos_joh_01,717_01_062_sort_pos_joh_01,717_01_076_sort_pos_joh_01,0.028846257270876797,0.04470203887090516,0.0016482956409066324,-0.011215048169485407
717_01_062_sort_pos_joh_01_717_01_076_sort_pos_joh_02,717_01_062_sort_pos_joh_01,717_01_076_sort_pos_joh_02,0.06649965713053034,0.04128853801104071,0.005684849304020103,-0.00027810801275502485
717_01_062_sort_pos_joh_01_717_01_078_sort_pos_joh_01,717_01_062_sort_pos_joh_01,717_01_078_sort_pos_joh_01,0.03245769370057775,0.037767973307492465,0.0043346002036284345,0.007126139585192303
717_01_062_sort_pos_joh_01_717_01_079_sort_pos_joh_01,717_01_062_sort_pos_joh_01,717_01_079_sort_pos_joh_01,0.06385807665572629,0.0897783160396268,0.02531968323314905,0.03507998126815962
717_01_070_sort_pos_joh_01_717_01_073_sort_pos_joh_01,717_01_070_sort_pos_joh_01,717_01_073_sort_pos_joh_01,0.10878121073698191,0.11748975289416186,0.008251285861026325,0.01665527715261796
717_01_070_sort_pos_joh_01_717_01_074_sort_pos_joh_01,717_01_070_sort_pos_joh_01,717_01_074_sort_pos_joh_01,0.08166741992450587,0.10725160877552464,0.028797923963436205,0.008678285155469737
717_01_070_sort_pos_joh_01_717_01_075_sort_pos_joh_01,717_01_070_sort_pos_joh_01,717_01_075_sort_pos_joh_01,0.09650231152323725,0.15920898178486584,0.008455449829821748,0.013692733420267578
717_01_070_sort_pos_joh_01_717_01_076_sort_pos_joh_01,717_01_070_sort_pos_joh_01,717_01_076_sort_pos_joh_01,0.02926885889681594,0.031520637079328145,0.003403644341758867,-0.008759063109334829
717_01_070_sort_pos_joh_01_717_01_076_sort_pos_joh_02,717_01_070_sort_pos_joh_01,717_01_076_sort_pos_joh_02,0.057524603717089055,0.06852916556598845,0.008721485186661342,0.002037173748703862
717_01_070_sort_pos_joh_01_717_01_078_sort_pos_joh_01,717_01_070_sort_pos_joh_01,717_01_078_sort_pos_joh_01,0.01747283364767343,0.030045280259782214,-0.007653591747054236,0.00977218444937446
717_01_070_sort_pos_joh_01_717_01_079_sort_pos_joh_01,717_01_070_sort_pos_joh_01,717_01_079_sort_pos_joh_01,0.11785738799286495,0.09577621420437166,0.002364122364500724,0.019770999647917554
717_01_073_sort_pos_joh_01_717_01_074_sort_pos_joh_01,717_01_073_sort_pos_joh_01,717_01_074_sort_pos_joh_01,0.08936490521723131,0.10806722362263323,0.03439595874720267,0.020189293247521476
717_01_073_sort_pos_joh_01_717_01_075_sort_pos_joh_01,717_01_073_sort_pos_joh_01,717_01_075_sort_pos_joh_01,0.06195931809211322,0.15511776369523136,0.04025885376826003,0.009527776240421419
717_01_073_sort_pos_joh_01_717_01_076_sort_pos_joh_01,717_01_073_sort_pos_joh_01,717_01_076_sort_pos_joh_01,0.10937797414776916,0.07552384211692073,0.10282585259460542,0.03900260585601069
717_01_073_sort_pos_joh_01_717_01_076_sort_pos_joh_02,717_01_073_sort_pos_joh_01,717_01_076_sort_pos_joh_02,0.15045725752410546,0.14579832339857643,0.11550625149964608,0.06465506518260807
717_01_073_sort_pos_joh_01_717_01_078_sort_pos_joh_01,717_01_073_sort_pos_joh_01,717_01_078_sort_pos_joh_01,0.04256984663000398,0.05658609687600558,0.10336117646353196,0.025848461806578057
717_01_073_sort_pos_joh_01_717_01_079_sort_pos_joh_01,717_01_073_sort_pos_joh_01,717_01_079_sort_pos_joh_01,0.11927379034332147,0.09614200525373175,0.019961877875233,0.04386218235305806
717_01_074_sort_pos_joh_01_717_01_075_sort_pos_joh_01,717_01_074_sort_pos_joh_01,717_01_075_sort_pos_joh_01,0.07358173883698518,0.145856022568008,-0.00014455721333329652,0.025187387483653574
717_01_074_sort_pos_joh_01_717_01_076_sort_pos_joh_01,717_01_074_sort_pos_joh_01,717_01_076_sort_pos_joh_01,0.023375257972614295,0.040720665805656336,0.06781852742370689,-0.012821130601407884
717_01_074_sort_pos_joh_01_717_01_076_sort_pos_joh_02,717_01_074_sort_pos_joh_01,717_01_076_sort_pos_joh_02,0.05268686809286245,0.07569465017846481,0.04370321262999374,-0.012509671540024069
717_01_074_sort_pos_joh_01_717_01_078_sort_pos_joh_01,717_01_074_sort_pos_joh_01,717_01_078_sort_pos_joh_01,0.04868768158393551,0.0706068015321095,0.17545174235861866,0.06092635211257078
717_01_074_sort_pos_joh_01_717_01_079_sort_pos_joh_01,717_01_074_sort_pos_joh_01,717_01_079_sort_pos_joh_01,0.06261463808205131,0.06460979394273983,-0.006015824032582196,0.003494164391880262
717_01_075_sort_pos_joh_01_717_01_076_sort_pos_joh_01,717_01_075_sort_pos_joh_01,717_01_076_sort_pos_joh_01,0.04362704803521431,0.054041095150919746,-0.00024860120192567295,0.004121520499712285
717_01_075_sort_pos_joh_01_717_01_076_sort_pos_joh_02,717_01_075_sort_pos_joh_01,717_01_076_sort_pos_joh_02,0.04466721314845947,0.09852147789057712,0.024881200941622522,0.017166674263341092
717_01_075_sort_pos_joh_01_717_01_078_sort_pos_joh_01,717_01_075_sort_pos_joh_01,717_01_078_sort_pos_joh_01,0.0031209014762569993,0.040417578252286056,0.0036470954554775996,-0.010506723623165903
717_01_075_sort_pos_joh_01_717_01_079_sort_pos_joh_01,717_01_075_sort_pos_joh_01,717_01_079_sort_pos_joh_01,0.0657339695734601,0.09714596380221957,0.04849744059527919,-0.0017477548003216063
717_01_076_sort_pos_joh_01_717_01_076_sort_pos_joh_02,717_01_076_sort_pos_joh_01,717_01_076_sort_pos_joh_02,0.2098423990334944,0.19240657211781412,0.2944498429978939,0.15765173973286803
717_01_076_sort_pos_joh_01_717_01_078_sort_pos_joh_01,717_01_076_sort_pos_joh_01,717_01_078_sort_pos_joh_01,0.012827498080804271,0.051957639690660286,0.11802140977320426,0.006749748894981888
717_01_076_sort_pos_joh_01_717_01_079_sort_pos_joh_01,717_01_076_sort_pos_joh_01,717_01_079_sort_pos_joh_01,0.02152522331931784,0.03932417678376245,0.0011162622163586318,0.0011735771924582749
717_01_076_sort_pos_joh_02_717_01_078_sort_pos_joh_01,717_01_076_sort_pos_joh_02,717_01_078_sort_pos_joh_01,0.014555339905409205,0.06443780856012485,0.10088028820801226,-0.003728027450314715
717_01_076_sort_pos_joh_02_717_01_079_sort_pos_joh_01,717_01_076_sort_pos_joh_02,717_01_079_sort_pos_joh_01,0.07550614405221177,0.07312356037678452,0.04983810115166093,0.028339899855392012
717_01_078_sort_pos_joh_01_717_01_079_sort_pos_joh_01,717_01_078_sort_pos_joh_01,717_01_079_sort_pos_joh_01,-0.007803554685081624,0.028816336697493814,0.024492052735339206,-0.004160466198690714
717_02_030_sort_pos_joh_01_717_02_060_sort_pos_joh_01,717_02_030_sort_pos_joh_01,717_02_060_sort_pos_joh_01,-0.012938593844515794,0.0033896633893114427,0.017755718755422367,-0.026892995125405668
717_02_030_sort_pos_joh_01_717_02_063_sort_pos_joh_01,717_02_030_sort_pos_joh_01,717_02_063_sort_pos_joh_01,-0.018436807252108337,-0.0028285666642884986,-0.01940074396176051,-0.02294777588823983
717_02_030_sort_pos_joh_01_717_02_066_sort_pos_joh_01,717_02_030_sort_pos_joh_01,717_02_066_sort_pos_joh_01,0.02428356777017603,0.04189368447421274,-0.04618820627358263,-0.009825959059236049
717_02_030_sort_pos_joh_01_717_02_066_sort_pos_joh_02,717_02_030_sort_pos_joh_01,717_02_066_sort_pos_joh_02,0.015344723290563309,0.025866627873229096,-0.021741552881151118,
717_02_030_sort_pos_joh_01_717_02_068_sort_pos_joh_01,717_02_030_sort_pos_joh_01,717_02_068_sort_pos_joh_01,0.04704052369305293,0.057506694446434185,-0.056157823350083236,
717_02_030_sort_pos_joh_01_717_02_069_sort_pos_joh_01,717_02_030_sort_pos_joh_01,717_02_069_sort_pos_joh_01,-0.004137077286902815,-0.008332084950916245,-0.03830020551199447,-0.020543982268012462
717_02_030_sort_pos_joh_01_717_02_071_sort_pos_joh_02,717_02_030_sort_pos_joh_01,717_02_071_sort_pos_joh_02,-0.00029396861723977695,-0.011652667069243583,-0.024373688921219196,-0.001419764389786041
717_02_030_sort_pos_joh_01_717_02_079_sort_pos_joh_03,717_02_030_sort_pos_joh_01,717_02_079_sort_pos_joh_03,-0.003648513521495605,0.031162198419005003,-0.009034059815072657,0.0005208601764087065
717_02_060_sort_pos_joh_01_717_02_063_sort_pos_joh_01,717_02_060_sort_pos_joh_01,717_02_063_sort_pos_joh_01,0.06137574596163778,0.04497398333041533,0.08977029081645717,0.023975176255621528
717_02_060_sort_pos_joh_01_717_02_066_sort_pos_joh_01,717_02_060_sort_pos_joh_01,717_02_066_sort_pos_joh_01,0.04905107987855862,0.03761985541136584,-0.010366539572161975,0.03306445982421202
717_02_060_sort_pos_joh_01_717_02_066_sort_pos_joh_02,717_02_060_sort_pos_joh_01,717_02_066_sort_pos_joh_02,0.01643054475674301,-0.0034293133177028877,-0.029833123765525528,
717_02_060_sort_pos_joh_01_717_02_068_sort_pos_joh_01,717_02_060_sort_pos_joh_01,717_02_068_sort_pos_joh_01,0.031516957272681764,0.005980569340562707,0.003566072608522075,
717_02_060_sort_pos_joh_01_717_02_069_sort_pos_joh_01,717_02_060_sort_pos_joh_01,717_02_069_sort_pos_joh_01,0.07382160391726346,0.08803948919489493,0.15658219739721982,0.05101987265127547
717_02_060_sort_pos_joh_01_717_02_071_sort_pos_joh_02,717_02_060_sort_pos_joh_01,717_02_071_sort_pos_joh_02,0.060230725896367424,0.04866667618132311,0.15543497409408932,0.005607945686333513
717_02_060_sort_pos_joh_01_717_02_079_sort_pos_joh_03,717_02_060_sort_pos_joh_01,717_02_079_sort_pos_joh_03,0.017681464650453563,0.027498248429087102,-0.012389278508310586,-0.0016879474427398435
717_02_063_sort_pos_joh_01_717_02_066_sort_pos_joh_01,717_02_063_sort_pos_joh_01,717_02_066_sort_pos_joh_01,0.05320615270664146,0.04684893038132377,-0.03243119741101819,0.030001224730124045
717_02_063_sort_pos_joh_01_717_02_066_sort_pos_joh_02,717_02_063_sort_pos_joh_01,717_02_066_sort_pos_joh_02,0.028760091489012644,0.01157550784625656,-0.00994503743351182,
717_02_063_sort_pos_joh_01_717_02_068_sort_pos_joh_01,717_02_063_sort_pos_joh_01,717_02_068_sort_pos_joh_01,0.027741124047292117,0.02980700357865466,-0.00385022647669094,
717_02_063_sort_pos_joh_01_717_02_069_sort_pos_joh_01,717_02_063_sort_pos_joh_01,717_02_069_sort_pos_joh_01,0.0610588624110852,0.03897213799566963,0.1348765393251223,0.02556380304335188
717_02_063_sort_pos_joh_01_717_02_071_sort_pos_joh_02,717_02_063_sort_pos_joh_01,717_02_071_sort_pos_joh_02,0.06448277049330602,0.011456442669022366,0.0933591981573655,0.04299252902804895
717_02_063_sort_pos_joh_01_717_02_079_sort_pos_joh_03,717_02_063_sort_pos_joh_01,717_02_079_sort_pos_joh_03,0.025646496869253622,0.02349522020030109,0.021478235087467334,0.01315061941338547
717_02_066_sort_pos_joh_01_717_02_066_sort_pos_joh_02,717_02_066_sort_pos_joh_01,717_02_066_sort_pos_joh_02,0.10751732186107538,0.11139025350915868,0.09687114283866262,
717_02_066_sort_pos_joh_01_717_02_068_sort_pos_joh_01,717_02_066_sort_pos_joh_01,717_02_068_sort_pos_joh_01,0.22462613574672277,0.22065244521604843,0.2379667730511011,
717_02_066_sort_pos_joh_01_717_02_069_sort_pos_joh_01,717_02_066_sort_pos_joh_01,717_02_069_sort_pos_joh_01,0.08248843980992743,0.08372126172227753,0.02052065173417746,0.0606696850442256
717_02_066_sort_pos_joh_01_717_02_071_sort_pos_joh_02,717_02_066_sort_pos_joh_01,717_02_071_sort_pos_joh_02,0.08328386860190838,0.05714645707709,0.024448068739711528,0.022265793026219664
717_02_066_sort_pos_joh_01_717_02_079_sort_pos_joh_03,717_02_066_sort_pos_joh_01,717_02_079_sort_pos_joh_03,0.00025561289884494255,0.013093805171420942,0.011890496593371888,0.02596444771208372
717_02_066_sort_pos_joh_02_717_02_068_sort_pos_joh_01,717_02_066_sort_pos_joh_02,717_02_068_sort_pos_joh_01,0.040729214607412766,0.05498288881491981,0.07364103588449064,
717_02_066_sort_pos_joh_02_717_02_069_sort_pos_joh_01,717_02_066_sort_pos_joh_02,717_02_069_sort_pos_joh_01,0.03203208579549466,0.03672081796373346,-0.008409584760311823,
717_02_066_sort_pos_joh_02_717_02_071_sort_pos_joh_02,717_02_066_sort_pos_joh_02,717_02_071_sort_pos_joh_02,0.021175403882730336,0.014543693233695813,-0.0034397402358687123,
717_02_066_sort_pos_joh_02_717_02_079_sort_pos_joh_03,717_02_066_sort_pos_joh_02,717_02_079_sort_pos_joh_03,0.0026696179636244623,0.0011180311305737476,0.006145812032281685,
717_02_068_sort_pos_joh_01_717_02_069_sort_pos_joh_01,717_02_068_sort_pos_joh_01,717_02_069_sort_pos_joh_01,0.040260337619673875,0.08827138011102312,0.037332167911948114,
717_02_068_sort_pos_joh_01_717_02_071_sort_pos_joh_02,717_02_068_sort_pos_joh_01,717_02_071_sort_pos_joh_02,0.04067995752379802,0.048061403953234084,0.04719663242488715,
717_02_068_sort_pos_joh_01_717_02_079_sort_pos_joh_03,717_02_068_sort_pos_joh_01,717_02_079_sort_pos_joh_03,0.005271347047838909,0.035586972133764744,0.00043070363108084844,
717_02_069_sort_pos_joh_01_717_02_071_sort_pos_joh_02,717_02_069_sort_pos_joh_01,717_02_071_sort_pos_joh_02,0.06966785690391357,0.07540675550581326,0.13931692186719322,0.0426905626439748
717_02_069_sort_pos_joh_01_717_02_079_sort_pos_joh_03,717_02_069_sort_pos_joh_01,717_02_079_sort_pos_joh_03,0.017609224205312173,0.013047705907275192,0.003982048758708408,0.028266094296291476
717_02_071_sort_pos_joh_02_717_02_079_sort_pos_joh_03,717_02_071_sort_pos_joh_02,717_02_079_sort_pos_joh_03,0.02521889216550334,-0.00591138340450487,0.002931668181670121,0.016465770350206507
