Patient,Session,Channel,Sign,Cluster,ident,M_3,M_W,M_R,Cohen_W3,Cohen_WR
701,1,4,pos,1,701_01_004_sort_pos_joh_01,1.8957894736842107,2.2045798132503336,1.0016877637130803,0.1441214529825589,0.5637783013532117
701,1,4,pos,2,701_01_004_sort_pos_joh_02,0.15859649122807018,1.3310360160071144,0.11814345991561183,0.515884184635364,0.5286018686806484
701,1,4,pos,3,701_01_004_sort_pos_joh_03,0.5663157894736841,1.0499777678968432,0.4333333333333333,0.418698697109765,0.5287925681820611
701,1,4,pos,5,701_01_004_sort_pos_joh_05,0.16385964912280704,0.20973766118274786,0.07130801687763713,0.07515892593216436,0.22503008961819393
701,1,18,pos,1,701_01_018_sort_pos_joh_01,0.3821052631578948,0.9242329924410849,0.38354430379746834,0.4749692376281612,0.4692276442789977
701,1,18,pos,5,701_01_018_sort_pos_joh_05,0.27263157894736845,0.28568252556691864,0.11645569620253166,0.023641257715074738,0.3055988158702566
701,1,18,pos,6,701_01_018_sort_pos_joh_06,0.21052631578947367,0.18056914184081815,0.12320675105485235,-0.10951239453455819,0.21505830270495932
702,1,1,pos,1,702_01_001_sort_pos_joh_01,2.7199999999999993,2.0839738941261787,2.5385466034755138,-0.4833340086605421,-0.3750321849593185
702,1,1,pos,2,702_01_001_sort_pos_joh_02,1.8066666666666664,0.9251631617113852,1.7665086887835704,-1.284324486053219,-1.0508054503645896
702,1,1,pos,3,702_01_001_sort_pos_joh_03,1.4833333333333336,1.3055112400290068,1.1605055292259083,-0.26366327385201876,0.22151503094201025
702,1,1,pos,4,702_01_001_sort_pos_joh_04,1.3266666666666667,0.9564902102973168,1.3315955766192733,-0.6298067221990477,-0.6499162054338299
702,1,1,pos,5,702_01_001_sort_pos_joh_05,0.6699999999999999,0.2694706308919507,0.45371248025276467,-1.387133084585598,-0.6233413330817563
702,1,7,pos,1,702_01_007_sort_pos_joh_01,0.3433333333333333,0.22741116751269036,0.2725118483412322,-0.39998719759471796,-0.1521524449972803
702,1,7,pos,2,702_01_007_sort_pos_joh_02,0.26,0.13908629441624365,0.17203791469194313,-0.5594012396139242,-0.16427018366994145
702,1,7,pos,3,702_01_007_sort_pos_joh_03,0.17333333333333334,0.08433647570703409,0.09447077409162717,-0.6506928261548405,-0.07855586646205404
702,1,7,pos,4,702_01_007_sort_pos_joh_04,0.08000000000000002,0.05663524292965917,0.06208530805687205,-0.18486748002536604,-0.047096401503815645
702,1,15,pos,1,702_01_015_sort_pos_joh_01,3.766666666666667,5.0110224800580125,4.972195892575041,0.6823508274136212,0.021578938092097995
702,1,15,pos,2,702_01_015_sort_pos_joh_02,3.196666666666666,2.5123277737490937,2.8563981042654025,-0.5431131105189647,-0.2905475406293446
702,1,15,pos,3,702_01_015_sort_pos_joh_03,2.016666666666667,1.8464104423495284,1.7884676145339655,-0.2251618159959668,0.07838949675200829
702,1,15,pos,4,702_01_015_sort_pos_joh_04,0.9099999999999998,1.4005801305293692,1.0714060031595578,0.7549107327075353,0.5357360948523081
702,1,15,pos,5,702_01_015_sort_pos_joh_05,0.8899999999999999,1.1197244379985496,0.9248025276461295,0.3262900120232463,0.27856679155891
702,1,15,pos,6,702_01_015_sort_pos_joh_06,0.7899999999999999,0.5349528643944887,1.1439178515007902,-0.42896548344038166,-0.5834139196187473
702,1,15,pos,7,702_01_015_sort_pos_joh_07,0.2866666666666667,0.35591007976794775,0.2156398104265403,0.24527701891042383,0.5202914969013314
702,1,16,pos,1,702_01_016_sort_pos_joh_01,0.8566666666666667,0.6862944162436548,0.958609794628752,-0.2303147762981377,-0.3287851770093894
702,1,19,pos,1,702_01_019_sort_pos_joh_01,1.5033333333333336,1.925235678027556,1.4897314375987363,0.3809362016912502,0.390742941888309
702,1,19,pos,2,702_01_019_sort_pos_joh_02,1.1700000000000002,0.8105148658448151,1.268562401263823,-0.5570780378942564,-0.6302122272107451
702,1,19,pos,3,702_01_019_sort_pos_joh_03,0.8499999999999999,0.8718636693255984,0.8330173775671406,0.041861592029266925,0.06846562105209719
702,1,19,pos,4,702_01_019_sort_pos_joh_04,0.7866666666666666,0.3958665699782451,0.7110584518167457,-0.9096300762108018,-0.7526410965079435
702,1,19,pos,5,702_01_019_sort_pos_joh_05,0.2433333333333333,0.17918781725888325,0.14375987361769352,-0.3294901183221702,0.19827872637673855
702,1,19,pos,6,702_01_019_sort_pos_joh_06,0.1733333333333333,0.1095721537345903,0.11627172195892574,-0.4257824753509277,-0.04699121354598842
702,1,20,pos,2,702_01_020_sort_pos_joh_02,0.7433333333333335,1.0556925308194345,0.7489731437598736,0.3805058501300157,0.4140967074625289
702,1,20,pos,5,702_01_020_sort_pos_joh_05,0.7566666666666666,0.3878172588832487,0.5439178515007899,-1.0141194708358823,-0.44554104250622256
702,1,21,pos,1,702_01_021_sort_pos_joh_01,0.7933333333333334,0.5576504713560552,0.5944707740916272,-0.48274289433336265,-0.0810878704385315
702,1,21,pos,2,702_01_021_sort_pos_joh_02,0.16999999999999996,0.9279912980420595,0.2308056872037915,1.0072974110011388,1.0594118923767648
702,1,21,pos,3,702_01_021_sort_pos_joh_03,0.49666666666666676,0.2712835387962292,0.3717219589257504,-0.8566545088000962,-0.3798556171582401
702,1,21,pos,4,702_01_021_sort_pos_joh_04,0.19,0.10855692530819433,0.12938388625592417,-0.6037124044515279,-0.1565549524629396
702,1,21,pos,5,702_01_021_sort_pos_joh_05,0.02666666666666667,0.08629441624365482,0.014375987361769354,0.5089890961637531,0.7175770208695708
702,1,24,pos,1,702_01_024_sort_pos_joh_01,3.7366666666666664,1.1614213197969543,3.9767772511848345,-1.7389858102827123,-1.9934775357126853
702,1,24,pos,3,702_01_024_sort_pos_joh_03,0.6766666666666666,1.210514865844815,0.7225908372827805,0.5518355450421392,0.5866296878777271
702,1,24,pos,5,702_01_024_sort_pos_joh_05,0.2733333333333334,0.12683103698332127,0.34928909952606635,-0.6101901712610865,-0.9308832723739937
702,1,34,pos,1,702_01_034_sort_pos_joh_01,28.199999999999996,24.720087019579406,30.15308056872038,-0.49061696787098885,-0.8244665819833065
702,1,34,pos,2,702_01_034_sort_pos_joh_02,8.013333333333334,8.223060188542421,9.013270142180094,0.06306042994238212,-0.2392603704931327
702,1,34,pos,3,702_01_034_sort_pos_joh_03,0.9333333333333335,3.2921682378535166,1.5486571879936808,1.5757024169154865,1.2889496539576422
702,1,34,pos,4,702_01_034_sort_pos_joh_04,1.1400000000000001,0.9663524292965917,1.2529225908372827,-0.4643157518114115,-0.7330770178899948
702,1,44,pos,1,702_01_044_sort_pos_joh_01,1.9066666666666667,2.263741841914431,2.279778830963665,0.2944781976503608,-0.01304794776696252
702,1,44,pos,2,702_01_044_sort_pos_joh_02,0.8833333333333332,1.1548223350253808,1.1006319115323855,0.27396161856338286,0.057600124673407964
702,1,44,pos,3,702_01_044_sort_pos_joh_03,0.6066666666666667,1.279042784626541,0.959873617693523,0.5913603067027557,0.30193508916902106
702,1,44,pos,4,702_01_044_sort_pos_joh_04,0.5666666666666665,0.5709209572153734,1.0410742496050553,0.007412152768617658,-0.6409454015782368
702,1,44,pos,5,702_01_044_sort_pos_joh_05,0.07,0.19709934735315446,0.1406003159557662,0.34972833708501444,0.17727103556663593
702,1,44,pos,6,702_01_044_sort_pos_joh_06,0.22666666666666666,0.2238578680203046,0.5121642969984203,-0.01304162377813101,-1.0869898378144083
702,1,48,pos,1,702_01_048_sort_pos_joh_01,1.5399999999999998,1.1057287889775198,1.9000000000000001,-0.5135105504188244,-0.7879180704207447
702,1,48,pos,2,702_01_048_sort_pos_joh_02,1.31,1.1536620739666426,1.6567140600315953,-0.19396784597939606,-0.5388658521382126
702,1,48,pos,3,702_01_048_sort_pos_joh_03,0.9199999999999999,0.9934735315445975,1.2483412322274883,0.1217382640611339,-0.4170801656959577
702,1,48,pos,4,702_01_048_sort_pos_joh_04,0.30333333333333334,0.2825960841189267,0.5605055292259083,-0.04922024056977537,-0.6135722826337335
702,1,48,pos,5,702_01_048_sort_pos_joh_05,0.21999999999999995,0.15279187817258885,0.2477093206951027,-0.35815414476952656,-0.47448120450934
702,1,48,pos,6,702_01_048_sort_pos_joh_06,0.0033333333333333335,0.13647570703408268,0.01137440758293839,0.6580115019556443,0.7339695730514239
702,1,76,pos,1,702_01_076_sort_pos_joh_01,1.4633333333333334,1.3425670775924583,1.3450236966824645,-0.14660843785713232,-0.003011724460763802
702,1,76,pos,2,702_01_076_sort_pos_joh_02,0.3,0.22929659173314,0.27456556082148503,-0.36389242028923063,-0.22779883706978105
702,1,76,pos,3,702_01_076_sort_pos_joh_03,0.18666666666666662,0.340319071791153,0.14123222748815167,0.5349595497529096,0.7802199633561122
702,1,76,pos,4,702_01_076_sort_pos_joh_04,0.11000000000000001,0.08709209572153734,0.054976303317535544,-0.214302220184585,0.32376937117896076
702,1,81,pos,1,702_01_081_sort_pos_joh_01,5.873333333333333,8.65866569978245,6.0,0.9575179500627176,0.9862603969938707
702,1,81,pos,2,702_01_081_sort_pos_joh_02,3.063333333333333,3.403480783176214,2.761769352290679,0.25101161456299304,0.46184030119726016
702,1,81,pos,3,702_01_081_sort_pos_joh_03,0.8433333333333334,0.7686004350978971,1.4480252764612953,-0.12699209316240206,-0.949096138424238
702,1,81,pos,4,702_01_081_sort_pos_joh_04,0.29,0.4195794053662074,2.0274881516587677,0.2031544105011883,-0.987008721800613
702,1,81,pos,5,702_01_081_sort_pos_joh_05,0.5866666666666664,0.5051486584481508,0.43301737756714065,-0.24244266337911222,0.22705472676877358
702,1,81,pos,6,702_01_081_sort_pos_joh_06,0.060000000000000005,0.07672226250906454,1.0838862559241709,0.05239215791163026,-1.099212552301023
702,1,89,pos,1,702_01_089_sort_pos_joh_01,0.98,1.2431472081218276,0.6497630331753553,0.251168058591972,0.6026286474108586
702,1,89,pos,2,702_01_089_sort_pos_joh_02,0.8333333333333334,0.7789702683103698,1.2132701421800949,-0.07250610906669287,-0.390918946820575
702,1,89,pos,3,702_01_089_sort_pos_joh_03,0.34333333333333343,0.19796954314720813,0.4513428120063191,-0.5778831397208191,-0.8517272547445365
702,1,89,pos,4,702_01_089_sort_pos_joh_04,0.21,0.15076142131979695,0.2157977883096367,-0.2856910285825637,-0.2116727106212281
702,1,89,pos,5,702_01_089_sort_pos_joh_05,0.19333333333333338,0.13509789702683103,0.21911532385466037,-0.33350787897752165,-0.3732572753404597
702,1,90,pos,1,702_01_090_sort_pos_joh_01,1.4433333333333336,1.0454677302393038,2.0751974723538704,-0.4878373201280677,-1.0300424475303396
702,1,90,pos,2,702_01_090_sort_pos_joh_02,0.9466666666666669,1.0777374909354605,1.5849921011058452,0.17510618013935417,-0.6115422266958274
702,1,90,pos,3,702_01_090_sort_pos_joh_03,0.51,0.6485134155184916,1.0366508688783571,0.24469876840902655,-0.5273303547113566
702,1,90,pos,4,702_01_090_sort_pos_joh_04,0.11666666666666668,0.08288614938361132,0.2194312796208531,-0.2813864258505657,-0.7981517937850697
702,1,90,pos,5,702_01_090_sort_pos_joh_05,0.013333333333333334,0.03799854967367658,0.023380726698262244,0.303978889957004,0.20032317051627607
702,1,95,pos,2,702_01_095_sort_pos_joh_02,0.36000000000000004,0.5127628716461203,1.2772511848341233,0.24934204861705433,-0.9263710072875923
702,1,95,pos,3,702_01_095_sort_pos_joh_03,0.5333333333333333,0.37150108774474255,1.1890995260663508,-0.3686939800980605,-1.0503608996941143
702,1,95,pos,4,702_01_095_sort_pos_joh_04,0.3966666666666667,0.14902102973168962,0.6466034755134281,-0.8477856770899895,-0.8691717611304421
702,1,95,pos,6,702_01_095_sort_pos_joh_06,0.20333333333333334,0.15728788977519945,0.42353870458135867,-0.22219242514970083,-0.8856600463379871
702,3,1,pos,1,702_03_001_sort_pos_joh_01,1.0852657004830917,2.4827295285359807,0.550828729281768,1.0682235034141323,1.5246428655733597
702,3,15,pos,1,702_03_015_sort_pos_joh_01,4.612801932367149,4.91801488833747,5.258563535911602,0.21130341647366493,-0.21315629214742593
702,3,15,pos,2,702_03_015_sort_pos_joh_02,3.145652173913043,4.176972704714641,3.658379373848987,0.7332985896190789,0.35216122602749783
702,3,15,pos,3,702_03_015_sort_pos_joh_03,1.1502415458937199,3.0551861042183623,1.032596685082873,1.0863342381985748,1.1602334721695706
702,3,52,pos,1,702_03_052_sort_pos_joh_01,0.35289855072463766,0.5626302729528535,0.6101289134438305,0.35404531668908573,-0.06442194557370542
702,3,52,pos,3,702_03_052_sort_pos_joh_03,0.00966183574879227,0.09662531017369728,0.02430939226519337,0.5528214357587852,0.4625483492129405
702,3,52,pos,4,702_03_052_sort_pos_joh_04,0.03478260869565218,0.028982630272952857,0.06316758747697973,-0.08581499023070052,-0.3939049661219331
702,3,82,pos,1,702_03_082_sort_pos_joh_01,3.858212560386473,1.2601985111662533,4.734438305709024,-1.2993085319701343,-1.7414829944959547
702,3,82,pos,2,702_03_082_sort_pos_joh_02,0.6036231884057971,0.26084367245657575,1.112891344383057,-0.9347838069424665,-2.042108409525472
702,3,82,pos,3,702_03_082_sort_pos_joh_03,0.17294685990338166,0.15066997518610423,0.3826887661141805,-0.12706869239097754,-1.1459801402002203
702,3,82,pos,4,702_03_082_sort_pos_joh_04,0.17222222222222225,0.15826302729528535,0.3716390423572744,-0.07079085974690856,-0.979790493003
702,3,83,pos,1,702_03_083_sort_pos_joh_01,0.6567632850241545,1.34287841191067,1.5342541436464088,0.7707024892926262,-0.2033825426413247
702,3,83,pos,2,702_03_083_sort_pos_joh_02,0.41231884057971013,0.4716129032258064,0.4992633517495396,0.12868603952245483,-0.059829001253802465
702,3,83,pos,4,702_03_083_sort_pos_joh_04,0.0678743961352657,0.15771712158808934,0.1688766114180479,0.5612053689405059,-0.06585249864067105
702,3,83,pos,5,702_03_083_sort_pos_joh_05,0.05458937198067633,0.06133995037220844,0.03959484346224678,0.052087552172006515,0.17103188927492635
702,3,68,neg,1,702_03_068_sort_neg_joh_01,1.953623188405797,1.6908188585607937,0.7815837937384899,-0.20298883141875115,0.8588500216592946
702,3,82,neg,1,702_03_082_sort_neg_joh_01,1.519082125603865,3.6513151364764265,6.225598526703499,1.199744405176039,-1.248452981155787
702,3,82,neg,2,702_03_082_sort_neg_joh_02,0.13357487922705316,0.30158808933002484,0.23720073664825048,0.5610360573544368,0.21077322505446214
702,4,21,pos,1,702_04_021_sort_pos_joh_01,0.9182033096926714,1.317088980553919,1.9849765258215961,0.4359348029397785,-0.698266787579259
702,4,21,pos,2,702_04_021_sort_pos_joh_02,0.25200945626477544,0.37869770182675316,0.3713615023474179,0.4518770069400434,0.0254417912338209
702,4,21,pos,3,702_04_021_sort_pos_joh_03,0.1711583924349882,0.3720094284030642,0.21877934272300473,0.719380856321666,0.5367431523482806
702,4,21,pos,4,702_04_021_sort_pos_joh_04,0.02127659574468085,0.20044195639363582,0.02112676056338028,0.7237994009117001,0.7048689642344158
702,4,42,pos,2,702_04_042_sort_pos_joh_02,0.8146572104018912,1.1626694166175604,1.9215962441314554,0.34111696906280015,-0.7194331300798046
702,4,42,pos,3,702_04_042_sort_pos_joh_03,0.15177304964539007,0.27937536829699466,0.4112676056338029,0.5250652129203441,-0.5237053312718605
702,4,61,pos,1,702_04_061_sort_pos_joh_01,0.09101654846335698,0.6666470241602829,0.24225352112676057,0.793788835180524,0.5676085196265159
702,4,61,pos,2,702_04_061_sort_pos_joh_02,0.04468085106382979,0.14764289923394225,0.06854460093896714,0.22735328439612865,0.16982584887668806
702,4,76,pos,1,702_04_076_sort_pos_joh_01,0.4274231678486997,1.5527106658809666,0.7723004694835681,0.8159978324439099,0.5492038152980497
702,4,42,neg,1,702_04_042_sort_neg_joh_01,0.5446808510638298,0.9207130229817325,0.3765258215962441,0.41816080594238453,0.599578962939956
702,4,84,neg,1,702_04_084_sort_neg_joh_01,0.8754137115839243,4.112669416617561,2.4492957746478874,1.2876497764362562,0.6404186776947143
703,1,9,pos,1,703_01_009_sort_pos_joh_01,0.5102564102564101,0.2565925925925926,1.9555555555555557,-0.9446292950728539,-4.866232557934476
703,1,9,pos,2,703_01_009_sort_pos_joh_02,0.5615384615384615,0.10069135802469137,0.022222222222222223,-1.55088786809119,0.27294111922417236
703,1,9,pos,3,703_01_009_sort_pos_joh_03,0.24358974358974358,0.19333333333333333,0.20606060606060608,-0.30801073291515463,-0.07832007016314832
703,1,9,pos,4,703_01_009_sort_pos_joh_04,0.04102564102564103,0.05506172839506173,0.005050505050505051,0.062389715326222235,0.22566728756203583
703,1,9,pos,5,703_01_009_sort_pos_joh_05,0.0717948717948718,0.025481481481481483,0.00101010101010101,-0.5127251230373705,0.27823386842834735
703,1,10,pos,1,703_01_010_sort_pos_joh_01,0.41794871794871796,0.41367901234567905,0.16363636363636364,-0.009271251409464323,0.5438951073120742
703,1,10,pos,2,703_01_010_sort_pos_joh_02,0.5256410256410257,0.31866666666666665,0.08686868686868686,-0.5363435469940991,0.6108020044553157
703,1,10,pos,3,703_01_010_sort_pos_joh_03,0.24102564102564103,0.1497777777777778,0.021212121212121213,-0.36544294017427276,0.5255530597652662
703,1,10,pos,4,703_01_010_sort_pos_joh_04,0.05384615384615385,0.07940740740740741,0.09595959595959595,0.20178544147221167,-0.1271334614055464
703,1,14,pos,1,703_01_014_sort_pos_joh_01,0.5230769230769232,1.7804938271604938,0.02727272727272728,0.601195626522263,0.8504401743046469
703,1,14,pos,2,703_01_014_sort_pos_joh_02,0.23076923076923078,0.8558518518518518,0.028282828282828285,0.5338933071103393,0.7169035216769618
703,1,14,pos,3,703_01_014_sort_pos_joh_03,0.21025641025641023,0.29214814814814816,0.06060606060606061,0.15182292938326303,0.4355833513452007
703,1,14,pos,4,703_01_014_sort_pos_joh_04,0.0717948717948718,0.10508641975308643,0.013131313131313133,0.1574250368720731,0.4419370470690224
703,1,26,pos,1,703_01_026_sort_pos_joh_01,4.7794871794871785,4.9152098765432095,9.514141414141413,0.04655875047105436,-1.5640376436163936
703,1,26,pos,2,703_01_026_sort_pos_joh_02,0.7435897435897435,0.9456296296296297,1.1353535353535353,0.38078553132976645,-0.35692319215119256
703,1,26,pos,3,703_01_026_sort_pos_joh_03,0.7384615384615386,0.7734320987654321,1.5969696969696972,0.07076384301668598,-1.6199129002968193
703,1,26,pos,4,703_01_026_sort_pos_joh_04,0.4076923076923078,0.9251358024691358,1.0323232323232323,0.4419067792345195,-0.09224118903026847
703,1,26,pos,6,703_01_026_sort_pos_joh_06,0.37179487179487175,0.04958024691358025,0.0696969696969697,-1.8221045855076226,-0.22375988665936705
703,1,27,pos,1,703_01_027_sort_pos_joh_01,2.6564102564102563,2.319802469135803,2.914141414141414,-0.19341680614585646,-0.34206192062905744
703,1,27,pos,3,703_01_027_sort_pos_joh_03,0.8333333333333334,0.7765432098765432,1.0575757575757574,-0.10350168527602074,-0.5048884415141275
703,1,28,pos,1,703_01_028_sort_pos_joh_01,1.6076923076923078,3.508246913580247,1.518181818181818,0.954206106380883,1.011678421970617
703,1,28,pos,2,703_01_028_sort_pos_joh_02,0.7076923076923076,1.8986172839506175,0.5202020202020202,0.6986331939906031,0.8195987825612379
703,1,28,pos,3,703_01_028_sort_pos_joh_03,0.30000000000000004,0.22148148148148147,0.04141414141414141,-0.20637735525538672,0.49841001407137736
703,1,30,pos,1,703_01_030_sort_pos_joh_01,0.3871794871794872,1.2877037037037038,0.5888888888888889,0.5825640912924512,0.45810624911341163
703,1,30,pos,2,703_01_030_sort_pos_joh_02,0.4666666666666667,0.4271111111111111,0.8212121212121211,-0.09784630482279226,-0.9701028772083758
703,1,30,pos,3,703_01_030_sort_pos_joh_03,0.158974358974359,0.4445432098765432,0.2030303030303031,0.5883030884827094,0.5035524457068087
703,1,31,pos,1,703_01_031_sort_pos_joh_01,4.358974358974359,7.035901234567901,3.6535353535353536,0.9196883204628338,1.1782744754725143
703,1,31,pos,2,703_01_031_sort_pos_joh_02,1.0923076923076924,1.6689382716049381,1.3959595959595958,0.8020158895825051,0.3805563806121534
703,1,31,pos,3,703_01_031_sort_pos_joh_03,0.7717948717948716,0.6407407407407407,4.985858585858586,-0.12385039248883975,-3.8174931140659893
703,1,31,pos,4,703_01_031_sort_pos_joh_04,0.5000000000000001,0.7793580246913581,0.8494949494949496,0.6558632139834784,-0.16469786669231148
703,1,37,pos,1,703_01_037_sort_pos_joh_01,2.12051282051282,3.112493827160494,1.7515151515151515,0.997560722527618,1.371915754917799
703,1,37,pos,2,703_01_037_sort_pos_joh_02,0.9564102564102566,0.6324938271604938,0.2505050505050505,-0.3312072763167296,0.39621943335264714
703,1,37,pos,3,703_01_037_sort_pos_joh_03,0.6435897435897436,0.6997530864197531,1.1030303030303028,0.10606475424395102,-0.7350692742824724
703,1,37,pos,4,703_01_037_sort_pos_joh_04,0.47179487179487184,0.7339753086419754,0.4111111111111111,0.7292534807562887,0.8974177433865913
703,1,37,pos,5,703_01_037_sort_pos_joh_05,0.37435897435897436,0.6513086419753087,0.296969696969697,0.9097029843341562,1.1750904547370402
703,1,47,pos,1,703_01_047_sort_pos_joh_01,0.9923076923076923,1.3006913580246915,0.48383838383838385,0.5488364666719324,1.4526384439531461
703,1,47,pos,2,703_01_047_sort_pos_joh_02,0.1769230769230769,0.40829629629629627,0.2878787878787879,0.5419099421038787,0.2796460434809478
703,1,53,pos,1,703_01_053_sort_pos_joh_01,0.0717948717948718,0.14958024691358024,0.09292929292929294,0.40862092398427874,0.29460211269356074
703,1,53,pos,2,703_01_053_sort_pos_joh_02,0.21794871794871795,0.08661728395061728,0.403030303030303,-0.6564790490279633,-1.4631588943034273
703,1,53,pos,3,703_01_053_sort_pos_joh_03,0.13589743589743586,0.09496296296296297,0.03535353535353536,-0.31973168928107265,0.47220837455181164
703,1,54,pos,1,703_01_054_sort_pos_joh_01,0.2666666666666666,0.5167407407407408,0.3151515151515152,0.5171461399686509,0.419154914051278
703,1,54,pos,2,703_01_054_sort_pos_joh_02,0.2897435897435897,0.298320987654321,0.10202020202020201,0.031001116515496488,0.7194979621922741
703,1,54,pos,3,703_01_054_sort_pos_joh_03,0.2102564102564102,0.22627160493827161,0.23939393939393938,0.05890580157375719,-0.04779471102372435
703,1,54,pos,4,703_01_054_sort_pos_joh_04,0.1461538461538462,0.10641975308641975,0.14444444444444443,-0.2661634990093375,-0.25120397026605723
703,1,54,pos,5,703_01_054_sort_pos_joh_05,0.09230769230769233,0.10474074074074075,0.04242424242424243,0.07818570538317897,0.3973341035833897
703,1,56,pos,1,703_01_056_sort_pos_joh_01,1.68974358974359,2.339259259259259,4.548484848484849,0.5086079389710683,-1.6164307304897234
703,1,56,pos,2,703_01_056_sort_pos_joh_02,0.458974358974359,2.2457777777777777,1.5838383838383836,1.6696067330331636,0.6235562733262546
703,1,56,pos,3,703_01_056_sort_pos_joh_03,0.34871794871794864,0.542962962962963,0.5626262626262627,0.6073165160886564,-0.06122546049510621
703,1,56,pos,4,703_01_056_sort_pos_joh_04,0.2205128205128205,0.5554567901234567,0.9121212121212122,0.7957276306311232,-0.8358572184433044
703,1,57,pos,4,703_01_057_sort_pos_joh_04,0.0358974358974359,0.09328395061728395,0.14747474747474748,0.4135877329445208,-0.38585292964469525
703,1,57,pos,6,703_01_057_sort_pos_joh_06,0.017948717948717947,0.014172839506172841,0.00404040404040404,-0.09243585945913665,0.25381887782502294
703,1,58,pos,1,703_01_058_sort_pos_joh_01,0.04615384615384616,0.10720987654320989,0.09494949494949494,0.41668704435769194,0.0841898534600434
703,1,59,pos,1,703_01_059_sort_pos_joh_01,1.9025641025641027,1.8684444444444441,1.6040404040404042,-0.02586632239144003,0.20191811886954933
703,1,64,neg,1,703_01_064_sort_neg_joh_01,1.2897435897435898,0.9370864197530865,0.6787878787878788,-0.5163515342562549,0.38003724292157987
703,2,25,pos,1,703_02_025_sort_pos_joh_01,2.066666666666667,2.9788973384030415,3.6292063492063495,0.4822625316645093,-0.37581350167187205
703,2,25,pos,2,703_02_025_sort_pos_joh_02,0.43,0.488212927756654,0.5839153439153438,0.12568476088873085,-0.20839030816287013
703,2,25,pos,3,703_02_025_sort_pos_joh_03,0.21999999999999995,0.3506970849176172,0.5555555555555556,0.3339744832021638,-0.5623476967895759
703,2,25,pos,4,703_02_025_sort_pos_joh_04,0.24666666666666665,0.2929657794676806,0.4767195767195767,0.09634664269460039,-0.42331817152459694
703,2,25,pos,5,703_02_025_sort_pos_joh_05,0.08333333333333334,0.16229404309252218,0.23904761904761904,0.18212131276068402,-0.15859569856334144
703,2,25,pos,6,703_02_025_sort_pos_joh_06,0.11666666666666668,0.09550063371356146,0.1017989417989418,-0.16622413194824007,-0.05044132005310336
703,2,26,pos,1,703_02_026_sort_pos_joh_01,7.570000000000001,10.537579214195183,8.480423280423281,0.7365920512738168,0.5473866232263196
703,2,26,pos,2,703_02_026_sort_pos_joh_02,0.5933333333333335,1.3148288973384028,1.1245502645502645,1.0343607848706073,0.29909093969044215
703,2,26,pos,3,703_02_026_sort_pos_joh_03,0.11000000000000003,0.16045627376425856,0.17174603174603176,0.21633806747547832,-0.05057404323550338
703,2,26,pos,4,703_02_026_sort_pos_joh_04,0.03666666666666667,0.10095057034220534,0.07756613756613757,0.5706787050855546,0.22136319928584103
703,2,27,pos,1,703_02_027_sort_pos_joh_01,1.3800000000000001,0.6468314321926489,1.1365079365079365,-0.9352304905358897,-0.6244641015859872
703,2,27,pos,2,703_02_027_sort_pos_joh_02,1.6366666666666663,0.37344740177439795,0.9973544973544973,-1.3252990189271698,-0.5891716528740536
703,2,27,pos,3,703_02_027_sort_pos_joh_03,0.2633333333333333,0.18948035487959441,0.2697354497354498,-0.31680771979828437,-0.34586404814095145
703,2,27,pos,4,703_02_027_sort_pos_joh_04,0.010000000000000002,0.03415716096324461,0.0108994708994709,0.23197722049357047,0.2331479176472117
703,2,29,pos,1,703_02_029_sort_pos_joh_01,2.03,3.258808618504436,3.8416931216931216,0.634912289484206,-0.2961583056222017
703,2,29,pos,2,703_02_029_sort_pos_joh_02,0.9400000000000001,0.9024081115335868,0.9287830687830688,-0.05175565771737372,-0.035014279447844125
703,2,29,pos,3,703_02_029_sort_pos_joh_03,0.17666666666666667,0.12858048162230673,0.08433862433862434,-0.2810452952341154,0.2922614109695925
703,2,29,pos,4,703_02_029_sort_pos_joh_04,0.05000000000000001,0.050887198986058306,0.05576719576719577,0.010439701114141988,-0.05485067521098716
703,2,29,pos,5,703_02_029_sort_pos_joh_05,0.07333333333333333,0.3780101394169835,0.12793650793650793,0.40992548401928003,0.414550514176555
703,2,29,pos,17,703_02_029_sort_pos_joh_17,0.07666666666666667,0.07306717363751584,0.04592592592592593,-0.03238575176885281,0.273139716999635
703,2,37,pos,1,703_02_037_sort_pos_joh_01,2.876666666666667,3.353992395437263,2.6213756613756614,0.394052865827381,0.6313865214804857
703,2,37,pos,2,703_02_037_sort_pos_joh_02,2.4600000000000004,1.2427122940430926,0.7294179894179894,-1.3097397533419977,0.5441959831415691
703,2,37,pos,3,703_02_037_sort_pos_joh_03,1.1366666666666667,1.4776299112801012,1.021058201058201,0.4936999864271102,0.7048079561811462
703,2,37,pos,4,703_02_037_sort_pos_joh_04,0.55,1.4241444866920154,0.5470899470899471,0.9486206559373543,1.0885318500923566
703,2,37,pos,5,703_02_037_sort_pos_joh_05,0.5399999999999999,0.811596958174905,0.5806349206349207,0.3192625194858901,0.28569978391614587
703,2,39,pos,1,703_02_039_sort_pos_joh_01,0.35333333333333333,0.5916983523447401,0.44391534391534393,0.25952832504416484,0.19240751840063122
703,2,39,pos,2,703_02_039_sort_pos_joh_02,0.21666666666666667,0.1496197718631179,0.3168253968253968,-0.3455367503748426,-0.7581920632617329
703,2,39,pos,3,703_02_039_sort_pos_joh_03,0.12000000000000004,0.1579214195183777,0.17185185185185187,0.14161781054843725,-0.05906352158069993
703,2,39,pos,4,703_02_039_sort_pos_joh_04,0.13666666666666666,0.10063371356147022,0.059576719576719575,-0.17953837808275963,0.23173345035329462
703,2,56,pos,1,703_02_056_sort_pos_joh_01,0.6799999999999999,2.9652091254752855,1.4297354497354497,1.896326959692045,1.4502201262425123
703,2,56,pos,2,703_02_056_sort_pos_joh_02,1.23,2.51489226869455,1.274179894179894,0.8834590122582868,0.984784582823488
703,2,56,pos,3,703_02_056_sort_pos_joh_03,0.8266666666666665,1.2703422053231939,0.691005291005291,0.6938481620956687,1.0003434157308557
703,2,56,pos,4,703_02_056_sort_pos_joh_04,0.07,0.21692015209125476,0.33375661375661375,0.4878788234265397,-0.3492150362472938
703,2,59,pos,1,703_02_059_sort_pos_joh_01,0.2333333333333333,0.17845373891001268,0.23026455026455028,-0.2575950379734962,-0.2394153568050774
703,3,9,pos,1,703_03_009_sort_pos_joh_01,0.05925925925925926,0.3975533030408948,0.03390557939914163,0.5051468602802508,0.5988600156508392
703,3,9,pos,2,703_03_009_sort_pos_joh_02,0.06296296296296298,0.33152743795875567,0.03476394849785407,0.5028078567510873,0.6127293264248986
703,3,28,pos,1,703_03_028_sort_pos_joh_01,0.8962962962962963,0.3969241523942677,0.8493562231759657,-0.8485733610460205,-0.6367044591286124
703,3,38,pos,1,703_03_038_sort_pos_joh_01,1.6333333333333333,3.556623558196435,2.2410586552217455,1.1084183516674735,0.7914621098915914
703,3,53,pos,1,703_03_053_sort_pos_joh_01,1.2462962962962962,1.670744494931842,1.4054363376251788,0.3265103680136859,0.20773195957697643
703,3,53,pos,2,703_03_053_sort_pos_joh_02,0.024074074074074078,0.30587207270185257,0.05007153075822604,0.47132470182316305,0.4715651488266113
703,3,53,pos,3,703_03_053_sort_pos_joh_03,0.042592592592592605,0.23435861586857742,0.12432045779685265,0.7230109459456838,0.42985313513013484
703,3,63,pos,1,703_03_063_sort_pos_joh_01,0.9370370370370372,1.512932541069556,1.3756795422031471,0.5680720876595022,0.13775748374300645
703,3,63,pos,2,703_03_063_sort_pos_joh_02,0.3351851851851852,0.5101013631597344,0.30271816881258945,0.34146869859435475,0.43644694329740197
703,3,63,pos,3,703_03_063_sort_pos_joh_03,0.06851851851851852,0.5330653617616219,0.23319027181688126,0.688110525985695,0.48061377457701876
703,3,63,pos,4,703_03_063_sort_pos_joh_04,0.20925925925925928,0.370394966794827,0.192274678111588,0.36938452196382565,0.44221948652190074
703,3,63,pos,5,703_03_063_sort_pos_joh_05,0.16851851851851848,0.15344285214959805,0.17796852646638056,-0.0927048639796968,-0.14747823017117684
704,1,9,pos,1,704_01_009_sort_pos_joh_01,1.4899509803921571,1.7836200448765893,1.4341503267973856,0.2086229432608757,0.23180864552684652
704,1,9,pos,2,704_01_009_sort_pos_joh_02,2.1340686274509806,0.7495138369483919,0.6473856209150327,-1.056856171436381,0.08468909540573566
704,1,9,pos,3,704_01_009_sort_pos_joh_03,1.3294117647058825,1.100448765893792,0.5205882352941177,-0.12067537696638772,0.3222474247617503
704,1,9,pos,4,704_01_009_sort_pos_joh_04,2.058333333333333,0.6168287210172027,0.3640522875816993,-1.2291197744718367,0.23524342382699318
704,1,9,pos,5,704_01_009_sort_pos_joh_05,0.5272058823529412,0.4877337322363501,0.3519607843137255,-0.03887383268857078,0.1400778947956331
704,1,9,pos,6,704_01_009_sort_pos_joh_06,0.8061274509803923,0.30074794315632014,0.08790849673202615,-1.1322510569956985,0.5521455072843453
704,1,9,pos,7,704_01_009_sort_pos_joh_07,0.33088235294117646,0.1904263275991025,0.0565359477124183,-0.4044108333469336,0.42654148856246576
704,1,16,pos,1,704_01_016_sort_pos_joh_01,0.1860294117647059,1.4491398653702319,1.0918300653594772,0.8683033856913923,0.24106484241181378
704,1,16,pos,2,704_01_016_sort_pos_joh_02,0.25220588235294117,1.4651458489154825,0.8070261437908496,0.7778586178477177,0.42866467299689115
704,1,16,pos,3,704_01_016_sort_pos_joh_03,0.3620098039215686,1.3814510097232613,0.6779411764705883,0.760965435777555,0.5365035557301129
704,1,16,pos,4,704_01_016_sort_pos_joh_04,0.5664215686274511,0.6525804038893044,0.3700980392156863,0.09529586647315179,0.32798135797140276
704,1,27,pos,1,704_01_027_sort_pos_joh_01,3.7517156862745096,4.473448017950636,4.484313725490196,0.3375736621489884,-0.005136133172691509
704,1,27,pos,2,704_01_027_sort_pos_joh_02,2.091421568627451,1.813537771129394,2.3727124183006536,-0.23460652023898926,-0.47517419156828267
704,1,27,pos,3,704_01_027_sort_pos_joh_03,0.7769607843137255,0.5963350785340313,0.6836601307189543,-0.4295792621607058,-0.2096397316561687
704,1,27,pos,4,704_01_027_sort_pos_joh_04,0.4740196078431372,0.3825729244577412,0.3861111111111111,-0.31858585783914967,-0.012680021707372327
704,1,27,pos,5,704_01_027_sort_pos_joh_05,0.10637254901960785,0.05848915482423335,0.07892156862745098,-0.4758460188953511,-0.20857630778247077
704,1,34,pos,1,704_01_034_sort_pos_joh_01,4.315686274509805,7.056245325355272,5.293137254901961,1.1312725154864685,0.6830556216838134
704,1,34,pos,2,704_01_034_sort_pos_joh_02,4.709068627450981,4.963575168287211,7.591830065359477,0.06431098331159776,-0.6558289415355555
704,1,34,pos,3,704_01_034_sort_pos_joh_03,2.8262254901960784,3.125504861630516,4.912091503267973,0.13048240310047812,-0.723324218342941
704,1,34,pos,4,704_01_034_sort_pos_joh_04,3.519607843137255,4.162303664921466,3.8264705882352943,0.4476725044826374,0.21206230104873056
704,1,34,pos,5,704_01_034_sort_pos_joh_05,1.5546568627450978,1.651982049364248,1.1787581699346406,0.08078776147005219,0.387068764939993
704,1,34,pos,6,704_01_034_sort_pos_joh_06,0.5034313725490196,1.581151832460733,0.5568627450980393,1.2037889882909747,1.1880242618765298
704,1,34,pos,7,704_01_034_sort_pos_joh_07,0.03970588235294118,0.043455497382198956,0.04754901960784314,0.04615818116447556,-0.051270429798086464
704,1,37,pos,1,704_01_037_sort_pos_joh_01,4.33063725490196,4.429992520568437,6.19281045751634,0.07738639925459545,-1.2880771234230846
704,1,37,pos,2,704_01_037_sort_pos_joh_02,2.1294117647058823,0.6146596858638743,1.6133986928104576,-2.3540625448665415,-1.6610344552054743
704,1,37,pos,3,704_01_037_sort_pos_joh_03,0.9333333333333332,0.2704562453253552,1.05359477124183,-1.729023432146983,-1.9675172034568837
704,1,37,pos,4,704_01_037_sort_pos_joh_04,0.0767156862745098,0.12213911742707555,0.11143790849673203,0.33105677244776205,0.07764352742667592
704,1,38,pos,2,704_01_038_sort_pos_joh_02,3.495343137254902,3.369708302169035,2.8601307189542484,-0.08237557368459765,0.31774702591703574
704,1,38,pos,3,704_01_038_sort_pos_joh_03,0.9862745098039215,1.2083769633507853,2.022058823529412,0.2327240000249364,-0.3659744899253993
704,1,38,pos,4,704_01_038_sort_pos_joh_04,1.463970588235294,1.0997756170531041,1.1707516339869282,-0.525052272023858,-0.10471764582434265
704,1,38,pos,5,704_01_038_sort_pos_joh_05,0.3941176470588236,0.1338818249813014,0.3070261437908497,-0.6980010257147174,-0.49301887170450853
704,1,38,pos,6,704_01_038_sort_pos_joh_06,0.40318627450980393,0.3071802543006732,0.20326797385620915,-0.29449869610542617,0.33733705811911613
704,1,41,pos,1,704_01_041_sort_pos_joh_01,0.8901960784313726,0.7276738967838444,0.7645424836601307,-0.2646713863839287,-0.05202218033579732
704,1,41,pos,2,704_01_041_sort_pos_joh_02,0.7308823529411764,0.7438294689603591,0.34411764705882353,0.01884449463551442,0.6151907557120603
704,1,41,pos,3,704_01_041_sort_pos_joh_03,0.5862745098039216,0.4840688107703815,0.15408496732026145,-0.21004378356579323,0.7258762906984573
704,1,41,pos,4,704_01_041_sort_pos_joh_04,0.08750000000000001,0.0781600598354525,0.038071895424836605,-0.07418463212719319,0.34127472003670506
704,1,42,pos,1,704_01_042_sort_pos_joh_01,3.288480392156863,3.578908002991773,2.233333333333334,0.1933968418752147,0.9117286295899374
704,1,42,pos,2,704_01_042_sort_pos_joh_02,0.8497549019607843,0.24128646222887062,0.6321895424836601,-1.7834712055746285,-0.8246403886031832
704,1,42,pos,3,704_01_042_sort_pos_joh_03,0.4294117647058823,0.11458489154824235,0.3379084967320261,-1.7890958352209256,-1.2038167412853564
704,1,42,pos,4,704_01_042_sort_pos_joh_04,0.23504901960784316,0.16522064323111443,0.12336601307189543,-0.4108821811950938,0.2673794528632999
704,1,44,pos,1,704_01_044_sort_pos_joh_01,0.9220588235294117,1.1260284218399401,0.4235294117647059,0.23596594515844463,0.8611136579046156
704,1,44,pos,2,704_01_044_sort_pos_joh_02,0.9299019607843136,0.4925205684367988,0.6754901960784313,-0.8340053926920485,-0.3451357162873541
704,1,49,pos,1,704_01_049_sort_pos_joh_01,1.8522058823529413,2.3068810770381454,3.1161764705882353,0.3750372472384182,-0.6014253715532709
704,1,49,pos,2,704_01_049_sort_pos_joh_02,0.3936274509803922,0.5552729992520569,0.5947712418300654,0.48259732755142665,-0.10772139746137575
704,1,52,pos,1,704_01_052_sort_pos_joh_01,7.402205882352942,6.260732984293193,10.63921568627451,-0.47604452557970045,-1.8196710424541616
704,1,52,pos,2,704_01_052_sort_pos_joh_02,5.2745098039215685,3.330216903515333,6.351307189542483,-0.9005557746435723,-1.423284500755331
704,1,52,pos,3,704_01_052_sort_pos_joh_03,5.246078431372549,3.9162303664921465,6.119771241830065,-0.8937222144515082,-1.428940440466895
704,1,52,pos,4,704_01_052_sort_pos_joh_04,2.274264705882353,2.6907255048616303,3.2645424836601307,0.4715273609160876,-0.6181344752000435
704,1,52,pos,5,704_01_052_sort_pos_joh_05,0.6095588235294118,1.087958115183246,1.0616013071895423,0.6711327636248859,0.030735916874077947
704,1,56,pos,1,704_01_056_sort_pos_joh_01,0.03333333333333334,0.08347045624532536,0.041339869281045744,0.3359052414422383,0.2855994796865664
704,1,67,pos,1,704_01_067_sort_pos_joh_01,5.3139705882352954,3.952056843679881,7.623692810457516,-0.404334955800586,-1.0385402127102412
704,1,67,pos,2,704_01_067_sort_pos_joh_02,4.491911764705882,5.758489154824233,4.055718954248366,0.44603270846664766,0.5702130970396501
704,1,67,pos,3,704_01_067_sort_pos_joh_03,1.831862745098039,3.0957367240089755,3.180718954248366,1.271575087245129,-0.0712405826316165
704,1,67,pos,5,704_01_067_sort_pos_joh_05,0.2727941176470588,1.2243829468960359,1.230065359477124,0.6377954711457817,-0.003736650822510749
704,1,67,pos,6,704_01_067_sort_pos_joh_06,0.7399509803921568,0.9199700822737472,0.9910130718954249,0.4303628140145004,-0.1609883515287721
704,1,67,pos,7,704_01_067_sort_pos_joh_07,0.6794117647058823,1.063126402393418,0.865032679738562,0.8348638293986707,0.4097126365926365
704,1,67,pos,8,704_01_067_sort_pos_joh_08,0.7416666666666667,0.5582647718773374,0.6174836601307189,-0.5981164814318581,-0.18722133052706602
704,1,70,pos,1,704_01_070_sort_pos_joh_01,3.031862745098039,2.3863126402393418,2.483169934640523,-0.47328444365008326,-0.06786771948512664
704,1,70,pos,2,704_01_070_sort_pos_joh_02,1.3325980392156864,0.7221391174270756,1.416830065359477,-0.610028391533134,-0.6548344092786434
704,1,70,pos,3,704_01_070_sort_pos_joh_03,1.875735294117647,0.905609573672401,1.1779411764705883,-2.0132137074816656,-0.5107200696174654
704,1,70,pos,4,704_01_070_sort_pos_joh_04,0.21421568627450982,0.20411368735976068,0.16895424836601308,-0.02673140708469661,0.09845918260570542
704,1,71,pos,1,704_01_071_sort_pos_joh_01,10.985784313725492,9.867240089753178,9.094607843137254,-0.4364345891559342,0.2940542477770918
704,1,71,pos,2,704_01_071_sort_pos_joh_02,5.208088235294118,4.592819745699327,5.386274509803922,-0.2380325048852879,-0.3171192530093373
704,1,71,pos,3,704_01_071_sort_pos_joh_03,6.023529411764705,3.6804038893044133,4.869934640522875,-1.9049670965054581,-0.9382326221969027
704,1,71,pos,4,704_01_071_sort_pos_joh_04,1.526470588235294,2.506133133881825,0.9416666666666665,0.7703774414277913,1.3248824225537903
704,1,71,pos,5,704_01_071_sort_pos_joh_05,1.3887254901960784,0.7194465220643231,1.0532679738562092,-1.755781233102964,-0.8920152583069328
704,1,71,pos,6,704_01_071_sort_pos_joh_06,0.15318627450980393,0.38429319371727744,0.13545751633986927,0.3601340172384163,0.4087484986447965
704,2,3,pos,1,704_02_003_sort_pos_joh_01,3.2049242424242426,1.7028255528255527,2.838150289017341,-1.4493913314476694,-1.0545364951590654
704,2,3,pos,2,704_02_003_sort_pos_joh_02,2.5787878787878786,1.53992628992629,2.9260115606936417,-1.3322180037090483,-1.6959408280276909
704,2,3,pos,3,704_02_003_sort_pos_joh_03,0.38920454545454547,0.40184275184275187,0.4666666666666666,0.045948454228216626,-0.22604527418984335
704,2,3,pos,4,704_02_003_sort_pos_joh_04,0.09412878787878788,0.02407862407862408,0.06088631984585742,-0.879540240058259,-0.5453134711892534
704,2,3,pos,5,704_02_003_sort_pos_joh_05,0.023674242424242424,0.12113022113022114,0.02003853564547206,0.6471292338918305,0.6616780116035204
704,2,9,pos,3,704_02_009_sort_pos_joh_03,0.884280303030303,0.9890663390663391,0.3148362235067437,0.05413383832342933,0.34718396469701923
704,2,11,pos,4,704_02_011_sort_pos_joh_04,0.8725378787878788,0.6799754299754299,0.1726396917148362,-0.16966572531294677,0.4556071422326614
704,2,11,pos,5,704_02_011_sort_pos_joh_05,0.40208333333333335,0.29582309582309585,0.18458574181117535,-0.19489458000300527,0.2086232410004388
704,2,29,pos,1,704_02_029_sort_pos_joh_01,6.4981060606060606,5.8773955773955775,6.404624277456647,-0.32913040628229784,-0.2651443660396283
704,2,29,pos,3,704_02_029_sort_pos_joh_03,0.5348484848484848,0.6798525798525799,0.5067437379576107,0.40167542878396684,0.4733194921637037
704,2,29,pos,4,704_02_029_sort_pos_joh_04,0.4965909090909091,0.3240786240786241,0.3127167630057804,-0.6658729050374761,0.049013104931012616
704,2,29,pos,5,704_02_029_sort_pos_joh_05,0.10378787878787879,0.286977886977887,0.1416184971098266,0.8830040121614254,0.6852993540473001
704,2,29,pos,6,704_02_029_sort_pos_joh_06,0.359469696969697,0.15614250614250616,0.19518304431599232,-1.0929412547665271,-0.243188789372456
704,2,29,pos,7,704_02_029_sort_pos_joh_07,0.37064393939393936,0.16203931203931204,0.164354527938343,-1.1339088245974567,-0.015368185833301795
704,2,31,pos,1,704_02_031_sort_pos_joh_01,5.265340909090909,2.8920147420147417,3.2724470134874757,-1.6501309004010907,-0.2859732221928855
704,2,31,pos,2,704_02_031_sort_pos_joh_02,1.6488636363636364,2.2562653562653563,0.9383429672447013,0.24897822848183596,0.5306059430945955
704,2,31,pos,3,704_02_031_sort_pos_joh_03,2.226893939393939,1.265724815724816,1.4377649325626203,-1.266113786482673,-0.2504257254882214
704,2,31,pos,4,704_02_031_sort_pos_joh_04,1.690909090909091,0.605036855036855,0.8620423892100192,-1.8153922078434488,-0.4966977082543033
704,2,31,pos,5,704_02_031_sort_pos_joh_05,0.24469696969696966,0.10184275184275185,0.13179190751445088,-0.976592847106131,-0.24303105638616737
704,2,33,pos,2,704_02_033_sort_pos_joh_02,1.7943181818181817,1.5214987714987716,3.001734104046243,-0.19172088108601465,-0.822625578504071
704,2,33,pos,3,704_02_033_sort_pos_joh_03,1.565530303030303,1.533783783783784,2.1009633911368018,-0.03145867920263881,-0.5372060682267944
704,2,33,pos,4,704_02_033_sort_pos_joh_04,0.8077651515151515,1.3345208845208845,2.4069364161849713,0.32521880310046536,-0.5682822584465206
704,2,35,pos,1,704_02_035_sort_pos_joh_01,2.346022727272727,3.9466830466830465,2.6184971098265897,0.8295594940520871,0.6569111113466007
704,2,35,pos,2,704_02_035_sort_pos_joh_02,1.4138257575757576,0.640909090909091,0.8086705202312139,-1.6634634277582425,-0.40286956248390576
704,2,35,pos,3,704_02_035_sort_pos_joh_03,0.7672348484848486,0.4563882063882064,0.5878612716763006,-1.0182244877969715,-0.46593300349257705
704,2,35,pos,4,704_02_035_sort_pos_joh_04,0.4327651515151515,0.46265356265356267,0.29171483622350675,0.08740526486765315,0.4948552766758788
704,2,35,pos,5,704_02_035_sort_pos_joh_05,0.2638257575757576,0.19963144963144963,0.15915221579961467,-0.3470437035077363,0.23204531397714928
704,2,35,pos,6,704_02_035_sort_pos_joh_06,0.2276515151515152,0.12985257985257986,0.19518304431599232,-0.6634135716873717,-0.4558115713550419
704,2,36,pos,4,704_02_036_sort_pos_joh_04,0.37462121212121213,0.31633906633906633,0.428131021194605,-0.2434603290399958,-0.4692512125896169
704,2,37,pos,3,704_02_037_sort_pos_joh_03,1.5047348484848484,1.7054054054054055,2.766859344894027,0.1970032090624809,-0.7978145763326883
704,2,37,pos,4,704_02_037_sort_pos_joh_04,0.9678030303030303,1.000982800982801,1.3599229287090557,0.04632654405866193,-0.4297621161459711
704,2,38,pos,1,704_02_038_sort_pos_joh_01,4.99564393939394,2.6106879606879607,4.7362235067437375,-1.0056619882897313,-0.8094368918448002
704,2,38,pos,2,704_02_038_sort_pos_joh_02,3.444128787878788,3.0773955773955772,4.347976878612717,-0.22581065432865818,-0.6837610187358207
704,2,38,pos,3,704_02_038_sort_pos_joh_03,2.288257575757576,2.852088452088452,1.817533718689788,0.2837810070195678,0.5226762345239672
704,2,38,pos,4,704_02_038_sort_pos_joh_04,1.5234848484848482,1.2664619164619166,1.7113680154142583,-0.3271876759532322,-0.5160108695520036
704,2,38,pos,5,704_02_038_sort_pos_joh_05,0.9380681818181819,0.7557739557739558,0.8946050096339113,-0.3945778113172634,-0.2879057931032245
704,2,38,pos,6,704_02_038_sort_pos_joh_06,0.48674242424242425,0.33304668304668306,0.4853564547206165,-0.5735390053232797,-0.5134322928178393
704,2,38,pos,7,704_02_038_sort_pos_joh_07,0.14715909090909093,0.43538083538083533,0.1579961464354528,0.3472117171228722,0.33279686128790625
704,2,41,pos,1,704_02_041_sort_pos_joh_01,0.6909090909090908,0.5393120393120392,0.7371868978805396,-0.3355565929411807,-0.3940455903363415
704,2,41,pos,2,704_02_041_sort_pos_joh_02,0.6020833333333333,0.5035626535626535,0.5458574181117534,-0.2566315981484732,-0.10352247125963789
704,2,41,pos,3,704_02_041_sort_pos_joh_03,0.3971590909090909,0.5762899262899264,0.6007707129094413,0.36254102996134613,-0.04017354349205107
704,2,41,pos,4,704_02_041_sort_pos_joh_04,0.09791666666666667,0.19766584766584766,0.0674373795761079,0.41958347289393394,0.5644683165278387
704,2,41,pos,5,704_02_041_sort_pos_joh_05,0.052272727272727276,0.07481572481572482,0.019653179190751446,0.17621176208989436,0.4565207242405623
704,2,42,pos,1,704_02_042_sort_pos_joh_01,2.519507575757576,2.1330466830466834,1.5333333333333332,-0.4073334440281337,0.6363655609357421
704,2,42,pos,2,704_02_042_sort_pos_joh_02,0.23143939393939397,0.3683046683046684,0.18227360308285162,0.5614790873884657,0.7622456111093446
704,2,42,pos,3,704_02_042_sort_pos_joh_03,0.35321969696969696,0.3342751842751843,0.1606936416184971,-0.07207834622518176,0.6857876678419794
704,2,42,pos,4,704_02_042_sort_pos_joh_04,0.17803030303030304,0.33194103194103197,0.17533718689788053,0.41407346329172573,0.4185033717398404
704,2,56,pos,5,704_02_056_sort_pos_joh_05,0.050378787878787884,0.19619164619164617,0.05202312138728324,0.4115887332799442,0.4062850167783886
704,2,67,pos,1,704_02_067_sort_pos_joh_01,4.167424242424242,11.375798525798528,7.136223506743739,2.117793122532631,1.1680675933885483
704,2,67,pos,2,704_02_067_sort_pos_joh_02,6.227083333333333,4.458845208845209,6.809826589595376,-1.1195936540995872,-1.4137567970348752
704,2,67,pos,3,704_02_067_sort_pos_joh_03,4.262878787878789,3.925675675675676,6.958188824662813,-0.11369561065854213,-0.9592663044796188
704,2,67,pos,4,704_02_067_sort_pos_joh_04,2.5751893939393935,2.705159705159705,3.616763005780347,0.12165417738126141,-0.7676322944739852
704,2,67,pos,5,704_02_067_sort_pos_joh_05,0.6119318181818182,0.6353808353808355,0.5789980732177264,0.07574739635673422,0.18310578521800766
704,2,67,pos,6,704_02_067_sort_pos_joh_06,0.27897727272727274,0.6447174447174446,0.6784200385356455,0.9864913880151477,-0.07096184271652994
704,2,67,pos,7,704_02_067_sort_pos_joh_07,0.3854166666666667,0.4105651105651105,0.4980732177263969,0.0925563948121447,-0.3075346049938403
704,2,71,pos,1,704_02_071_sort_pos_joh_01,15.261174242424241,7.686609336609336,12.0616570327553,-1.6903551092071596,-1.0298479409028596
704,2,71,pos,2,704_02_071_sort_pos_joh_02,4.852272727272728,3.385872235872236,4.459344894026975,-0.8970985280691344,-0.6607971440724999
704,2,71,pos,3,704_02_071_sort_pos_joh_03,1.5104166666666667,1.6922604422604424,2.0121387283236998,0.2172599008587435,-0.36763954187387354
704,2,71,pos,4,704_02_071_sort_pos_joh_04,1.5382575757575758,1.5856265356265358,2.6100192678227363,0.04877322439398489,-0.8160212225152867
704,2,71,pos,5,704_02_071_sort_pos_joh_05,1.6679924242424242,1.118673218673219,1.1865125240847783,-0.7204552215155879,-0.09939875983885856
704,2,71,pos,6,704_02_071_sort_pos_joh_06,0.74375,0.5414004914004914,0.5113680154142581,-0.5261759817149869,0.0826227093362686
704,3,36,pos,1,704_03_036_sort_pos_joh_01,1.2,0.4253429131286741,1.0093922651933702,-1.676050687126077,-1.2400141333725243
704,3,36,pos,2,704_03_036_sort_pos_joh_02,1.082,0.4533638145003266,0.8141804788213628,-1.1858358993874492,-0.6031300321901923
704,3,36,pos,4,704_03_036_sort_pos_joh_04,0.518,0.12769431743958198,0.3861878453038674,-1.7397081040335338,-1.1499724839930585
704,3,37,pos,1,704_03_037_sort_pos_joh_01,2.0886666666666667,4.192553886348793,2.9128913443830573,1.394708403390012,0.8398736640024825
704,3,38,pos,1,704_03_038_sort_pos_joh_01,1.5406666666666666,0.9212279555845853,1.9022099447513814,-0.7371041873276681,-1.0156778881266773
704,3,38,pos,2,704_03_038_sort_pos_joh_02,1.4777777777777779,1.2483344219464403,1.4885819521178636,-0.20703479041890552,-0.20234111032367139
704,3,67,pos,2,704_03_067_sort_pos_joh_02,1.1764444444444444,2.6070542129327237,1.2828729281767957,0.8527432180581915,0.8064280687167532
704,3,67,pos,3,704_03_067_sort_pos_joh_03,2.4342222222222225,3.3399738732854343,1.4871086556169428,0.2999771459272959,0.6305308003875841
704,3,67,pos,5,704_03_067_sort_pos_joh_05,0.7335555555555556,1.2580013063357283,0.9136279926335175,0.808569911772314,0.5359162638931475
704,3,67,pos,7,704_03_067_sort_pos_joh_07,0.7233333333333332,0.4110385369039843,0.9075506445672191,-0.8166144050105621,-1.2933947588947488
704,3,67,pos,8,704_03_067_sort_pos_joh_08,0.2608888888888889,0.12821685173089484,0.17661141804788213,-0.7546117332661588,-0.2871952817987829
704,4,13,pos,3,704_04_013_sort_pos_joh_03,0.4279342723004695,0.34335664335664334,0.2557017543859649,-0.20815918768577585,0.21874084879123806
704,4,36,pos,1,704_04_036_sort_pos_joh_01,2.77981220657277,1.3177738927738927,2.4853070175438594,-0.961883042670955,-0.7541087230058051
704,4,36,pos,2,704_04_036_sort_pos_joh_02,0.5870892018779342,0.5257575757575758,0.5804824561403509,-0.09338785422289916,-0.07992882727352256
704,4,37,pos,3,704_04_037_sort_pos_joh_03,1.2889671361502348,0.7824592074592075,2.375219298245614,-0.5028392865003554,-1.3872566868365164
704,4,37,pos,4,704_04_037_sort_pos_joh_04,1.1915492957746479,0.7356060606060607,2.3260964912280704,-0.5185198330597776,-1.5577437298917227
704,5,34,pos,4,704_05_034_sort_pos_joh_04,0.6516539440203563,0.43907156673114117,0.7766081871345029,-0.39159202851867775,-0.5426100699100087
704,5,36,pos,1,704_05_036_sort_pos_joh_01,1.7445292620865138,1.003030303030303,1.6699805068226121,-0.6169480143539984,-0.5347183209803664
704,5,40,pos,1,704_05_040_sort_pos_joh_01,2.940203562340967,2.135912314635719,3.8292397660818716,-0.4767977023779889,-0.9310281491811288
704,5,40,pos,2,704_05_040_sort_pos_joh_02,0.7832061068702291,0.7698903932946487,1.0144249512670565,-0.021036631317142167,-0.36326881716768555
704,5,40,pos,4,704_05_040_sort_pos_joh_04,0.23460559796437663,0.2635074145712444,0.2773879142300195,0.12443123767188545,-0.058645604333738
704,5,40,pos,5,704_05_040_sort_pos_joh_05,0.2442748091603054,0.18259187620889752,0.23118908382066278,-0.236298404093067,-0.1773940204263341
705,1,76,pos,1,705_01_076_sort_pos_joh_01,1.32,1.148406862745098,1.0608695652173914,-0.1958145563521742,0.09990815277905449
705,1,76,pos,2,705_01_076_sort_pos_joh_02,0.3844444444444445,0.33141339869281045,0.04666666666666667,-0.07809258573732158,0.44414055102748745
705,1,76,pos,3,705_01_076_sort_pos_joh_03,0.15555555555555556,0.09415849673202614,0.08782608695652173,-0.46906589222378253,0.05002886835587693
706,1,1,pos,1,706_01_001_sort_pos_joh_01,4.461111111111111,7.058571428571428,6.049760765550239,0.7514633926154876,0.2490128968265028
706,1,1,pos,2,706_01_001_sort_pos_joh_02,1.3152777777777775,3.900496894409938,2.2966507177033497,0.805975182915794,0.5297564552903827
706,1,1,pos,3,706_01_001_sort_pos_joh_03,0.3777777777777778,0.9757763975155279,0.5835725677830941,1.1250998889126123,0.7170281501166081
706,1,1,pos,4,706_01_001_sort_pos_joh_04,0.061111111111111116,0.07503105590062112,0.08628389154704943,0.06297294593186824,-0.0452794303390035
706,1,2,pos,1,706_01_002_sort_pos_joh_01,0.7055555555555555,1.090248447204969,1.1167464114832537,0.17519301422466987,-0.01273057014099353
706,1,2,pos,2,706_01_002_sort_pos_joh_02,0.15833333333333333,0.16565217391304346,0.19186602870813396,0.029010562585899798,-0.10705790529233238
706,1,2,pos,4,706_01_002_sort_pos_joh_04,0.025000000000000005,0.09801242236024846,0.07097288676236045,0.13174414649597657,0.05459370814977137
706,1,3,pos,1,706_01_003_sort_pos_joh_01,1.3138888888888889,2.5845341614906836,2.4872408293460926,0.5894811875279576,0.04572248307256047
706,1,3,pos,2,706_01_003_sort_pos_joh_02,0.18055555555555558,0.8649689440993789,0.7357256778309409,0.4213852084806844,0.08210834714356842
706,1,3,pos,4,706_01_003_sort_pos_joh_04,0.020833333333333332,0.05192546583850932,0.018341307814992026,0.10356588291568461,0.127471761104025
706,1,5,pos,1,706_01_005_sort_pos_joh_01,0.4861111111111111,1.3552173913043477,0.9073365231259968,0.698360956856794,0.3771623452877706
706,1,5,pos,2,706_01_005_sort_pos_joh_02,0.17777777777777778,0.26012422360248444,0.294896331738437,0.3075943017490023,-0.1291379195734184
706,1,5,pos,3,706_01_005_sort_pos_joh_03,0.14583333333333334,0.24770186335403727,0.24130781499202553,0.11252457568352439,0.007841461265175192
706,1,5,pos,12,706_01_005_sort_pos_joh_12,0.015277777777777779,0.01658385093167702,0.04098883572567784,0.0272461832796968,-0.3762405988323401
706,1,6,pos,1,706_01_006_sort_pos_joh_01,1.311111111111111,1.9370807453416148,1.7344497607655502,0.4001445223733728,0.12522399518894908
706,1,6,pos,2,706_01_006_sort_pos_joh_02,0.29583333333333334,0.4993167701863353,0.38612440191387565,0.38311760034018716,0.22445113012287282
706,1,6,pos,3,706_01_006_sort_pos_joh_03,0.2652777777777778,0.45540372670807455,0.3169059011164274,0.5261819495920249,0.394821268255471
706,1,6,pos,4,706_01_006_sort_pos_joh_04,0.2652777777777778,0.3261490683229814,0.26491228070175443,0.08718846968802739,0.08448664068397281
706,1,6,pos,5,706_01_006_sort_pos_joh_05,0.17916666666666667,0.2795031055900621,0.4028708133971292,0.3315916605749815,-0.25930362689266134
706,1,8,pos,1,706_01_008_sort_pos_joh_01,1.1472222222222221,1.3649689440993789,1.711004784688995,0.10740681946062251,-0.1651703241529467
706,1,8,pos,2,706_01_008_sort_pos_joh_02,0.19444444444444445,0.551552795031056,0.9473684210526317,0.25214109441267973,-0.23215165308414304
706,1,8,pos,3,706_01_008_sort_pos_joh_03,0.11944444444444446,0.25801242236024846,0.26842105263157895,0.30084298456792397,-0.02351562835918471
706,1,9,pos,1,706_01_009_sort_pos_joh_01,2.5777777777777775,3.546832298136646,4.52615629984051,0.3226250186393843,-0.3007684133208586
706,1,9,pos,2,706_01_009_sort_pos_joh_02,1.8694444444444445,1.9755279503105592,1.9422647527910688,0.05611602708689044,0.017803400606372997
706,1,9,pos,3,706_01_009_sort_pos_joh_03,0.5791666666666667,0.4586335403726708,1.792982456140351,-0.0920784605519871,-0.6410020036401057
706,1,9,pos,4,706_01_009_sort_pos_joh_04,0.5444444444444445,0.6104968944099378,1.1159489633173845,0.07418774267005511,-0.4431252890838112
706,1,10,pos,1,706_01_010_sort_pos_joh_01,1.7625,1.8398136645962733,1.232695374800638,0.042215971119157286,0.35530114602103297
706,1,10,pos,2,706_01_010_sort_pos_joh_02,1.4124999999999999,1.4064596273291923,0.7931419457735247,-0.0029782473348106725,0.32938629763389154
706,1,10,pos,3,706_01_010_sort_pos_joh_03,0.9722222222222222,1.1137888198757764,1.0125996810207336,0.10241008787856747,0.07399687687595076
706,1,10,pos,4,706_01_010_sort_pos_joh_04,0.7999999999999999,0.4283850931677019,0.35374800637958537,-0.39780206847898664,0.08711558614630978
706,1,11,pos,1,706_01_011_sort_pos_joh_01,1.479166666666667,1.6977639751552795,0.8572567783094099,0.1642826438281802,0.6954503251633066
706,1,11,pos,2,706_01_011_sort_pos_joh_02,0.7083333333333334,0.490807453416149,0.29792663476874004,-0.3417840920789514,0.33071145006174885
706,1,11,pos,3,706_01_011_sort_pos_joh_03,0.6555555555555556,0.4020496894409938,0.2534290271132376,-0.6024996922027631,0.39123469907509745
706,1,11,pos,5,706_01_011_sort_pos_joh_05,0.07222222222222223,0.1808074534161491,0.13237639553429026,0.3362648025800365,0.16565794194701597
706,1,12,pos,1,706_01_012_sort_pos_joh_01,2.2069444444444444,1.6919875776397515,2.036682615629984,-0.6038021564607972,-0.38270783640731454
706,1,12,pos,2,706_01_012_sort_pos_joh_02,0.7736111111111111,0.8851552795031056,0.8550239234449761,0.09114209379971926,0.02521463840877937
706,1,12,pos,3,706_01_012_sort_pos_joh_03,0.6625000000000001,0.4437267080745341,0.5716108452950558,-0.7231236825481625,-0.38985331404671403
706,1,12,pos,4,706_01_012_sort_pos_joh_04,0.7083333333333334,0.33875776397515533,1.0886762360446571,-0.5978397606833831,-0.7866115454304187
706,1,12,pos,5,706_01_012_sort_pos_joh_05,0.15694444444444444,0.3496273291925466,0.16363636363636364,0.20766455997012973,0.22865125454197227
706,1,12,pos,6,706_01_012_sort_pos_joh_06,0.3097222222222222,0.158944099378882,0.333652312599681,-0.9595701800714306,-0.8183062016829015
706,1,14,pos,1,706_01_014_sort_pos_joh_01,0.8166666666666667,1.2096273291925466,1.599043062200957,0.20136860254886663,-0.19371882607968618
706,1,14,pos,3,706_01_014_sort_pos_joh_03,0.3194444444444444,0.4181366459627329,0.8271132376395535,0.11301389998528862,-0.4498447777460388
706,1,16,pos,1,706_01_016_sort_pos_joh_01,2.6347222222222224,3.626645962732919,4.453269537480064,0.4050015971189507,-0.32426273117263366
706,1,16,pos,2,706_01_016_sort_pos_joh_02,1.765277777777778,1.8591304347826085,2.038755980861244,0.0650175113900128,-0.12183419959528606
706,1,16,pos,3,706_01_016_sort_pos_joh_03,1.473611111111111,1.170310559006211,1.5497607655502392,-0.13531190818449287,-0.17032434141596306
706,1,16,pos,4,706_01_016_sort_pos_joh_04,0.48888888888888893,0.31496894409937887,0.892663476874003,-0.2404497479783577,-0.5738590919919282
706,1,16,pos,5,706_01_016_sort_pos_joh_05,0.20694444444444443,0.7942236024844721,0.15598086124401914,0.34015946332339525,0.4250579088443717
706,1,16,pos,7,706_01_016_sort_pos_joh_07,0.26944444444444443,0.1722360248447205,0.21259968102073368,-0.35809245450923466,-0.12994668100049753
706,1,34,pos,1,706_01_034_sort_pos_joh_01,0.9472222222222223,1.7022981366459626,1.3850079744816586,0.6435714756129138,0.2921889669810202
706,1,34,pos,2,706_01_034_sort_pos_joh_02,0.8305555555555555,1.4273291925465839,0.9076555023923445,0.5704648308841693,0.5455941470213775
706,1,34,pos,3,706_01_034_sort_pos_joh_03,0.46388888888888896,1.3867701863354036,0.5958532695374801,0.6074951600314733,0.5929456771012944
706,1,34,pos,4,706_01_034_sort_pos_joh_04,0.49444444444444435,0.8619254658385095,0.8177033492822967,0.4835262124847174,0.060407106494205
706,1,38,pos,1,706_01_038_sort_pos_joh_01,14.5,13.71614906832298,15.936682615629984,-0.08021493999797409,-0.19972370723754862
706,1,38,pos,2,706_01_038_sort_pos_joh_02,2.459722222222222,2.2498757763975155,1.9901116427432217,-0.18573572443519995,0.21229153635233453
706,1,38,pos,3,706_01_038_sort_pos_joh_03,0.1736111111111111,0.8062732919254658,0.24545454545454543,0.8458591478141828,0.829987502054761
706,1,38,pos,5,706_01_038_sort_pos_joh_05,0.7416666666666667,0.5369565217391304,0.4800637958532695,-0.5129924081631672,0.13957716901849518
706,1,38,pos,6,706_01_038_sort_pos_joh_06,0.4513888888888889,0.42515527950310567,0.7586921850079744,-0.03143181456021861,-0.34949209871668396
706,1,38,pos,7,706_01_038_sort_pos_joh_07,0.22500000000000003,0.28677018633540374,0.22775119617224882,0.2996646613409295,0.2789815819383829
706,1,39,pos,1,706_01_039_sort_pos_joh_01,0.8861111111111112,0.8646583850931678,1.0218500797448167,-0.02202449133585879,-0.17040597905747612
706,1,39,pos,2,706_01_039_sort_pos_joh_02,0.8805555555555555,0.9104347826086958,0.8140350877192982,0.04127570232307561,0.14076953404951517
706,1,39,pos,3,706_01_039_sort_pos_joh_03,0.9166666666666666,0.6820496894409939,0.5977671451355662,-0.35634239723286865,0.14129977243775585
706,1,39,pos,4,706_01_039_sort_pos_joh_04,0.41944444444444445,0.3932919254658385,0.39968102073365236,-0.034944053274239446,-0.009098671238668378
706,1,39,pos,5,706_01_039_sort_pos_joh_05,0.36944444444444446,0.33453416149068327,0.29712918660287085,-0.13355215959344227,0.14693720328359514
706,1,40,pos,1,706_01_040_sort_pos_joh_01,0.7124999999999999,2.652670807453416,1.0191387559808613,0.7745152338638978,0.7364918427322632
706,1,40,pos,2,706_01_040_sort_pos_joh_02,1.3180555555555555,1.7624844720496893,1.6586921850079746,0.4371817279769193,0.10027347587118465
706,1,40,pos,3,706_01_040_sort_pos_joh_03,1.0805555555555555,0.8999378881987579,0.9719298245614036,-0.3300485909102116,-0.1296549403330696
706,1,40,pos,4,706_01_040_sort_pos_joh_04,0.5750000000000001,0.6834782608695651,0.7743221690590112,0.20289869703045332,-0.16295514905376735
706,1,40,pos,5,706_01_040_sort_pos_joh_05,0.4652777777777778,0.4551552795031056,0.37288676236044654,-0.021347855484404,0.18762430923477985
706,1,49,pos,1,706_01_049_sort_pos_joh_01,9.83888888888889,13.819627329192546,10.8829346092504,1.1910620421080802,0.8904372047378366
706,1,49,pos,2,706_01_049_sort_pos_joh_02,0.8111111111111111,1.8188819875776399,0.7172248803827752,0.6606214398946143,0.7926989203001551
706,1,49,pos,3,706_01_049_sort_pos_joh_03,0.6972222222222223,1.164968944099379,1.3791068580542265,0.7333653354216266,-0.3217470797302804
706,1,49,pos,5,706_01_049_sort_pos_joh_05,0.4388888888888889,0.49776397515527954,0.3807017543859649,0.21438413491981645,0.4365793633106089
706,1,51,pos,1,706_01_051_sort_pos_joh_01,3.6458333333333335,3.563975155279503,3.961084529505582,-0.06151710774660938,-0.3060913049704747
706,1,51,pos,2,706_01_051_sort_pos_joh_02,2.716666666666667,2.5261490683229817,2.8984051036682614,-0.17434619052117634,-0.33026229848417443
706,1,58,pos,1,706_01_058_sort_pos_joh_01,0.04722222222222222,0.10142857142857144,0.03269537480063796,0.22521121207347078,0.3247039014990213
706,1,61,pos,1,706_01_061_sort_pos_joh_01,6.490277777777777,8.10944099378882,9.89952153110048,0.5349441826634477,-0.5270039888041533
706,1,61,pos,2,706_01_061_sort_pos_joh_02,2.1513888888888886,4.467888198757764,3.848803827751196,0.9049227481372119,0.23409099866174327
706,1,61,pos,3,706_01_061_sort_pos_joh_03,2.323611111111111,2.618695652173913,2.731419457735247,0.25673759009856656,-0.10016554397425236
706,1,61,pos,6,706_01_061_sort_pos_joh_06,0.5902777777777778,0.43527950310559005,0.45374800637958534,-0.47709347600991414,-0.05857117791825627
706,1,62,pos,1,706_01_062_sort_pos_joh_01,3.7624999999999997,5.794534161490683,3.72200956937799,0.7942196393253959,0.852852759842405
706,1,62,pos,2,706_01_062_sort_pos_joh_02,1.322222222222222,1.7693167701863357,1.7421052631578946,0.45810856979600884,0.028766134012270204
706,1,62,pos,3,706_01_062_sort_pos_joh_03,1.0680555555555555,1.4867080745341616,1.4534290271132375,0.31557483426043753,0.02474834223429154
706,1,62,pos,4,706_01_062_sort_pos_joh_04,0.6152777777777777,1.1203726708074533,0.7381180223285486,0.38302775918385196,0.32744629527413005
706,1,62,pos,5,706_01_062_sort_pos_joh_05,0.5347222222222222,0.8037267080745342,0.661244019138756,0.5047457456377501,0.2836395285299279
706,1,62,pos,6,706_01_062_sort_pos_joh_06,0.025,0.11919254658385092,0.047527910685805426,0.3063389681255254,0.26535201758164095
706,1,63,pos,1,706_01_063_sort_pos_joh_01,1.1791666666666667,4.675403726708075,2.6012759170653905,1.1035804545213377,0.6416929320235917
706,1,63,pos,2,706_01_063_sort_pos_joh_02,2.3125,2.156832298136646,2.0505582137161085,-0.048045232030293275,0.033741540285086837
706,1,63,pos,3,706_01_063_sort_pos_joh_03,0.7569444444444444,1.5678260869565217,1.7213716108452954,0.6847337096093392,-0.12506039917830628
706,1,63,pos,4,706_01_063_sort_pos_joh_04,0.6333333333333333,1.1463975155279504,1.4089314194577351,0.48528466762333805,-0.2113222367252353
706,1,63,pos,5,706_01_063_sort_pos_joh_05,0.5388888888888889,0.5527950310559007,0.757097288676236,0.0254273082937136,-0.3784529911662575
706,1,64,pos,1,706_01_064_sort_pos_joh_01,4.475,4.196273291925466,4.616746411483254,-0.12363128436511864,-0.19270604297066507
706,1,64,pos,2,706_01_064_sort_pos_joh_02,2.908333333333333,4.123913043478261,3.3374800637958533,0.5914486851933513,0.3860574914504162
706,1,64,pos,3,706_01_064_sort_pos_joh_03,3.3444444444444446,2.687950310559006,3.041467304625199,-0.3289658983713531,-0.17428301104572702
706,1,64,pos,4,706_01_064_sort_pos_joh_04,1.3805555555555555,3.1589440993788815,2.747049441786284,0.5832583311777437,0.1351545010507176
706,1,64,pos,5,706_01_064_sort_pos_joh_05,2.3805555555555555,2.3765217391304345,3.3208931419457732,-0.002299728272822047,-0.5308473665644268
706,1,64,pos,6,706_01_064_sort_pos_joh_06,0.20555555555555557,0.6811180124223604,0.41228070175438597,0.2695933717133225,0.17198625963853068
706,1,64,pos,7,706_01_064_sort_pos_joh_07,0.5708333333333333,0.5099378881987577,0.8205741626794258,-0.11414038200935231,-0.5390642441065446
706,2,2,pos,1,706_02_002_sort_pos_joh_01,1.035672514619883,0.5481564748201438,1.262795698924731,-0.48090117930047577,-0.6363394073962779
706,2,2,pos,2,706_02_002_sort_pos_joh_02,0.5111111111111111,0.16933453237410073,0.3849462365591398,-0.9240649486749246,-0.5523435838397952
706,2,6,pos,1,706_02_006_sort_pos_joh_01,0.7660818713450293,1.9190197841726617,1.6636559139784943,0.7490511061702548,0.1616374692970343
706,2,6,pos,2,706_02_006_sort_pos_joh_02,0.6298245614035088,1.2656924460431656,0.6668817204301076,0.8186215688334978,0.7866904538593738
706,2,6,pos,3,706_02_006_sort_pos_joh_03,0.5426900584795322,0.8061151079136689,0.47053763440860213,0.5070852921386765,0.6508566332172119
706,2,6,pos,4,706_02_006_sort_pos_joh_04,0.15321637426900586,0.17347122302158274,0.09268817204301075,0.11847750082759317,0.4867534661980462
706,2,12,pos,1,706_02_012_sort_pos_joh_01,0.17017543859649123,1.0945593525179858,0.2754838709677419,0.6854333193225837,0.6373422193110585
706,2,12,pos,2,706_02_012_sort_pos_joh_02,0.05847953216374269,0.2102068345323741,0.057634408602150536,0.5427484545466391,0.5754109930973338
706,2,12,pos,3,706_02_012_sort_pos_joh_03,0.01871345029239766,0.0893884892086331,0.05870967741935483,0.3376399598469592,0.14522198325914834
706,2,38,pos,1,706_02_038_sort_pos_joh_01,12.308771929824562,7.470503597122301,14.407311827956988,-0.5164992626561148,-0.7484119559125396
706,2,38,pos,2,706_02_038_sort_pos_joh_02,1.695906432748538,1.14613309352518,1.6535483870967744,-0.5394143148133761,-0.508622181820301
706,2,38,pos,3,706_02_038_sort_pos_joh_03,1.0473684210526317,0.8866007194244605,0.8133333333333334,-0.20757717361221928,0.09453157331287283
706,2,49,pos,1,706_02_049_sort_pos_joh_01,5.296491228070176,5.853462230215827,2.8273118279569895,0.18496142377996305,1.034110198233291
706,2,49,pos,2,706_02_049_sort_pos_joh_02,1.6473684210526318,1.8520233812949638,0.9952688172043009,0.23232450203430188,1.0065365198401173
706,2,49,pos,3,706_02_049_sort_pos_joh_03,0.5017543859649123,0.4420413669064749,0.26924731182795697,-0.19087056288538015,0.5636909749965463
706,2,57,pos,1,706_02_057_sort_pos_joh_01,2.1999999999999997,4.869379496402877,3.0963440860215057,0.6242098020908015,0.4268592873126498
706,2,63,pos,1,706_02_063_sort_pos_joh_01,0.9701754385964912,1.630755395683453,1.4062365591397852,0.49218819481393433,0.16206600031555382
706,3,6,pos,1,706_03_006_sort_pos_joh_01,0.849808429118774,1.1690408357075024,1.3423076923076924,0.3341528074589326,-0.16895655023896772
706,3,6,pos,2,706_03_006_sort_pos_joh_02,0.22183908045977013,0.3734567901234568,0.31666666666666665,0.3337860356730935,0.12069609501790882
706,3,6,pos,3,706_03_006_sort_pos_joh_03,0.3302681992337164,0.35009496676163343,0.4538461538461538,0.05942175439046798,-0.30023969180540505
706,3,6,pos,4,706_03_006_sort_pos_joh_04,0.26283524904214556,0.5766856600189934,0.03888888888888889,0.46140576802851146,0.7970165325308488
706,3,6,pos,5,706_03_006_sort_pos_joh_05,0.02835249042145594,0.057359924026590695,0.0794871794871795,0.23419875398873763,-0.16094434296857785
706,3,9,pos,1,706_03_009_sort_pos_joh_01,1.5961685823754788,2.4680911680911684,0.5217948717948718,0.7348686773193862,1.6541554666004923
706,3,9,pos,2,706_03_009_sort_pos_joh_02,1.3505747126436782,1.7614909781576447,1.2354700854700853,0.5026220332584331,0.6087620794793234
706,3,9,pos,3,706_03_009_sort_pos_joh_03,0.4386973180076628,0.9471035137701804,1.3722222222222222,0.4275123834570976,-0.28796918951533484
706,3,9,pos,4,706_03_009_sort_pos_joh_04,0.6593869731800766,0.8232193732193732,0.4329059829059828,0.3271026183893952,0.7626055478134112
706,3,9,pos,5,706_03_009_sort_pos_joh_05,0.4237547892720307,0.7243114909781577,0.7914529914529914,0.49553049842297825,-0.08341286627725372
706,3,9,pos,6,706_03_009_sort_pos_joh_06,0.267816091954023,0.35132953466286804,0.35726495726495733,0.18976868818653156,-0.013085099141186447
706,3,9,pos,7,706_03_009_sort_pos_joh_07,0.14789272030651343,0.18262108262108262,0.09102564102564101,0.16265212201642656,0.43530563758432533
706,3,10,pos,1,706_03_010_sort_pos_joh_01,1.7812260536398468,2.1937321937321936,1.437179487179487,0.35712518713925534,0.638732438733456
706,3,10,pos,2,706_03_010_sort_pos_joh_02,0.6628352490421456,1.074738841405508,0.3081196581196581,0.24086137292533127,0.44492373479557146
706,3,10,pos,3,706_03_010_sort_pos_joh_03,0.4789272030651341,0.808641975308642,0.37051282051282053,0.515841979189634,0.6687165605250045
706,3,10,pos,4,706_03_010_sort_pos_joh_04,0.28659003831417623,0.8055555555555556,0.3499999999999999,0.3919669761335794,0.337939646154863
706,3,10,pos,5,706_03_010_sort_pos_joh_05,0.2877394636015325,0.6490978157644824,0.28076923076923077,0.4443967091609908,0.43730653169993194
706,3,10,pos,6,706_03_010_sort_pos_joh_06,0.06053639846743295,0.16671415004748336,0.09871794871794873,0.3451124811930902,0.21678890915973645
706,3,12,pos,1,706_03_012_sort_pos_joh_01,0.4333333333333334,0.9356600189933523,0.6217948717948718,0.8450023790307315,0.515249873791232
706,3,12,pos,2,706_03_012_sort_pos_joh_02,0.16053639846743298,1.1542260208926876,0.197008547008547,0.897133793743022,0.8587399150575492
706,3,12,pos,4,706_03_012_sort_pos_joh_04,0.07586206896551723,0.6053656220322887,0.06709401709401709,0.9704731687181919,0.9805623493336937
706,3,12,pos,5,706_03_012_sort_pos_joh_05,0.1145593869731801,0.28504273504273503,0.056410256410256404,0.7494386164949763,1.0060255257731998
706,3,38,pos,1,706_03_038_sort_pos_joh_01,4.031800766283525,11.75389363722697,0.5457264957264958,1.3520640537346988,1.98399989560516
706,3,38,pos,2,706_03_038_sort_pos_joh_02,0.960153256704981,2.5753086419753086,0.25811965811965815,1.4530704864390798,2.107770513199035
706,3,38,pos,4,706_03_038_sort_pos_joh_04,0.7099616858237547,1.0037511870845204,0.11068376068376068,0.6229734154610015,2.008713529474394
706,3,38,pos,5,706_03_038_sort_pos_joh_05,0.575095785440613,0.7785849952516619,0.4666666666666667,0.5072957121070134,0.7893878400154418
706,3,38,pos,6,706_03_038_sort_pos_joh_06,0.35555555555555557,0.7320512820512821,0.28034188034188035,0.813046812185124,0.969366527449658
706,3,49,pos,1,706_03_049_sort_pos_joh_01,2.732183908045977,2.846201329534663,1.9487179487179487,0.0892126504869411,0.683226362225071
706,3,49,pos,2,706_03_049_sort_pos_joh_02,0.7264367816091953,0.9548907882241215,0.6705128205128205,0.26470846180571045,0.3164620750883566
706,3,49,pos,3,706_03_049_sort_pos_joh_03,1.060919540229885,0.9439221272554607,0.8679487179487181,-0.25436391132135805,0.16274066400335377
706,3,49,pos,4,706_03_049_sort_pos_joh_04,0.6252873563218391,0.5446818613485279,0.5000000000000001,-0.2699508031253477,0.14741819666609618
706,3,49,pos,5,706_03_049_sort_pos_joh_05,0.25823754789272035,0.21049382716049383,0.22435897435897437,-0.26378919060943923,-0.07516726004469622
706,3,49,pos,6,706_03_049_sort_pos_joh_06,0.0896551724137931,0.1230769230769231,0.07307692307692308,0.20073520130843714,0.29211282835618463
706,3,51,pos,1,706_03_051_sort_pos_joh_01,1.2030651340996168,1.8169990503323834,1.0705128205128205,0.7398337161507514,0.8815778547436456
706,3,51,pos,2,706_03_051_sort_pos_joh_02,0.8869731800766285,1.0047958214624881,0.8286324786324786,0.25819702350161206,0.3788138004793903
706,3,51,pos,3,706_03_051_sort_pos_joh_03,0.6226053639846744,0.5187559354226021,0.432905982905983,-0.33720923661429586,0.27634316016879323
706,3,56,pos,2,706_03_056_sort_pos_joh_02,0.5651340996168582,0.2853276353276354,0.7918803418803418,-0.9678891630168307,-1.721759721432228
706,3,56,pos,4,706_03_056_sort_pos_joh_04,0.5168582375478926,0.42094017094017094,0.270940170940171,-0.3292523835661119,0.5338394745583432
706,3,56,pos,6,706_03_056_sort_pos_joh_06,0.029501915708812262,0.01680911680911681,0.018376068376068377,-0.26843291588990376,-0.0346695646024892
706,3,63,pos,1,706_03_063_sort_pos_joh_01,2.015708812260537,2.7807692307692307,1.9376068376068376,0.602229172788402,0.6548766615791243
706,3,63,pos,2,706_03_063_sort_pos_joh_02,1.8348659003831418,1.2264007597340931,2.9294871794871793,-0.7193796942369816,-1.838507803529238
706,3,63,pos,3,706_03_063_sort_pos_joh_03,0.43409961685823756,0.36163342830009493,0.8397435897435898,-0.18356634734569857,-1.1462259494819125
706,3,63,pos,4,706_03_063_sort_pos_joh_04,0.3302681992337165,0.35797720797720795,0.2974358974358975,0.09230010229339589,0.2013792027741189
706,3,63,pos,5,706_03_063_sort_pos_joh_05,0.3061302681992337,0.2708452041785376,0.21239316239316242,-0.18689275695905397,0.31449456858035385
706,3,63,pos,6,706_03_063_sort_pos_joh_06,0.06130268199233716,0.26994301994301995,0.1790598290598291,0.44786882210268236,0.19191171404009952
706,3,63,neg,1,706_03_063_sort_neg_joh_01,3.779693486590039,3.20346628679962,5.561111111111112,-0.3419465932784618,-1.3333358133373434
706,3,63,neg,2,706_03_063_sort_neg_joh_02,1.1367816091954022,2.981908831908832,0.9692307692307692,1.1506352893635607,1.2472931791193442
706,3,63,neg,3,706_03_063_sort_neg_joh_03,1.0095785440613028,0.8409306742640076,0.6153846153846154,-0.27797938272110556,0.3794483322247165
706,3,63,neg,4,706_03_063_sort_neg_joh_04,0.8973180076628353,0.8124406457739791,0.49572649572649574,-0.1522396169717094,0.583965405141757
706,3,63,neg,5,706_03_063_sort_neg_joh_05,0.07164750957854406,0.2810066476733143,1.1132478632478633,0.37223141335189464,-1.2730308122939415
706,4,4,pos,1,706_04_004_sort_pos_joh_01,0.16601307189542483,1.6784276126558004,0.5365853658536586,1.0234532290622103,0.7679250757818128
706,4,4,pos,2,706_04_004_sort_pos_joh_02,0.08594771241830067,0.2673058485139022,0.08319783197831979,0.7618382745390228,0.7785140260651546
706,4,6,pos,1,706_04_006_sort_pos_joh_01,0.6911764705882353,3.9409875359539788,2.605149051490515,0.8188983502975544,0.32412958237003664
706,4,49,pos,1,706_04_049_sort_pos_joh_01,2.4950980392156863,4.865867689357622,2.2336043360433604,0.9077708329882019,1.0163820203195402
706,4,55,pos,1,706_04_055_sort_pos_joh_01,0.334640522875817,0.31505273250239696,0.15799457994579946,-0.06426992003622475,0.5287058937154759
706,4,55,pos,2,706_04_055_sort_pos_joh_02,0.07908496732026145,0.2080536912751678,0.05365853658536585,0.5845189405952409,0.7102912926959357
706,4,55,pos,3,706_04_055_sort_pos_joh_03,0.03725490196078431,0.074928092042186,0.028184281842818428,0.3660586498183435,0.4596741905594438
706,4,59,pos,1,706_04_059_sort_pos_joh_01,1.6098039215686275,1.6950143815915628,1.2289972899728998,0.07461646907641425,0.4019099197776864
707,1,1,pos,1,707_01_001_sort_pos_joh_01,1.748062015503876,0.6847647820457488,1.5625541125541127,-1.1568768729656635,-1.0697533000298614
707,1,1,pos,2,707_01_001_sort_pos_joh_02,0.7740310077519379,0.6944756150194217,0.9012987012987014,-0.13931465819543526,-0.3718674978396635
707,1,1,pos,3,707_01_001_sort_pos_joh_03,0.8046511627906976,0.6979715148899439,0.7606060606060607,-0.10095046969258085,-0.060053819470888815
707,1,2,pos,1,707_01_002_sort_pos_joh_01,0.6383720930232558,0.7697453603798015,0.9112554112554112,0.19501870499638985,-0.19790648097582195
707,1,2,pos,2,707_01_002_sort_pos_joh_02,0.37751937984496126,0.8807078118256365,0.6887445887445885,0.5135710661080102,0.19629571319440695
707,1,2,pos,3,707_01_002_sort_pos_joh_03,0.12209302325581395,0.1673716012084592,0.1573593073593074,0.2029758232643591,0.04420796842577045
707,1,2,pos,4,707_01_002_sort_pos_joh_04,0.11356589147286822,0.15243849805783344,0.1664502164502165,0.128336801817304,-0.047049725742229605
707,1,4,pos,1,707_01_004_sort_pos_joh_01,0.8065891472868216,2.5511437203280103,1.275108225108225,0.9726139079504811,0.7322047243141222
707,1,4,pos,2,707_01_004_sort_pos_joh_02,0.474031007751938,1.1098834700043159,0.6151515151515152,0.6908533861433627,0.548967134054113
707,1,4,pos,3,707_01_004_sort_pos_joh_03,0.3217054263565892,0.4185584807941304,0.8058441558441559,0.15282510122125273,-0.5693977833952553
707,1,4,pos,4,707_01_004_sort_pos_joh_04,0.10542635658914727,0.15269745360379802,0.14761904761904762,0.1808407098437236,0.019891450145483425
707,1,4,pos,5,707_01_004_sort_pos_joh_05,0.09302325581395349,0.19853258523953388,0.2002164502164502,0.5455410244589477,-0.008612821675411863
707,1,5,pos,1,707_01_005_sort_pos_joh_01,0.14069767441860465,0.1819162710401381,0.13203463203463206,0.16247611607517137,0.20060687381915762
707,1,7,pos,1,707_01_007_sort_pos_joh_01,0.5286821705426356,1.1546396201985325,0.7261904761904762,0.5734117181236796,0.3914363006043182
707,1,7,pos,2,707_01_007_sort_pos_joh_02,0.303875968992248,0.8304272766508416,0.7337662337662337,0.6967952821809458,0.11205693054005983
707,1,8,pos,1,707_01_008_sort_pos_joh_01,1.052325581395349,1.203150625809236,0.8064935064935066,0.1748540956159751,0.4807466715211644
707,1,8,pos,2,707_01_008_sort_pos_joh_02,0.9236434108527131,1.0974536037980145,0.4872294372294373,0.11654729697527161,0.4263046588373662
707,1,8,pos,3,707_01_008_sort_pos_joh_03,0.4639534883720931,0.8187742770824341,0.212987012987013,0.2850440155693397,0.5071415261702521
707,1,8,pos,4,707_01_008_sort_pos_joh_04,0.7879844961240311,0.23728959861890372,1.478787878787879,-0.9988419362401474,-1.893029109395504
707,1,8,pos,5,707_01_008_sort_pos_joh_05,0.21744186046511627,0.25429434613724644,0.08658008658008658,0.10049287546542736,0.4862503011646274
707,1,23,pos,1,707_01_023_sort_pos_joh_01,0.6069767441860466,0.9905912818299525,0.9062770562770563,0.5524794869039307,0.11616479900904837
707,1,23,pos,2,707_01_023_sort_pos_joh_02,0.6023255813953489,0.9524384980578335,0.5696969696969698,0.6460406277597022,0.6941720576967197
707,1,23,pos,3,707_01_023_sort_pos_joh_03,0.34651162790697676,1.2736728528269314,0.43809523809523815,0.4925882528740526,0.4605067411219154
707,1,23,pos,4,707_01_023_sort_pos_joh_04,0.5034883720930233,0.5174363400949504,0.4603896103896104,0.0466513935245823,0.1828771243275567
707,1,23,pos,5,707_01_023_sort_pos_joh_05,0.29457364341085274,0.3652999568407424,0.33787878787878795,0.2927071919828187,0.11235270229022647
707,1,23,pos,6,707_01_023_sort_pos_joh_06,0.05271317829457364,0.09158394475615018,0.04177489177489177,0.2616440926364807,0.3463603817170326
707,1,24,pos,1,707_01_024_sort_pos_joh_01,1.9108527131782946,2.2361674579197235,2.011471861471861,0.3706418209156578,0.2499214350404154
707,1,24,pos,2,707_01_024_sort_pos_joh_02,1.0166666666666666,1.7183426845058263,1.0636363636363637,0.5372693967137797,0.5135942046568659
707,1,24,pos,3,707_01_024_sort_pos_joh_03,0.963953488372093,1.1475615019421663,0.89004329004329,0.3707124318291939,0.5371379951414184
707,1,24,pos,4,707_01_024_sort_pos_joh_04,0.4709302325581396,1.130556754423824,0.5593073593073593,0.49666256019256994,0.4410239130930796
707,1,24,pos,5,707_01_024_sort_pos_joh_05,0.37131782945736436,0.598489425981873,0.6093073593073594,0.5560402896300716,-0.025701118967539526
707,1,24,pos,6,707_01_024_sort_pos_joh_06,0.5356589147286821,0.5478636167457919,0.39632034632034635,0.04112117454367215,0.5286648210671027
707,1,24,pos,7,707_01_024_sort_pos_joh_07,0.19728682170542639,0.23137678031937853,0.2820346320346321,0.10680269149411235,-0.14804018165270255
707,1,48,pos,1,707_01_048_sort_pos_joh_01,17.34341085271318,14.663832542080279,10.395021645021645,-0.863798068393879,1.532197398772886
707,1,48,pos,2,707_01_048_sort_pos_joh_02,3.010077519379845,1.6936555891238672,1.6567099567099566,-2.4873021225157834,0.07235065945505488
707,1,48,pos,3,707_01_048_sort_pos_joh_03,1.4565891472868218,1.3589987052222703,0.7121212121212122,-0.1939353945564301,1.4109166890996117
707,1,48,pos,4,707_01_048_sort_pos_joh_04,1.2162790697674417,0.6212775140267588,1.0108225108225108,-1.7730023073785857,-1.1697513247095386
707,1,48,pos,5,707_01_048_sort_pos_joh_05,0.4550387596899225,0.3473457056538628,0.13116883116883118,-0.4041962209153221,0.9142334559122315
707,1,48,pos,6,707_01_048_sort_pos_joh_06,0.2313953488372093,0.10103582218385844,0.05151515151515151,-0.7836883219174305,0.32617120160124025
707,1,54,pos,1,707_01_054_sort_pos_joh_01,2.4213178294573647,2.547345705653863,2.0283549783549786,0.12380349529986377,0.5290031232515187
707,1,54,pos,2,707_01_054_sort_pos_joh_02,1.227906976744186,1.6523953388001726,0.6311688311688313,0.32087633171852264,0.8034512908605053
707,1,54,pos,3,707_01_054_sort_pos_joh_03,1.12984496124031,1.0050927924039705,0.7961038961038961,-0.25015265826907185,0.4391809838235003
707,1,54,pos,4,707_01_054_sort_pos_joh_04,0.7926356589147286,0.7515321536469572,1.0712121212121213,-0.043469203338242814,-0.32517278858368637
707,1,54,pos,5,707_01_054_sort_pos_joh_05,0.5465116279069767,0.5354769097971515,0.6186147186147187,-0.03271864079439224,-0.24504161446392567
707,1,58,pos,2,707_01_058_sort_pos_joh_02,0.18565891472868215,0.4143288735433751,0.09588744588744588,0.39456773543304996,0.5721582315203024
707,2,1,pos,1,707_02_001_sort_pos_joh_01,1.0318713450292396,1.3815941269008913,1.1623397435897436,0.29458775641951856,0.19293219562624198
707,2,1,pos,2,707_02_001_sort_pos_joh_02,0.13801169590643275,0.23361300471945465,0.14150641025641028,0.1868476476677008,0.19410861861085799
707,2,3,pos,1,707_02_003_sort_pos_joh_01,0.3456140350877193,0.9758259045621396,0.23365384615384618,0.7441150428800704,0.9327513234470712
707,2,4,pos,1,707_02_004_sort_pos_joh_01,1.260233918128655,2.9138961719979024,1.8376602564102562,0.8078509626820873,0.5489536231199614
707,2,4,pos,2,707_02_004_sort_pos_joh_02,0.17076023391812867,0.5123230204509701,0.38942307692307687,0.4941989361463451,0.1841590882634626
707,2,4,pos,3,707_02_004_sort_pos_joh_03,0.195906432748538,0.397325642370215,0.2794871794871795,0.7016811775740875,0.41215041665190666
707,2,4,pos,4,707_02_004_sort_pos_joh_04,0.22602339181286554,0.3735186156266387,0.24358974358974358,0.4799494117158369,0.44314236610479607
707,2,7,pos,1,707_02_007_sort_pos_joh_01,0.48391812865497075,0.9033036182485579,1.652724358974359,0.4521191196904175,-0.7091250593337778
707,2,7,pos,2,707_02_007_sort_pos_joh_02,0.4064327485380116,1.1065547981122181,1.1592948717948717,0.9227121482018982,-0.06567814830911253
707,2,7,pos,3,707_02_007_sort_pos_joh_03,0.25935672514619884,0.9324593602517042,1.0746794871794871,0.7570020655678831,-0.1470685598360542
707,2,7,pos,4,707_02_007_sort_pos_joh_04,0.16257309941520467,0.43282642894598844,0.3842948717948718,0.608856413033328,0.1093432345707776
707,2,8,pos,1,707_02_008_sort_pos_joh_01,1.211988304093567,1.3906659674882014,1.7849358974358973,0.12856246551748357,-0.30069049105229295
707,2,8,pos,4,707_02_008_sort_pos_joh_04,0.22426900584795323,0.48636601992658623,0.24118589743589744,0.2853510547380484,0.28723192138458675
707,2,18,pos,1,707_02_018_sort_pos_joh_01,0.40058479532163743,0.23744100681699,0.6727564102564103,-0.5217119282754,-0.9574896743991014
707,2,18,pos,2,707_02_018_sort_pos_joh_02,0.3435672514619883,0.23413738856843208,0.32900641025641025,-0.3582031249340123,-0.3310778363131821
707,2,18,pos,3,707_02_018_sort_pos_joh_03,0.291812865497076,0.21043523859465127,0.275,-0.3270959221833379,-0.2700582218611907
707,2,18,pos,4,707_02_018_sort_pos_joh_04,0.26169590643274854,0.21583639223911905,0.33285256410256414,-0.18373104510542504,-0.4063517874999542
707,2,18,pos,5,707_02_018_sort_pos_joh_05,0.15526315789473685,0.11263765076035659,0.24887820512820516,-0.2471623119176163,-0.6985263458954427
707,2,18,pos,6,707_02_018_sort_pos_joh_06,0.06637426900584796,0.0692186680650236,0.09727564102564103,0.02381782870282879,-0.22971028119319445
707,2,20,pos,1,707_02_020_sort_pos_joh_01,2.113157894736842,1.631463030938647,2.157051282051282,-0.7336016431482635,-0.8101536388249482
707,2,20,pos,2,707_02_020_sort_pos_joh_02,0.716374269005848,0.4256423702149974,0.8383012820512821,-1.070406156127223,-1.414994785741874
707,2,20,pos,3,707_02_020_sort_pos_joh_03,0.5605263157894737,0.3850550603041426,0.6501602564102564,-0.7481024671129319,-1.06664205813784
707,2,20,pos,4,707_02_020_sort_pos_joh_04,0.5467836257309941,0.35207131620346094,0.6035256410256411,-0.8428098733557027,-1.0435042909279337
707,2,20,pos,5,707_02_020_sort_pos_joh_05,0.30116959064327486,0.1546932354483482,0.2894230769230769,-0.8551531513491581,-0.728771981360695
707,2,21,pos,1,707_02_021_sort_pos_joh_01,1.132748538011696,2.091714735186156,1.70400641025641,0.8531102022968932,0.33456443637993166
707,2,21,pos,2,707_02_021_sort_pos_joh_02,0.702046783625731,1.5788673308862087,1.047275641025641,0.925957868824405,0.5819080863142648
707,2,21,pos,3,707_02_021_sort_pos_joh_03,0.48771929824561405,0.8354483481908759,0.46153846153846156,0.6733338936318981,0.7581975981059071
707,2,35,pos,1,707_02_035_sort_pos_joh_01,1.0061403508771931,0.6387519664394337,0.5834935897435898,-0.4144930821954332,0.06635661314414926
707,2,35,pos,2,707_02_035_sort_pos_joh_02,0.24619883040935672,0.3375983219716833,0.28381410256410255,0.3242988107281232,0.1711187782466095
707,2,35,pos,3,707_02_035_sort_pos_joh_03,0.2327485380116959,0.21835343471421081,0.18605769230769229,-0.06044285366225318,0.13297937341373905
707,2,35,pos,4,707_02_035_sort_pos_joh_04,0.15204678362573099,0.183744100681699,0.1613782051282051,0.18011577985440083,0.1182223949531633
707,2,41,pos,1,707_02_041_sort_pos_joh_01,2.1321637426900586,0.6198217094913477,2.7637820512820515,-1.248238191890044,-1.8541985291774605
707,2,41,pos,2,707_02_041_sort_pos_joh_02,0.5222222222222223,0.3337703198741479,0.3219551282051283,-0.7296852658369604,0.04804973365965771
707,2,41,pos,3,707_02_041_sort_pos_joh_03,0.36637426900584796,0.16208704771893026,0.3264423076923077,-1.1743923080618164,-0.9780030478032514
707,2,41,pos,4,707_02_041_sort_pos_joh_04,0.16666666666666666,0.0551651809124279,0.1782051282051282,-0.7874135276961679,-0.7224208306053078
707,2,43,pos,1,707_02_043_sort_pos_joh_01,8.04093567251462,6.85673833245936,8.230288461538462,-0.4043990630895358,-0.48628667594714114
707,2,43,pos,2,707_02_043_sort_pos_joh_02,2.9210526315789473,1.8874147876245413,2.591025641025641,-1.3989759472130148,-1.0028152417920735
707,2,43,pos,3,707_02_043_sort_pos_joh_03,2.1204678362573097,1.4013633980073414,1.6440705128205129,-1.3399956317709159,-0.48565836223126974
707,2,43,pos,4,707_02_043_sort_pos_joh_04,0.6809941520467836,0.37404299947561614,0.20272435897435898,-0.5184199113694009,0.3866315794154233
707,2,48,pos,1,707_02_048_sort_pos_joh_01,13.214619883040935,10.834137388568433,10.70448717948718,-0.5584582298540266,0.033764980048276536
707,2,48,pos,2,707_02_048_sort_pos_joh_02,3.138888888888889,2.061877294179339,2.372916666666667,-1.6894332702175998,-0.501422916992535
707,2,48,pos,3,707_02_048_sort_pos_joh_03,3.042105263157895,2.0356056633455686,1.985897435897436,-1.4520127109172698,0.07512357784368193
707,2,48,pos,4,707_02_048_sort_pos_joh_04,1.9608187134502926,0.976560041950708,2.9820512820512817,-0.8347534987220682,-1.5508218192365344
707,2,48,pos,5,707_02_048_sort_pos_joh_05,1.0198830409356725,0.9800734137388568,1.1477564102564104,-0.10099446306559218,-0.42481955650557823
707,2,48,pos,6,707_02_048_sort_pos_joh_06,1.173391812865497,0.6506030414263241,0.7634615384615384,-1.3191835790010042,-0.31250800343860446
707,2,48,pos,7,707_02_048_sort_pos_joh_07,0.7497076023391812,0.5146827477713687,0.5317307692307692,-0.6856362104076033,-0.05437037938266763
707,2,48,pos,8,707_02_048_sort_pos_joh_08,0.3491228070175439,0.4764027267960147,0.15657051282051282,0.2782898194763244,0.7473692582894845
707,2,54,pos,1,707_02_054_sort_pos_joh_01,1.3081871345029241,2.432197168327215,1.7724358974358974,0.773313686505715,0.4711863353930376
707,2,54,pos,2,707_02_054_sort_pos_joh_02,0.6739766081871345,1.0898793917147351,1.1892628205128208,0.5768933625763659,-0.13913320906022578
707,2,54,pos,3,707_02_054_sort_pos_joh_03,0.5409356725146199,0.6982170949134766,0.8272435897435898,0.34951298971765693,-0.2894431865937623
707,2,54,pos,4,707_02_054_sort_pos_joh_04,0.11023391812865498,0.12999475616151024,0.2450320512820513,0.14255196676746912,-0.7701268883654714
708,1,1,pos,1,708_01_001_sort_pos_joh_01,4.894759825327511,5.355847255369929,4.369724770642202,0.2136009925136025,0.48927223201156544
708,1,1,pos,2,708_01_001_sort_pos_joh_02,3.8672489082969435,4.185759745425616,3.520183486238532,0.19839662589691526,0.4476035531394563
708,1,1,pos,3,708_01_001_sort_pos_joh_03,2.5365356622998543,3.415354017501989,2.444648318042813,0.45416214528493565,0.4872428954197403
708,1,1,pos,4,708_01_001_sort_pos_joh_04,0.47336244541484723,0.417024661893397,0.3070336391437309,-0.09968047640478778,0.20558126596400478
708,1,1,pos,5,708_01_001_sort_pos_joh_05,0.23609898107714705,0.14582338902147973,0.10672782874617738,-0.16319147117156269,0.18571791281613012
708,1,2,pos,1,708_01_002_sort_pos_joh_01,0.866957787481805,0.9177406523468575,1.282874617737003,0.05867054403314637,-0.43816726550959795
708,1,2,pos,2,708_01_002_sort_pos_joh_02,0.3985443959243086,0.6517104216388226,0.5761467889908256,0.5091836158860266,0.14053691371053617
708,1,2,pos,3,708_01_002_sort_pos_joh_03,0.2158660844250364,0.5262529832935561,0.4232415902140672,0.7184813492571935,0.21386779919869434
708,1,3,pos,1,708_01_003_sort_pos_joh_01,5.088500727802038,3.3221957040572794,4.733333333333334,-0.6672646461675311,-0.4574389439082547
708,1,3,pos,2,708_01_003_sort_pos_joh_02,3.5312954876273652,3.3504375497215593,3.612232415902141,-0.11251216490302218,-0.15783535400154378
708,1,3,pos,3,708_01_003_sort_pos_joh_03,3.3384279475982535,3.180429594272076,3.2262996941896023,-0.0901086705857394,-0.026512032133881633
708,1,3,pos,4,708_01_003_sort_pos_joh_04,2.987481804949054,1.3156722354813049,2.3727828746177373,-0.9934448245088905,-0.8032472950449061
708,1,4,pos,1,708_01_004_sort_pos_joh_01,7.515138282387191,9.501591089896579,8.810091743119266,0.8170185788044899,0.2700468977247619
708,1,4,pos,2,708_01_004_sort_pos_joh_02,2.2490538573508005,2.72211614956245,3.134862385321101,0.34837187419683974,-0.2948031601895902
708,1,4,pos,3,708_01_004_sort_pos_joh_03,1.8229985443959245,2.322354813046937,2.350152905198777,0.5199113810873518,-0.027318450863956373
708,1,4,pos,4,708_01_004_sort_pos_joh_04,1.4775836972343523,1.72824184566428,2.358715596330275,0.18210577134958136,-0.403884259034427
708,1,4,pos,5,708_01_004_sort_pos_joh_05,0.7180494905385735,1.0147175815433571,0.9308868501529052,0.42578177223776537,0.11279674213664902
708,1,5,pos,1,708_01_005_sort_pos_joh_01,7.1117903930131,6.587828162291169,6.842201834862384,-0.1860518900713276,-0.08419553784308649
708,1,5,pos,2,708_01_005_sort_pos_joh_02,1.8448326055312954,0.9706443914081145,1.0296636085626911,-0.6257642680246149,-0.041686478080763346
708,1,5,pos,3,708_01_005_sort_pos_joh_03,0.438136826783115,0.2771678599840891,0.5859327217125382,-0.328338667970635,-0.6483701986802216
708,1,7,pos,2,708_01_007_sort_pos_joh_02,2.8890829694323146,2.6081941129673827,2.3229357798165142,-0.2220487857317904,0.23359347699681188
708,1,7,pos,3,708_01_007_sort_pos_joh_03,2.171324599708879,2.594351630867144,2.5837920489296637,0.22750989247705442,0.005023099750427337
708,1,7,pos,4,708_01_007_sort_pos_joh_04,0.937991266375546,2.3144789180588705,1.0987767584097858,0.6786314912696343,0.5352316872878005
708,1,7,pos,5,708_01_007_sort_pos_joh_05,1.0851528384279476,1.2813046937151948,0.8877675840978594,0.2877069219438081,0.556081116535395
708,1,7,pos,6,708_01_007_sort_pos_joh_06,0.8951965065502183,0.8106603023070804,0.5981651376146789,-0.16851600928805974,0.4430732749741089
708,1,7,pos,7,708_01_007_sort_pos_joh_07,0.5720524017467249,0.6286396181384248,0.41437308868501527,0.12908177329149523,0.46430109576667045
708,1,8,pos,1,708_01_008_sort_pos_joh_01,3.284861717612809,2.77557677008751,3.02782874617737,-0.34765755618107885,-0.15549708470385024
708,1,8,pos,2,708_01_008_sort_pos_joh_02,2.7764192139737993,2.3066825775656326,2.3960244648318043,-0.40894405657968397,-0.07117762708687504
708,1,8,pos,3,708_01_008_sort_pos_joh_03,1.0953420669577876,0.8277645186953064,1.0553516819571866,-0.4787712366071873,-0.4255652054922673
708,1,8,pos,4,708_01_008_sort_pos_joh_04,1.09155749636099,0.4655529037390613,0.3259938837920489,-0.3352526461607851,0.10979136783736802
708,1,29,pos,1,708_01_029_sort_pos_joh_01,7.8263464337700155,7.776372315035798,9.142201834862385,-0.01595158946280589,-0.4404617554173875
708,1,29,pos,2,708_01_029_sort_pos_joh_02,1.5216885007278023,1.9147175815433572,1.8871559633027524,0.37708432276422016,0.02428639219472507
708,1,29,pos,3,708_01_029_sort_pos_joh_03,0.37569141193595335,0.8731901352426411,0.5314984709480123,0.5871418752944407,0.37137801335920956
708,1,29,pos,4,708_01_029_sort_pos_joh_04,0.22358078602620088,0.13365155131264916,0.18990825688073398,-0.585304340844698,-0.3744757863747111
708,1,32,pos,1,708_01_032_sort_pos_joh_01,2.5877729257641926,4.270326173428799,4.552599388379204,0.8263810925798569,-0.12050722486046245
708,1,32,pos,2,708_01_032_sort_pos_joh_02,0.5269286754002911,0.7050914876690534,0.6247706422018349,0.5007647400286668,0.2221460691583367
708,1,32,pos,3,708_01_032_sort_pos_joh_03,0.311353711790393,0.46722354813046935,0.27461773700305814,0.44200499722190223,0.5425823511931911
708,1,32,pos,5,708_01_032_sort_pos_joh_05,0.02503639010189229,0.09642004773269691,0.024464831804281346,0.23266520336116783,0.21262414690169107
708,1,32,pos,6,708_01_032_sort_pos_joh_06,0.034934497816593885,0.01543357199681782,0.014678899082568806,-0.23562357828340352,0.014525846646779982
708,1,83,pos,1,708_01_083_sort_pos_joh_01,1.6314410480349344,0.794112967382657,0.2400611620795107,-0.4312595292153163,0.44869229369774855
708,1,83,pos,2,708_01_083_sort_pos_joh_02,0.6240174672489083,0.27128082736674625,0.17889908256880735,-0.3250918025723302,0.10719045602124987
708,1,87,pos,2,708_01_087_sort_pos_joh_02,0.6180494905385735,0.40469371519490854,0.7308868501529052,-0.29945428751100045,-0.3841188497279281
708,1,87,pos,3,708_01_087_sort_pos_joh_03,0.2918486171761281,0.31893396976929195,0.24495412844036699,0.06547741151475607,0.18701553052797268
708,1,87,pos,4,708_01_087_sort_pos_joh_04,0.21251819505094613,0.2573587907716786,0.28562691131498474,0.09613447257144211,-0.05574021879828174
708,1,87,pos,5,708_01_087_sort_pos_joh_05,0.24541484716157208,0.11097852028639618,0.17889908256880735,-0.3864036430652483,-0.2012499006463859
709,1,1,pos,1,709_01_001_sort_pos_joh_01,2.8910052910052912,4.0578245915735165,4.935555555555555,0.47777596652408383,-0.3424319922360494
709,1,1,pos,2,709_01_001_sort_pos_joh_02,2.6493827160493826,2.4428202923473776,2.7880555555555553,-0.15725002019090858,-0.25200669435239476
709,1,1,pos,3,709_01_001_sort_pos_joh_03,1.0433862433862435,0.8038693035253656,1.0294444444444446,-0.24634142825790525,-0.22804948218298676
709,1,1,pos,5,709_01_001_sort_pos_joh_05,1.3333333333333333,1.4579965606190886,1.9591666666666665,0.09189115038994919,-0.35372257755201497
709,1,1,pos,6,709_01_001_sort_pos_joh_06,1.0430335097001764,0.7129836629406707,0.7102777777777778,-0.6061120323371718,0.004853792186293432
709,1,1,pos,7,709_01_001_sort_pos_joh_07,0.564373897707231,0.47067927773000856,0.5652777777777778,-0.26806507230380533,-0.2604148574142787
709,1,4,pos,1,709_01_004_sort_pos_joh_01,0.5005291005291006,0.849914015477214,3.615555555555556,0.31041496513267514,-1.4849589689539413
709,1,4,pos,3,709_01_004_sort_pos_joh_03,0.4488536155202822,0.9796216680997418,0.8905555555555557,0.4606021276388442,0.07443931285599423
709,1,4,pos,4,709_01_004_sort_pos_joh_04,0.32169312169312164,0.4662080825451419,0.5755555555555555,0.21976738437956095,-0.16015428948835253
709,1,5,pos,1,709_01_005_sort_pos_joh_01,0.9209876543209877,1.0030524505588994,0.8366666666666668,0.08194797290842805,0.15964765540371922
709,1,5,pos,2,709_01_005_sort_pos_joh_02,0.09823633156966492,0.4983233018056749,0.3644444444444444,0.5730206896212072,0.180651468345932
709,1,5,pos,3,709_01_005_sort_pos_joh_03,0.14091710758377426,0.43963886500429916,0.21500000000000002,0.6394377040562439,0.46279907376623797
709,1,5,pos,4,709_01_005_sort_pos_joh_04,0.08694885361552028,0.35180567497850385,0.23694444444444443,0.4996409737295275,0.20529923173693465
709,1,6,pos,1,709_01_006_sort_pos_joh_01,2.678835978835979,5.2950128976784185,4.579444444444444,0.8935399412796668,0.22163129369358478
709,1,7,pos,1,709_01_007_sort_pos_joh_01,2.6740740740740736,2.2959157351676693,1.8633333333333333,-0.20459513946455582,0.2200117159697736
709,1,7,pos,2,709_01_007_sort_pos_joh_02,2.6880070546737214,1.3796646603611349,2.730277777777778,-0.7629273936793187,-0.6947452078467008
709,1,7,pos,3,709_01_007_sort_pos_joh_03,2.8973544973544976,1.5008168529664658,1.6047222222222224,-0.9452882678393127,-0.06697384637109594
709,1,7,pos,4,709_01_007_sort_pos_joh_04,0.40846560846560853,0.8876612209802237,1.8208333333333333,0.216214049201506,-0.35555631603682025
709,1,8,pos,1,709_01_008_sort_pos_joh_01,2.9850088183421515,4.007351676698194,3.2022222222222227,0.3650877642783927,0.2665395555617593
709,1,8,pos,2,709_01_008_sort_pos_joh_02,1.1045855379188714,0.5345657781599311,1.2952777777777778,-1.1283299066046815,-1.1762258205794591
709,1,8,pos,5,709_01_008_sort_pos_joh_05,0.063668430335097,0.1009458297506449,0.06999999999999999,0.20462011299877014,0.15967360789170587
709,1,26,pos,1,709_01_026_sort_pos_joh_01,1.104056437389771,1.3413155631986242,3.4286111111111115,0.1586386350765856,-1.0178597999812684
709,1,26,pos,2,709_01_026_sort_pos_joh_02,0.4634920634920634,0.46874462596732586,1.2113888888888888,0.009646761617482959,-1.1135034284248397
709,1,29,pos,1,709_01_029_sort_pos_joh_01,0.9001763668430337,1.625322441960447,0.9422222222222222,0.5200255190600722,0.473027636892337
709,1,29,pos,3,709_01_029_sort_pos_joh_03,0.32592592592592595,0.33185726569217544,0.42527777777777775,0.013501796513963372,-0.20325008236053346
709,1,30,pos,1,709_01_030_sort_pos_joh_01,4.8880070546737215,6.307480653482373,4.290555555555556,0.7504787964661082,1.0028300809155966
709,1,30,pos,2,709_01_030_sort_pos_joh_02,0.5767195767195767,1.038993981083405,0.4791666666666667,0.9084663823047374,1.0617765820780747
709,1,34,pos,2,709_01_034_sort_pos_joh_02,0.16772486772486772,0.47880481513327594,0.3275,0.3813329331413554,0.18064095166296576
709,1,34,pos,3,709_01_034_sort_pos_joh_03,0.0834215167548501,0.26895958727429065,0.2683333333333333,0.42501448291822097,0.0013079312048114666
709,1,37,pos,3,709_01_037_sort_pos_joh_03,0.03880070546737213,0.43521066208082543,0.046388888888888896,0.6744477786294933,0.6347536393287718
709,1,38,pos,1,709_01_038_sort_pos_joh_01,1.215167548500882,1.914316423043852,0.7605555555555555,0.35180165239990363,0.5656298549669697
709,1,38,pos,3,709_01_038_sort_pos_joh_03,0.1430335097001764,0.7506018916595013,0.07222222222222222,0.40416814337401885,0.4359287781403059
709,1,38,pos,4,709_01_038_sort_pos_joh_04,0.26402116402116405,0.4500859845227859,0.1825,0.36179246651202757,0.5076545190037723
709,1,44,pos,1,709_01_044_sort_pos_joh_01,4.6,6.024548581255374,4.677777777777778,0.430352194161221,0.37825943669325873
709,1,44,pos,2,709_01_044_sort_pos_joh_02,2.081834215167549,2.4590283748925197,2.165277777777778,0.2495530272098977,0.18599106609459495
709,1,44,pos,3,709_01_044_sort_pos_joh_03,0.6522045855379189,0.7885210662080825,0.8827777777777777,0.19538243074656586,-0.11627903909493037
709,1,44,pos,4,709_01_044_sort_pos_joh_04,0.6853615520282187,0.33907996560619086,0.4100000000000001,-0.7052674464450835,-0.1463291543138616
709,1,45,pos,1,709_01_045_sort_pos_joh_01,1.9350970017636682,3.027944969905417,1.9194444444444445,0.7556945781590113,0.7449659869159824
709,1,45,pos,2,709_01_045_sort_pos_joh_02,0.5035273368606702,0.5904987102321582,0.7513888888888889,0.1881603481738015,-0.33445697721090933
709,1,45,pos,3,709_01_045_sort_pos_joh_03,0.6,0.7340498710232157,0.39111111111111113,0.20730979511128692,0.5213406974498425
709,1,45,pos,4,709_01_045_sort_pos_joh_04,0.456437389770723,0.5966466036113499,0.3063888888888888,0.21680439416353184,0.4394802799192128
709,1,45,pos,5,709_01_045_sort_pos_joh_05,0.023985890652557323,0.15382631126397248,0.02027777777777778,0.5120359001373433,0.5083736336099466
709,1,46,pos,1,709_01_046_sort_pos_joh_01,5.64074074074074,10.75859845227859,10.563055555555556,1.2660107608978193,0.04547681430328144
709,1,46,pos,4,709_01_046_sort_pos_joh_04,0.18606701940035272,0.4619518486672399,0.5419444444444443,0.7972355569706109,-0.206023948806115
709,1,48,pos,1,709_01_048_sort_pos_joh_01,7.424338624338625,7.971926053310403,10.069722222222222,0.26298097963806844,-0.9748290664733197
709,1,48,pos,2,709_01_048_sort_pos_joh_02,3.8772486772486774,5.3597592433362,5.407222222222222,0.8985938687855219,-0.02811167543293499
709,1,48,pos,3,709_01_048_sort_pos_joh_03,1.0641975308641978,3.1867583834909716,1.3777777777777778,1.1334829868411989,0.9295100263224243
709,1,69,pos,1,709_01_069_sort_pos_joh_01,6.191887125220459,5.966938950988822,5.393888888888889,-0.12391714314604273,0.3084655853157868
709,1,69,pos,2,709_01_069_sort_pos_joh_02,4.4560846560846565,4.49432502149613,2.6005555555555557,0.014797043214694973,0.7339216687484275
709,1,69,pos,3,709_01_069_sort_pos_joh_03,3.0259259259259257,4.834221840068787,3.709444444444444,0.8778909356695737,0.5160649706286058
709,1,69,pos,5,709_01_069_sort_pos_joh_05,0.38641975308641974,0.30429922613929494,0.8355555555555554,-0.20062753822154178,-1.0199839247524511
709,1,89,pos,1,709_01_089_sort_pos_joh_01,0.1783068783068783,0.683061049011178,0.26361111111111113,0.5600414426515814,0.4473012620419699
709,1,89,pos,2,709_01_089_sort_pos_joh_02,0.14056437389770723,0.5239466895958728,0.16305555555555556,0.31974869556934,0.28923391794666076
709,1,89,pos,3,709_01_089_sort_pos_joh_03,0.1800705467372134,0.5537833190025795,0.1125,0.320844459734051,0.36463057022342943
709,1,91,pos,1,709_01_091_sort_pos_joh_01,2.4537918871252202,3.4248925193465176,2.691666666666667,1.0750852433596212,0.7790555434199945
709,1,91,pos,2,709_01_091_sort_pos_joh_02,1.0368606701940035,2.754944110060189,2.6275000000000004,1.5015152504629847,0.10269868386436419
709,1,91,pos,3,709_01_091_sort_pos_joh_03,1.1261022927689595,1.9238607050730867,1.0469444444444445,0.9855901307794964,1.052764610234875
709,1,91,pos,4,709_01_091_sort_pos_joh_04,0.35731922398589067,0.8460447119518487,0.5375,1.0998788988243355,0.6602603503802813
709,1,92,pos,1,709_01_092_sort_pos_joh_01,0.2945326278659612,0.49703353396388644,0.275,0.46761264425773746,0.49571410482496336
709,1,93,pos,1,709_01_093_sort_pos_joh_01,1.5994708994708997,2.9254514187446263,1.9744444444444442,1.1632895085605763,0.8009645077036825
709,1,93,pos,2,709_01_093_sort_pos_joh_02,0.39876543209876547,0.7192605331040413,0.6477777777777778,0.6814754356444329,0.1432609466716783
709,1,93,pos,3,709_01_093_sort_pos_joh_03,0.8679012345679012,0.340713671539123,0.9436111111111113,-0.9666240512190215,-1.0261306833449
709,1,93,pos,4,709_01_093_sort_pos_joh_04,0.10194003527336859,0.14926913155631988,0.14305555555555555,0.2610329519382899,0.03332375177591616
709,1,95,pos,1,709_01_095_sort_pos_joh_01,1.7081128747795415,3.2841788478073948,2.9675,1.2372576450454713,0.22882524321457764
709,1,95,pos,2,709_01_095_sort_pos_joh_02,1.68342151675485,1.900902837489252,1.4330555555555555,0.3229283650175134,0.699232777382238
709,1,95,pos,3,709_01_095_sort_pos_joh_03,0.94673721340388,0.9383061049011178,0.7188888888888889,-0.02004429723018,0.5246814886139057
709,1,95,pos,4,709_01_095_sort_pos_joh_04,0.36067019400352734,0.22248495270851246,0.38666666666666666,-0.45783083936108765,-0.5120178185816465
709,1,96,pos,1,709_01_096_sort_pos_joh_01,7.48395061728395,9.280825451418742,6.733611111111111,0.5972765369588414,0.8315607390435413
709,1,96,pos,2,709_01_096_sort_pos_joh_02,4.219753086419754,8.094797936371453,5.634166666666666,1.285687760937694,0.7880664619018796
709,2,1,pos,1,709_02_001_sort_pos_joh_01,2.654589371980676,5.282160194174757,5.095480225988701,0.8985175368072766,0.06235616434008221
709,2,1,pos,2,709_02_001_sort_pos_joh_02,1.3775362318840578,3.058333333333333,2.027683615819209,0.6890514114724202,0.41648201018194414
709,2,1,pos,3,709_02_001_sort_pos_joh_03,3.36231884057971,1.444215210355987,2.803672316384181,-0.9555104384742312,-0.6575248248455374
709,2,1,pos,4,709_02_001_sort_pos_joh_04,1.765942028985507,1.5900485436893204,1.4954802259887008,-0.17971651468381625,0.09814712229558661
709,2,1,pos,5,709_02_001_sort_pos_joh_05,1.2463768115942029,1.3407362459546925,1.290395480225989,0.10145675811804993,0.05419916005213187
709,2,3,pos,1,709_02_003_sort_pos_joh_01,1.2120772946859903,1.420550161812298,1.1333333333333335,0.12218075048007752,0.16715987886786546
709,2,3,pos,2,709_02_003_sort_pos_joh_02,0.806280193236715,0.4353964401294499,2.4121468926553673,-0.5359101519160688,-2.0524650595963676
709,2,3,pos,3,709_02_003_sort_pos_joh_03,0.16135265700483092,0.6327669902912622,0.3290960451977401,0.6901156001240789,0.4350630735702608
709,2,3,pos,4,709_02_003_sort_pos_joh_04,0.682608695652174,0.41525080906148865,0.5731638418079096,-0.7244166100902335,-0.4146239543083755
709,2,5,pos,1,709_02_005_sort_pos_joh_01,0.2644927536231884,1.083495145631068,0.7084745762711864,0.6382275641925057,0.28161463712953294
709,2,5,pos,2,709_02_005_sort_pos_joh_02,0.2497584541062802,0.7802993527508091,0.2725988700564972,0.594568173920933,0.5606547586001129
709,2,7,pos,1,709_02_007_sort_pos_joh_01,2.6879227053140102,3.3551375404530743,2.102824858757062,0.1375324424054752,0.2554464238660411
709,2,7,pos,2,709_02_007_sort_pos_joh_02,1.2033816425120774,1.5321197411003236,2.705084745762712,0.10043218006168143,-0.30707834044990284
709,2,7,pos,3,709_02_007_sort_pos_joh_03,1.391304347826087,1.1922330097087377,0.6980225988700565,-0.12106967252097547,0.3021318790969484
709,2,7,pos,4,709_02_007_sort_pos_joh_04,0.5161835748792271,0.5147653721682848,0.21638418079096047,-0.0011945723772767822,0.2516663573126344
709,2,24,pos,1,709_02_024_sort_pos_joh_01,0.5272946859903382,1.5759708737864078,2.919491525423729,0.4713773495441161,-0.5539663728897484
709,2,24,pos,3,709_02_024_sort_pos_joh_03,0.21280193236714975,0.46860841423948224,0.9274011299435029,0.3499598795800826,-0.5627893281866284
709,2,38,pos,1,709_02_038_sort_pos_joh_01,0.46811594202898554,1.239644012944984,2.1392655367231637,0.5438022377429811,-0.5967694310860753
709,2,38,pos,2,709_02_038_sort_pos_joh_02,0.45024154589371984,1.2135113268608413,1.652542372881356,0.37453480040205395,-0.2081111416662091
709,2,38,pos,3,709_02_038_sort_pos_joh_03,0.16304347826086957,0.6087783171521036,2.1048022598870055,0.37931443055254765,-0.9850243541865892
709,2,41,pos,1,709_02_041_sort_pos_joh_01,6.730676328502415,6.130299352750809,3.907062146892655,-0.2020484889296065,0.7583622428057314
709,2,41,pos,2,709_02_041_sort_pos_joh_02,2.3719806763285023,2.206957928802589,2.0875706214689265,-0.09000650780178471,0.06253737557451032
709,2,41,pos,3,709_02_041_sort_pos_joh_03,0.34227053140096614,0.1239482200647249,0.06242937853107344,-0.49760159477244725,0.145409136571385
709,2,43,pos,1,709_02_043_sort_pos_joh_01,2.8922705314009662,4.310234627831715,4.3180790960451985,0.817591698412803,-0.00427365365143004
709,2,43,pos,2,709_02_043_sort_pos_joh_02,3.43743961352657,3.7278721682847893,5.507062146892656,0.18950961481994155,-1.135793220570699
709,2,43,pos,3,709_02_043_sort_pos_joh_03,1.4270531400966182,1.5215210355987054,1.2536723163841808,0.1688636249688486,0.4817932855315387
709,2,43,pos,4,709_02_043_sort_pos_joh_04,0.6202898550724637,0.5775080906148867,0.6175141242937854,-0.11915864770811212,-0.10939156970923325
709,2,44,pos,1,709_02_044_sort_pos_joh_01,5.127777777777777,6.591828478964401,4.214689265536723,0.4706925020683922,0.75057093303906
709,2,44,pos,2,709_02_044_sort_pos_joh_02,2.397101449275362,4.8538430420711975,2.0059322033898304,0.6939056645952506,0.7850780081841672
709,2,44,pos,3,709_02_044_sort_pos_joh_03,1.671497584541063,2.21792071197411,1.6070621468926554,0.3449383009782829,0.3671718611337836
709,2,45,pos,1,709_02_045_sort_pos_joh_01,2.1094202898550725,4.620105177993528,3.307627118644068,1.2410906213467274,0.6317698336131693
709,2,45,pos,2,709_02_045_sort_pos_joh_02,2.4869565217391303,3.163915857605178,3.004802259887006,0.6162560199306053,0.14568885208030402
709,2,45,pos,3,709_02_045_sort_pos_joh_03,1.5202898550724635,1.5141181229773462,1.2514124293785311,-0.008141772359626253,0.35475095281215085
709,2,45,pos,4,709_02_045_sort_pos_joh_04,1.7026570048309178,0.7205906148867314,0.6740112994350284,-1.7136422049216629,0.09974809346365059
709,2,45,pos,5,709_02_045_sort_pos_joh_05,0.3210144927536232,0.980906148867314,0.5923728813559321,1.0039940104731075,0.5774019308544178
709,2,45,pos,6,709_02_045_sort_pos_joh_06,0.6772946859903382,0.5850728155339806,0.9423728813559321,-0.14490736932124232,-0.5315443346067336
709,2,69,pos,1,709_02_069_sort_pos_joh_01,4.721014492753623,5.070833333333334,4.643220338983051,0.16085115310710615,0.1941044749195698
709,2,69,pos,2,709_02_069_sort_pos_joh_02,1.982608695652174,5.965291262135922,4.864971751412429,1.8137036422990547,0.4607568188233312
709,2,69,pos,3,709_02_069_sort_pos_joh_03,3.6869565217391305,3.9094255663430415,3.8940677966101696,0.16309242578410177,0.01097240502694509
709,2,69,pos,4,709_02_069_sort_pos_joh_04,2.185024154589372,1.8337378640776698,1.5350282485875706,-0.4557351651098533,0.385371908883836
709,2,69,pos,5,709_02_069_sort_pos_joh_05,0.4031400966183575,1.9214805825242718,1.0152542372881355,0.965881668774044,0.5524535274597215
709,2,69,pos,6,709_02_069_sort_pos_joh_06,0.0463768115942029,0.23673139158576054,0.4036723163841807,0.3280763847561286,-0.26122944601919457
709,2,70,pos,1,709_02_070_sort_pos_joh_01,0.46570048309178746,0.6725728155339805,0.5177966101694915,0.4569998718556455,0.333958959862068
709,2,70,pos,2,709_02_070_sort_pos_joh_02,0.2707729468599034,0.41828478964401294,0.27542372881355937,0.4615466515670496,0.4372300142433979
709,2,70,pos,3,709_02_070_sort_pos_joh_03,0.26256038647343,0.39676375404530745,0.3290960451977401,0.43079649778768087,0.21109442896001232
709,2,70,pos,4,709_02_070_sort_pos_joh_04,0.24879227053140096,0.29939320388349516,0.41073446327683616,0.139220465020416,-0.29277985837031784
709,2,81,pos,1,709_02_081_sort_pos_joh_01,1.0830917874396135,3.546116504854369,1.4937853107344632,1.9458926882286418,1.5088477245540983
709,2,81,pos,2,709_02_081_sort_pos_joh_02,0.3601449275362319,1.229368932038835,0.4759887005649718,1.3870709944520003,1.1703951964817958
709,2,81,pos,3,709_02_081_sort_pos_joh_03,0.055072463768115934,0.1991504854368932,0.0635593220338983,0.867497584501738,0.8080867024235355
709,2,86,pos,1,709_02_086_sort_pos_joh_01,1.0072463768115942,5.007605177993527,1.246045197740113,1.1926935584731304,1.102314864155118
709,2,86,pos,2,709_02_086_sort_pos_joh_02,1.8118357487922703,3.656755663430421,1.8836158192090393,1.164978042993109,1.08554483743586
709,2,86,pos,3,709_02_086_sort_pos_joh_03,1.7693236714975848,1.0715210355987055,3.291242937853107,-0.4408233216583676,-1.2635510247969766
709,2,86,pos,4,709_02_086_sort_pos_joh_04,0.7379227053140096,1.1548543689320387,0.8347457627118644,0.6448595631814248,0.48455436411188235
709,2,86,pos,6,709_02_086_sort_pos_joh_06,0.22246376811594204,0.16205501618122978,0.4313559322033898,-0.3953256355365869,-1.414073703962126
709,2,89,pos,2,709_02_089_sort_pos_joh_02,0.12342995169082127,0.4690533980582524,0.17881355932203388,0.6593668890084788,0.5437589994309723
709,2,91,pos,1,709_02_091_sort_pos_joh_01,2.2256038647342997,2.1712783171521033,2.274011299435028,-0.049253876927310626,-0.0917018564535494
709,2,91,pos,2,709_02_091_sort_pos_joh_02,1.385024154589372,1.6294093851132687,2.1,0.33111096257066724,-0.6161367873461998
709,2,91,pos,3,709_02_091_sort_pos_joh_03,0.9468599033816425,0.7532362459546925,1.152824858757062,-0.39034417727284315,-0.7855772309855206
709,2,93,pos,2,709_02_093_sort_pos_joh_02,0.7702898550724637,0.8070792880258899,0.7550847457627118,0.06451467361814694,0.09210083177485996
709,2,93,pos,3,709_02_093_sort_pos_joh_03,0.3688405797101449,0.614279935275081,0.5505649717514124,0.5712702195560584,0.14268705260282546
709,2,95,pos,1,709_02_095_sort_pos_joh_01,1.8888888888888888,1.6706310679611651,2.05,-0.23341546601327487,-0.38919146833299534
709,2,95,pos,2,709_02_095_sort_pos_joh_02,0.5316425120772946,0.5423543689320388,0.6451977401129944,0.03042409691268267,-0.2849366286732755
709,2,95,pos,3,709_02_095_sort_pos_joh_03,0.44251207729468606,0.35380258899676376,0.3878531073446328,-0.31192576588139864,-0.12057316057195971
709,2,96,pos,1,709_02_096_sort_pos_joh_01,5.829227053140097,4.25121359223301,4.157344632768361,-0.9237580507724323,0.057605455026309295
709,2,96,pos,2,709_02_096_sort_pos_joh_02,1.4231884057971014,3.4178398058252433,2.4237288135593222,1.3650580364779192,0.6608833567637583
709,2,96,pos,3,709_02_096_sort_pos_joh_03,1.5743961352657003,3.234142394822006,2.0785310734463276,0.9278028921434817,0.6316304963772462
709,2,96,pos,4,709_02_096_sort_pos_joh_04,6.352657004830918,0.9569174757281553,2.4192090395480226,-2.556476251780789,-0.7089078325170355
709,3,3,pos,1,709_03_003_sort_pos_joh_01,1.7996810207336524,2.028178137651822,1.244607843137255,0.12567382100579658,0.42613542763959916
709,3,5,pos,1,709_03_005_sort_pos_joh_01,0.6346092503987241,1.901417004048583,1.0011437908496732,0.6262058410079387,0.4405486176954459
709,3,5,pos,2,709_03_005_sort_pos_joh_02,0.13046251993620417,0.5220242914979757,0.2169934640522876,0.4540240839819409,0.3477039565216426
709,3,5,pos,3,709_03_005_sort_pos_joh_03,0.021371610845295055,0.07971659919028339,0.12630718954248368,0.2552834306722515,-0.19157849529931656
709,3,7,pos,1,709_03_007_sort_pos_joh_01,1.238755980861244,2.048987854251012,1.506699346405229,0.4201195810749128,0.2649448279683005
709,3,7,pos,2,709_03_007_sort_pos_joh_02,0.26746411483253585,0.48914979757085014,0.3380718954248366,0.3764456232865231,0.232228454624806
709,3,7,pos,3,709_03_007_sort_pos_joh_03,0.20701754385964913,0.2543724696356275,0.29215686274509806,0.08818348593988364,-0.06708286566814818
709,3,8,pos,1,709_03_008_sort_pos_joh_01,2.4626794258373206,2.7563967611336038,1.279575163398693,0.11262031197252348,0.581650079025273
709,3,8,pos,5,709_03_008_sort_pos_joh_05,0.3015948963317384,0.4080161943319839,0.10800653594771241,0.21732818381915706,0.6275811715704657
709,3,25,pos,1,709_03_025_sort_pos_joh_01,0.6976076555023923,1.2740485829959514,1.5620915032679739,0.5005908319205498,-0.22666689596087208
709,3,25,pos,2,709_03_025_sort_pos_joh_02,0.2692185007974482,0.25129554655870445,1.086764705882353,-0.05201527343730396,-1.3186221704421202
709,3,25,pos,3,709_03_025_sort_pos_joh_03,0.07129186602870814,0.1771255060728745,0.25375816993464057,0.520534421352758,-0.29944421977452057
709,3,29,pos,1,709_03_029_sort_pos_joh_01,0.9015948963317384,0.7609716599190283,0.7423202614379085,-0.2298020654483201,0.029995878692043277
709,3,29,pos,2,709_03_029_sort_pos_joh_02,0.04688995215311005,0.2103238866396761,0.26666666666666666,0.517754286725718,-0.15432735195869018
709,3,29,pos,3,709_03_029_sort_pos_joh_03,0.05422647527910686,0.12246963562753037,0.04722222222222222,0.352229074122049,0.38583276034489317
709,3,32,pos,1,709_03_032_sort_pos_joh_01,2.949920255183413,3.7920242914979756,2.4299019607843135,0.3384893567338099,0.5708435431556098
709,3,32,pos,3,709_03_032_sort_pos_joh_03,0.31993620414673046,1.6476518218623482,0.9148692810457518,0.8014022839947303,0.421042594967919
709,3,38,pos,1,709_03_038_sort_pos_joh_01,0.5540669856459329,2.1268825910931173,0.4323529411764706,0.602030783695954,0.6418498539285235
709,3,44,pos,1,709_03_044_sort_pos_joh_01,3.284210526315789,5.5438866396761135,5.963235294117648,0.6522866966654898,-0.10627987339211523
709,3,44,pos,2,709_03_044_sort_pos_joh_02,2.8454545454545452,3.1625910931174093,3.0313725490196077,0.1825400358076922,0.0664172281845084
709,3,44,pos,3,709_03_044_sort_pos_joh_03,1.960127591706539,1.585425101214575,1.743954248366013,-0.3901587466753899,-0.14974815651434317
709,3,44,pos,4,709_03_044_sort_pos_joh_04,1.4912280701754386,1.2033603238866397,0.9434640522875817,-0.39995146207006754,0.34146454119006187
709,3,44,pos,5,709_03_044_sort_pos_joh_05,0.60414673046252,0.3845344129554656,0.5393790849673203,-0.4801768294244581,-0.24187749584566381
709,3,45,pos,1,709_03_045_sort_pos_joh_01,3.5944178628389154,3.1618623481781376,3.341830065359477,-0.3811644283591414,-0.16522252638960316
709,3,45,pos,2,709_03_045_sort_pos_joh_02,2.0701754385964914,2.6855465587044534,2.713235294117647,0.5784793958909928,-0.025378009876778004
709,3,45,pos,3,709_03_045_sort_pos_joh_03,0.9966507177033492,2.8546963562753036,1.7111111111111112,1.4914650246164705,0.8992963959574921
709,3,45,pos,4,709_03_045_sort_pos_joh_04,1.4344497607655502,1.1381376518218622,1.0205882352941176,-0.4466247837541087,0.18536250051957304
709,3,45,pos,5,709_03_045_sort_pos_joh_05,0.3708133971291866,0.7709716599190283,0.3254901960784314,0.5850246327908356,0.6464981716089265
709,3,45,pos,6,709_03_045_sort_pos_joh_06,0.31259968102073366,0.4094331983805668,0.31209150326797386,0.23619039497018743,0.23038585413127885
709,3,45,pos,8,709_03_045_sort_pos_joh_08,0.051355661881977675,0.21672064777327935,0.10179738562091503,0.7004417961628658,0.47696936542864704
709,3,46,pos,1,709_03_046_sort_pos_joh_01,3.98213716108453,5.203603238866397,4.251633986928105,0.486321124894466,0.35941579698688336
709,3,46,pos,2,709_03_046_sort_pos_joh_02,0.6984051036682616,1.3464777327935222,1.399346405228758,0.382108096597972,-0.030154259862366348
709,3,46,pos,4,709_03_046_sort_pos_joh_04,0.01594896331738437,0.30417004048582996,0.25212418300653594,0.6390906856117027,0.10387647607508806
709,3,46,pos,5,709_03_046_sort_pos_joh_05,0.024720893141945772,0.26708502024291497,0.06209150326797386,0.6783185574624213,0.5651899275627985
709,3,47,pos,1,709_03_047_sort_pos_joh_01,9.857735247208932,9.58663967611336,9.17205882352941,-0.06281874011294185,0.09594007080881914
709,3,47,pos,2,709_03_047_sort_pos_joh_02,0.3843700159489633,4.385465587044534,1.4627450980392156,1.1560033584578646,0.8295469325162425
709,3,72,pos,1,709_03_072_sort_pos_joh_01,1.3103668261563,1.8919433198380569,1.5366013071895424,0.6123354425013467,0.35700867068115055
709,3,91,pos,1,709_03_091_sort_pos_joh_01,1.9861244019138755,2.468016194331984,2.4694444444444446,0.364662870570485,-0.0010482532378958264
709,3,91,pos,2,709_03_091_sort_pos_joh_02,0.4169059011164274,0.3488259109311741,0.4910130718954248,-0.2548467463622504,-0.5090352540872325
709,3,94,pos,1,709_03_094_sort_pos_joh_01,0.6920255183413078,1.441417004048583,1.3700980392156863,0.7660270795890445,0.06947980581399507
709,3,94,pos,2,709_03_094_sort_pos_joh_02,0.11339712918660289,0.16323886639676113,0.25669934640522873,0.19843965959575705,-0.33302108577955036
709,3,96,pos,1,709_03_096_sort_pos_joh_01,4.258532695374801,5.308704453441296,4.712908496732027,0.4982403801138061,0.27369216608605607
709,4,3,pos,1,709_04_003_sort_pos_joh_01,0.5141779788838613,2.8141980718667834,1.825512104283054,1.0002376782100684,0.3871874298644516
709,4,3,pos,2,709_04_003_sort_pos_joh_02,0.06274509803921569,0.3956178790534619,0.11378026070763501,0.8433898406466704,0.6811509396716537
709,4,3,pos,4,709_04_003_sort_pos_joh_04,0.030467571644042235,0.04846625766871166,0.03407821229050279,0.19931624375169138,0.15396601374350502
709,4,5,pos,1,709_04_005_sort_pos_joh_01,2.308446455505279,1.5216476774758985,3.188454376163873,-0.3494964031445953,-0.6335925008674773
709,4,5,pos,2,709_04_005_sort_pos_joh_02,0.24766214177978882,0.3698510078878177,0.446927374301676,0.2480111759637307,-0.13493357896592384
709,4,8,pos,2,709_04_008_sort_pos_joh_02,1.4010558069381598,3.2030674846625766,2.2152700186219736,0.689425706457686,0.3500188081083814
709,4,8,pos,4,709_04_008_sort_pos_joh_04,0.31161387631975873,0.5802804557405784,0.4521415270018622,0.6174763599899734,0.2546883266649309
709,4,32,pos,1,709_04_032_sort_pos_joh_01,1.210558069381599,2.3454864154250656,1.7761638733705771,0.8107944991817136,0.3631178632972885
709,4,32,pos,2,709_04_032_sort_pos_joh_02,0.15731523378582205,0.5653812445223488,0.21564245810055868,0.8087473593286618,0.6560477134058096
709,4,41,pos,1,709_04_041_sort_pos_joh_01,4.948114630467572,3.5808939526730934,4.610800744878957,-0.8473033513352516,-0.6132992173933088
709,4,41,pos,2,709_04_041_sort_pos_joh_02,3.788838612368024,4.361963190184049,4.241527001862197,0.22658504158931758,0.04161131966540826
709,4,41,pos,4,709_04_041_sort_pos_joh_04,0.47028657616892905,0.35311130587204204,0.5450651769087523,-0.41673270867118767,-0.6232291793234799
709,4,41,pos,5,709_04_041_sort_pos_joh_05,0.31206636500754154,0.5024539877300614,0.26983240223463684,0.4465938189764803,0.5172460151250279
709,4,42,pos,1,709_04_042_sort_pos_joh_01,3.3883861236802413,3.7522348816827344,4.081005586592179,0.1795634813005028,-0.1490557312962199
709,4,42,pos,2,709_04_042_sort_pos_joh_02,2.122926093514329,4.187028921998246,3.7052141527001865,0.9208999997757239,0.18842516998758144
709,4,45,pos,1,709_04_045_sort_pos_joh_01,3.2671191553544494,3.1779141104294477,3.0236499068901304,-0.06785370619073537,0.12081284090875825
709,4,45,pos,2,709_04_045_sort_pos_joh_02,2.1734539969834086,2.8212094653812447,2.8651769087523276,0.42366106057798936,-0.026173412560557035
709,4,45,pos,3,709_04_045_sort_pos_joh_03,0.9330316742081448,1.7311130587204204,2.0121042830540037,0.6631726560457002,-0.191850792311936
709,4,48,pos,1,709_04_048_sort_pos_joh_01,2.1396681749622926,3.8184049079754603,3.4610800744878953,0.7525987980847716,0.14728274877645664
709,4,48,pos,2,709_04_048_sort_pos_joh_02,0.7369532428355958,0.7039439088518843,0.746927374301676,-0.03386056390113094,-0.04118253341543706
709,4,48,pos,4,709_04_048_sort_pos_joh_04,0.02926093514328808,0.06950043821209466,0.03333333333333333,0.36034562650890245,0.31192585697961356
709,4,82,pos,1,709_04_082_sort_pos_joh_01,2.026093514328809,4.834005258545136,1.7558659217877095,0.8888077008332322,0.9422205841632788
709,4,96,pos,1,709_04_096_sort_pos_joh_01,1.693665158371041,1.5094653812445225,1.533705772811918,-0.23308522369154006,-0.028505308159512823
710,1,1,pos,1,710_01_001_sort_pos_joh_01,1.539433551198257,3.1131513647642683,3.7514184397163124,1.15664941572532,-0.4173869026457325
710,1,1,pos,2,710_01_001_sort_pos_joh_02,0.7320261437908496,1.0342431761786601,0.5624113475177305,0.37205733221653864,0.553232320410617
710,1,1,pos,3,710_01_001_sort_pos_joh_03,0.4864923747276689,0.6906534325889164,0.6464539007092199,0.3894343600341632,0.07795098093580642
710,1,1,pos,4,710_01_001_sort_pos_joh_04,0.23638344226579525,0.6221670802315963,0.65177304964539,0.561838424136523,-0.03978778222255852
710,1,1,pos,5,710_01_001_sort_pos_joh_05,0.31677559912854025,0.43432588916459874,0.31950354609929077,0.41410458158967695,0.3856321991501593
710,1,1,pos,6,710_01_001_sort_pos_joh_06,0.09237472766884533,0.07568238213399504,0.017021276595744685,-0.08898174972174097,0.37861682156040394
710,1,3,pos,1,710_01_003_sort_pos_joh_01,1.7006535947712418,3.47808105872622,1.229078014184397,0.5122851693151337,0.6323210284530725
710,1,3,pos,2,710_01_003_sort_pos_joh_02,1.7989106753812638,2.7803970223325063,1.397872340425532,0.5948789112000931,0.7924961030017936
710,1,3,pos,3,710_01_003_sort_pos_joh_03,0.2636165577342048,0.6499586435070306,0.299290780141844,0.9305588531065058,0.8042707185766802
710,1,8,pos,1,710_01_008_sort_pos_joh_01,3.1069716775599128,3.631100082712986,2.7361702127659573,0.28980727721932453,0.47652932910598156
710,1,8,pos,2,710_01_008_sort_pos_joh_02,1.6206971677559914,2.2443341604631923,1.7390070921985814,0.546638179905537,0.42420607383860254
710,1,8,pos,3,710_01_008_sort_pos_joh_03,1.5553376906318082,1.647394540942928,1.4939716312056739,0.08728429936047247,0.1331393179083743
710,1,8,pos,4,710_01_008_sort_pos_joh_04,0.05315904139433552,0.15144747725392887,0.07056737588652483,0.3505092553921203,0.2729033989822069
710,1,11,pos,1,710_01_011_sort_pos_joh_01,5.29041394335512,5.991315136476426,5.252127659574469,0.27981097989527937,0.2781788496451835
710,1,11,pos,2,710_01_011_sort_pos_joh_02,4.620261437908496,3.738296112489661,3.008510638297872,-0.5730142658056292,0.46696492395107153
710,1,11,pos,3,710_01_011_sort_pos_joh_03,3.444880174291939,2.9813895781637716,0.650709219858156,-0.2661643611041306,1.302483222692583
710,1,11,pos,4,710_01_011_sort_pos_joh_04,2.480392156862745,2.6567411083540113,4.072340425531914,0.149616286412069,-0.9831472018493584
710,1,11,pos,5,710_01_011_sort_pos_joh_05,0.49215686274509807,0.62191894127378,0.19113475177304967,0.1886687132286968,0.635009714009793
710,1,14,pos,1,710_01_014_sort_pos_joh_01,2.409150326797385,1.8388751033912327,0.41702127659574467,-0.7056554464739205,1.7899739230862346
710,1,14,pos,2,710_01_014_sort_pos_joh_02,2.051851851851852,1.960049627791563,0.4939716312056738,-0.10890932057378573,1.80289346805404
710,1,14,pos,3,710_01_014_sort_pos_joh_03,1.444880174291939,1.4877584780810587,0.35815602836879434,0.057565894953302214,1.4950899652143343
710,1,14,pos,4,710_01_014_sort_pos_joh_04,1.0034858387799566,1.0630272952853597,0.22021276595744682,0.09530217953843541,1.3852742036966879
710,1,14,pos,5,710_01_014_sort_pos_joh_05,0.6283224400871459,0.20926385442514475,0.09219858156028368,-1.3830575915853922,0.46932999385248486
710,1,14,pos,6,710_01_014_sort_pos_joh_06,0.21241830065359477,0.11720430107526883,0.025177304964539005,-0.2719757946960884,0.25939540882740914
710,1,15,pos,1,710_01_015_sort_pos_joh_01,12.020915032679738,9.237138130686517,10.74858156028369,-0.9898826902916271,-0.5745041735354796
710,1,15,pos,2,710_01_015_sort_pos_joh_02,6.1503267973856195,5.446401985111662,4.605319148936171,-0.29266385431648817,0.3324816820147847
710,1,15,pos,3,710_01_015_sort_pos_joh_03,1.3840958605664486,1.4258064516129032,0.07553191489361702,0.03577531098031596,1.166326266083789
710,1,15,pos,4,710_01_015_sort_pos_joh_04,0.7549019607843137,0.3731182795698925,0.18156028368794327,-0.9082821163287331,0.507165220501596
710,1,15,pos,5,710_01_015_sort_pos_joh_05,0.43115468409586055,0.46666666666666673,0.09219858156028368,0.05145922798131196,0.530744876011001
710,1,18,pos,1,710_01_018_sort_pos_joh_01,7.971677559912854,12.188585607940448,8.202836879432624,0.9570879694842847,0.8313040652409355
710,1,18,pos,2,710_01_018_sort_pos_joh_02,5.8050108932461875,3.7655086848635237,5.260992907801419,-0.9552220961567394,-0.7146356064599929
710,1,18,pos,3,710_01_018_sort_pos_joh_03,4.1117647058823525,4.132092638544251,4.0177304964539005,0.021659226745552467,0.11250931491401803
710,1,18,pos,4,710_01_018_sort_pos_joh_04,1.768627450980392,3.660049627791563,1.603191489361702,0.8109840294742577,0.8362541430395629
710,1,18,pos,5,710_01_018_sort_pos_joh_05,1.406318082788671,1.1748552522746072,0.55,-0.22296777784096333,0.6010989528883617
710,1,19,pos,1,710_01_019_sort_pos_joh_01,1.0196078431372548,1.277336641852771,1.1060283687943262,0.32904664003456074,0.19714632229796808
710,1,19,pos,2,710_01_019_sort_pos_joh_02,1.1313725490196078,1.3514474772539289,0.9960992907801418,0.34546174717248707,0.5283453943498931
710,1,19,pos,3,710_01_019_sort_pos_joh_03,1.1729847494553376,1.2827129859387925,0.9996453900709219,0.16922322880154472,0.4220262179417998
710,1,19,pos,4,710_01_019_sort_pos_joh_04,0.43028322440087147,0.8092638544251446,0.5783687943262411,0.5460000422530058,0.29975063772315624
710,1,19,pos,5,710_01_019_sort_pos_joh_05,0.10522875816993466,0.13126550868486353,0.1102836879432624,0.127951390772101,0.09832885623306255
710,1,20,pos,1,710_01_020_sort_pos_joh_01,3.74400871459695,4.6486352357320095,4.531560283687943,0.6482165635543348,0.08102854525340973
710,1,20,pos,2,710_01_020_sort_pos_joh_02,1.590631808278867,1.6887510339123244,1.251418439716312,0.12853282047921807,0.5463014244070067
710,1,20,pos,3,710_01_020_sort_pos_joh_03,1.6013071895424837,1.6730355665839538,1.2060283687943263,0.10805354193707171,0.6978673752849704
710,1,20,pos,4,710_01_020_sort_pos_joh_04,1.251851851851852,1.3001654259718776,0.9,0.08832607697384941,0.7291637533136769
710,1,22,pos,1,710_01_022_sort_pos_joh_01,2.440087145969499,3.640860215053763,2.7890070921985815,0.9897983264016956,0.6689633000840868
710,1,22,pos,2,710_01_022_sort_pos_joh_02,0.9374727668845315,1.6770885028949547,1.3060283687943262,1.087294532468688,0.5087804297735296
710,1,22,pos,3,710_01_022_sort_pos_joh_03,0.6233115468409586,1.2781637717121586,0.45851063829787236,0.9351114503990087,1.109756644678085
710,1,22,pos,4,710_01_022_sort_pos_joh_04,0.07494553376906318,0.0956989247311828,0.031914893617021274,0.18126132089592814,0.5720729403321704
710,1,24,pos,1,710_01_024_sort_pos_joh_01,1.484095860566449,1.8356492969396196,2.117021276595745,0.3895357637625849,-0.2882496961311303
710,1,24,pos,2,710_01_024_sort_pos_joh_02,0.884967320261438,0.9240694789081886,1.425531914893617,0.08083046238588626,-0.9142261845229923
710,1,26,pos,2,710_01_026_sort_pos_joh_02,4.060130718954247,5.507692307692307,6.99468085106383,0.44958264184900476,-0.4454417687085555
710,1,26,pos,5,710_01_026_sort_pos_joh_05,0.8601307189542483,1.8634408602150538,1.379787234042553,0.8699204586392448,0.4084173543697313
710,1,26,pos,6,710_01_026_sort_pos_joh_06,0.933769063180828,1.409925558312655,0.9599290780141844,0.5696711838625172,0.5850043870695668
710,1,26,pos,7,710_01_026_sort_pos_joh_07,0.2394335511982571,0.7288668320926386,0.1453900709219858,0.50861977376093,0.5791097366901538
710,1,37,pos,1,710_01_037_sort_pos_joh_01,2.8082788671023966,4.114309346567412,3.252836879432624,0.49561814618872785,0.3047238290179724
710,1,37,pos,2,710_01_037_sort_pos_joh_02,2.9810457516339866,2.934656741108354,2.9372340425531913,-0.02866092388913288,-0.0015146582093627072
710,1,37,pos,3,710_01_037_sort_pos_joh_03,0.6089324618736384,0.5497105045492143,0.5039007092198582,-0.07555965362891473,0.05260306073442623
710,1,39,pos,1,710_01_039_sort_pos_joh_01,0.12026143790849672,0.27237386269644337,0.14751773049645392,0.36165812534851116,0.28178164273817247
710,1,39,pos,2,710_01_039_sort_pos_joh_02,0.062309368191721136,0.10322580645161292,0.047872340425531915,0.29968634589216403,0.3948630787046392
710,1,41,pos,1,710_01_041_sort_pos_joh_01,4.4224400871459695,3.7585607940446644,4.9687943262411345,-0.4123887305930741,-0.764749525154376
710,1,41,pos,2,710_01_041_sort_pos_joh_02,0.9877995642701525,2.1751861042183624,1.9783687943262411,1.1851806918860297,0.18147063503881308
710,1,41,pos,3,710_01_041_sort_pos_joh_03,0.5481481481481482,0.8856079404466501,1.4301418439716311,0.5286454081788784,-0.7612312798615906
710,1,41,pos,4,710_01_041_sort_pos_joh_04,0.21546840958605665,0.4507030603804797,0.23368794326241138,0.3911191388807948,0.3386429150102151
710,1,41,pos,5,710_01_041_sort_pos_joh_05,0.06274509803921569,0.0934656741108354,0.02163120567375887,0.14559580092032393,0.32823541575323933
710,1,42,pos,1,710_01_042_sort_pos_joh_01,5.172113289760349,4.683291976840364,3.3751773049645393,-0.2252587103072653,0.5992771470985251
710,1,42,pos,2,710_01_042_sort_pos_joh_02,1.0921568627450982,0.9705541770057899,0.8907801418439717,-0.23039014031256602,0.15094936280439367
710,1,42,pos,3,710_01_042_sort_pos_joh_03,0.35838779956427014,1.403639371381307,0.08226950354609928,0.7258122551302637,0.8772283469631537
710,1,42,pos,4,710_01_042_sort_pos_joh_04,0.8002178649237472,0.8746898263027295,0.5067375886524822,0.12982626492008764,0.6173776484621699
710,1,43,pos,1,710_01_043_sort_pos_joh_01,2.1542483660130722,2.031017369727047,2.376241134751773,-0.10327342382796195,-0.2733851771319814
710,1,43,pos,2,710_01_043_sort_pos_joh_02,1.8509803921568626,2.531017369727047,0.48510638297872344,0.3035350666669028,0.9500485893000856
710,1,43,pos,3,710_01_043_sort_pos_joh_03,1.5742919389978214,1.4612076095947062,1.6368794326241136,-0.09785829191341515,-0.14487258083296137
710,1,43,pos,4,710_01_043_sort_pos_joh_04,0.8235294117647058,0.6564102564102565,1.220567375886525,-0.3305763371135111,-0.9732736798177748
710,1,43,pos,5,710_01_043_sort_pos_joh_05,0.08779956427015251,0.24755996691480564,0.24219858156028368,0.4028717277549723,0.011618171908781505
710,1,44,pos,1,710_01_044_sort_pos_joh_01,1.3335511982570805,2.4252274607113318,0.9737588652482271,0.8045524837836303,1.0228857484990346
710,1,44,pos,2,710_01_044_sort_pos_joh_02,1.6352941176470588,2.042183622828784,1.2375886524822695,0.5650711647025288,1.0885770607818257
710,1,44,pos,3,710_01_044_sort_pos_joh_03,0.3337690631808279,0.4136476426799008,0.21170212765957447,0.28297514261715623,0.7020170520780686
710,1,44,pos,4,710_01_044_sort_pos_joh_04,0.21328976034858388,0.21803143093465677,0.15106382978723404,0.026809207526679927,0.3886368670435272
710,1,46,pos,1,710_01_046_sort_pos_joh_01,2.636165577342048,2.876261373035567,2.545390070921986,0.2198179747638544,0.28847068038643137
710,1,46,pos,2,710_01_046_sort_pos_joh_02,1.618954248366013,1.0762613730355666,0.9819148936170212,-0.949386411265262,0.17170611149190249
710,1,46,pos,3,710_01_046_sort_pos_joh_03,0.7912854030501091,0.6166253101736973,0.9081560283687944,-0.4197034037682987,-0.6446845199514228
710,1,46,pos,4,710_01_046_sort_pos_joh_04,0.2516339869281046,0.31323407775020684,0.2978723404255319,0.25111164319578555,0.05399848626770399
710,1,46,pos,5,710_01_046_sort_pos_joh_05,0.06862745098039216,0.23407775020678245,0.07588652482269505,0.5622841320139873,0.5077122580375703
710,1,49,pos,4,710_01_049_sort_pos_joh_04,0.41982570806100217,1.9478908188585609,0.25177304964539005,0.6526131605723207,0.6961215054389954
710,1,50,pos,1,710_01_050_sort_pos_joh_01,0.36187363834422664,0.41290322580645156,0.44893617021276594,0.13875190901378073,-0.08725265353290194
710,1,50,pos,2,710_01_050_sort_pos_joh_02,0.1840958605664488,0.2409429280397022,0.3074468085106383,0.2339128818421047,-0.23804453880345536
710,1,50,pos,3,710_01_050_sort_pos_joh_03,0.11808278867102397,0.20140612076095948,0.3414893617021277,0.40073279851251203,-0.46929247508276334
710,1,50,pos,4,710_01_050_sort_pos_joh_04,0.08366013071895424,0.13126550868486353,0.20921985815602837,0.20860258795838973,-0.3020261719496781
710,1,51,pos,1,710_01_051_sort_pos_joh_01,20.237037037037034,17.426964433416046,21.452482269503548,-0.5613345161278422,-0.7778788805402806
710,1,51,pos,2,710_01_051_sort_pos_joh_02,9.096514161220044,8.4343258891646,7.320212765957447,-0.2848493486620182,0.4705318797999749
710,1,51,pos,3,710_01_051_sort_pos_joh_03,5.1725490196078425,3.7754342431761785,3.821631205673759,-1.2199734291777729,-0.03919200490615437
710,1,51,pos,4,710_01_051_sort_pos_joh_04,1.971677559912854,1.6066997518610422,1.3375886524822695,-0.6486435258519694,0.4817398584046433
710,1,51,pos,5,710_01_051_sort_pos_joh_05,0.4633986928104575,0.3865177832919768,0.24574468085106388,-0.26826059068646496,0.4947470154651304
710,1,53,pos,1,710_01_053_sort_pos_joh_01,19.88235294117647,18.22828784119107,20.929787234042553,-0.4257225270121688,-0.6905911575547149
710,1,53,pos,2,710_01_053_sort_pos_joh_02,13.207189542483661,15.570802315963604,17.04609929078014,0.6143878282203348,-0.3738845221816874
710,1,53,pos,3,710_01_053_sort_pos_joh_03,8.312636165577342,6.10827129859388,5.811702127659575,-1.048734204226227,0.13731506811574024
710,1,53,pos,4,710_01_053_sort_pos_joh_04,2.5211328976034864,3.2407775020678247,5.5719858156028375,0.4257553303150223,-1.3256194859241563
710,1,53,pos,5,710_01_053_sort_pos_joh_05,1.9688453159041395,4.013482216708024,1.5173758865248226,0.46116960307911303,0.5331630022948743
710,1,53,pos,6,710_01_053_sort_pos_joh_06,0.9128540305010894,1.0867659222497934,1.0411347517730498,0.3850482975722953,0.09979886716832762
710,1,55,pos,1,710_01_055_sort_pos_joh_01,41.24357298474946,34.548056244830434,36.823404255319154,-1.0934905238687576,-0.3661167140365846
710,1,55,pos,2,710_01_055_sort_pos_joh_02,3.2773420479302833,2.0157154673283704,2.613829787234043,-1.5463133711023769,-0.7453090672709579
710,1,55,pos,3,710_01_055_sort_pos_joh_03,1.1344226579520698,0.9069478908188585,1.021985815602837,-0.40362507905281875,-0.20576557267856993
710,1,56,pos,1,710_01_056_sort_pos_joh_01,26.065359477124183,33.76261373035567,33.99290780141844,0.7069436192378376,-0.020026844421845613
710,1,56,pos,2,710_01_056_sort_pos_joh_02,8.626797385620915,6.088172043010753,6.665602836879433,-1.1368276522396306,-0.2664457398657458
710,1,56,pos,3,710_01_056_sort_pos_joh_03,8.590196078431372,3.4425971877584782,4.980851063829788,-1.6814080416416108,-0.581113999791479
710,1,56,pos,4,710_01_056_sort_pos_joh_04,2.75599128540305,1.9336641852770884,1.6897163120567373,-0.7777285238139475,0.23510032843926465
710,1,56,pos,5,710_01_056_sort_pos_joh_05,0.662091503267974,0.9187758478081058,0.6436170212765957,0.5215056908710226,0.540569086621514
710,1,56,pos,6,710_01_056_sort_pos_joh_06,0.3113289760348584,0.5267162944582299,0.4443262411347518,0.6495799997919411,0.22708622423462227
710,1,68,pos,1,710_01_068_sort_pos_joh_01,1.729193899782135,4.039867659222498,3.2063829787234046,1.058366656287214,0.35617608827533054
710,1,68,pos,2,710_01_068_sort_pos_joh_02,0.7749455337690632,1.1755169561621175,1.0060283687943261,0.6109010080703184,0.23481179250162582
710,1,68,pos,3,710_01_068_sort_pos_joh_03,0.5793028322440087,0.7643507030603804,0.7333333333333333,0.35936422415498587,0.05470303815121682
710,1,68,pos,4,710_01_068_sort_pos_joh_04,0.35446623093681917,0.5631927212572375,0.4358156028368795,0.6528215146621341,0.3839505928993233
710,1,69,pos,1,710_01_069_sort_pos_joh_01,5.3653594771241835,6.749710504549214,4.212056737588653,0.3073312590994534,0.5553297080750571
710,1,69,pos,3,710_01_069_sort_pos_joh_03,0.835511982570806,1.3799007444168734,0.99822695035461,0.46954545149683435,0.30677648005870267
710,1,69,pos,4,710_01_069_sort_pos_joh_04,0.22919389978213506,0.6297766749379652,1.0202127659574467,0.49055203854732315,-0.41344469877449935
710,1,70,pos,1,710_01_070_sort_pos_joh_01,6.650326797385621,2.0764267990074443,8.428368794326241,-1.7068597566359516,-2.7798205853002123
710,1,70,pos,2,710_01_070_sort_pos_joh_02,4.1119825708061,4.334656741108354,3.4535460992907803,0.09980769494671131,0.3824432374077087
710,1,70,pos,3,710_01_070_sort_pos_joh_03,6.909368191721132,2.0058726220016543,5.324113475177304,-1.3687989348540281,-1.0930335758598781
710,1,70,pos,4,710_01_070_sort_pos_joh_04,1.1612200435729847,0.4486352357320099,1.4939716312056739,-1.3677414023052437,-2.028495761199562
710,1,70,pos,5,710_01_070_sort_pos_joh_05,0.6710239651416122,0.7211745244003308,0.829078014184397,0.10949344092473633,-0.22277755302602628
710,1,71,pos,1,710_01_071_sort_pos_joh_01,2.6185185185185182,4.596360628618693,2.2652482269503547,0.6276193168966498,0.708382670108304
710,1,71,pos,2,710_01_071_sort_pos_joh_02,2.222004357298475,1.9282051282051285,1.7893617021276595,-0.2537336490397253,0.11882697980664887
710,1,71,pos,3,710_01_071_sort_pos_joh_03,0.759041394335512,0.882464846980976,0.3719858156028369,0.21944748615477702,0.913875601245202
710,1,71,pos,4,710_01_071_sort_pos_joh_04,0.37298474945533766,0.5358147229114971,0.3904255319148936,0.3047472979008196,0.25899396894780713
710,1,71,pos,5,710_01_071_sort_pos_joh_05,0.3849673202614379,0.3883374689826303,0.30141843971631205,0.010396884842040776,0.23894698671519746
711,1,2,pos,1,711_01_002_sort_pos_joh_01,0.3171232876712328,0.3460336068776866,0.27958333333333335,0.0516176892789484,0.11937692779397772
711,1,2,pos,2,711_01_002_sort_pos_joh_02,0.4815068493150685,0.29933567799921845,0.4516666666666667,-0.3917008824033964,-0.31887676690514954
711,1,4,pos,1,711_01_004_sort_pos_joh_01,2.2787671232876714,1.8019929660023448,2.1599999999999997,-0.26642796070964536,-0.19863888545109593
711,1,4,pos,3,711_01_004_sort_pos_joh_03,0.1867579908675799,0.16885502149277062,0.235625,-0.056868123418017454,-0.2068810458348439
711,1,4,pos,4,711_01_004_sort_pos_joh_04,0.17077625570776253,0.08151621727237203,0.10354166666666667,-0.21495366363008309,-0.06729228835413212
711,1,6,pos,2,711_01_006_sort_pos_joh_02,0.4678082191780822,1.5935521688159437,1.2420833333333334,0.4756333999762784,0.139048869656543
711,1,6,pos,3,711_01_006_sort_pos_joh_03,0.8915525114155252,0.677178585384916,2.664375,-0.2080989026532921,-1.2755860611424026
711,1,6,pos,4,711_01_006_sort_pos_joh_04,0.7842465753424658,0.9170379054318092,0.7879166666666665,0.13770540199808665,0.12955480046564602
711,1,6,pos,5,711_01_006_sort_pos_joh_05,0.42100456621004567,0.20160218835482613,0.35500000000000004,-0.6527066360810084,-0.4314006484244416
711,1,7,pos,1,711_01_007_sort_pos_joh_01,1.9050228310502282,2.2748729972645565,1.2354166666666666,0.2126995135280466,0.6108000489001617
711,1,7,pos,2,711_01_007_sort_pos_joh_02,0.18287671232876715,0.2962485345838218,0.17791666666666667,0.282264041079915,0.2914220120578259
711,1,8,pos,2,711_01_008_sort_pos_joh_02,2.0472602739726025,0.5485345838218054,0.39749999999999996,-1.065915796282727,0.1582122675249087
711,1,8,pos,3,711_01_008_sort_pos_joh_03,0.6337899543378996,0.5429855412270418,0.7183333333333334,-0.14184030638738385,-0.2544958420962764
711,1,8,pos,4,711_01_008_sort_pos_joh_04,0.2805936073059361,0.2849941383352872,0.34791666666666665,0.013152457820367081,-0.1729863647139815
711,1,8,pos,5,711_01_008_sort_pos_joh_05,0.11917808219178082,0.0905431809300508,0.12479166666666666,-0.20765722778870968,-0.23470662823304275
711,1,10,pos,1,711_01_010_sort_pos_joh_01,2.493607305936073,1.235834310277452,0.46124999999999994,-1.0053145399906864,0.6286588617840525
711,1,10,pos,2,711_01_010_sort_pos_joh_02,0.1458904109589041,0.04286830793278624,0.02895833333333333,-0.6937071047271003,0.1181782541060918
711,1,17,pos,1,711_01_017_sort_pos_joh_01,3.4577625570776256,10.73958577569363,8.076875,1.8425487190952168,0.6630222088667093
711,1,17,pos,2,711_01_017_sort_pos_joh_02,0.8972602739726029,1.6784681516217272,1.2660416666666667,0.4772908300905874,0.24981608349777493
711,1,17,pos,3,711_01_017_sort_pos_joh_03,0.31575342465753425,0.5425166080500196,0.42562500000000003,0.43446921982900444,0.21868736002104705
711,1,17,pos,4,711_01_017_sort_pos_joh_04,0.19703196347031965,0.46682297772567405,0.21000000000000002,0.5097782513722385,0.4886987529562607
711,1,18,pos,1,711_01_018_sort_pos_joh_01,0.47534246575342465,1.226377491207503,0.7308333333333333,0.5410500752641615,0.35437968613255993
711,1,18,pos,2,711_01_018_sort_pos_joh_02,0.14634703196347032,0.3647518561938257,0.10020833333333333,0.27366573532620453,0.33474877263246333
711,1,40,pos,1,711_01_040_sort_pos_joh_01,1.2178082191780821,2.324736225087925,0.9337499999999999,0.41325077287477563,0.522829349628436
711,1,40,pos,2,711_01_040_sort_pos_joh_02,0.38036529680365294,0.9468151621727238,0.4445833333333333,0.6916611989080631,0.5985979487380406
711,1,40,pos,3,711_01_040_sort_pos_joh_03,0.4657534246575342,0.6257522469714734,0.6739583333333333,0.26717326456090473,-0.07297225478238353
711,1,40,pos,4,711_01_040_sort_pos_joh_04,0.6534246575342467,0.18257131692067213,0.14895833333333333,-1.8746952691559478,0.14172025747467118
711,1,43,pos,1,711_01_043_sort_pos_joh_01,4.826027397260273,6.7720593982024235,6.198333333333334,0.5350474221860377,0.1553348969010457
711,1,43,pos,2,711_01_043_sort_pos_joh_02,6.431278538812785,6.09831965611567,5.132291666666666,-0.14200861424677175,0.4134979741452684
711,1,43,pos,3,711_01_043_sort_pos_joh_03,4.497488584474886,4.599452911293474,6.401458333333333,0.049682835456630665,-0.855510315932115
711,1,43,pos,4,711_01_043_sort_pos_joh_04,5.208219178082191,4.415943728018757,5.447500000000001,-0.49685664953973296,-0.5996423931788594
711,1,43,pos,5,711_01_043_sort_pos_joh_05,4.194748858447489,2.9926924579914025,4.737708333333333,-0.4063284464943454,-0.5694844705396521
711,1,43,pos,6,711_01_043_sort_pos_joh_06,1.828310502283105,2.9559593591246576,2.873541666666667,0.7978334320548714,0.057081902309064646
711,1,43,pos,7,711_01_043_sort_pos_joh_07,1.4890410958904108,2.788511137162954,2.8285416666666663,1.1634100055868877,-0.03448935930853684
711,1,43,pos,8,711_01_043_sort_pos_joh_08,0.5095890410958904,0.973935130910512,0.8579166666666667,0.35207894226757624,0.08585581229338025
711,1,58,pos,1,711_01_058_sort_pos_joh_01,2.122602739726027,2.510042985541227,1.8931250000000002,0.2813607147221356,0.4492434112350268
711,1,58,pos,2,711_01_058_sort_pos_joh_02,1.0381278538812786,2.568972254787026,1.5252083333333333,1.0109959803862958,0.6951993507517946
711,1,58,pos,3,711_01_058_sort_pos_joh_03,2.136073059360731,1.7670965220789372,2.7306249999999994,-0.2995705045420469,-0.7712196960047772
711,1,58,pos,4,711_01_058_sort_pos_joh_04,1.7134703196347032,1.3774912075029309,1.8860416666666668,-0.3957814067978932,-0.5846762564879484
711,1,58,pos,5,711_01_058_sort_pos_joh_05,1.064840182648402,0.5734271199687379,0.845,-0.47325386497470445,-0.25978276418754515
711,1,58,pos,6,711_01_058_sort_pos_joh_06,0.7232876712328767,0.4773739742086752,0.7025,-0.6964915175210666,-0.6368431917826124
711,1,62,pos,1,711_01_062_sort_pos_joh_01,3.6990867579908673,3.899257522469715,4.8306249999999995,0.08002228128887384,-0.37051700543366434
711,1,62,pos,2,711_01_062_sort_pos_joh_02,2.786301369863014,2.3464243845252053,2.671666666666667,-0.33355493801386915,-0.2446485140520907
711,1,62,pos,3,711_01_062_sort_pos_joh_03,0.8760273972602741,1.0330988667448222,0.6989583333333333,0.2124296024994709,0.4552693381756627
711,1,62,pos,5,711_01_062_sort_pos_joh_05,0.7949771689497718,0.6549042594763579,0.5960416666666667,-0.34090889720173984,0.14484705705453502
711,1,62,pos,6,711_01_062_sort_pos_joh_06,0.7614155251141552,0.4688550214927707,0.7770833333333333,-0.7397333932048268,-0.7775991574366927
711,1,70,pos,1,711_01_070_sort_pos_joh_01,0.2924657534246575,0.29816334505666275,0.12562500000000001,0.018773964364866808,0.5937007165428454
711,1,70,pos,2,711_01_070_sort_pos_joh_02,0.24292237442922376,0.22801875732708088,0.15583333333333335,-0.06280090153576065,0.30908868496042313
711,4,1,pos,1,711_04_001_sort_pos_joh_01,1.4153645833333333,2.532004588471465,1.3453634085213035,0.4716727313267505,0.5000134054020485
711,4,3,pos,2,711_04_003_sort_pos_joh_02,1.3200520833333333,1.5784915400057355,0.7914786967418546,0.1741097750469278,0.5302144780154728
711,4,3,pos,5,711_04_003_sort_pos_joh_05,0.3044270833333333,0.3915686836822484,0.22581453634085216,0.15774652008229123,0.301598926053875
711,4,3,pos,6,711_04_003_sort_pos_joh_06,0.2716145833333333,0.17304273014052196,0.15263157894736842,-0.29479885140681095,0.06989324887015014
711,4,4,pos,1,711_04_004_sort_pos_joh_01,0.8786458333333332,0.9113564668769716,0.9646616541353383,0.013054684540275753,-0.021242060553512784
711,4,7,pos,1,711_04_007_sort_pos_joh_01,0.6559895833333332,2.14298824204187,0.4864661654135339,0.6970463887408489,0.7777978840048516
711,4,7,pos,2,711_04_007_sort_pos_joh_02,0.30260416666666673,0.6711213077143676,0.24260651629072685,0.6012921041510858,0.6994262325076315
711,4,7,pos,3,711_04_007_sort_pos_joh_03,1.5335937500000003,0.262661313449957,0.9160401002506267,-2.3706234302270333,-1.0406674269034533
711,4,10,pos,1,711_04_010_sort_pos_joh_01,2.5765625,2.9739317464869512,1.05062656641604,0.23062138735780432,1.1110083774366428
711,4,10,pos,2,711_04_010_sort_pos_joh_02,0.7234374999999998,1.3962145110410094,0.2298245614035088,0.5864460357525143,1.020516220919638
711,4,10,pos,3,711_04_010_sort_pos_joh_03,0.6221354166666667,0.8625179237166619,0.3942355889724311,0.3572834565461947,0.685405437051048
711,4,10,pos,4,711_04_010_sort_pos_joh_04,1.3567708333333333,0.25921995985087465,0.231077694235589,-2.1788383615141327,0.05532272957270396
711,4,10,pos,5,711_04_010_sort_pos_joh_05,0.7510416666666666,0.34241468310868944,0.12882205513784462,-0.21889853744398766,0.11475249716228916
711,4,17,pos,1,711_04_017_sort_pos_joh_01,0.3088541666666667,1.8340694006309146,0.46040100250626564,0.4511392462863338,0.4069602484913718
711,4,17,pos,2,711_04_017_sort_pos_joh_02,0.13463541666666667,0.6467737310008604,0.25087719298245614,0.24585570469301243,0.1902739598655395
711,4,19,pos,1,711_04_019_sort_pos_joh_01,0.2994791666666667,1.0706911385144824,0.6764411027568922,0.9253408971214536,0.4578761749154005
711,4,19,pos,2,711_04_019_sort_pos_joh_02,0.34661458333333334,1.005764267278463,0.6305764411027569,0.7130233690718868,0.4020424799064308
711,4,19,pos,3,711_04_019_sort_pos_joh_03,0.10755208333333334,0.5542013191855463,0.18947368421052635,0.1859433675465972,0.15208106196750543
711,4,19,pos,6,711_04_019_sort_pos_joh_06,0.023177083333333334,0.22905075996558646,0.08070175438596491,0.5142976490587128,0.36851148459214106
711,4,19,pos,7,711_04_019_sort_pos_joh_07,0.025781250000000006,0.20220820189274452,0.06917293233082705,0.7803053545138743,0.5847376210481761
711,4,19,pos,8,711_04_019_sort_pos_joh_08,0.004427083333333334,0.12406079724691713,0.015789473684210527,0.5290038497432176,0.47883215534231033
711,4,20,pos,1,711_04_020_sort_pos_joh_01,0.16874999999999998,0.91052480642386,0.431578947368421,0.8031940434323316,0.5140953834504591
711,4,20,pos,2,711_04_020_sort_pos_joh_02,0.13125,0.5051333524519644,0.24335839598997497,0.5305830517191148,0.37071974965289917
711,4,20,pos,3,711_04_020_sort_pos_joh_03,0.024739583333333332,0.21611700602236877,0.06892230576441102,0.4325213777865362,0.3322684379334682
711,4,22,pos,1,711_04_022_sort_pos_joh_01,0.146875,1.285116145683969,0.11077694235588974,0.7122759439661012,0.7363623897710174
711,4,22,pos,2,711_04_022_sort_pos_joh_02,0.029166666666666664,0.2959277315744193,0.025313283208020055,0.1221553836137665,0.12416037949587151
711,4,23,pos,1,711_04_023_sort_pos_joh_01,0.4242187499999999,1.1379122454832233,0.8917293233082707,0.6784844067974417,0.2307343174040397
711,4,23,pos,2,711_04_023_sort_pos_joh_02,0.21250000000000002,0.5225982219673071,0.49298245614035086,0.3527845727449115,0.03339475973951933
711,4,23,pos,3,711_04_023_sort_pos_joh_03,0.22916666666666666,0.4712646974476628,0.30852130325814536,0.49175201272483493,0.327774723469703
711,4,23,pos,4,711_04_023_sort_pos_joh_04,0.1734375,0.5052480642386006,0.24661654135338348,0.12294945499709352,0.09600434436826719
711,4,23,pos,5,711_04_023_sort_pos_joh_05,0.028385416666666673,0.10564955549182678,0.037844611528822056,0.4247560804185809,0.3710813054487632
711,4,23,pos,23,711_04_023_sort_pos_joh_23,0.03333333333333333,0.10387152279896761,0.06365914786967418,0.36340257943180876,0.20227584464852144
711,4,24,pos,1,711_04_024_sort_pos_joh_01,0.8283854166666668,4.426355032979638,0.9969924812030075,1.1375346455676352,1.0857535446600002
711,4,24,pos,2,711_04_024_sort_pos_joh_02,0.4018229166666667,0.9594207054774877,0.5025062656641605,0.8603982217023018,0.7032634579579022
711,4,24,pos,3,711_04_024_sort_pos_joh_03,0.03567708333333334,0.3548895899053628,0.05213032581453634,0.1301757849032229,0.12370421511323831
711,4,24,pos,5,711_04_024_sort_pos_joh_05,0.005989583333333334,0.08629194149698881,0.008521303258145364,0.20739859640728078,0.2011249645791505
711,4,43,pos,1,711_04_043_sort_pos_joh_01,6.1656249999999995,7.3914826498422705,9.917543859649122,0.42651265562593815,-0.8708416111446926
711,4,43,pos,2,711_04_043_sort_pos_joh_02,4.364322916666667,6.068368224835102,4.412030075187969,0.47807810177927784,0.4650076798855735
711,4,43,pos,3,711_04_043_sort_pos_joh_03,2.9252604166666667,3.1720390020074563,3.3097744360902253,0.2051954099232007,-0.11447093730934144
711,4,43,pos,4,711_04_043_sort_pos_joh_04,2.2390624999999997,2.0484944078004017,1.6844611528822055,-0.19868365924618958,0.38406586604648363
711,4,43,pos,5,711_04_043_sort_pos_joh_05,1.9658854166666664,1.1833381129911098,0.9829573934837094,-0.35323903853698174,0.09079515684688176
711,4,47,pos,1,711_04_047_sort_pos_joh_01,0.3247395833333333,0.3099799254373387,0.35488721804511275,-0.04525489705201984,-0.1359809794800267
711,4,47,pos,2,711_04_047_sort_pos_joh_02,0.19401041666666666,0.17932320045884717,0.15764411027568925,-0.07001044921985562,0.10446414057566916
711,4,47,pos,3,711_04_047_sort_pos_joh_03,0.12161458333333335,0.23062804703183254,0.07343358395989975,0.1076248900096712,0.1555678362064336
711,4,47,pos,4,711_04_047_sort_pos_joh_04,0.14635416666666667,0.1350444508173215,0.12431077694235591,-0.07031538651522262,0.06775613377040628
711,4,47,pos,5,711_04_047_sort_pos_joh_05,0.048177083333333336,0.058904502437625475,0.027067669172932334,0.09733003716768296,0.2939247980808981
711,4,47,pos,6,711_04_047_sort_pos_joh_06,0.05572916666666666,0.04740464582735877,0.041353383458646614,-0.10722133923184507,0.07904664206236797
711,4,54,pos,1,711_04_054_sort_pos_joh_01,5.403125,7.826498422712934,5.093984962406015,0.7526337615962901,0.8242190005275228
711,4,54,pos,2,711_04_054_sort_pos_joh_02,2.019270833333333,2.5587611127043304,2.219799498746867,0.48447115797201573,0.2968981313393093
711,4,54,pos,3,711_04_054_sort_pos_joh_03,2.9890625000000006,1.987783194723258,2.2233082706766916,-0.572318027376517,-0.13381130991483522
711,4,54,pos,4,711_04_054_sort_pos_joh_04,0.2411458333333333,2.295096071121308,0.837844611528822,0.8312100076635531,0.5768612563690999
711,4,54,pos,5,711_04_054_sort_pos_joh_05,1.6479166666666665,0.9382850587897907,1.0027568922305765,-0.3498556738692102,-0.031836504834730425
711,4,54,pos,6,711_04_054_sort_pos_joh_06,0.4479166666666667,0.9887869228563235,0.7566416040100251,1.0776262014168674,0.4524756168315829
711,4,55,pos,1,711_04_055_sort_pos_joh_01,2.8744791666666667,5.164869515342702,8.132330827067669,0.5533100513594488,-0.6917677243999367
711,4,55,pos,2,711_04_055_sort_pos_joh_02,4.367447916666666,2.489905362776025,2.9441102756892232,-1.0105534215176728,-0.2397739424528243
711,4,55,pos,3,711_04_055_sort_pos_joh_03,3.3294270833333335,2.437854889589905,4.033583959899749,-0.7342346624315715,-1.2771744310392956
711,4,55,pos,4,711_04_055_sort_pos_joh_04,2.0192708333333336,1.8394321766561514,1.9654135338345866,-0.0734156213820228,-0.051356436467441875
711,4,55,pos,5,711_04_055_sort_pos_joh_05,1.1869791666666667,1.0363062804703183,1.306015037593985,-0.22431833752202,-0.39851133648004866
711,4,55,pos,6,711_04_055_sort_pos_joh_06,0.7026041666666666,0.6936621737883568,0.7639097744360901,-0.02147988340220289,-0.16849872775583724
711,4,55,pos,7,711_04_055_sort_pos_joh_07,0.10026041666666667,0.16687697160883283,0.22606516290726822,0.36497636254920807,-0.31387524582146287
711,4,58,pos,1,711_04_058_sort_pos_joh_01,1.9440104166666667,2.026670490392888,2.86015037593985,0.06386672047500812,-0.6008175555695677
711,4,58,pos,2,711_04_058_sort_pos_joh_02,1.635416666666667,1.524290220820189,1.5624060150375942,-0.14037056757441044,-0.04839817714711937
711,4,58,pos,3,711_04_058_sort_pos_joh_03,0.8104166666666667,0.8816461141382278,0.8761904761904761,0.12634415976628097,0.00963991851565597
711,4,58,pos,4,711_04_058_sort_pos_joh_04,0.6955729166666668,0.6147978204760539,0.6345864661654135,-0.179584309081905,-0.04400641625834142
711,4,58,pos,5,711_04_058_sort_pos_joh_05,0.4713541666666667,0.4517063378262116,0.4117794486215539,-0.05519105614068874,0.11226835182449514
711,4,58,pos,6,711_04_058_sort_pos_joh_06,0.1455729166666667,0.21660453111557215,0.12982456140350876,0.31086670780153774,0.3795833407166289
711,4,62,pos,1,711_04_062_sort_pos_joh_01,0.7989583333333332,1.7512188127330084,0.9646616541353384,0.8330166050743677,0.6864237512403396
711,4,62,pos,2,711_04_062_sort_pos_joh_02,0.8739583333333334,1.0109836535704044,1.187468671679198,0.2191027738354925,-0.27810317097585685
711,4,62,pos,3,711_04_062_sort_pos_joh_03,0.8817708333333334,0.9211356466876972,0.9571428571428572,0.04601137133644322,-0.04112329719962519
711,4,62,pos,4,711_04_062_sort_pos_joh_04,0.5919270833333333,0.6171494121020935,0.5799498746867168,0.06303548819612555,0.09357476226918277
711,4,62,pos,5,711_04_062_sort_pos_joh_05,0.5651041666666666,0.5496415256667623,0.6288220551378446,-0.04122191738224773,-0.20757449744905776
712,1,4,pos,1,712_01_004_sort_pos_joh_01,0.9574324324324325,1.4970940170940172,0.7815261044176707,0.4608533157918842,0.586739534453995
712,1,26,pos,1,712_01_026_sort_pos_joh_01,0.5175675675675676,1.329059829059829,0.26024096385542167,0.8170610713661399,1.039535953020442
712,1,26,pos,2,712_01_026_sort_pos_joh_02,0.2853603603603603,0.5124358974358975,0.08915662650602411,0.1926257984072143,0.34674415270109565
712,1,27,pos,1,712_01_027_sort_pos_joh_01,2.919144144144144,1.70517094017094,5.600803212851405,-0.8081791295941566,-2.508444531408808
712,1,27,pos,3,712_01_027_sort_pos_joh_03,0.6745495495495496,0.2038034188034188,0.03935742971887551,-1.5354322968688945,0.6716282825016194
712,1,27,pos,4,712_01_027_sort_pos_joh_04,0.2637387387387387,0.0658974358974359,0.03293172690763053,-1.0264816557687622,0.19306016928908434
712,1,34,pos,1,712_01_034_sort_pos_joh_01,5.062387387387387,3.0356837606837606,4.312449799196787,-0.6910315740190143,-0.4304902049165125
712,1,34,pos,2,712_01_034_sort_pos_joh_02,1.625225225225225,0.5923931623931625,1.4795180722891565,-1.593093258911835,-1.4420801317119123
712,1,34,pos,3,712_01_034_sort_pos_joh_03,0.984009009009009,0.397008547008547,0.9036144578313253,-1.4130358404029406,-1.299777405873222
712,1,43,pos,1,712_01_043_sort_pos_joh_01,0.5306306306306305,1.4141452991452994,0.2795180722891566,0.9740734475486907,1.2172494915662153
712,1,43,pos,2,712_01_043_sort_pos_joh_02,0.49256756756756753,0.7970085470085471,0.13092369477911647,0.5279763118533932,1.1534269195356983
712,1,50,pos,1,712_01_050_sort_pos_joh_01,1.4601351351351353,8.36888888888889,3.3722891566265063,1.587053496295053,1.1097925107271993
712,1,50,pos,2,712_01_050_sort_pos_joh_02,2.606306306306306,2.4522222222222223,2.882730923694779,-0.1279027946982426,-0.35147291823418264
712,1,50,pos,3,712_01_050_sort_pos_joh_03,1.3065315315315316,1.1732478632478631,1.4590361445783135,-0.16875772603934092,-0.35478306311945723
712,1,50,pos,4,712_01_050_sort_pos_joh_04,0.0918918918918919,0.6634188034188034,0.10803212851405623,0.48659337058393926,0.45627409627274973
712,1,57,pos,1,712_01_057_sort_pos_joh_01,6.296396396396396,6.7701709401709405,11.474698795180721,0.0752042318999288,-0.7266440635814364
712,1,57,pos,2,712_01_057_sort_pos_joh_02,4.513063063063063,2.7697863247863244,2.940562248995984,-0.8333071262149402,-0.08551451685223233
712,1,58,pos,1,712_01_058_sort_pos_joh_01,2.3470720720720717,3.7528632478632473,2.967469879518072,0.7085604507801433,0.37866288767335415
712,1,58,pos,2,712_01_058_sort_pos_joh_02,3.796846846846847,2.132051282051282,3.3405622489959836,-0.8380732507904298,-0.5916385543929992
712,1,58,pos,3,712_01_058_sort_pos_joh_03,0.39797297297297296,0.7874786324786324,0.9465863453815263,0.6326306705822292,-0.22922960514753002
712,1,58,pos,4,712_01_058_sort_pos_joh_04,0.6268018018018018,0.21346153846153845,0.26907630522088355,-1.023965352943284,-0.14614451113799098
712,1,58,pos,5,712_01_058_sort_pos_joh_05,0.025000000000000005,0.34059829059829066,0.011244979919678714,0.6178316062652635,0.6226463624827505
712,1,59,pos,1,712_01_059_sort_pos_joh_01,2.5351351351351354,3.64017094017094,3.983534136546185,0.46066341079460804,-0.1373700193966883
712,1,59,pos,2,712_01_059_sort_pos_joh_02,0.7439189189189189,0.9816239316239316,1.2787148594377509,0.27019317429569084,-0.32212193904377984
712,1,60,pos,1,712_01_060_sort_pos_joh_01,0.41103603603603606,2.167264957264957,0.46947791164658637,0.8875298676884241,0.8283452759648299
712,1,60,pos,2,712_01_060_sort_pos_joh_02,0.511936936936937,1.4002991452991451,1.176305220883534,1.0500433115148537,0.25331705047494085
712,1,60,pos,4,712_01_060_sort_pos_joh_04,0.2031531531531532,0.40752136752136753,0.05943775100401607,0.5878131823197994,0.9904071848889515
712,1,62,pos,1,712_01_062_sort_pos_joh_01,2.4398648648648646,3.939700854700855,3.0698795180722884,0.9484986886440133,0.5382251375141749
712,1,62,pos,2,712_01_062_sort_pos_joh_02,0.8538288288288289,1.3146153846153845,1.014859437751004,0.531993534146081,0.3131549705403643
712,1,62,pos,3,712_01_062_sort_pos_joh_03,0.7556306306306306,1.0511965811965813,0.6192771084337348,0.5074704902542587,0.7224949730048571
712,1,62,pos,4,712_01_062_sort_pos_joh_04,0.5443693693693694,0.4862820512820513,0.40522088353413654,-0.20554265222088033,0.29302740174191616
712,1,62,pos,5,712_01_062_sort_pos_joh_05,0.2333333333333334,0.2832478632478633,0.23052208835341365,0.23946735530747187,0.25377585842249517
712,1,62,pos,6,712_01_062_sort_pos_joh_06,0.1421171171171171,0.19957264957264959,0.127710843373494,0.26147903283862456,0.3182318975385445
712,1,62,pos,7,712_01_062_sort_pos_joh_07,0.14346846846846847,0.1346153846153846,0.06465863453815261,-0.05067582750241623,0.4002121106260229
712,1,62,pos,8,712_01_062_sort_pos_joh_08,0.07094594594594594,0.09277777777777779,0.023293172690763052,0.10847739719583964,0.3381815805082869
712,1,66,pos,1,712_01_066_sort_pos_joh_01,0.8560810810810812,1.001923076923077,0.989558232931727,0.15319788931463973,0.012527955200067796
712,1,66,pos,2,712_01_066_sort_pos_joh_02,0.6912162162162162,0.6782478632478633,0.7574297188755019,-0.02380703034127793,-0.1409738235628211
712,1,66,pos,3,712_01_066_sort_pos_joh_03,0.44729729729729734,0.6631196581196581,0.348995983935743,0.3073615594531396,0.43241349180262495
712,1,66,pos,4,712_01_066_sort_pos_joh_04,0.2121621621621622,0.23777777777777775,0.18674698795180722,0.07056129401275456,0.1338188323652918
712,1,74,pos,1,712_01_074_sort_pos_joh_01,1.525225225225225,3.9731623931623936,3.575502008032129,1.621020899032796,0.26877222112905014
712,1,74,pos,2,712_01_074_sort_pos_joh_02,3.0731981981981984,3.072692307692308,2.0457831325301203,-0.0005527652339681239,1.1180539558070508
712,1,74,pos,3,712_01_074_sort_pos_joh_03,2.884459459459459,1.70008547008547,1.3321285140562251,-1.7540511748338794,0.5871886740755682
712,1,74,pos,4,712_01_074_sort_pos_joh_04,2.6346846846846845,1.4532478632478631,2.717670682730924,-0.7862633985712356,-0.8269871066729215
712,1,74,pos,5,712_01_074_sort_pos_joh_05,0.9959459459459459,0.6608974358974359,0.7429718875502009,-1.007407064382396,-0.25384515624885073
712,1,74,pos,6,712_01_074_sort_pos_joh_06,0.6051801801801803,0.5801282051282052,0.7606425702811245,-0.05534443328556109,-0.3862652681024878
712,1,74,pos,7,712_01_074_sort_pos_joh_07,0.6833333333333332,0.43504273504273505,0.3534136546184739,-1.0570814904138774,0.36537271404591026
712,1,89,pos,2,712_01_089_sort_pos_joh_02,1.7488738738738738,2.087905982905983,1.5112449799196788,0.2515683723339415,0.4141085740860116
712,1,89,pos,3,712_01_089_sort_pos_joh_03,0.725,0.9777350427350425,0.7329317269076305,0.4023038865998909,0.38080113157382095
712,2,30,pos,1,712_02_030_sort_pos_joh_01,1.029706390328152,0.5120679554774458,0.683956386292835,-1.2299977704576315,-0.4352405368449822
712,2,30,pos,2,712_02_030_sort_pos_joh_02,0.46925734024179616,0.42431165787932057,0.7514018691588785,-0.13235785016341023,-0.8613001120595525
712,2,30,pos,3,712_02_030_sort_pos_joh_03,0.2214162348877375,0.5195079086115993,0.433177570093458,0.6700128426522113,0.18321720039162714
712,2,30,pos,4,712_02_030_sort_pos_joh_04,0.5307426597582037,0.23403632103104863,0.0912772585669782,-0.694757661354381,0.3677396563519189
712,2,30,pos,5,712_02_030_sort_pos_joh_05,0.2913644214162349,0.160398359695372,0.13504672897196263,-0.5085451610476781,0.10062179937597511
712,2,30,pos,6,712_02_030_sort_pos_joh_06,0.16373056994818655,0.05992970123022847,0.06993769470404984,-0.674715869136869,-0.06952739176039353
712,2,30,pos,7,712_02_030_sort_pos_joh_07,0.06545768566493955,0.07135325131810194,0.09143302180685356,0.06284830483923934,-0.20539068951350264
712,2,49,pos,1,712_02_049_sort_pos_joh_01,0.5120898100172712,0.48992384299941416,0.5559190031152648,-0.06918579994762827,-0.1820264810557465
712,2,49,pos,2,712_02_049_sort_pos_joh_02,0.30293609671848015,0.6936145284124194,0.24018691588785046,0.739908053703623,0.7956001076042969
712,2,49,pos,3,712_02_049_sort_pos_joh_03,0.1837651122625216,0.3512009373169303,0.2523364485981308,0.7164844090694019,0.4032597462536629
712,2,49,pos,4,712_02_049_sort_pos_joh_04,0.28652849740932645,0.19935559461042765,0.2718068535825545,-0.4770557776785684,-0.3237926043707766
712,2,50,pos,1,712_02_050_sort_pos_joh_01,1.1991364421416235,1.5977152899824254,1.3607476635514018,0.6312767294225076,0.3538100495532863
712,2,50,pos,2,712_02_050_sort_pos_joh_02,0.31450777202072544,0.44581136496777973,0.4130841121495328,0.30252505650852785,0.07310971268124056
712,2,50,pos,3,712_02_050_sort_pos_joh_03,0.10673575129533679,0.27955477445811366,0.10498442367601248,0.6772587532412677,0.690250947837717
712,2,50,pos,4,712_02_050_sort_pos_joh_04,0.1302245250431779,0.20164030462800236,0.1595015576323988,0.45464279118296475,0.25561572765920637
712,2,50,pos,5,712_02_050_sort_pos_joh_05,0.08065630397236614,0.17727006444053897,0.14828660436137073,0.557875411419512,0.15222640397022877
712,2,52,pos,1,712_02_052_sort_pos_joh_01,0.6582037996545769,1.107908611599297,0.5504672897196262,0.841526802431007,1.0362560189136523
712,2,52,pos,2,712_02_052_sort_pos_joh_02,0.5521588946459414,0.5636789689513767,0.30264797507788166,0.03562063942214068,0.8557924464853963
712,2,52,pos,3,712_02_052_sort_pos_joh_03,0.24628670120898105,0.43714118336262453,0.21199376947040496,0.5343208098087397,0.5956688023179212
712,2,52,pos,4,712_02_052_sort_pos_joh_04,0.07495682210708118,0.16203866432337433,0.04844236760124611,0.41307385299746807,0.5349196156593664
712,2,56,pos,1,712_02_056_sort_pos_joh_01,0.742314335060449,0.7809021675454013,0.8316199376947042,0.060000326291571565,-0.07005545864824933
712,2,56,pos,2,712_02_056_sort_pos_joh_02,0.22003454231433506,0.39712946690099593,0.36573208722741435,0.45893226586098107,0.07616777403983324
712,2,56,pos,3,712_02_056_sort_pos_joh_03,0.11174438687392056,0.21675454012888107,0.1280373831775701,0.4612911320031496,0.34632275932437345
712,2,56,pos,4,712_02_056_sort_pos_joh_04,0.0461139896373057,0.1411833626244874,0.07975077881619938,0.47064745451052675,0.2617805727094091
712,2,63,pos,1,712_02_063_sort_pos_joh_01,3.3830742659758206,5.727826596367898,4.070093457943925,0.4756412490559694,0.3662698376965642
712,2,63,pos,2,712_02_063_sort_pos_joh_02,1.5411053540587218,0.9656121851200937,0.823208722741433,-0.8708123086656337,0.22849211274074638
712,2,63,pos,3,712_02_063_sort_pos_joh_03,1.3103626943005182,0.9171060339777387,0.9283489096573209,-0.6226191091757708,-0.017077716720455882
712,2,63,pos,6,712_02_063_sort_pos_joh_06,0.4734024179620035,0.3586408904510837,0.28317757009345795,-0.4111910451574127,0.26370454248421876
712,2,66,pos,1,712_02_066_sort_pos_joh_01,0.8362694300518135,0.757293497363796,0.5202492211838006,-0.1393657528937091,0.4040907109739175
712,2,66,pos,2,712_02_066_sort_pos_joh_02,0.5965457685664939,0.6374926772114821,0.4624610591900311,0.11969917854419314,0.5088392369210343
712,2,66,pos,3,712_02_066_sort_pos_joh_03,0.5462867012089809,0.40398359695372005,0.5406542056074767,-0.3852733562331129,-0.293222236896104
712,2,66,pos,4,712_02_066_sort_pos_joh_04,0.1721934369602763,0.19103690685413008,0.13738317757009347,0.11882831489155131,0.3299633692496035
712,2,74,pos,1,712_02_074_sort_pos_joh_01,6.092573402417962,4.759461042765085,2.8822429906542055,-0.5699946561943076,0.8608503204409796
712,2,74,pos,2,712_02_074_sort_pos_joh_02,4.2547495682210705,2.814704159343878,2.7412772585669782,-1.4768377461633604,0.08449313587186708
712,2,74,pos,3,712_02_074_sort_pos_joh_03,2.3511226252158894,1.3973052138254247,1.4434579439252337,-1.794156558425979,-0.08896744479789577
712,2,74,pos,4,712_02_074_sort_pos_joh_04,1.1212435233160623,1.2383128295254835,1.4939252336448599,0.12085130101461028,-0.23341321958750183
712,2,74,pos,5,712_02_074_sort_pos_joh_05,1.487564766839378,0.947510251903925,0.9665109034267912,-1.2715182854591278,-0.04768311574302328
712,2,74,pos,6,712_02_074_sort_pos_joh_06,1.2642487046632125,0.6694786174575278,0.7336448598130841,-1.260910330832189,-0.14364954986739012
712,2,74,pos,7,712_02_074_sort_pos_joh_07,0.7072538860103627,0.34557703573520804,0.30856697819314644,-1.5385032257116873,0.18064283558591038
712,2,74,pos,8,712_02_074_sort_pos_joh_08,0.11640759930915372,0.05430579964850615,0.19454828660436138,-0.4397523201499815,-0.6695570724410341
712,3,30,pos,1,712_03_030_sort_pos_joh_01,0.5741347905282332,0.506508391322145,0.2858806404657933,-0.14940692381047252,0.468869955421577
712,3,30,pos,2,712_03_030_sort_pos_joh_02,0.3775956284153006,0.3576340564879247,0.17758369723435227,-0.055579805886013266,0.4883150854002654
712,3,30,pos,3,712_03_030_sort_pos_joh_03,0.3431693989071038,0.352967662709783,0.12372634643377002,0.01522579753811766,0.35398724315875
712,3,30,pos,4,712_03_030_sort_pos_joh_04,0.08105646630236794,0.09852640196479738,0.010334788937409025,0.0874602866859841,0.46324320776649525
712,3,39,pos,1,712_03_039_sort_pos_joh_01,5.652823315118397,6.392304543593942,5.133187772925764,0.24545192370344135,0.4286397850516223
712,3,39,pos,3,712_03_039_sort_pos_joh_03,3.2681238615664845,3.1155546459271384,3.3820960698689957,-0.11989344735560059,-0.20812255126365092
712,3,39,pos,4,712_03_039_sort_pos_joh_04,1.860655737704918,2.246131805157593,1.7577874818049488,0.3813980874100171,0.480977958686175
712,3,39,pos,6,712_03_039_sort_pos_joh_06,0.27213114754098355,0.6724109701187065,0.16943231441048034,0.4011161896426919,0.5165183382570668
712,3,49,pos,1,712_03_049_sort_pos_joh_01,0.4885245901639345,0.852640196479738,0.5221251819505095,0.4403623724297409,0.39813188748324724
712,3,50,pos,1,712_03_050_sort_pos_joh_01,0.5744990892531877,0.7169054441260746,0.5793304221251819,0.3036772097375198,0.29056289231044685
712,3,50,pos,2,712_03_050_sort_pos_joh_02,0.3985428051001822,0.4565288579615227,0.31790393013100443,0.16525375639134326,0.40513137799689874
712,3,50,pos,3,712_03_050_sort_pos_joh_03,0.0715846994535519,0.181498158002456,0.026928675400291122,0.3611286288252995,0.5248507248225535
712,3,50,pos,4,712_03_050_sort_pos_joh_04,0.0936247723132969,0.12734343020875974,0.040465793304221245,0.14712929260749544,0.3889410030376042
712,3,52,pos,1,712_03_052_sort_pos_joh_01,0.7125683060109289,1.029431027425297,0.6387190684133915,0.6665172673930116,0.8254637258595929
712,3,52,pos,2,712_03_052_sort_pos_joh_02,0.48306010928961746,1.0340155546459273,0.7483260553129549,1.022076089623901,0.5159953323691973
712,3,52,pos,3,712_03_052_sort_pos_joh_03,0.41657559198542804,0.6478100695865739,0.419505094614265,0.6380585419330015,0.62773656508804
712,3,52,pos,4,712_03_052_sort_pos_joh_04,0.07030965391621131,0.42026197298403606,0.18427947598253275,0.920418775853887,0.6041516930305612
712,3,52,pos,5,712_03_052_sort_pos_joh_05,0.14025500910746813,0.18125255832992226,0.11208151382823872,0.21470242641168735,0.3693115227076259
712,3,53,pos,1,712_03_053_sort_pos_joh_01,0.5533697632058288,0.391076545231273,0.5203784570596798,-0.5786619659246872,-0.42204636772327664
712,3,53,pos,2,712_03_053_sort_pos_joh_02,0.33843351548269585,0.3755628325828899,0.2818049490538574,0.13515581591950895,0.3376573654066777
712,3,53,pos,3,712_03_053_sort_pos_joh_03,0.06320582877959928,0.3873925501432664,0.0767103347889374,0.6908384847800983,0.6745435209206231
712,3,53,pos,4,712_03_053_sort_pos_joh_04,0.27213114754098355,0.16803110929185427,0.208296943231441,-0.5852591031333668,-0.22830883489427142
712,3,56,pos,1,712_03_056_sort_pos_joh_01,0.29708561020036434,0.7470732705689727,0.49577874818049494,0.9182124089218344,0.4935139716503144
712,3,56,pos,2,712_03_056_sort_pos_joh_02,0.22349726775956286,0.29365534179287767,0.18049490538573512,0.2387646354413348,0.3933569982386822
712,3,56,pos,3,712_03_056_sort_pos_joh_03,0.047358834244080154,0.16107245190339747,0.10262008733624454,0.6571978507153207,0.3307355646491535
712,3,60,pos,1,712_03_060_sort_pos_joh_01,7.400728597449909,3.54072861236185,4.590101892285299,-1.232615442083286,-0.348756404674093
712,3,60,pos,2,712_03_060_sort_pos_joh_02,2.5216757741347906,1.887433483422022,1.6202328966521105,-0.7145475663201019,0.30933323975267607
712,3,60,pos,3,712_03_060_sort_pos_joh_03,0.8502732240437159,1.3019647973802702,0.4915574963609899,0.5794379394514565,1.0801620236081535
712,3,60,pos,4,712_03_060_sort_pos_joh_04,1.3479052823315119,0.637986082685223,0.742212518195051,-1.5995028991386593,-0.25925091445133264
712,3,62,pos,1,712_03_062_sort_pos_joh_01,1.345719489981785,1.5625460499386,0.8854439592430858,0.17221302101018152,0.5451087915613645
712,3,62,pos,2,712_03_062_sort_pos_joh_02,0.6382513661202185,1.0809250920998772,0.37117903930131,0.5084883075185669,0.8229502607670014
712,3,62,pos,3,712_03_062_sort_pos_joh_03,0.19981785063752278,0.3462955382726156,0.2018922852983988,0.33027828361464096,0.3238021436240825
712,3,62,pos,4,712_03_062_sort_pos_joh_04,0.19653916211293262,0.22063037249283668,0.164919941775837,0.09848829278083174,0.2274339727751266
712,3,62,pos,5,712_03_062_sort_pos_joh_05,0.16120218579234974,0.16446991404011463,0.05720524017467248,0.013010324310363702,0.4410692492516775
712,3,65,pos,1,712_03_065_sort_pos_joh_01,0.8850637522768671,1.5286532951289398,1.1283842794759826,0.9360210983541248,0.5706319041267821
712,3,65,pos,2,712_03_065_sort_pos_joh_02,0.49380692167577417,1.2157183790421613,0.8988355167394468,1.230660172293948,0.5210928277110154
712,3,65,pos,3,712_03_065_sort_pos_joh_03,0.2134790528233151,0.8923864101514531,0.32183406113537116,0.6529778223770399,0.543543119961071
712,3,65,pos,4,712_03_065_sort_pos_joh_04,0.24553734061930785,0.6047073270568972,0.4735080058224163,0.8630558729118055,0.28555934678000455
712,3,65,pos,5,712_03_065_sort_pos_joh_05,0.1366120218579235,0.41273024969300043,0.25895196506550217,0.9768213757546176,0.5271612765227394
712,3,65,pos,6,712_03_065_sort_pos_joh_06,0.09635701275045537,0.11174785100286533,0.050946142649199416,0.11063379829449226,0.44825747476987216
712,3,66,pos,1,712_03_066_sort_pos_joh_01,1.0480874316939892,0.8762996316004913,0.9841339155749637,-0.33548502399248437,-0.2120555171382244
712,3,66,pos,2,712_03_066_sort_pos_joh_02,0.17122040072859745,0.15984445354072863,0.19170305676855895,-0.049849006758916584,-0.1108715764954518
712,3,66,pos,3,712_03_066_sort_pos_joh_03,0.09344262295081969,0.14023741301678266,0.15953420669577875,0.2590434379756368,-0.09619619724912216
712,3,66,pos,4,712_03_066_sort_pos_joh_04,0.026775956284153007,0.07359803520261973,0.03740902474526928,0.37609020943862903,0.28511069309258363
712,3,66,pos,5,712_03_066_sort_pos_joh_05,0.008561020036429872,0.11203438395415473,0.005967976710334788,0.26704922238115786,0.2799948917024772
712,3,69,pos,1,712_03_069_sort_pos_joh_01,1.8513661202185792,2.305444126074499,2.548471615720524,0.4390088336125269,-0.2118154069596636
712,3,69,pos,2,712_03_069_sort_pos_joh_02,1.3300546448087434,2.1361031518624642,0.9778748180494905,0.93953596624713,1.3550106295044464
712,3,69,pos,3,712_03_069_sort_pos_joh_03,0.5652094717668489,0.965534179287761,0.678165938864629,0.4217017384013214,0.3003676028865724
712,3,69,pos,4,712_03_069_sort_pos_joh_04,0.239344262295082,0.18268522308636923,0.1871906841339156,-0.30863418057843955,-0.025130010395309314
712,3,70,pos,1,712_03_070_sort_pos_joh_01,0.49089253187613846,0.740196479738027,0.788500727802038,0.43210190804270265,-0.07631195653810827
712,3,70,pos,2,712_03_070_sort_pos_joh_02,0.1389799635701275,0.4840769545640605,0.3687045123726347,0.5682673738943861,0.17923588244416566
712,3,70,pos,3,712_03_070_sort_pos_joh_03,0.292167577413479,0.34343020875972163,0.3625909752547308,0.1747231543404242,-0.062242166724040024
712,3,70,pos,4,712_03_070_sort_pos_joh_04,0.03697632058287797,0.03008595988538682,0.10043668122270742,-0.10247556556727863,-0.5770705647059294
713,1,22,pos,1,713_01_022_sort_pos_joh_01,4.075757575757576,8.139848402815376,6.368327402135232,1.0541820858900461,0.4711467059853401
713,1,22,pos,2,713_01_022_sort_pos_joh_02,2.1926406926406927,2.8689225771521385,3.0614472123368923,0.7078365207784488,-0.20136374966689982
713,1,22,pos,3,713_01_022_sort_pos_joh_03,1.2865800865800867,1.2364374661613426,1.6833926453143533,-0.09071907765987312,-0.7816770147901674
713,1,22,pos,4,713_01_022_sort_pos_joh_04,0.1380952380952381,0.8342176502436385,0.5476868327402135,0.937174111859119,0.4012350412635352
713,1,22,pos,5,713_01_022_sort_pos_joh_05,0.24718614718614715,0.7392528424472118,0.6342823250296561,1.2662890107199518,0.2524771500453864
713,1,22,pos,6,713_01_022_sort_pos_joh_06,0.15497835497835502,0.15295073091499728,0.10747330960854093,-0.012135632749273033,0.2833877426406192
713,1,40,pos,1,713_01_040_sort_pos_joh_01,3.8190476190476192,3.8514347590687605,3.0972716488730723,0.010394087350498892,0.26810630083930126
713,1,40,pos,2,713_01_040_sort_pos_joh_02,1.962337662337662,2.1902544667027617,1.8976275207591935,0.13668467626457176,0.18970026387016745
713,1,40,pos,3,713_01_040_sort_pos_joh_03,0.648051948051948,0.6321061180292366,0.3641755634638197,-0.01019714260516791,0.19586040904454194
713,1,40,pos,5,713_01_040_sort_pos_joh_05,0.2051948051948052,0.31987005955603687,0.15361803084223014,0.26696423460224,0.42934756186059864
713,1,46,pos,1,713_01_046_sort_pos_joh_01,0.7177489177489177,1.315755278830536,1.2136417556346382,0.6749058019729101,0.10381674456275185
713,1,46,pos,2,713_01_046_sort_pos_joh_02,0.8164502164502165,0.6770979967514889,0.8612099644128114,-0.19081599447250722,-0.22669883492074874
713,1,46,pos,3,713_01_046_sort_pos_joh_03,0.43506493506493504,0.7735246345425013,0.7954922894424673,0.7373954422708264,-0.044966991277366024
713,1,46,pos,4,713_01_046_sort_pos_joh_04,0.4367965367965368,0.6440714672441797,0.5909845788849347,0.4410001950389774,0.10927796922400441
713,1,46,pos,5,713_01_046_sort_pos_joh_05,1.0069264069264068,0.18224147265836493,0.5755634638196916,-1.4839168673704968,-0.7115978958298546
713,1,46,pos,6,713_01_046_sort_pos_joh_06,0.11991341991341993,0.20925825663237682,0.2078291814946619,0.3112859927970904,0.0048205097829221565
713,1,46,pos,7,713_01_046_sort_pos_joh_07,0.10476190476190478,0.056740660530590147,0.04602609727164888,-0.35504147573770267,0.07504941452087222
713,1,49,pos,1,713_01_049_sort_pos_joh_01,2.158008658008658,1.6182458040064973,1.6562277580071174,-0.5728365181798704,-0.041779939537702954
713,1,49,pos,2,713_01_049_sort_pos_joh_02,1.235064935064935,1.3524093123984837,0.9348754448398578,0.1644383001942292,0.615609785979342
713,1,49,pos,3,713_01_049_sort_pos_joh_03,1.1056277056277055,0.9801840822956146,0.9772241992882562,-0.2510233339931064,0.005900055517531748
713,1,49,pos,4,713_01_049_sort_pos_joh_04,0.4636363636363637,0.44688684353004876,0.30925266903914594,-0.01544709822248584,0.13408538787452762
713,1,49,pos,5,713_01_049_sort_pos_joh_05,0.3852813852813853,0.4624796968056308,0.11340450771055754,0.09560617888569783,0.48939450646653143
713,1,49,pos,6,713_01_049_sort_pos_joh_06,0.1510822510822511,0.14921494315105577,0.04638196915776987,-0.007648667954086048,0.4657544074440623
713,1,49,pos,7,713_01_049_sort_pos_joh_07,0.0329004329004329,0.017866811044937737,0.008540925266903915,-0.19358380780850926,0.13703743622360778
713,1,54,pos,1,713_01_054_sort_pos_joh_01,5.758441558441558,4.9480779642663775,4.681138790035588,-0.45940647623401615,0.13166422921492382
713,1,54,pos,2,713_01_054_sort_pos_joh_02,1.72987012987013,2.515430427720628,1.5761565836298932,0.42399022513324264,0.5183110092227226
713,1,54,pos,3,713_01_054_sort_pos_joh_03,1.8121212121212118,1.2335679480238224,1.509964412811388,-0.8407225307695655,-0.33580930754451827
713,1,54,pos,4,713_01_054_sort_pos_joh_04,0.46796536796536786,0.46182999458581486,0.358600237247924,-0.01631900088900529,0.2727355245121493
713,1,54,pos,5,713_01_054_sort_pos_joh_05,0.3463203463203463,0.28511099079588514,0.2583629893238434,-0.24742052842905263,0.10540740442608255
713,1,54,pos,6,713_01_054_sort_pos_joh_06,0.06147186147186147,0.03752030319436925,0.09928825622775801,-0.34141843907316594,-0.44303406583389193
713,1,58,pos,1,713_01_058_sort_pos_joh_01,7.725108225108225,4.769572279371955,5.3756820877817315,-1.8694676191545783,-0.3623720327291746
713,1,58,pos,2,713_01_058_sort_pos_joh_02,2.7129870129870133,1.6723876556578232,1.800711743772242,-1.6952322823644017,-0.2007978054507713
713,1,58,pos,3,713_01_058_sort_pos_joh_03,0.5432900432900434,0.4100703844071467,0.14780545670225387,-0.17967113772799323,0.3898998251064863
713,1,58,pos,4,713_01_058_sort_pos_joh_04,0.5233766233766234,0.28630211153221435,0.26785290628707,-0.4351073224646392,0.031225329430375728
713,1,58,pos,5,713_01_058_sort_pos_joh_05,0.35800865800865794,0.21732539252842445,0.15255041518386714,-0.5544653893910073,0.2653097636237659
713,1,61,pos,2,713_01_061_sort_pos_joh_02,0.1645021645021645,0.11949106659447754,0.34472123368920526,-0.1471409299842478,-0.5214196504351909
713,1,63,pos,1,713_01_063_sort_pos_joh_01,0.9099567099567099,0.859718462371413,0.4557532621589561,-0.04590740374469314,0.36178384461494856
713,1,63,pos,2,713_01_063_sort_pos_joh_02,0.4939393939393939,0.3099079588521928,0.21969157769869516,-0.42408266680288303,0.19116538657512833
713,1,63,pos,3,713_01_063_sort_pos_joh_03,0.27489177489177496,0.34266377910124524,0.1795966785290629,0.10569488755136579,0.2698628457629416
713,1,63,pos,4,713_01_063_sort_pos_joh_04,0.23290043290043294,0.20238224147265835,0.09620403321470937,-0.0452479801912563,0.1726960326976094
713,1,63,pos,5,713_01_063_sort_pos_joh_05,0.2432900432900433,0.2103952355170547,0.037366548042704624,-0.12722305901328906,0.7691481940897549
713,1,66,pos,1,713_01_066_sort_pos_joh_01,1.3835497835497836,1.248402815376286,1.1226571767497036,-0.18696447772510866,0.1627050567542913
713,1,66,pos,2,713_01_066_sort_pos_joh_02,1.2056277056277056,0.91142393069843,0.6827995255041517,-0.27577722247201336,0.20503753763186625
713,1,66,pos,3,713_01_066_sort_pos_joh_03,0.7722943722943724,0.5239306984298863,0.4362989323843416,-0.41454312147075384,0.1484872646212502
713,1,66,pos,4,713_01_066_sort_pos_joh_04,0.696969696969697,0.5130481862479697,0.5110320284697509,-0.5069572588813187,0.005365764094007785
713,1,72,pos,1,713_01_072_sort_pos_joh_01,0.9437229437229437,0.8870059556036815,1.2735468564650059,-0.09759454278447541,-0.41584139137377873
713,1,72,pos,3,713_01_072_sort_pos_joh_03,0.8337662337662338,0.3014076881429345,0.3814946619217082,-0.8852098524974578,-0.12501203320110663
713,1,72,pos,4,713_01_072_sort_pos_joh_04,0.4471861471861472,0.40395235517054684,0.39750889679715307,-0.12107270235091122,0.01726022064675598
713,1,72,pos,5,713_01_072_sort_pos_joh_05,0.37402597402597404,0.3876556578234976,0.3415183867141162,0.035404790441807325,0.114762217545659
713,1,72,pos,6,713_01_072_sort_pos_joh_06,0.2181818181818182,0.3538170005414185,0.18766310794780544,0.2988825680756054,0.3925698627703118
713,1,72,pos,7,713_01_072_sort_pos_joh_07,0.14935064935064937,0.1584190579317813,0.19311981020166075,0.036069335431750185,-0.095646814125289
713,1,72,pos,9,713_01_072_sort_pos_joh_09,0.14025974025974025,0.20092041147807257,0.1051008303677343,0.2661724651920949,0.4451288049369949
713,1,76,pos,1,713_01_076_sort_pos_joh_01,2.294372294372294,3.6938278289117488,2.5991696322657174,0.8632565522572507,0.6816479910205501
713,1,76,pos,2,713_01_076_sort_pos_joh_02,2.8883116883116884,2.7893340552246886,2.0884934756820877,-0.06610621523507773,0.510819269014091
713,1,76,pos,3,713_01_076_sort_pos_joh_03,1.2675324675324675,1.4901461829994587,1.0243179122182682,0.13479252622002044,0.2948528699509231
713,1,76,pos,4,713_01_076_sort_pos_joh_04,0.6428571428571429,0.9745533297238765,0.5521945432977462,0.5824599419090862,0.7786339452495685
713,1,76,pos,5,713_01_076_sort_pos_joh_05,0.2554112554112554,1.0886302111532216,0.5086595492289443,0.6953019933713891,0.5145391619826046
713,1,76,pos,6,713_01_076_sort_pos_joh_06,0.609090909090909,0.6547374120194912,0.4737841043890866,0.06887477752817316,0.2849319449991631
713,1,76,pos,7,713_01_076_sort_pos_joh_07,0.5225108225108226,0.5358960476448295,0.35551601423487544,0.030209760942732235,0.44471117303367386
713,1,76,pos,8,713_01_076_sort_pos_joh_08,0.42164502164502154,0.3702219815917704,0.31020166073546857,-0.05868844545387332,0.07246266404852365
713,1,76,pos,10,713_01_076_sort_pos_joh_10,0.37316017316017314,0.4809962100703844,0.3377224199288257,0.3711211221414783,0.5185734492483175
713,1,76,pos,11,713_01_076_sort_pos_joh_11,0.3601731601731602,0.32203573362208987,0.2960854092526691,-0.10448767956238422,0.07064046936173289
713,1,90,pos,1,713_01_090_sort_pos_joh_01,2.064069264069264,3.134921494315106,3.0153024911032023,0.8771956050394469,0.10048225284582521
713,1,90,pos,2,713_01_090_sort_pos_joh_02,1.5497835497835497,2.594856524093124,2.2552787663107945,0.9695936662504586,0.3230008225458349
713,1,90,pos,3,713_01_090_sort_pos_joh_03,1.2722943722943723,1.7264212236058472,1.7862396204033217,0.7054521777515329,-0.08866869292679418
713,1,90,pos,4,713_01_090_sort_pos_joh_04,0.3354978354978355,1.0851109907958851,0.5962040332147094,0.4029129369086348,0.28324928881712114
713,1,90,pos,5,713_01_090_sort_pos_joh_05,0.7510822510822511,0.5864645370871683,0.8120996441281139,-0.25983033404780087,-0.3325036236685641
713,1,90,pos,6,713_01_090_sort_pos_joh_06,0.43766233766233764,0.5119653492149432,0.5544483985765124,0.2712396807875296,-0.15077052094358778
713,1,90,pos,7,713_01_090_sort_pos_joh_07,0.18658008658008662,0.3387655657823498,0.3405693950177936,0.38815142103371564,-0.0045003902250933545
713,1,91,pos,1,713_01_091_sort_pos_joh_01,0.5086580086580086,0.5781266919328643,0.7088967971530248,0.13202152315967203,-0.22239577859953147
713,1,91,pos,2,713_01_091_sort_pos_joh_02,0.27012987012987016,0.4839740119112074,0.49228944246737844,0.4464715122386208,-0.017012273605941423
713,1,92,pos,1,713_01_092_sort_pos_joh_01,2.3666666666666667,2.8119112073632917,3.1126927639383157,0.34979784068247116,-0.23294976032647755
713,1,92,pos,2,713_01_092_sort_pos_joh_02,1.7363636363636366,1.5138061721710883,2.035349940688019,-0.22721788642830199,-0.49410056764564414
713,1,92,pos,3,713_01_092_sort_pos_joh_03,1.3264069264069263,0.9714131023280995,0.9638196915776986,-0.3538198211524003,0.007564037384984171
713,1,92,pos,4,713_01_092_sort_pos_joh_04,0.9917748917748919,1.096210070384407,1.2958481613285884,0.14814046504309508,-0.2821117419753121
713,1,92,pos,5,713_01_092_sort_pos_joh_05,1.0346320346320346,0.9868976719003789,1.2374851720047448,-0.07210900977069623,-0.34317434955098547
713,1,92,pos,6,713_01_092_sort_pos_joh_06,0.3264069264069264,0.4676231727125068,0.46785290628706994,0.46611243507165645,-0.0007530569869023652
713,1,94,pos,1,713_01_094_sort_pos_joh_01,0.6787878787878787,1.4734163508391986,2.320996441281139,0.5330126936792178,-0.47662312221205605
713,1,94,pos,2,713_01_094_sort_pos_joh_02,0.2528138528138528,1.7657823497563616,1.5555160142348756,1.3667551387655688,0.17425494158476965
713,1,94,pos,3,713_01_094_sort_pos_joh_03,0.8151515151515152,1.0584190579317814,0.9461447212336892,0.38978457560115626,0.18663833890226908
713,1,94,pos,4,713_01_094_sort_pos_joh_04,0.6402597402597404,0.6830536004331348,1.2631079478054565,0.052590552374106245,-0.650018138251108
713,1,94,pos,5,713_01_094_sort_pos_joh_05,0.21255411255411258,1.3383324309691391,0.6062870699881375,0.6978394470805841,0.49104179907540757
713,1,94,pos,6,713_01_094_sort_pos_joh_06,0.36450216450216455,0.49426096372495937,0.46453143534994074,0.3290522299343823,0.07780963219434632
713,1,94,pos,7,713_01_094_sort_pos_joh_07,0.1277056277056277,0.45944775311315644,0.26512455516014233,0.5608641411665122,0.35052241447250393
713,2,1,pos,1,713_02_001_sort_pos_joh_01,0.5526627218934911,0.51011466011466,0.5290043290043289,-0.10935094761382516,-0.0460947953858792
713,2,1,pos,2,713_02_001_sort_pos_joh_02,0.22169625246548325,0.1896805896805897,0.2387445887445887,-0.16195684221540282,-0.2302988046710417
713,2,1,pos,3,713_02_001_sort_pos_joh_03,0.14299802761341224,0.1266994266994267,0.13354978354978356,-0.11182704354734319,-0.04601060099975661
713,2,1,pos,4,713_02_001_sort_pos_joh_04,0.12287968441814595,0.0787059787059787,0.0393939393939394,-0.19477018792964823,0.17489765129450816
713,2,3,pos,1,713_02_003_sort_pos_joh_01,1.9597633136094674,2.6932022932022934,2.82965367965368,0.6162791908220017,-0.11106574585275701
713,2,3,pos,2,713_02_003_sort_pos_joh_02,0.8550295857988166,1.2165438165438165,1.3164502164502163,0.5842957845272642,-0.15703743340177698
713,2,3,pos,3,713_02_003_sort_pos_joh_03,1.1165680473372779,1.1024160524160527,1.2584415584415585,-0.01761656110259622,-0.1866876204389203
713,2,3,pos,4,713_02_003_sort_pos_joh_04,0.8110453648915188,0.9302620802620802,0.8961038961038961,0.2254580678572054,0.06345705655844071
713,2,3,pos,5,713_02_003_sort_pos_joh_05,0.3232741617357002,0.452989352989353,0.4714285714285715,0.3690129608473088,-0.051150272977033125
713,2,3,pos,7,713_02_003_sort_pos_joh_07,0.22820512820512823,0.16040131040131042,0.25844155844155847,-0.3056673299951501,-0.41301310822277987
713,2,3,pos,8,713_02_003_sort_pos_joh_08,0.08974358974358974,0.042014742014742014,0.026406926406926406,-0.33970290457999724,0.11475081112296193
713,2,4,pos,1,713_02_004_sort_pos_joh_01,1.0808678500986193,1.8679770679770682,1.4378787878787878,0.7062093979589857,0.38006044803281586
713,2,4,pos,3,713_02_004_sort_pos_joh_03,0.16706114398422092,0.4271089271089271,0.09913419913419913,0.22038639199195573,0.27546952856539586
713,2,4,pos,4,713_02_004_sort_pos_joh_04,0.27455621301775146,0.2515151515151515,0.20216450216450219,-0.05675900886621987,0.12221644782898096
713,2,4,pos,5,713_02_004_sort_pos_joh_05,0.29132149901380666,0.14221949221949223,0.23376623376623376,-0.6325538593220618,-0.3755646050549857
713,2,5,pos,1,713_02_005_sort_pos_joh_01,0.36489151873767256,0.54995904995905,0.35714285714285715,0.29327999579171893,0.30078514309291143
713,2,5,pos,3,713_02_005_sort_pos_joh_03,0.06429980276134123,0.04070434070434071,0.00930735930735931,-0.13659371569492557,0.18373090105849654
713,2,8,pos,1,713_02_008_sort_pos_joh_01,0.7011834319526628,1.246969696969697,1.0101731601731603,0.7988170946090402,0.34286557383027055
713,2,8,pos,2,713_02_008_sort_pos_joh_02,0.35502958579881655,0.7211711711711711,0.6106060606060607,0.8459294331709325,0.24944276884697403
713,2,8,pos,3,713_02_008_sort_pos_joh_03,0.41479289940828407,0.7099099099099099,0.5142857142857142,0.6030452110585445,0.3961197147103284
713,2,8,pos,4,713_02_008_sort_pos_joh_04,0.1396449704142012,0.27682227682227684,0.23290043290043294,0.4850965941594604,0.15108678612699417
713,2,8,pos,5,713_02_008_sort_pos_joh_05,0.12406311637080868,0.09418509418509419,0.047835497835497835,-0.11240807917245689,0.17503417137487307
713,2,8,pos,6,713_02_008_sort_pos_joh_06,0.043589743589743594,0.09107289107289109,0.09177489177489179,0.36478741237544365,-0.005106008935146528
713,2,9,pos,1,713_02_009_sort_pos_joh_01,0.6666666666666666,0.4774774774774775,0.651948051948052,-0.49382067175281646,-0.3056393300603446
713,2,9,pos,2,713_02_009_sort_pos_joh_02,0.49802761341222873,0.35974610974610977,0.13809523809523808,-0.31944326968136666,0.5219554255712741
713,2,9,pos,3,713_02_009_sort_pos_joh_03,0.24319526627218935,0.16662571662571662,0.2196969696969697,-0.4275609603402267,-0.23847799036527595
713,2,9,pos,4,713_02_009_sort_pos_joh_04,0.25857988165680473,0.12764127764127767,0.3177489177489177,-0.7108368830992751,-0.5257893904073768
713,2,18,pos,1,713_02_018_sort_pos_joh_01,0.9708086785009863,1.195045045045045,1.269047619047619,0.32536875063633647,-0.10479936455243874
713,2,18,pos,2,713_02_018_sort_pos_joh_02,0.5824457593688362,0.7057330057330058,0.6634199134199135,0.27120316833478975,0.09160326733262733
713,2,18,pos,3,713_02_018_sort_pos_joh_03,0.23254437869822486,0.5759213759213759,0.3751082251082251,0.6050895457197354,0.33718496159074945
713,2,18,pos,4,713_02_018_sort_pos_joh_04,0.31775147928994085,0.48873873873873874,0.3887445887445888,0.4461076659263496,0.25462820069018494
713,2,18,pos,5,713_02_018_sort_pos_joh_05,0.28106508875739644,0.34582309582309584,0.333982683982684,0.20583293480083176,0.03734122795501888
713,2,18,pos,6,713_02_018_sort_pos_joh_06,0.24595660749506906,0.3104832104832105,0.34393939393939393,0.20257479262981945,-0.10171088369739707
713,2,18,pos,7,713_02_018_sort_pos_joh_07,0.11360946745562132,0.06719901719901719,0.029870129870129873,-0.2042343857511193,0.16595322959332928
713,2,42,pos,1,713_02_042_sort_pos_joh_01,1.0715976331360946,1.0560606060606061,1.4335497835497835,-0.017988875232960992,-0.41156853389625786
713,2,42,pos,2,713_02_042_sort_pos_joh_02,0.4441814595660749,0.4703112203112204,0.7322510822510822,0.05932301462105452,-0.5489249532346671
713,2,42,pos,3,713_02_042_sort_pos_joh_03,0.2301775147928994,0.2964373464373465,0.7504329004329006,0.11898681230433629,-0.7105542220978959
713,2,42,pos,4,713_02_042_sort_pos_joh_04,0.11045364891518739,0.11973791973791972,0.383982683982684,0.03556389111801021,-0.8284661627812844
713,2,42,pos,5,713_02_042_sort_pos_joh_05,0.1291913214990138,0.16715806715806716,0.23030303030303031,0.1683678650982755,-0.2682513514009706
713,2,42,pos,6,713_02_042_sort_pos_joh_06,0.10808678500986194,0.05851760851760851,0.046536796536796536,-0.23021689715893953,0.056070116005460795
713,2,46,pos,1,713_02_046_sort_pos_joh_01,0.7723865877712032,1.1958230958230958,0.6989177489177488,0.5007681986905889,0.5813495674375262
713,2,46,pos,2,713_02_046_sort_pos_joh_02,0.7648915187376726,1.0584357084357086,0.9233766233766234,0.5131957838308973,0.22405445819853648
713,2,46,pos,3,713_02_046_sort_pos_joh_03,0.7220907297830376,0.8106879606879607,0.8164502164502164,0.20350808394293796,-0.012210748696668427
713,2,46,pos,4,713_02_046_sort_pos_joh_04,0.5104536489151874,0.5364045864045864,0.5902597402597403,0.07141620219111387,-0.1406456466888421
713,2,46,pos,5,713_02_046_sort_pos_joh_05,0.34871794871794876,0.4252661752661753,0.39329004329004325,0.22014380907383885,0.08685411964424794
713,2,46,pos,6,713_02_046_sort_pos_joh_06,0.4609467455621302,0.43800163800163794,0.39805194805194805,-0.038607108554285736,0.06342713425857366
713,2,54,pos,1,713_02_054_sort_pos_joh_01,1.5489151873767257,1.0077805077805078,1.5504329004329005,-0.5877448976936929,-0.5832663370028882
713,2,54,pos,2,713_02_054_sort_pos_joh_02,0.9658777120315581,0.48398853398853403,0.5857142857142857,-1.1450087277539773,-0.26566546579950845
713,2,54,pos,3,713_02_054_sort_pos_joh_03,0.2765285996055227,0.7011875511875512,0.19004329004329007,0.5090302333126162,0.6154712977401287
713,2,55,pos,1,713_02_055_sort_pos_joh_01,3.308284023668639,4.211425061425061,4.0064935064935066,0.6338464968268722,0.13491164429813055
713,2,55,pos,2,713_02_055_sort_pos_joh_02,2.4605522682445757,2.8977067977067974,3.148268398268398,0.3903185817811851,-0.19159417306550375
713,2,55,pos,3,713_02_055_sort_pos_joh_03,1.5585798816568048,1.8423423423423424,1.7709956709956711,0.37501607874122544,0.09117373960988336
713,2,55,pos,4,713_02_055_sort_pos_joh_04,0.1992110453648915,1.4637592137592137,0.3404761904761905,0.9041599938010801,0.7897684296607784
713,2,55,pos,5,713_02_055_sort_pos_joh_05,0.048323471400394474,0.3153153153153153,0.10216450216450217,0.863881244398158,0.6740826556657729
713,2,60,pos,1,713_02_060_sort_pos_joh_01,8.63491124260355,12.682841932841933,8.324675324675324,1.266983369929711,1.350532652888459
713,2,60,pos,2,713_02_060_sort_pos_joh_02,0.7646942800788954,0.6151515151515151,0.2173160173160173,-0.16410401103562341,0.44961849367412626
713,2,60,pos,3,713_02_060_sort_pos_joh_03,0.1357001972386588,0.06208026208026208,0.006493506493506495,-0.37955407567589966,0.33688473371458594
713,2,61,pos,4,713_02_061_sort_pos_joh_04,0.05739644970414202,0.07207207207207206,0.03441558441558441,0.14483964541681552,0.38013070478237837
713,2,62,pos,1,713_02_062_sort_pos_joh_01,0.5400394477317555,0.8061425061425062,0.7015151515151516,0.22820696996983791,0.07562090648039427
713,2,62,pos,2,713_02_062_sort_pos_joh_02,0.06331360946745561,0.06195741195741196,0.044588744588744594,-0.0023349263577957923,0.029667926485381253
713,2,63,pos,1,713_02_063_sort_pos_joh_01,1.3136094674556213,2.1033988533988532,3.5238095238095237,0.4623328087920925,-0.731125156129077
713,2,63,pos,2,713_02_063_sort_pos_joh_02,1.2481262327416172,1.1252661752661752,2.3121212121212116,-0.11039570079185043,-0.8580784658366813
713,2,63,pos,3,713_02_063_sort_pos_joh_03,0.40197238658777124,1.2746519246519246,0.6103896103896104,0.6191474080589755,0.45315566664206863
713,2,63,pos,4,713_02_063_sort_pos_joh_04,0.39546351084812625,0.22268632268632266,0.9227272727272726,-0.5023842169116476,-1.6640978617349433
713,2,63,pos,5,713_02_063_sort_pos_joh_05,0.3258382642998028,0.21584766584766585,0.17272727272727276,-0.27985984410557657,0.1044012122367362
713,2,63,pos,6,713_02_063_sort_pos_joh_06,0.1019723865877712,0.23099918099918101,0.3857142857142857,0.35774792144907674,-0.3356040288512628
713,2,65,pos,1,713_02_065_sort_pos_joh_01,2.430769230769231,3.4564291564291567,3.1290043290043292,0.6701565675846481,0.20571528362225855
713,2,65,pos,2,713_02_065_sort_pos_joh_02,0.4349112426035503,0.4094594594594594,0.22186147186147187,-0.036851505197720694,0.27134370784126194
713,2,65,pos,3,713_02_065_sort_pos_joh_03,0.14339250493096645,0.5641277641277642,0.225974025974026,0.4166161125848784,0.32927963142698796
713,2,68,pos,1,713_02_068_sort_pos_joh_01,3.911834319526627,4.316871416871416,3.855411255411255,0.1801184943751955,0.19943979759181865
713,2,68,pos,2,713_02_068_sort_pos_joh_02,0.8676528599605522,1.060933660933661,0.9393939393939394,0.2935101433862049,0.1836343119753892
713,2,68,pos,3,713_02_068_sort_pos_joh_03,0.3637080867850099,0.6162981162981163,0.2534632034632035,0.5488015396705831,0.8035792571290287
713,2,68,pos,4,713_02_068_sort_pos_joh_04,0.4067061143984221,0.39009009009009005,0.27142857142857146,-0.050352445521676156,0.36120977155154244
713,2,68,pos,5,713_02_068_sort_pos_joh_05,0.2696252465483235,0.1637592137592138,0.12727272727272726,-0.17676400066369838,0.06171721239081729
713,2,68,pos,6,713_02_068_sort_pos_joh_06,0.27258382642998025,0.06064701064701065,0.0645021645021645,-1.2772818807032436,-0.031270981841169804
713,2,69,pos,1,713_02_069_sort_pos_joh_01,3.714595660749507,3.5147420147420148,4.119264069264069,-0.150349664409468,-0.4177069021875387
713,2,69,pos,2,713_02_069_sort_pos_joh_02,2.4907297830374753,2.6022522522522524,2.9651515151515153,0.10759070794314564,-0.32147255779265155
713,2,69,pos,3,713_02_069_sort_pos_joh_03,0.7388560157790928,0.7083128583128583,0.7326839826839827,-0.048809856733880656,-0.038579062218117514
713,2,69,pos,4,713_02_069_sort_pos_joh_04,0.18481262327416176,0.3395986895986896,0.16709956709956714,0.4263581506540305,0.469596599998264
713,2,70,pos,1,713_02_070_sort_pos_joh_01,1.4666666666666666,3.2690827190827187,3.3608225108225107,1.5544461780776693,-0.0723944486657157
713,2,70,pos,2,713_02_070_sort_pos_joh_02,0.7708086785009862,1.8722358722358723,1.8385281385281385,1.52539255050627,0.04332419205817815
713,2,70,pos,3,713_02_070_sort_pos_joh_03,0.6873767258382643,1.3515561015561015,1.2716450216450217,1.0683790300701135,0.12095658299160639
713,2,70,pos,4,713_02_070_sort_pos_joh_04,0.3272189349112426,0.6334971334971335,0.24935064935064935,0.42255534560942826,0.5215844256506356
713,2,70,pos,5,713_02_070_sort_pos_joh_05,0.23313609467455623,0.3500409500409501,0.3010822510822511,0.2951275835757566,0.11352000683150001
713,2,70,pos,6,713_02_070_sort_pos_joh_06,0.17613412228796846,0.3931203931203931,0.12424242424242424,0.5426005352949783,0.6695376558728751
713,2,70,pos,7,713_02_070_sort_pos_joh_07,0.11775147928994083,0.2753890253890254,0.09134199134199135,0.4221381970597423,0.4843184385531089
713,2,72,pos,1,713_02_072_sort_pos_joh_01,1.0043392504930968,2.635954135954136,0.5588744588744589,0.8197925214733941,1.0366161926872475
713,2,72,pos,2,713_02_072_sort_pos_joh_02,1.3240631163708088,0.9336199836199837,1.0999999999999999,-0.5543532690530292,-0.22947417936142395
713,2,72,pos,3,713_02_072_sort_pos_joh_03,0.4938856015779093,0.24615069615069615,0.33095238095238094,-1.0053649057512994,-0.3541453028678057
713,2,90,pos,1,713_02_090_sort_pos_joh_01,3.948717948717949,4.081081081081081,4.6599567099567105,0.08948638464333245,-0.3716453190152038
713,2,90,pos,2,713_02_090_sort_pos_joh_02,0.6175542406311637,0.731081081081081,0.6699134199134199,0.31404213787258295,0.16407161596642678
713,2,90,pos,3,713_02_090_sort_pos_joh_03,0.7051282051282052,0.655036855036855,0.6917748917748918,-0.0768294249627123,-0.05535451444790546
713,2,90,pos,5,713_02_090_sort_pos_joh_05,0.19289940828402366,0.22960687960687962,0.2774891774891775,0.1662997985712747,-0.20870148062234933
713,2,92,pos,1,713_02_092_sort_pos_joh_01,1.994871794871795,2.6764127764127763,3.400865800865801,0.44359156164517277,-0.43884070479134024
713,2,92,pos,2,713_02_092_sort_pos_joh_02,1.3435897435897437,1.6531941031941033,1.6601731601731602,0.339832381139793,-0.00748294612495326
713,2,92,pos,3,713_02_092_sort_pos_joh_03,1.288757396449704,1.601883701883702,1.683766233766234,0.2352630299408841,-0.05824492989453017
713,2,92,pos,4,713_02_092_sort_pos_joh_04,1.473767258382643,0.7732186732186733,0.9961038961038962,-0.6691130985865822,-0.21007671314889578
713,2,92,pos,5,713_02_092_sort_pos_joh_05,0.8007889546351085,1.0599508599508598,0.8831168831168831,0.1669912664410832,0.10873624578248815
713,2,92,pos,6,713_02_092_sort_pos_joh_06,0.5808678500986193,0.9189598689598691,0.7753246753246753,0.6487830681843713,0.27067479600603156
713,2,92,pos,7,713_02_092_sort_pos_joh_07,0.27475345167652865,0.4831285831285832,0.3569264069264069,0.34195065569305166,0.20544756848498433
713,2,94,pos,1,713_02_094_sort_pos_joh_01,0.27396449704142006,2.394676494676495,1.8225108225108224,0.9915349224909946,0.25126735331080136
713,2,94,pos,2,713_02_094_sort_pos_joh_02,0.45759368836291914,2.0866912366912365,1.6443722943722945,0.9831117693723365,0.2536807294343497
713,2,94,pos,3,713_02_094_sort_pos_joh_03,0.734516765285996,1.1690827190827189,1.4348484848484848,0.5054622714289642,-0.2874011101884179
713,2,94,pos,4,713_02_094_sort_pos_joh_04,0.46055226824457596,0.8883292383292384,0.653896103896104,0.46932577302173945,0.2475503458872205
713,2,94,pos,5,713_02_094_sort_pos_joh_05,0.36173570019723866,0.5751433251433251,0.6694805194805193,0.4472050981283482,-0.18938301296823504
714,1,6,pos,1,714_01_006_sort_pos_joh_01,0.8618357487922704,3.024353120243531,1.5866141732283465,1.0377685484970263,0.705340347044179
714,1,6,pos,2,714_01_006_sort_pos_joh_02,0.1932367149758454,0.8884703196347032,0.3047244094488189,1.0629203695155967,0.9155867541966726
714,1,7,pos,1,714_01_007_sort_pos_joh_01,2.7516908212560387,4.298896499238965,3.8498687664041986,0.7950404247003181,0.23119977802801853
714,1,7,pos,3,714_01_007_sort_pos_joh_03,0.7685990338164252,1.4078386605783866,1.3383202099737534,0.8472251067155951,0.08953136310280152
714,1,7,pos,4,714_01_007_sort_pos_joh_04,0.5077294685990339,1.266019786910198,0.4729658792650919,0.7468108591432754,0.8063145494345715
714,1,7,pos,5,714_01_007_sort_pos_joh_05,0.276328502415459,0.525875190258752,0.26876640419947506,0.4167056792597318,0.4384069358440226
714,1,8,pos,1,714_01_008_sort_pos_joh_01,0.2217391304347826,2.3882420091324197,0.29238845144356956,1.250870843550486,1.2437801068096404
714,1,8,pos,3,714_01_008_sort_pos_joh_03,0.28888888888888886,1.0555936073059362,0.10656167979002625,0.759427815333804,0.9688061675892408
714,1,15,pos,1,714_01_015_sort_pos_joh_01,1.4893719806763286,5.067199391171993,3.501574803149606,1.6293557083992423,0.7021075815193489
714,1,15,pos,2,714_01_015_sort_pos_joh_02,0.9159420289855073,2.8435312024353117,2.1960629921259844,1.4473404780157766,0.4769397247545782
714,1,15,pos,3,714_01_015_sort_pos_joh_03,0.3014492753623188,0.9558980213089802,0.5309711286089239,0.9853435465673988,0.6398056565113357
714,1,15,pos,4,714_01_015_sort_pos_joh_04,0.13864734299516907,0.1606544901065449,0.02099737532808399,0.0460412188491912,0.30205347822513495
714,1,24,pos,1,714_01_024_sort_pos_joh_01,1.0811594202898551,1.387861491628615,1.3425196850393701,0.40511828430665775,0.059392596586580304
714,1,24,pos,2,714_01_024_sort_pos_joh_02,0.6338164251207729,1.237138508371385,0.8448818897637796,0.6675523607231961,0.4356826075188804
714,1,24,pos,3,714_01_024_sort_pos_joh_03,0.0927536231884058,0.15441400304414005,0.09212598425196851,0.2367063696202937,0.23777355364791458
714,1,39,pos,1,714_01_039_sort_pos_joh_01,0.6700483091787439,0.9428082191780821,0.7826771653543309,0.2375713603687862,0.13914641808359265
714,1,57,pos,1,714_01_057_sort_pos_joh_01,2.210144927536232,3.0821917808219172,1.845406824146982,0.6881973590102518,0.9583476150721004
714,1,79,pos,1,714_01_079_sort_pos_joh_01,0.7236714975845411,0.7807838660578387,0.5,0.05224534378002387,0.2636636369550643
714,1,79,pos,2,714_01_079_sort_pos_joh_02,0.4144927536231884,0.5420091324200913,0.3566929133858267,0.1796141540810392,0.26564517964592693
714,1,79,pos,3,714_01_079_sort_pos_joh_03,0.45748792270531397,0.4245433789954338,0.31286089238845144,-0.060711862137736904,0.21184731665791906
714,1,79,pos,5,714_01_079_sort_pos_joh_05,0.17922705314009665,0.1293759512937595,0.13805774278215222,-0.22055377102643625,-0.03871810063989316
714,2,3,pos,1,714_02_003_sort_pos_joh_01,3.0842239185750633,10.934450109249818,5.898507462686567,1.6095915135253378,0.9761107949644613
714,2,3,pos,2,714_02_003_sort_pos_joh_02,3.4346055979643766,2.9547705753823745,5.2,-0.23242530641848674,-1.0156872145009304
714,2,3,pos,3,714_02_003_sort_pos_joh_03,2.6821882951653944,2.2285506190823012,3.754228855721393,-0.3421033939872022,-1.0700720849737735
714,2,3,pos,4,714_02_003_sort_pos_joh_04,1.2223918575063615,1.6820101966496723,1.7671641791044777,0.5886591847183933,-0.10226995913566163
714,2,17,pos,1,714_02_017_sort_pos_joh_01,1.3450381679389314,1.3537509104151493,0.9318407960199006,0.00755824738355047,0.3486357427181139
714,2,17,pos,2,714_02_017_sort_pos_joh_02,0.810941475826972,1.1219227967953387,0.6313432835820895,0.412925981779731,0.6301689341166428
714,2,17,pos,4,714_02_017_sort_pos_joh_04,0.13078880407124682,0.15287691187181354,0.03034825870646766,0.0757771036730989,0.4160778204137237
714,2,20,pos,1,714_02_020_sort_pos_joh_01,0.5549618320610687,0.9884195193008011,0.5467661691542289,0.44576231894397556,0.43224915720797513
714,2,20,pos,2,714_02_020_sort_pos_joh_02,0.46870229007633585,0.8757465404224327,0.45472636815920403,0.3974913287150507,0.3908173725594127
714,2,62,pos,1,714_02_062_sort_pos_joh_01,3.4435114503816795,3.235251274581209,4.660199004975125,-0.10370546648861595,-0.6906217447383309
714,2,62,pos,2,714_02_062_sort_pos_joh_02,1.4610687022900763,1.78353969410051,2.2577114427860696,0.2935902626882801,-0.4144953087004481
716,1,12,pos,1,716_01_012_sort_pos_joh_01,1.2297777777777776,2.5953150242326335,2.3633713561470215,0.5349819735760531,0.0861161032149311
716,1,12,pos,5,716_01_012_sort_pos_joh_05,1.891777777777778,2.81324717285945,2.4740177439797213,0.3594202497737974,0.13947305456657882
716,1,12,pos,8,716_01_012_sort_pos_joh_08,0.4724444444444444,0.7568659127625202,0.4982256020278834,0.39612072513351054,0.3873167307516194
716,1,12,pos,9,716_01_012_sort_pos_joh_09,0.3068888888888889,0.5311793214862682,0.4114068441064639,0.4226776438970789,0.23487222868585828
716,1,12,pos,11,716_01_012_sort_pos_joh_11,0.22933333333333333,0.26219709208400643,0.19366286438529787,0.08488346485946077,0.19970771383451694
716,1,14,pos,1,716_01_014_sort_pos_joh_01,0.8097777777777777,2.131340872374798,1.0602027883396705,1.1509918854571906,0.8999510003217541
716,1,14,pos,13,716_01_014_sort_pos_joh_13,0.33888888888888896,1.038691437802908,0.36096324461343465,0.9410363601409635,0.9716734482352091
716,1,28,pos,1,716_01_028_sort_pos_joh_01,3.551111111111111,3.2755250403877225,3.1045627376425857,-0.18443542732198878,0.11272276666459072
716,1,28,pos,2,716_01_028_sort_pos_joh_02,2.033333333333333,1.532714054927302,1.1362484157160964,-0.41110100486593604,0.35135455228108575
716,1,28,pos,3,716_01_028_sort_pos_joh_03,2.1913333333333336,1.1483037156704363,0.9220532319391637,-0.46421494474830094,0.12820678447476902
716,1,28,pos,4,716_01_028_sort_pos_joh_04,1.1962222222222223,1.3310985460420033,1.1669201520912549,0.19880069374690268,0.250196024234596
716,1,28,pos,5,716_01_028_sort_pos_joh_05,1.2544444444444445,0.9168012924071083,0.8562737642585552,-0.36752193730773824,0.0653535293302684
716,1,28,pos,6,716_01_028_sort_pos_joh_06,0.9706666666666666,1.0045234248788368,1.3171102661596956,0.025419321638386682,-0.19033364312515627
716,1,28,pos,7,716_01_028_sort_pos_joh_07,1.0406666666666666,0.6311793214862682,0.6731305449936628,-0.6310412512388496,-0.07985515779496762
716,1,30,pos,2,716_01_030_sort_pos_joh_02,0.5726666666666667,0.8820678513731826,1.376299112801014,0.4086324200594528,-0.545848155622383
716,1,30,pos,3,716_01_030_sort_pos_joh_03,0.24488888888888893,0.11599353796445883,0.14904942965779466,-0.6623129346759455,-0.18801442453173764
716,1,42,pos,1,716_01_042_sort_pos_joh_01,2.638888888888889,1.87108239095315,4.727883396704689,-0.3216992896858242,-1.1620248951675731
716,1,42,pos,6,716_01_042_sort_pos_joh_06,0.11666666666666667,0.04474959612277867,0.07401774397972118,-0.483084619626767,-0.19440604102096506
716,1,45,pos,1,716_01_045_sort_pos_joh_01,3.8706666666666667,5.078836833602585,4.437135614702155,0.6924092655414937,0.35288842536249376
716,1,45,pos,2,716_01_045_sort_pos_joh_02,1.5642222222222224,1.7520193861066236,1.8575411913814954,0.21404243695279734,-0.12660331985928086
716,1,45,pos,3,716_01_045_sort_pos_joh_03,1.555111111111111,1.4892568659127625,1.8228136882129278,-0.10684467248911407,-0.5083406770110896
716,1,45,pos,4,716_01_045_sort_pos_joh_04,0.8217777777777778,0.7794022617124394,1.341318124207858,-0.06555036831818517,-0.6391773722939428
716,1,45,pos,5,716_01_045_sort_pos_joh_05,1.008,0.7210823909531503,0.7840304182509505,-0.7221680930499289,-0.16242725877680914
716,1,45,pos,6,716_01_045_sort_pos_joh_06,0.6255555555555555,0.6735864297253635,0.9656527249683144,0.12193967313374943,-0.6567343499353999
716,1,45,pos,7,716_01_045_sort_pos_joh_07,0.5346666666666667,0.7966882067851373,0.8013941698352344,0.4527260647953783,-0.0076493798433995095
716,1,45,pos,8,716_01_045_sort_pos_joh_08,0.5833333333333334,0.5533925686591277,0.8211660329531053,-0.09140405986351038,-0.714374145299968
716,1,45,pos,9,716_01_045_sort_pos_joh_09,0.1771111111111111,0.30516962843295636,1.1780735107731306,0.2945315388367753,-0.9476543697858931
716,1,45,pos,10,716_01_045_sort_pos_joh_10,0.264,0.451373182552504,0.9523447401774399,0.5509734147483242,-0.8596331998209054
716,1,45,pos,11,716_01_045_sort_pos_joh_11,0.31177777777777776,0.29620355411954763,0.2743979721166033,-0.0767637686549758,0.10513171199171466
716,1,47,pos,1,716_01_047_sort_pos_joh_01,8.659333333333333,7.074071082390954,8.211787072243345,-0.7034694578136494,-0.5596391460001396
716,1,47,pos,2,716_01_047_sort_pos_joh_02,5.958666666666666,6.056138933764136,7.094930291508238,0.030588932431283095,-0.24849270398445023
716,1,47,pos,3,716_01_047_sort_pos_joh_03,2.17,1.6368336025848143,2.3229404309252213,-0.8107120368331442,-0.9657458205378412
716,1,47,pos,4,716_01_047_sort_pos_joh_04,2.2888888888888888,1.6106623586429725,1.820659062103929,-1.1275539330107658,-0.3424370646917689
716,1,47,pos,6,716_01_047_sort_pos_joh_06,0.6177777777777778,0.8466074313408724,0.32686945500633713,0.22583838358975225,0.5708022797939536
716,1,47,pos,7,716_01_047_sort_pos_joh_07,0.3942222222222223,0.1981421647819063,0.4690747782002535,-0.6197459232905194,-0.7096379705107998
716,1,49,pos,1,716_01_049_sort_pos_joh_01,0.9680000000000001,0.24087237479806137,0.25247148288973387,-1.3758172913825257,-0.03185409989377436
716,1,49,pos,2,716_01_049_sort_pos_joh_02,0.7875555555555555,0.34063004846526657,0.24550063371356148,-0.6728425874946399,0.143383797125412
716,1,49,pos,3,716_01_049_sort_pos_joh_03,1.7695555555555555,0.6136510500807755,0.5385297845373891,-1.1575423548173625,0.08609875758927457
716,1,50,pos,1,716_01_050_sort_pos_joh_01,0.2357777777777778,0.3120355411954766,0.2906210392902408,0.2652575182165245,0.0760028332120639
716,1,50,pos,2,716_01_050_sort_pos_joh_02,0.35133333333333333,0.6289983844911147,0.4356147021546261,0.3729876706273102,0.24795112621996648
716,1,50,pos,4,716_01_050_sort_pos_joh_04,1.868222222222222,4.044507269789984,2.35297845373891,0.7183420571377643,0.5639335597983597
716,1,52,pos,1,716_01_052_sort_pos_joh_01,8.36111111111111,5.419224555735057,5.379721166032954,-1.1618618106770653,0.013200635108017876
716,1,52,pos,2,716_01_052_sort_pos_joh_02,6.391111111111111,4.10064620355412,3.867553865652725,-1.0204076429924729,0.10043560005395546
716,1,52,pos,3,716_01_052_sort_pos_joh_03,3.888666666666667,1.7139741518578349,3.6708491761723696,-0.8192412964696536,-0.6671012137318154
716,1,52,pos,4,716_01_052_sort_pos_joh_04,1.030888888888889,0.6724555735056543,0.5337135614702155,-0.8104337241900642,0.3594846811123353
716,1,52,pos,6,716_01_052_sort_pos_joh_06,0.5115555555555555,0.4797253634894992,0.4041825095057034,-0.09813839662615556,0.2292846406932757
716,1,56,pos,1,716_01_056_sort_pos_joh_01,2.096,2.9268982229402263,2.4487959442332063,0.4052420873245312,0.22210491689838108
716,1,56,pos,2,716_01_056_sort_pos_joh_02,0.6797777777777777,0.889983844911147,0.5395437262357414,0.2146546351129025,0.3691652674707532
716,1,56,pos,3,716_01_056_sort_pos_joh_03,0.7035555555555556,0.725686591276252,0.4686945500633713,0.020565837757346703,0.24739027574408062
716,1,56,pos,4,716_01_056_sort_pos_joh_04,0.3106666666666667,0.22996768982229407,0.10684410646387832,-0.1787633368425489,0.2865181103018508
716,1,56,pos,5,716_01_056_sort_pos_joh_05,0.1008888888888889,0.19079159935379644,0.11749049429657793,0.3070545625195664,0.21951649940822138
716,1,66,pos,1,716_01_066_sort_pos_joh_01,1.0922222222222222,1.3762520193861063,0.8898605830164766,0.14011304642064343,0.24539163918028142
716,1,66,pos,3,716_01_066_sort_pos_joh_03,0.12311111111111113,0.1278675282714055,0.22585551330798478,0.017140527368817896,-0.2818820130677313
716,1,66,pos,4,716_01_066_sort_pos_joh_04,0.3095555555555556,0.3919224555735057,0.2846641318124208,0.1291100067538921,0.16396581288215464
716,1,67,pos,1,716_01_067_sort_pos_joh_01,2.046666666666667,2.9205977382875603,3.5206590621039293,0.39830726823063217,-0.27142306742677946
716,2,28,pos,1,716_02_028_sort_pos_joh_01,1.2916666666666667,1.7222976501305483,1.1917975567190227,0.3827998473941539,0.5235183883334323
716,2,28,pos,2,716_02_028_sort_pos_joh_02,1.8394144144144144,2.088041775456919,3.177312390924956,0.10197431371124892,-0.39397289095406834
716,2,28,pos,3,716_02_028_sort_pos_joh_03,1.003153153153153,2.6282506527415146,1.1399650959860386,0.9541646780412117,0.9220362347883025
716,2,28,pos,6,716_02_028_sort_pos_joh_06,0.5984234234234234,0.5510182767624021,0.8883071553228621,-0.07078683682699008,-0.4739960300251193
716,2,29,pos,1,716_02_029_sort_pos_joh_01,2.007207207207207,3.089451697127937,2.404188481675393,0.5716898901916078,0.37132181392322194
716,2,29,pos,2,716_02_029_sort_pos_joh_02,1.2385135135135135,1.8025065274151437,1.300349040139616,0.5268239957430181,0.4946873296730677
716,2,29,pos,3,716_02_029_sort_pos_joh_03,0.7887387387387387,0.9356657963446475,1.4102966841186737,0.2230027814820519,-0.6540180727731406
716,2,30,pos,1,716_02_030_sort_pos_joh_01,0.461036036036036,0.6003133159268929,0.49005235602094244,0.20797893085966593,0.16706580089478
716,2,41,pos,1,716_02_041_sort_pos_joh_01,1.2637387387387384,0.9042297650130549,0.9291448516579406,-0.906152808049338,-0.06260177930018763
716,2,41,pos,2,716_02_041_sort_pos_joh_02,1.6096846846846848,1.721827676240209,1.2696335078534031,0.07964404268166034,0.3224305788333739
716,2,41,pos,3,716_02_041_sort_pos_joh_03,1.3502252252252251,0.7557702349869453,0.8458987783595114,-1.2852358388531484,-0.19954350274690155
716,2,41,pos,5,716_02_041_sort_pos_joh_05,1.662162162162162,1.0136814621409924,1.1825479930191973,-1.2135411701855423,-0.3377963805642464
716,2,41,pos,6,716_02_041_sort_pos_joh_06,0.09864864864864864,0.09138381201044386,0.08760907504363002,-0.06727315540489764,0.035385218184951044
716,2,41,pos,7,716_02_041_sort_pos_joh_07,0.13761261261261262,0.13013054830287207,0.06317626527050611,-0.04049759171035664,0.3757232096975084
716,2,42,pos,1,716_02_042_sort_pos_joh_01,5.5903153153153164,4.667937336814621,4.939092495636998,-0.7160670812454113,-0.21163240802418637
716,2,42,pos,2,716_02_042_sort_pos_joh_02,4.927027027027027,4.349451697127938,4.443979057591623,-0.25175134069045596,-0.04568671834137459
716,2,42,pos,3,716_02_042_sort_pos_joh_03,4.814864864864865,2.3095039164490863,1.8378708551483418,-1.9451664844508756,0.47558703399071056
716,2,42,pos,4,716_02_042_sort_pos_joh_04,3.0952702702702704,1.0821932114882507,3.00087260034904,-1.6780876722756686,-1.3640709880518518
716,2,42,pos,5,716_02_042_sort_pos_joh_05,3.182882882882883,1.9608355091383811,1.6528795811518322,-1.659172553346861,0.43585037137027166
716,2,42,pos,6,716_02_042_sort_pos_joh_06,1.6524774774774775,1.2147780678851177,1.0462478184991273,-0.9832633546821913,0.39044089676495586
716,2,42,pos,7,716_02_042_sort_pos_joh_07,1.0103603603603604,1.1155613577023498,1.0472949389179753,0.177397020777296,0.10573179197740318
716,2,42,pos,8,716_02_042_sort_pos_joh_08,1.2263513513513513,1.1310182767624022,0.9986038394415359,-0.23007989989344038,0.31988445324561926
716,2,42,pos,9,716_02_042_sort_pos_joh_09,0.9123873873873874,0.686840731070496,0.6207678883071555,-0.7578475880547507,0.2311453631539512
716,2,42,pos,10,716_02_042_sort_pos_joh_10,1.2572072072072071,0.5243864229765013,0.5066317626527052,-1.0339822247511843,0.023255936859972348
716,2,42,pos,11,716_02_042_sort_pos_joh_11,0.20945945945945948,0.13859007832898174,0.04554973821989528,-0.14367205450758838,0.19603950759389163
716,2,45,pos,1,716_02_045_sort_pos_joh_01,0.5274774774774774,0.7518015665796345,0.3045375218150087,0.3712561792554967,0.775141215440093
716,2,45,pos,3,716_02_045_sort_pos_joh_03,2.240990990990991,1.6703394255874673,2.2338568935427574,-0.6603040850537646,-0.566464729817652
716,2,45,pos,4,716_02_045_sort_pos_joh_04,1.1666666666666667,1.6193733681462144,1.66195462478185,0.39772572160884295,-0.030799555188454716
716,2,45,pos,5,716_02_045_sort_pos_joh_05,1.477027027027027,0.7474151436031332,0.6438045375218151,-1.4411048148202155,0.21180596661190954
716,2,45,pos,6,716_02_045_sort_pos_joh_06,1.0939189189189191,0.432532637075718,0.5654450261780105,-2.0946139994236477,-0.43076076339695357
716,2,45,pos,7,716_02_045_sort_pos_joh_07,0.36171171171171174,1.5790078328981725,0.9300174520069807,0.8165023084433743,0.43155299885845794
716,2,45,pos,8,716_02_045_sort_pos_joh_08,1.777027027027027,0.8864229765013055,0.41989528795811515,-1.0988842615290535,0.675011454211979
716,2,45,pos,10,716_02_045_sort_pos_joh_10,1.50518018018018,0.4397911227154047,0.48656195462478186,-2.2827013382985277,-0.12593470614098218
716,2,48,pos,1,716_02_048_sort_pos_joh_01,7.248423423423424,5.646840731070497,6.901570680628273,-0.7813937797928202,-0.6449532551631874
716,2,48,pos,2,716_02_048_sort_pos_joh_02,3.7162162162162167,1.71822454308094,2.1261780104712047,-1.1470273249361718,-0.3095694030744222
716,2,48,pos,3,716_02_048_sort_pos_joh_03,2.8572072072072072,1.3678851174934725,1.8378708551483423,-1.950189426437298,-0.6689897805238818
716,2,48,pos,4,716_02_048_sort_pos_joh_04,2.31981981981982,1.497597911227154,2.0727748691099475,-1.356990531658165,-0.9585081902670288
716,2,48,pos,5,716_02_048_sort_pos_joh_05,0.729954954954955,0.5637075718015666,0.6195462478184991,-0.4219891810298,-0.16010954236148056
716,2,48,pos,7,716_02_048_sort_pos_joh_07,1.0065315315315317,0.25514360313315926,0.468586387434555,-1.3034333900874666,-0.36920292846206837
716,2,50,pos,1,716_02_050_sort_pos_joh_01,1.1655405405405406,1.928093994778068,1.5239092495636999,0.6035695715587847,0.3063213535136683
716,2,50,pos,2,716_02_050_sort_pos_joh_02,0.9862612612612613,0.9672062663185379,0.6286212914485165,-0.014250452306046416,0.2459764023072409
716,2,50,pos,3,716_02_050_sort_pos_joh_03,1.3763513513513514,1.2454308093994777,1.4520069808027922,-0.11619106715271724,-0.17036395985173208
716,2,50,pos,4,716_02_050_sort_pos_joh_04,0.05540540540540541,0.2351958224543081,1.1347294938917973,0.4767078826431847,-0.8493563325298641
716,2,52,pos,1,716_02_052_sort_pos_joh_01,0.6891891891891891,0.39613577023498703,0.3361256544502618,-0.7817749296385903,0.16228962396204016
716,2,52,pos,2,716_02_052_sort_pos_joh_02,3.0731981981981984,1.6710704960835512,1.237347294938918,-0.9946761644683065,0.31561828696590777
716,2,52,pos,3,716_02_052_sort_pos_joh_03,1.4229729729729728,0.8568668407310704,0.7591623036649215,-1.0093158364108807,0.16773049985812125
716,2,52,pos,4,716_02_052_sort_pos_joh_04,0.6056306306306306,0.3510704960835509,0.3150087260034904,-0.9751439057333888,0.1436193323435525
716,2,52,pos,7,716_02_052_sort_pos_joh_07,1.529054054054054,0.8558746736292429,0.8265270506108203,-1.0524155622660467,0.04502341650461263
716,2,56,pos,1,716_02_056_sort_pos_joh_01,3.2130630630630628,1.5744125326370757,1.5553228621291448,-0.8977667814475236,0.010297577908580973
716,2,56,pos,2,716_02_056_sort_pos_joh_02,0.7603603603603604,0.9160835509138381,1.0258289703315882,0.12355362180993205,-0.0827082009910521
716,2,56,pos,3,716_02_056_sort_pos_joh_03,0.3349099099099099,0.2795822454308094,0.2582897033158813,-0.11949904339307199,0.04433043367224712
716,2,56,pos,4,716_02_056_sort_pos_joh_04,0.07184684684684685,0.11263707571801566,0.04607329842931938,0.11007360435528603,0.18045319690969658
716,2,56,pos,5,716_02_056_sort_pos_joh_05,0.08040540540540542,0.0818798955613577,0.08760907504363002,0.013269956754480726,-0.049573849943269736
716,2,56,pos,6,716_02_056_sort_pos_joh_06,0.08243243243243244,0.0545691906005222,0.030191972076788833,-0.20985694550250328,0.1959495535260654
716,2,67,pos,1,716_02_067_sort_pos_joh_01,3.5740990990990995,4.336553524804177,3.234380453752181,0.2345926885692551,0.3724289873130563
716,2,67,pos,2,716_02_067_sort_pos_joh_02,3.526801801801802,2.2646475195822453,3.990052356020943,-0.4846026967085899,-0.6395477286601199
716,2,69,pos,1,716_02_069_sort_pos_joh_01,0.5966216216216216,2.771018276762402,1.1973821989528797,1.120879800999401,0.8091952856408026
716,2,69,pos,4,716_02_069_sort_pos_joh_04,0.4434684684684685,0.3652219321148825,0.3781849912739965,-0.13356195729656137,-0.021294694512300257
716,2,69,pos,5,716_02_069_sort_pos_joh_05,3.266441441441442,0.9718537859007832,0.9795811518324606,-1.4423756649553343,-0.005527286637872687
716,2,69,pos,6,716_02_069_sort_pos_joh_06,1.232207207207207,0.36281984334203654,0.9027923211169284,-1.43595461875293,-0.8196223979704029
716,3,29,pos,1,716_03_029_sort_pos_joh_01,7.4611418047882125,5.0636537541846005,13.002095238095238,-0.48924415049333975,-1.6259980424390255
716,3,29,pos,2,716_03_029_sort_pos_joh_02,6.229834254143647,5.608703969392635,7.595238095238095,-0.21558237956972612,-0.6726026046108696
716,3,29,pos,4,716_03_029_sort_pos_joh_04,2.416390423572744,1.971736011477762,3.280380952380952,-0.299072383308214,-0.8387604493618958
716,3,45,pos,1,716_03_045_sort_pos_joh_01,8.95524861878453,5.214299378287901,5.995809523809524,-1.0870659785943533,-0.2231556393137943
716,3,45,pos,2,716_03_045_sort_pos_joh_02,2.464640883977901,0.8045911047345767,1.4339047619047618,-1.7595827586867623,-0.680992706425284
716,3,45,pos,3,716_03_045_sort_pos_joh_03,0.5677716390423572,0.33897656623625055,0.8531428571428571,-0.5395944960285024,-0.9058554478594061
716,3,45,pos,4,716_03_045_sort_pos_joh_04,0.49797421731123387,0.3019607843137255,0.8013333333333335,-0.5872323403230896,-1.484616645976078
716,3,46,pos,1,716_03_046_sort_pos_joh_01,10.74585635359116,7.917694882831181,6.780380952380952,-0.7746539428293452,0.3455812955844599
716,3,46,pos,2,716_03_046_sort_pos_joh_02,4.547145488029466,2.4695361071257773,4.491619047619047,-1.0489465150858222,-1.089417036665905
716,3,46,pos,3,716_03_046_sort_pos_joh_03,3.032228360957643,3.6074127211860354,3.0569523809523806,0.21075714374734197,0.18890557380229736
716,3,46,pos,4,716_03_046_sort_pos_joh_04,0.8338858195211787,0.8784313725490196,0.7883809523809523,0.08053730602007697,0.1618475773530259
716,3,46,pos,5,716_03_046_sort_pos_joh_05,1.474953959484346,0.4256336681013869,1.6666666666666667,-0.5391724731928169,-0.7043982678939701
716,3,46,pos,6,716_03_046_sort_pos_joh_06,0.12338858195211787,0.09827833572453372,0.1620952380952381,-0.14050175236090034,-0.4410397997635358
716,3,50,pos,1,716_03_050_sort_pos_joh_01,1.294659300184162,1.4976566236250597,1.142666666666667,0.12085357295502179,0.20235118817028278
716,3,50,pos,2,716_03_050_sort_pos_joh_02,1.4152854511970534,1.207604017216643,1.3832380952380954,-0.15792411334109147,-0.1252418674897917
716,3,50,pos,3,716_03_050_sort_pos_joh_03,0.6812154696132596,0.7093256814921091,0.4001904761904762,0.021240708984516514,0.23116380132151676
716,3,50,pos,4,716_03_050_sort_pos_joh_04,0.3629834254143647,0.36121472979435676,0.5297142857142858,-0.002924780705322129,-0.26540263303935485
716,3,52,pos,1,716_03_052_sort_pos_joh_01,4.811418047882137,2.1001434720229555,2.7786666666666666,-1.6080476354737525,-0.40338677046890514
716,3,52,pos,2,716_03_052_sort_pos_joh_02,2.3252302025782687,0.959636537541846,1.0426666666666666,-1.1160125049839829,-0.08624954805635501
716,3,52,pos,5,716_03_052_sort_pos_joh_05,0.3714548802946593,0.20444763271162122,0.12038095238095238,-0.5656986769097493,0.32264561336554903
716,3,52,pos,6,716_03_052_sort_pos_joh_06,0.39613259668508294,0.157532281205165,0.17390476190476192,-1.1337548814902572,-0.08182275309033275
716,3,52,pos,7,716_03_052_sort_pos_joh_07,0.36335174953959487,0.14744141559062654,0.17123809523809524,-0.8468835896328759,-0.10434708890800876
716,3,63,neg,1,716_03_063_sort_neg_joh_01,5.197421731123388,5.783070301291248,6.037142857142857,0.14521391767623668,-0.058752824661191756
716,3,63,neg,2,716_03_063_sort_neg_joh_02,4.541988950276243,4.8537063605930175,4.990666666666667,0.17108810509587746,-0.07211248742912212
716,3,63,neg,3,716_03_063_sort_neg_joh_03,5.660773480662984,3.6012912482066,4.254857142857143,-1.5300206886531504,-0.4999371415859712
716,3,63,neg,4,716_03_063_sort_neg_joh_04,1.6924493554327809,1.0706838833094214,1.2260952380952381,-1.1264211112586309,-0.2943227163644097
716,3,63,neg,5,716_03_063_sort_neg_joh_05,0.31528545119705337,0.42199904351984696,0.7207619047619047,0.33554404944150584,-0.6788848819578364
716,3,63,neg,6,716_03_063_sort_neg_joh_06,0.21675874769797424,0.0765662362505978,0.16228571428571428,-0.6372375854594095,-0.3316493088251351
716,3,67,pos,1,716_03_067_sort_pos_joh_01,1.643830570902394,3.7895743663318986,2.8870476190476193,0.7381727514522547,0.30646233557694513
716,3,67,pos,4,716_03_067_sort_pos_joh_04,0.36777163904235727,0.36537541846006694,0.20076190476190478,-0.003501480822304648,0.24413550725621516
716,3,67,pos,5,716_03_067_sort_pos_joh_05,0.5342541436464089,0.265375418460067,0.12476190476190477,-0.4192239696698168,0.22267782348032658
717,1,30,pos,1,717_01_030_sort_pos_joh_01,0.7830985915492958,5.682671081677705,3.3418238993710694,1.9125748494720924,0.8883277743778049
717,1,30,pos,3,717_01_030_sort_pos_joh_03,0.4253521126760563,0.19525386313465784,0.18836477987421382,-0.6258708247147873,0.01890812047820824
717,1,31,pos,4,717_01_031_sort_pos_joh_04,0.1164319248826291,0.1756438557763061,0.1716981132075472,0.15478995343398144,0.010331742284842056
717,1,32,pos,1,717_01_032_sort_pos_joh_01,3.3276995305164316,10.316593083149376,3.395283018867924,1.4124738160427168,1.3754793268287397
717,1,37,pos,1,717_01_037_sort_pos_joh_01,1.4995305164319248,1.1387785136129507,1.4761006289308176,-0.3033641777421624,-0.27610599954530785
717,1,37,pos,2,717_01_037_sort_pos_joh_02,0.02535211267605634,0.12527593818984548,0.09308176100628932,0.4166380114821448,0.13392038648150553
717,1,42,pos,1,717_01_042_sort_pos_joh_01,0.8723004694835679,3.6140912435614423,2.757232704402516,1.1335014399116718,0.3457191639995481
717,1,42,pos,2,717_01_042_sort_pos_joh_02,0.09154929577464789,0.3385577630610743,0.8915094339622641,0.4569985661208691,-0.818005038531801
717,1,46,pos,1,717_01_046_sort_pos_joh_01,0.4267605633802817,3.971633554083885,0.8367924528301885,1.7276954782307954,1.5444387978435932
717,1,46,pos,2,717_01_046_sort_pos_joh_02,0.22535211267605634,1.4470934510669609,0.3855345911949685,1.5744349921995044,1.3859841871378102
717,1,60,pos,1,717_01_060_sort_pos_joh_01,2.3342723004694834,2.784326710816777,2.588993710691824,0.2548691174264441,0.1097100354027871
717,1,60,pos,2,717_01_060_sort_pos_joh_02,0.5652582159624413,0.5720750551876379,0.43238993710691825,0.010368273226125166,0.2112945590861608
717,1,62,pos,1,717_01_062_sort_pos_joh_01,1.291549295774648,2.862398822663723,1.7110062893081759,0.8392917047291438,0.6189538824778031
717,1,62,pos,2,717_01_062_sort_pos_joh_02,0.23568075117370893,0.20360559234731423,0.20534591194968552,-0.1519616763375343,-0.008327597404443126
717,1,70,pos,1,717_01_070_sort_pos_joh_01,0.33051643192488267,2.1105592347314204,0.26918238993710697,0.7943791020984952,0.8325561701611577
717,1,70,pos,2,717_01_070_sort_pos_joh_02,0.3873239436619718,0.9496688741721854,0.2113207547169812,0.5524893036946014,0.7364941735421553
717,1,70,pos,3,717_01_070_sort_pos_joh_03,0.013615023474178404,0.08601913171449596,0.012578616352201259,0.45806692792079606,0.47217193568346333
717,1,71,pos,1,717_01_071_sort_pos_joh_01,0.9295774647887324,1.4577262693156732,1.1553459119496854,0.48807678076231614,0.2797060619695781
717,1,71,pos,2,717_01_071_sort_pos_joh_02,0.19248826291079812,0.4505150846210449,0.6773584905660378,0.33239114479782383,-0.25169660370711144
717,1,71,pos,3,717_01_071_sort_pos_joh_03,0.23990610328638495,0.39330389992641646,0.6213836477987421,0.25078610109763533,-0.308329628460832
717,1,71,pos,4,717_01_071_sort_pos_joh_04,0.14788732394366197,0.19536423841059603,0.2088050314465409,0.08804003409888492,-0.024284139469335768
717,1,73,pos,1,717_01_073_sort_pos_joh_01,2.0502347417840374,4.343561442236939,3.6047169811320754,0.913319144265875,0.28715286870905954
717,1,73,pos,2,717_01_073_sort_pos_joh_02,0.284037558685446,0.44128035320088294,0.4276729559748428,0.18554244560319658,0.01596535395468857
717,1,74,pos,1,717_01_074_sort_pos_joh_01,2.316901408450704,1.9013612950699041,1.2663522012578616,-0.20605689417948048,0.32023922066182975
717,1,75,pos,1,717_01_075_sort_pos_joh_01,0.8145539906103286,1.4915378955114054,2.114779874213836,0.4342981838220053,-0.36825864500366684
717,1,75,pos,2,717_01_075_sort_pos_joh_02,0.1427230046948357,0.22310522442972774,1.4569182389937108,0.16282314317562513,-1.4984535535524255
717,1,75,pos,3,717_01_075_sort_pos_joh_03,0.12769953051643193,0.3235467255334805,0.27641509433962264,0.3176262680861557,0.07649921223351436
717,1,76,pos,1,717_01_076_sort_pos_joh_01,2.875586854460094,4.870235467255335,4.714465408805031,0.9687168316805619,0.07176085548936538
717,1,76,pos,2,717_01_076_sort_pos_joh_02,1.9464788732394367,2.8643855776306104,3.128616352201258,0.7876679542820845,-0.20959508317713885
717,1,77,pos,1,717_01_077_sort_pos_joh_01,4.520657276995305,5.717292126563649,4.050943396226415,0.4430768589190921,0.6136035615749207
717,1,78,pos,1,717_01_078_sort_pos_joh_01,5.61924882629108,9.336460632818248,5.935534591194968,1.4311110257465445,1.3138689204281002
717,1,79,pos,1,717_01_079_sort_pos_joh_01,4.352582159624412,5.412398822663723,3.9852201257861632,0.31621429776626536,0.42798008643191754
717,1,79,pos,2,717_01_079_sort_pos_joh_02,0.7849765258215962,0.4126195732155997,0.4154088050314465,-0.4875345796204885,-0.0037162693366275903
717,1,80,pos,1,717_01_080_sort_pos_joh_01,2.1286384976525823,3.1429359823399556,3.3761006289308173,0.5140958995652495,-0.11296576606292921
717,1,80,pos,2,717_01_080_sort_pos_joh_02,0.7610328638497653,1.7654525386313467,0.8594339622641511,0.6597429974380051,0.601614202008007
717,2,30,pos,1,717_02_030_sort_pos_joh_01,2.6408675799086754,5.558997252747253,5.297222222222223,1.3999374246683955,0.12158172137877898
717,2,30,pos,3,717_02_030_sort_pos_joh_03,0.35684931506849316,0.23619505494505497,0.22606837606837607,-0.26469292276287315,0.021910004268248438
717,2,60,pos,1,717_02_060_sort_pos_joh_01,1.428767123287671,3.409340659340659,2.722863247863247,1.1012630468233806,0.3726158578824513
717,2,60,pos,2,717_02_060_sort_pos_joh_02,0.49474885844748856,1.2934065934065935,0.9974358974358973,0.9873210137758084,0.3565901460882211
717,2,60,pos,3,717_02_060_sort_pos_joh_03,0.2851598173515982,0.7061813186813187,0.9626068376068375,0.5148273163737914,-0.22235260380151572
717,2,60,pos,4,717_02_060_sort_pos_joh_04,0.145662100456621,0.21229395604395607,0.9797008547008547,0.16771460654543846,-1.3082605090346553
717,2,63,pos,1,717_02_063_sort_pos_joh_01,2.4650684931506843,6.2963598901098905,4.597008547008547,1.5862593823117785,0.6918244524326267
717,2,63,pos,2,717_02_063_sort_pos_joh_02,0.3136986301369863,0.7121565934065934,0.8395299145299144,0.8401488336326439,-0.237587185534115
717,2,66,pos,1,717_02_066_sort_pos_joh_01,2.358219178082192,1.7087912087912087,0.2673076923076923,-0.4388770260274253,1.0588773942985876
717,2,66,pos,2,717_02_066_sort_pos_joh_02,0.7849315068493151,0.5576923076923077,0.13867521367521368,-0.25306542528543813,0.49075414245536947
717,2,68,pos,1,717_02_068_sort_pos_joh_01,2.9360730593607305,2.830769230769231,0.3604700854700855,-0.04518278479709385,1.1076157211660094
717,2,68,pos,2,717_02_068_sort_pos_joh_02,0.6073059360730594,0.7957417582417582,0.10384615384615385,0.16975264414315966,0.6453643739212568
717,2,68,pos,3,717_02_068_sort_pos_joh_03,0.19406392694063931,0.16572802197802197,0.04102564102564103,-0.0938203160633607,0.42866848076784675
717,2,69,pos,1,717_02_069_sort_pos_joh_01,2.4205479452054797,1.8274725274725276,1.3764957264957263,-0.485622092086333,0.36707798147809845
717,2,69,pos,2,717_02_069_sort_pos_joh_02,0.35251141552511417,0.15370879120879122,0.18632478632478636,-0.7740234931237374,-0.1275926204201476
717,2,71,pos,1,717_02_071_sort_pos_joh_01,6.1018264840182646,4.86353021978022,6.270299145299146,-0.35273661528470013,-0.36735585569774465
717,2,71,pos,2,717_02_071_sort_pos_joh_02,1.5159817351598173,2.152129120879121,1.9790598290598291,0.4041926122004364,0.11328123226173507
717,2,71,pos,3,717_02_071_sort_pos_joh_03,0.36324200913242016,0.7054945054945055,1.4247863247863246,0.3877251240918098,-0.5394152211479502
717,2,76,pos,1,717_02_076_sort_pos_joh_01,0.545662100456621,2.975343406593407,1.7502136752136752,1.4135453284196662,0.6762708702218762
717,2,76,pos,2,717_02_076_sort_pos_joh_02,0.44771689497716893,1.453846153846154,1.2711538461538463,1.0250688435902016,0.16635168833088124
717,2,76,pos,3,717_02_076_sort_pos_joh_03,0.25000000000000006,0.990728021978022,0.6495726495726496,1.1269019506311377,0.49513998557768235
717,2,78,pos,1,717_02_078_sort_pos_joh_01,0.5271689497716895,1.2415521978021977,1.0846153846153848,0.9016119496130628,0.1823965297690277
717,2,78,pos,3,717_02_078_sort_pos_joh_03,0.23333333333333336,0.5412774725274725,0.6901709401709402,0.7037927081335764,-0.2896305803371179
717,2,79,pos,1,717_02_079_sort_pos_joh_01,2.6787671232876713,2.8179945054945055,1.9745726495726497,0.08630971295226701,0.5318256743718791
717,2,79,pos,2,717_02_079_sort_pos_joh_02,1.3488584474885843,1.4293956043956042,1.1134615384615385,0.08892991982123676,0.34559677349079765
717,2,79,pos,3,717_02_079_sort_pos_joh_03,0.7315068493150685,0.9908653846153846,0.7705128205128206,0.4313678307477736,0.3614952858206868
