Patient,Session,Hemisphere,Region1,Region2,Channel1,Channel2,Sign,Cluster1,Cluster2,x_peak,percentile_x_peak,y_peak,significant,asymmetry,stage,frequcutoff,mergemethod,utype
715,1,R,A,A,41,43,pos,2,1,-250,0.00000000,0,False,0,W,stage,binned,is_no_resp
715,1,R,A,A,41,43,pos,2,2,-250,0.00000000,0,False,0,W,stage,binned,is_no_resp
715,1,R,A,A,41,43,pos,2,3,-250,0.00000000,0,False,0,W,stage,binned,is_no_resp
715,1,R,A,A,41,43,pos,2,4,-250,0.00000000,0,False,0,W,stage,binned,is_no_resp
715,1,R,A,A,41,43,pos,2,5,-250,0.00000000,0,False,0,W,stage,binned,is_no_resp
715,1,R,A,A,41,44,pos,2,1,-250,0.00000000,0,False,0,W,stage,binned,is_no_resp
715,1,R,A,A,41,44,pos,2,2,-250,0.00000000,0,False,0,W,stage,binned,is_no_resp
715,1,R,A,A,41,44,pos,2,3,-250,0.00000000,0,False,0,W,stage,binned,is_no_resp
715,1,R,A,A,41,44,pos,2,4,-250,0.00000000,0,False,0,W,stage,binned,is_no_resp
715,1,R,A,A,41,44,pos,2,5,-250,0.00000000,0,False,0,W,stage,binned,is_no_resp
715,1,R,A,A,41,44,pos,2,6,-250,0.00000000,0,False,0,W,stage,binned,is_no_resp
715,1,R,A,A,41,44,pos,2,7,-250,0.00000000,0,False,0,W,stage,binned,is_no_resp
715,1,R,A,A,41,47,pos,2,1,-250,0.00000000,0,False,0,W,stage,binned,is_no_resp
715,1,R,A,A,41,47,pos,2,2,-250,0.00000000,0,False,0,W,stage,binned,is_no_resp
715,1,R,A,A,41,47,pos,2,5,-250,0.00000000,0,False,0,W,stage,binned,is_no_resp
715,1,R,A,A,41,43,pos,3,1,-250,0.00000000,0,False,0,W,stage,binned,is_no_resp
715,1,R,A,A,41,43,pos,3,2,-250,0.00000000,0,False,0,W,stage,binned,is_no_resp
715,1,R,A,A,41,43,pos,3,3,-250,0.00000000,0,False,0,W,stage,binned,is_no_resp
715,1,R,A,A,41,43,pos,3,4,-250,0.00000000,0,False,0,W,stage,binned,is_no_resp
715,1,R,A,A,41,43,pos,3,5,-250,0.00000000,0,False,0,W,stage,binned,is_no_resp
715,1,R,A,A,41,44,pos,3,1,-250,0.00000000,0,False,0,W,stage,binned,is_no_resp
715,1,R,A,A,41,44,pos,3,2,-250,0.00000000,0,False,0,W,stage,binned,is_no_resp
715,1,R,A,A,41,44,pos,3,3,-250,0.00000000,0,False,0,W,stage,binned,is_no_resp
715,1,R,A,A,41,44,pos,3,4,-250,0.00000000,0,False,0,W,stage,binned,is_no_resp
715,1,R,A,A,41,44,pos,3,5,-250,0.00000000,0,False,0,W,stage,binned,is_no_resp
715,1,R,A,A,41,44,pos,3,6,-250,0.00000000,0,False,0,W,stage,binned,is_no_resp
715,1,R,A,A,41,44,pos,3,7,-250,0.00000000,0,False,0,W,stage,binned,is_no_resp
715,1,R,A,A,41,47,pos,3,1,-250,0.00000000,0,False,0,W,stage,binned,is_no_resp
715,1,R,A,A,41,47,pos,3,2,-250,0.00000000,0,False,0,W,stage,binned,is_no_resp
715,1,R,A,A,41,47,pos,3,5,-250,0.00000000,0,False,0,W,stage,binned,is_no_resp
715,1,R,A,A,41,43,pos,4,1,-250,0.00000000,0,False,0,W,stage,binned,is_no_resp
715,1,R,A,A,41,43,pos,4,2,-250,0.00000000,0,False,0,W,stage,binned,is_no_resp
715,1,R,A,A,41,43,pos,4,3,-250,0.00000000,0,False,0,W,stage,binned,is_no_resp
715,1,R,A,A,41,43,pos,4,4,-250,0.00000000,0,False,0,W,stage,binned,is_no_resp
715,1,R,A,A,41,43,pos,4,5,-250,0.00000000,0,False,0,W,stage,binned,is_no_resp
715,1,R,A,A,41,44,pos,4,1,-250,0.00000000,0,False,0,W,stage,binned,is_no_resp
715,1,R,A,A,41,44,pos,4,2,-250,0.00000000,0,False,0,W,stage,binned,is_no_resp
715,1,R,A,A,41,44,pos,4,3,-250,0.00000000,0,False,0,W,stage,binned,is_no_resp
715,1,R,A,A,41,44,pos,4,4,-250,0.00000000,0,False,0,W,stage,binned,is_no_resp
715,1,R,A,A,41,44,pos,4,5,-250,0.00000000,0,False,0,W,stage,binned,is_no_resp
715,1,R,A,A,41,44,pos,4,6,-250,0.00000000,0,False,0,W,stage,binned,is_no_resp
715,1,R,A,A,41,44,pos,4,7,-250,0.00000000,0,False,0,W,stage,binned,is_no_resp
715,1,R,A,A,41,47,pos,4,1,-250,0.00000000,0,False,0,W,stage,binned,is_no_resp
715,1,R,A,A,41,47,pos,4,2,-250,0.00000000,0,False,0,W,stage,binned,is_no_resp
715,1,R,A,A,41,47,pos,4,5,-250,0.00000000,0,False,0,W,stage,binned,is_no_resp
715,1,R,A,A,41,43,pos,5,1,-250,0.00000000,0,False,0,W,stage,binned,is_no_resp
715,1,R,A,A,41,43,pos,5,2,-250,0.00000000,0,False,0,W,stage,binned,is_no_resp
715,1,R,A,A,41,43,pos,5,3,-250,0.00000000,0,False,0,W,stage,binned,is_no_resp
715,1,R,A,A,41,43,pos,5,4,-250,0.00000000,0,False,0,W,stage,binned,is_no_resp
715,1,R,A,A,41,43,pos,5,5,-250,0.00000000,0,False,0,W,stage,binned,is_no_resp
715,1,R,A,A,41,44,pos,5,1,-250,0.00000000,0,False,0,W,stage,binned,is_no_resp
715,1,R,A,A,41,44,pos,5,2,-250,0.00000000,0,False,0,W,stage,binned,is_no_resp
715,1,R,A,A,41,44,pos,5,3,-250,0.00000000,0,False,0,W,stage,binned,is_no_resp
715,1,R,A,A,41,44,pos,5,4,-250,0.00000000,0,False,0,W,stage,binned,is_no_resp
715,1,R,A,A,41,44,pos,5,5,-250,0.00000000,0,False,0,W,stage,binned,is_no_resp
715,1,R,A,A,41,44,pos,5,6,-250,0.00000000,0,False,0,W,stage,binned,is_no_resp
715,1,R,A,A,41,44,pos,5,7,-250,0.00000000,0,False,0,W,stage,binned,is_no_resp
715,1,R,A,A,41,47,pos,5,1,-250,0.00000000,0,False,0,W,stage,binned,is_no_resp
715,1,R,A,A,41,47,pos,5,2,-250,0.00000000,0,False,0,W,stage,binned,is_no_resp
715,1,R,A,A,41,47,pos,5,5,-250,0.00000000,0,False,0,W,stage,binned,is_no_resp
715,1,R,A,A,41,43,pos,6,1,-250,0.00000000,0,False,0,W,stage,binned,is_no_resp
715,1,R,A,A,41,43,pos,6,2,-250,0.00000000,0,False,0,W,stage,binned,is_no_resp
715,1,R,A,A,41,43,pos,6,3,-250,0.00000000,0,False,0,W,stage,binned,is_no_resp
715,1,R,A,A,41,43,pos,6,4,-250,0.00000000,0,False,0,W,stage,binned,is_no_resp
715,1,R,A,A,41,43,pos,6,5,-250,0.00000000,0,False,0,W,stage,binned,is_no_resp
715,1,R,A,A,41,44,pos,6,1,-250,0.00000000,0,False,0,W,stage,binned,is_no_resp
715,1,R,A,A,41,44,pos,6,2,-250,0.00000000,0,False,0,W,stage,binned,is_no_resp
715,1,R,A,A,41,44,pos,6,3,-250,0.00000000,0,False,0,W,stage,binned,is_no_resp
715,1,R,A,A,41,44,pos,6,4,-250,0.00000000,0,False,0,W,stage,binned,is_no_resp
715,1,R,A,A,41,44,pos,6,5,-250,0.00000000,0,False,0,W,stage,binned,is_no_resp
715,1,R,A,A,41,44,pos,6,6,-250,0.00000000,0,False,0,W,stage,binned,is_no_resp
715,1,R,A,A,41,44,pos,6,7,-250,0.00000000,0,False,0,W,stage,binned,is_no_resp
715,1,R,A,A,41,47,pos,6,1,-250,0.00000000,0,False,0,W,stage,binned,is_no_resp
715,1,R,A,A,41,47,pos,6,2,-250,0.00000000,0,False,0,W,stage,binned,is_no_resp
715,1,R,A,A,41,47,pos,6,5,-250,0.00000000,0,False,0,W,stage,binned,is_no_resp
715,1,R,A,A,43,44,pos,1,1,-250,0.00000000,0,False,0,W,stage,binned,is_no_resp
715,1,R,A,A,43,44,pos,1,2,-250,0.00000000,0,False,0,W,stage,binned,is_no_resp
715,1,R,A,A,43,44,pos,1,3,-250,0.00000000,0,False,0,W,stage,binned,is_no_resp
715,1,R,A,A,43,44,pos,1,4,-250,0.00000000,0,False,0,W,stage,binned,is_no_resp
715,1,R,A,A,43,44,pos,1,5,-250,0.00000000,0,False,0,W,stage,binned,is_no_resp
715,1,R,A,A,43,44,pos,1,6,-250,0.00000000,0,False,0,W,stage,binned,is_no_resp
715,1,R,A,A,43,44,pos,1,7,-250,0.00000000,0,False,0,W,stage,binned,is_no_resp
715,1,R,A,A,43,47,pos,1,1,-250,0.00000000,0,False,0,W,stage,binned,is_no_resp
715,1,R,A,A,43,47,pos,1,2,-250,0.00000000,0,False,0,W,stage,binned,is_no_resp
715,1,R,A,A,43,47,pos,1,5,-250,0.00000000,0,False,0,W,stage,binned,is_no_resp
715,1,R,A,A,43,44,pos,2,1,-250,0.00000000,0,False,0,W,stage,binned,is_no_resp
715,1,R,A,A,43,44,pos,2,2,-250,0.00000000,0,False,0,W,stage,binned,is_no_resp
715,1,R,A,A,43,44,pos,2,3,-250,0.00000000,0,False,0,W,stage,binned,is_no_resp
715,1,R,A,A,43,44,pos,2,4,-250,0.00000000,0,False,0,W,stage,binned,is_no_resp
715,1,R,A,A,43,44,pos,2,5,-250,0.00000000,0,False,0,W,stage,binned,is_no_resp
715,1,R,A,A,43,44,pos,2,6,-250,0.00000000,0,False,0,W,stage,binned,is_no_resp
715,1,R,A,A,43,44,pos,2,7,-250,0.00000000,0,False,0,W,stage,binned,is_no_resp
715,1,R,A,A,43,47,pos,2,1,-250,0.00000000,0,False,0,W,stage,binned,is_no_resp
715,1,R,A,A,43,47,pos,2,2,-250,0.00000000,0,False,0,W,stage,binned,is_no_resp
715,1,R,A,A,43,47,pos,2,5,-250,0.00000000,0,False,0,W,stage,binned,is_no_resp
715,1,R,A,A,43,44,pos,3,1,-250,0.00000000,0,False,0,W,stage,binned,is_no_resp
715,1,R,A,A,43,44,pos,3,2,-250,0.00000000,0,False,0,W,stage,binned,is_no_resp
715,1,R,A,A,43,44,pos,3,3,-250,0.00000000,0,False,0,W,stage,binned,is_no_resp
715,1,R,A,A,43,44,pos,3,4,-250,0.00000000,0,False,0,W,stage,binned,is_no_resp
715,1,R,A,A,43,44,pos,3,5,-250,0.00000000,0,False,0,W,stage,binned,is_no_resp
715,1,R,A,A,43,44,pos,3,6,-250,0.00000000,0,False,0,W,stage,binned,is_no_resp
715,1,R,A,A,43,44,pos,3,7,-250,0.00000000,0,False,0,W,stage,binned,is_no_resp
715,1,R,A,A,43,47,pos,3,1,-250,0.00000000,0,False,0,W,stage,binned,is_no_resp
715,1,R,A,A,43,47,pos,3,2,-250,0.00000000,0,False,0,W,stage,binned,is_no_resp
715,1,R,A,A,43,47,pos,3,5,-250,0.00000000,0,False,0,W,stage,binned,is_no_resp
715,1,R,A,A,43,44,pos,4,1,-250,0.00000000,0,False,0,W,stage,binned,is_no_resp
715,1,R,A,A,43,44,pos,4,2,-250,0.00000000,0,False,0,W,stage,binned,is_no_resp
715,1,R,A,A,43,44,pos,4,3,-250,0.00000000,0,False,0,W,stage,binned,is_no_resp
715,1,R,A,A,43,44,pos,4,4,-250,0.00000000,0,False,0,W,stage,binned,is_no_resp
715,1,R,A,A,43,44,pos,4,5,-250,0.00000000,0,False,0,W,stage,binned,is_no_resp
715,1,R,A,A,43,44,pos,4,6,-250,0.00000000,0,False,0,W,stage,binned,is_no_resp
715,1,R,A,A,43,44,pos,4,7,-250,0.00000000,0,False,0,W,stage,binned,is_no_resp
715,1,R,A,A,43,47,pos,4,1,-250,0.00000000,0,False,0,W,stage,binned,is_no_resp
715,1,R,A,A,43,47,pos,4,2,-250,0.00000000,0,False,0,W,stage,binned,is_no_resp
715,1,R,A,A,43,47,pos,4,5,-250,0.00000000,0,False,0,W,stage,binned,is_no_resp
715,1,R,A,A,43,44,pos,5,1,-250,0.00000000,0,False,0,W,stage,binned,is_no_resp
715,1,R,A,A,43,44,pos,5,2,-250,0.00000000,0,False,0,W,stage,binned,is_no_resp
715,1,R,A,A,43,44,pos,5,3,-250,0.00000000,0,False,0,W,stage,binned,is_no_resp
715,1,R,A,A,43,44,pos,5,4,-250,0.00000000,0,False,0,W,stage,binned,is_no_resp
715,1,R,A,A,43,44,pos,5,5,-250,0.00000000,0,False,0,W,stage,binned,is_no_resp
715,1,R,A,A,43,44,pos,5,6,-250,0.00000000,0,False,0,W,stage,binned,is_no_resp
715,1,R,A,A,43,44,pos,5,7,-250,0.00000000,0,False,0,W,stage,binned,is_no_resp
715,1,R,A,A,43,47,pos,5,1,-250,0.00000000,0,False,0,W,stage,binned,is_no_resp
715,1,R,A,A,43,47,pos,5,2,-250,0.00000000,0,False,0,W,stage,binned,is_no_resp
715,1,R,A,A,43,47,pos,5,5,-250,0.00000000,0,False,0,W,stage,binned,is_no_resp
715,1,R,A,A,44,47,pos,1,1,-250,0.00000000,0,False,0,W,stage,binned,is_no_resp
715,1,R,A,A,44,47,pos,1,2,-250,0.00000000,0,False,0,W,stage,binned,is_no_resp
715,1,R,A,A,44,47,pos,1,5,-250,0.00000000,0,False,0,W,stage,binned,is_no_resp
715,1,R,A,A,44,47,pos,2,1,-250,0.00000000,0,False,0,W,stage,binned,is_no_resp
715,1,R,A,A,44,47,pos,2,2,-250,0.00000000,0,False,0,W,stage,binned,is_no_resp
715,1,R,A,A,44,47,pos,2,5,-250,0.00000000,0,False,0,W,stage,binned,is_no_resp
715,1,R,A,A,44,47,pos,3,1,-250,0.00000000,0,False,0,W,stage,binned,is_no_resp
715,1,R,A,A,44,47,pos,3,2,-250,0.00000000,0,False,0,W,stage,binned,is_no_resp
715,1,R,A,A,44,47,pos,3,5,-250,0.00000000,0,False,0,W,stage,binned,is_no_resp
715,1,R,A,A,44,47,pos,4,1,-250,0.00000000,0,False,0,W,stage,binned,is_no_resp
715,1,R,A,A,44,47,pos,4,2,-250,0.00000000,0,False,0,W,stage,binned,is_no_resp
715,1,R,A,A,44,47,pos,4,5,-250,0.00000000,0,False,0,W,stage,binned,is_no_resp
715,1,R,A,A,44,47,pos,5,1,-250,0.00000000,0,False,0,W,stage,binned,is_no_resp
715,1,R,A,A,44,47,pos,5,2,-250,0.00000000,0,False,0,W,stage,binned,is_no_resp
715,1,R,A,A,44,47,pos,5,5,-250,0.00000000,0,False,0,W,stage,binned,is_no_resp
715,1,R,A,A,44,47,pos,6,1,-250,0.00000000,0,False,0,W,stage,binned,is_no_resp
715,1,R,A,A,44,47,pos,6,2,-250,0.00000000,0,False,0,W,stage,binned,is_no_resp
715,1,R,A,A,44,47,pos,6,5,-250,0.00000000,0,False,0,W,stage,binned,is_no_resp
715,1,R,A,A,44,47,pos,7,1,-250,0.00000000,0,False,0,W,stage,binned,is_no_resp
715,1,R,A,A,44,47,pos,7,2,-250,0.00000000,0,False,0,W,stage,binned,is_no_resp
715,1,R,A,A,44,47,pos,7,5,-250,0.00000000,0,False,0,W,stage,binned,is_no_resp
704,2,R,A,A,41,42,pos,2,2,-250,0.00000000,0,False,0,W,stage,binned,is_no_resp
704,2,R,A,A,41,42,pos,2,3,-250,0.00000000,0,False,0,W,stage,binned,is_no_resp
704,2,R,A,A,41,42,pos,2,4,-250,0.00000000,0,False,0,W,stage,binned,is_no_resp
704,2,R,A,A,41,42,pos,3,2,-250,0.00000000,0,False,0,W,stage,binned,is_no_resp
704,2,R,A,A,41,42,pos,3,3,-250,0.00000000,0,False,0,W,stage,binned,is_no_resp
704,2,R,A,A,41,42,pos,3,4,-250,0.00000000,0,False,0,W,stage,binned,is_no_resp
704,2,R,A,A,41,42,pos,4,2,-250,0.00000000,0,False,0,W,stage,binned,is_no_resp
704,2,R,A,A,41,42,pos,4,3,-250,0.00000000,0,False,0,W,stage,binned,is_no_resp
704,2,R,A,A,41,42,pos,4,4,-250,0.00000000,0,False,0,W,stage,binned,is_no_resp
704,2,R,A,A,41,42,pos,5,2,-250,0.00000000,0,False,0,W,stage,binned,is_no_resp
704,2,R,A,A,41,42,pos,5,3,-250,0.00000000,0,False,0,W,stage,binned,is_no_resp
704,2,R,A,A,41,42,pos,5,4,-250,0.00000000,0,False,0,W,stage,binned,is_no_resp
704,1,R,A,A,41,42,pos,4,2,-250,1.00000000,0,False,0.33333333,W,stage,binned,is_no_resp
704,1,R,A,A,41,42,pos,4,3,-250,1.00000000,0,False,0,W,stage,binned,is_no_resp
704,1,R,A,A,41,44,pos,4,2,-250,1.00000000,0,False,-0.14285714,W,stage,binned,is_no_resp
704,1,R,A,A,42,44,pos,2,2,-22,11.00000000,7,False,0.06150342,W,stage,binned,is_no_resp
704,1,R,A,A,42,44,pos,3,2,-118,3.00000000,1,False,-0.17741935,W,stage,binned,is_no_resp
714,1,L,A,A,6,7,pos,1,1,230,6.00000000,3,False,0.0084507,W,stage,binned,is_no_resp
714,1,L,A,A,6,7,pos,1,3,-199,5.00000000,2,False,-0.03076923,W,stage,binned,is_no_resp
714,1,L,A,A,6,7,pos,1,4,5,2.00000000,1,False,0.0,W,stage,binned,is_no_resp
714,1,L,A,A,6,7,pos,1,5,-250,1.00000000,0,False,0.4,W,stage,binned,is_no_resp
714,1,L,A,A,6,8,pos,1,1,-250,5.00000000,2,False,-0.07636364,W,stage,binned,is_no_resp
714,1,L,A,A,6,8,pos,1,3,-250,5.00000000,2,False,0.08130081,W,stage,binned,is_no_resp
714,1,L,A,A,6,7,pos,2,1,-238,4.00000000,1,False,-0.01935484,W,stage,binned,is_no_resp
714,1,L,A,A,6,7,pos,2,3,-175,3.00000000,1,False,0.02439024,W,stage,binned,is_no_resp
714,1,L,A,A,6,7,pos,2,4,-103,2.00000000,1,False,0.20512821,W,stage,binned,is_no_resp
714,1,L,A,A,6,7,pos,2,5,-250,1.00000000,0,False,0.0,W,stage,binned,is_no_resp
714,1,L,A,A,6,8,pos,2,1,-250,3.00000000,1,False,0.05333333,W,stage,binned,is_no_resp
714,1,L,A,A,6,8,pos,2,3,-250,4.00000000,1,False,-0.04109589,W,stage,binned,is_no_resp
714,1,L,A,A,7,8,pos,1,1,200,4.00000000,2,False,-0.02392344,W,stage,binned,is_no_resp
714,1,L,A,A,7,8,pos,1,3,2,4.00000000,2,False,0.05555556,W,stage,binned,is_no_resp
714,1,L,A,A,7,8,pos,3,1,-250,4.00000000,1,False,-0.03664921,W,stage,binned,is_no_resp
714,1,L,A,A,7,8,pos,3,3,-250,4.00000000,1,False,0.03067485,W,stage,binned,is_no_resp
714,1,L,A,A,7,8,pos,4,1,128,3.00000000,1,False,0.30275229,W,stage,binned,is_no_resp
714,1,L,A,A,7,8,pos,4,3,-250,2.01000000,0,False,0.20481928,W,stage,binned,is_no_resp
714,1,L,A,A,7,8,pos,5,1,-250,1.00000000,0,False,-0.6,W,stage,binned,is_no_resp
714,1,L,A,A,7,8,pos,5,3,-250,1.00000000,0,False,0.2,W,stage,binned,is_no_resp
713,2,L,A,A,1,3,pos,1,3,-250,1.00000000,0,False,0.25,W,stage,binned,is_no_resp
713,2,L,A,A,1,3,pos,1,4,-250,2.00000000,0,False,0.03225806,W,stage,binned,is_no_resp
713,2,L,A,A,1,3,pos,1,5,-250,1.00000000,0,False,-0.04347826,W,stage,binned,is_no_resp
713,2,L,A,A,1,3,pos,1,7,-250,1.00000000,0,False,-0.11111111,W,stage,binned,is_no_resp
713,2,L,A,A,1,3,pos,1,8,-250,0.00000000,0,False,0,W,stage,binned,is_no_resp
713,2,L,A,A,1,4,pos,1,3,-250,1.00000000,0,False,-0.5,W,stage,binned,is_no_resp
713,2,L,A,A,1,4,pos,1,4,-250,0.00000000,0,False,1.0,W,stage,binned,is_no_resp
713,2,L,A,A,1,4,pos,1,5,-250,1.00000000,0,False,0,W,stage,binned,is_no_resp
713,2,L,A,A,1,5,pos,1,3,-250,0.00000000,0,False,0,W,stage,binned,is_no_resp
713,2,L,A,A,1,8,pos,1,1,-250,2.00000000,0,False,0.07407407,W,stage,binned,is_no_resp
713,2,L,A,A,1,8,pos,1,2,-250,2.00000000,0,False,-0.14285714,W,stage,binned,is_no_resp
713,2,L,A,A,1,8,pos,1,3,-250,2.00000000,0,False,-0.25925926,W,stage,binned,is_no_resp
713,2,L,A,A,1,8,pos,1,4,-250,1.00000000,0,False,-0.71428571,W,stage,binned,is_no_resp
713,2,L,A,A,1,8,pos,1,5,-250,0.00000000,0,False,1.0,W,stage,binned,is_no_resp
713,2,L,A,A,1,8,pos,1,6,-250,0.00000000,0,False,1.0,W,stage,binned,is_no_resp
713,2,L,A,A,1,3,pos,2,3,-250,1.00000000,0,False,0.2,W,stage,binned,is_no_resp
713,2,L,A,A,1,3,pos,2,4,-250,1.00000000,0,False,0.0,W,stage,binned,is_no_resp
713,2,L,A,A,1,3,pos,2,5,-250,1.00000000,0,False,0.0,W,stage,binned,is_no_resp
713,2,L,A,A,1,3,pos,2,7,-250,1.00000000,0,False,-0.14285714,W,stage,binned,is_no_resp
713,2,L,A,A,1,3,pos,2,8,-250,0.00000000,0,False,0,W,stage,binned,is_no_resp
713,2,L,A,A,1,4,pos,2,3,-250,0.00000000,0,False,-1.0,W,stage,binned,is_no_resp
713,2,L,A,A,1,4,pos,2,4,-250,0.00000000,0,False,1.0,W,stage,binned,is_no_resp
713,2,L,A,A,1,4,pos,2,5,-250,0.00000000,0,False,0,W,stage,binned,is_no_resp
713,2,L,A,A,1,5,pos,2,3,-250,0.00000000,0,False,0,W,stage,binned,is_no_resp
713,2,L,A,A,1,8,pos,2,1,-250,1.00000000,0,False,-0.5,W,stage,binned,is_no_resp
713,2,L,A,A,1,8,pos,2,2,-250,1.00000000,0,False,-0.14285714,W,stage,binned,is_no_resp
713,2,L,A,A,1,8,pos,2,3,-250,1.00000000,0,False,0.16666667,W,stage,binned,is_no_resp
713,2,L,A,A,1,8,pos,2,4,-250,1.00000000,0,False,0.2,W,stage,binned,is_no_resp
713,2,L,A,A,1,8,pos,2,5,-250,0.00000000,0,False,0,W,stage,binned,is_no_resp
713,2,L,A,A,1,8,pos,2,6,-250,0.00000000,0,False,1.0,W,stage,binned,is_no_resp
713,2,L,A,A,1,3,pos,3,3,-250,1.00000000,0,False,0.2,W,stage,binned,is_no_resp
713,2,L,A,A,1,3,pos,3,4,-250,1.00000000,0,False,0.27272727,W,stage,binned,is_no_resp
713,2,L,A,A,1,3,pos,3,5,-250,1.00000000,0,False,1.0,W,stage,binned,is_no_resp
713,2,L,A,A,1,3,pos,3,7,-250,0.00000000,0,False,0.33333333,W,stage,binned,is_no_resp
713,2,L,A,A,1,3,pos,3,8,-250,0.00000000,0,False,0,W,stage,binned,is_no_resp
713,2,L,A,A,1,4,pos,3,3,-250,0.00000000,0,False,0,W,stage,binned,is_no_resp
713,2,L,A,A,1,4,pos,3,4,-250,0.00000000,0,False,0,W,stage,binned,is_no_resp
713,2,L,A,A,1,4,pos,3,5,-250,0.00000000,0,False,0,W,stage,binned,is_no_resp
713,2,L,A,A,1,5,pos,3,3,-250,0.00000000,0,False,0,W,stage,binned,is_no_resp
713,2,L,A,A,1,8,pos,3,1,-250,1.00000000,0,False,-0.25,W,stage,binned,is_no_resp
713,2,L,A,A,1,8,pos,3,2,-250,1.00000000,0,False,0.09090909,W,stage,binned,is_no_resp
713,2,L,A,A,1,8,pos,3,3,-250,0.00000000,0,False,0.71428571,W,stage,binned,is_no_resp
713,2,L,A,A,1,8,pos,3,4,-250,1.00000000,0,False,0.0,W,stage,binned,is_no_resp
713,2,L,A,A,1,8,pos,3,5,-250,0.00000000,0,False,0,W,stage,binned,is_no_resp
713,2,L,A,A,1,8,pos,3,6,-250,0.00000000,0,False,0,W,stage,binned,is_no_resp
713,2,L,A,A,1,3,pos,4,3,-250,0.00000000,0,False,0,W,stage,binned,is_no_resp
713,2,L,A,A,1,3,pos,4,4,-250,1.00000000,0,False,0.0,W,stage,binned,is_no_resp
713,2,L,A,A,1,3,pos,4,5,-250,0.00000000,0,False,0,W,stage,binned,is_no_resp
713,2,L,A,A,1,3,pos,4,7,-250,0.00000000,0,False,0,W,stage,binned,is_no_resp
713,2,L,A,A,1,3,pos,4,8,-250,0.00000000,0,False,0,W,stage,binned,is_no_resp
713,2,L,A,A,1,4,pos,4,3,-250,0.00000000,0,False,-1.0,W,stage,binned,is_no_resp
713,2,L,A,A,1,4,pos,4,4,-250,0.00000000,0,False,0,W,stage,binned,is_no_resp
713,2,L,A,A,1,4,pos,4,5,-250,0.00000000,0,False,0,W,stage,binned,is_no_resp
713,2,L,A,A,1,5,pos,4,3,-250,0.00000000,0,False,1.0,W,stage,binned,is_no_resp
713,2,L,A,A,1,8,pos,4,1,-250,0.00000000,0,False,0,W,stage,binned,is_no_resp
713,2,L,A,A,1,8,pos,4,2,-250,0.00000000,0,False,0.5,W,stage,binned,is_no_resp
713,2,L,A,A,1,8,pos,4,3,-250,0.00000000,0,False,0,W,stage,binned,is_no_resp
713,2,L,A,A,1,8,pos,4,4,-250,0.00000000,0,False,0,W,stage,binned,is_no_resp
713,2,L,A,A,1,8,pos,4,5,-250,0.00000000,0,False,0,W,stage,binned,is_no_resp
713,2,L,A,A,1,8,pos,4,6,-250,0.00000000,0,False,0,W,stage,binned,is_no_resp
713,2,L,A,A,3,4,pos,3,3,-250,0.00000000,0,False,0,W,stage,binned,is_no_resp
713,2,L,A,A,3,4,pos,3,4,-250,0.00000000,0,False,0,W,stage,binned,is_no_resp
713,2,L,A,A,3,4,pos,3,5,-250,0.00000000,0,False,-1.0,W,stage,binned,is_no_resp
713,2,L,A,A,3,5,pos,3,3,-250,0.00000000,0,False,0,W,stage,binned,is_no_resp
713,2,L,A,A,3,8,pos,3,1,-250,1.00000000,0,False,0.12,W,stage,binned,is_no_resp
713,2,L,A,A,3,8,pos,3,2,-250,1.00000000,0,False,-0.21428571,W,stage,binned,is_no_resp
713,2,L,A,A,3,8,pos,3,3,-250,1.00000000,0,False,0.04761905,W,stage,binned,is_no_resp
713,2,L,A,A,3,8,pos,3,4,-250,1.00000000,0,False,-0.2,W,stage,binned,is_no_resp
713,2,L,A,A,3,8,pos,3,5,-250,0.00000000,0,False,1.0,W,stage,binned,is_no_resp
713,2,L,A,A,3,8,pos,3,6,-250,0.00000000,0,False,0,W,stage,binned,is_no_resp
713,2,L,A,A,3,4,pos,4,3,-250,1.00000000,0,False,0.2,W,stage,binned,is_no_resp
713,2,L,A,A,3,4,pos,4,4,-250,0.00000000,0,False,0,W,stage,binned,is_no_resp
713,2,L,A,A,3,4,pos,4,5,-250,0.00000000,0,False,0,W,stage,binned,is_no_resp
713,2,L,A,A,3,5,pos,4,3,-250,0.00000000,0,False,1.0,W,stage,binned,is_no_resp
713,2,L,A,A,3,8,pos,4,1,-55,3.00000000,1,False,0.19565217,W,stage,binned,is_no_resp
713,2,L,A,A,3,8,pos,4,2,-250,3.00000000,0,False,0.04761905,W,stage,binned,is_no_resp
713,2,L,A,A,3,8,pos,4,3,-250,2.00000000,0,False,0.06382979,W,stage,binned,is_no_resp
713,2,L,A,A,3,8,pos,4,4,-250,1.00000000,0,False,0.13043478,W,stage,binned,is_no_resp
713,2,L,A,A,3,8,pos,4,5,-250,0.00000000,0,False,1.0,W,stage,binned,is_no_resp
713,2,L,A,A,3,8,pos,4,6,-250,0.00000000,0,False,1.0,W,stage,binned,is_no_resp
713,2,L,A,A,3,4,pos,5,3,-250,0.00000000,0,False,0,W,stage,binned,is_no_resp
713,2,L,A,A,3,4,pos,5,4,-250,0.00000000,0,False,0,W,stage,binned,is_no_resp
713,2,L,A,A,3,4,pos,5,5,-250,0.00000000,0,False,-1.0,W,stage,binned,is_no_resp
713,2,L,A,A,3,5,pos,5,3,-250,0.00000000,0,False,0,W,stage,binned,is_no_resp
713,2,L,A,A,3,8,pos,5,1,-250,2.00000000,0,False,-0.17241379,W,stage,binned,is_no_resp
713,2,L,A,A,3,8,pos,5,2,-250,2.00000000,0,False,-0.17241379,W,stage,binned,is_no_resp
713,2,L,A,A,3,8,pos,5,3,-250,1.00000000,0,False,-0.25,W,stage,binned,is_no_resp
713,2,L,A,A,3,8,pos,5,4,-250,1.00000000,0,False,-1.0,W,stage,binned,is_no_resp
713,2,L,A,A,3,8,pos,5,5,-250,0.00000000,0,False,0,W,stage,binned,is_no_resp
713,2,L,A,A,3,8,pos,5,6,-250,0.00000000,0,False,0,W,stage,binned,is_no_resp
713,2,L,A,A,3,4,pos,7,3,-250,0.00000000,0,False,0,W,stage,binned,is_no_resp
713,2,L,A,A,3,4,pos,7,4,-250,0.00000000,0,False,0,W,stage,binned,is_no_resp
713,2,L,A,A,3,4,pos,7,5,-250,0.00000000,0,False,0,W,stage,binned,is_no_resp
713,2,L,A,A,3,5,pos,7,3,-250,0.00000000,0,False,0,W,stage,binned,is_no_resp
713,2,L,A,A,3,8,pos,7,1,-250,1.00000000,0,False,-0.33333333,W,stage,binned,is_no_resp
713,2,L,A,A,3,8,pos,7,2,-250,1.00000000,0,False,-0.33333333,W,stage,binned,is_no_resp
713,2,L,A,A,3,8,pos,7,3,-250,1.00000000,0,False,-0.33333333,W,stage,binned,is_no_resp
713,2,L,A,A,3,8,pos,7,4,-250,1.00000000,0,False,-1.0,W,stage,binned,is_no_resp
713,2,L,A,A,3,8,pos,7,5,-250,0.00000000,0,False,0,W,stage,binned,is_no_resp
713,2,L,A,A,3,8,pos,7,6,-250,0.00000000,0,False,0,W,stage,binned,is_no_resp
713,2,L,A,A,3,4,pos,8,3,-250,0.00000000,0,False,0,W,stage,binned,is_no_resp
713,2,L,A,A,3,4,pos,8,4,-250,0.00000000,0,False,0,W,stage,binned,is_no_resp
713,2,L,A,A,3,4,pos,8,5,-250,0.00000000,0,False,0,W,stage,binned,is_no_resp
713,2,L,A,A,3,5,pos,8,3,-250,0.00000000,0,False,0,W,stage,binned,is_no_resp
713,2,L,A,A,3,8,pos,8,1,-250,1.00000000,0,False,-1.0,W,stage,binned,is_no_resp
713,2,L,A,A,3,8,pos,8,2,-250,0.00000000,0,False,1.0,W,stage,binned,is_no_resp
713,2,L,A,A,3,8,pos,8,3,-250,1.00000000,0,False,-1.0,W,stage,binned,is_no_resp
713,2,L,A,A,3,8,pos,8,4,-250,0.00000000,0,False,0,W,stage,binned,is_no_resp
713,2,L,A,A,3,8,pos,8,5,-250,0.00000000,0,False,0,W,stage,binned,is_no_resp
713,2,L,A,A,3,8,pos,8,6,-250,0.00000000,0,False,0,W,stage,binned,is_no_resp
713,2,L,A,A,4,5,pos,3,3,-250,0.00000000,0,False,0,W,stage,binned,is_no_resp
713,2,L,A,A,4,8,pos,3,1,-250,1.00000000,0,False,0.5,W,stage,binned,is_no_resp
713,2,L,A,A,4,8,pos,3,2,-250,0.00000000,0,False,0.0,W,stage,binned,is_no_resp
713,2,L,A,A,4,8,pos,3,3,-250,0.00000000,0,False,1.0,W,stage,binned,is_no_resp
713,2,L,A,A,4,8,pos,3,4,-250,0.00000000,0,False,1.0,W,stage,binned,is_no_resp
713,2,L,A,A,4,8,pos,3,5,-250,0.00000000,0,False,0,W,stage,binned,is_no_resp
713,2,L,A,A,4,8,pos,3,6,-250,0.00000000,0,False,0,W,stage,binned,is_no_resp
713,2,L,A,A,4,5,pos,4,3,-250,0.00000000,0,False,0,W,stage,binned,is_no_resp
713,2,L,A,A,4,8,pos,4,1,-250,0.00000000,0,False,0,W,stage,binned,is_no_resp
713,2,L,A,A,4,8,pos,4,2,-250,0.00000000,0,False,0,W,stage,binned,is_no_resp
713,2,L,A,A,4,8,pos,4,3,-250,0.00000000,0,False,0,W,stage,binned,is_no_resp
713,2,L,A,A,4,8,pos,4,4,-250,0.00000000,0,False,0,W,stage,binned,is_no_resp
713,2,L,A,A,4,8,pos,4,5,-250,0.00000000,0,False,0,W,stage,binned,is_no_resp
713,2,L,A,A,4,8,pos,4,6,-250,0.00000000,0,False,1.0,W,stage,binned,is_no_resp
713,2,L,A,A,4,5,pos,5,3,-250,0.00000000,0,False,0,W,stage,binned,is_no_resp
713,2,L,A,A,4,8,pos,5,1,-250,1.00000000,0,False,-1.0,W,stage,binned,is_no_resp
713,2,L,A,A,4,8,pos,5,2,-250,0.00000000,0,False,0.33333333,W,stage,binned,is_no_resp
713,2,L,A,A,4,8,pos,5,3,-250,1.00000000,0,False,-1.0,W,stage,binned,is_no_resp
713,2,L,A,A,4,8,pos,5,4,-250,0.00000000,0,False,0,W,stage,binned,is_no_resp
713,2,L,A,A,4,8,pos,5,5,-250,0.00000000,0,False,0,W,stage,binned,is_no_resp
713,2,L,A,A,4,8,pos,5,6,-250,0.00000000,0,False,0,W,stage,binned,is_no_resp
713,2,L,A,A,5,8,pos,3,1,-250,0.00000000,0,False,-1.0,W,stage,binned,is_no_resp
713,2,L,A,A,5,8,pos,3,2,-250,0.00000000,0,False,1.0,W,stage,binned,is_no_resp
713,2,L,A,A,5,8,pos,3,3,-250,0.00000000,0,False,0,W,stage,binned,is_no_resp
713,2,L,A,A,5,8,pos,3,4,-250,0.00000000,0,False,0,W,stage,binned,is_no_resp
713,2,L,A,A,5,8,pos,3,5,-250,0.00000000,0,False,0,W,stage,binned,is_no_resp
713,2,L,A,A,5,8,pos,3,6,-250,0.00000000,0,False,0,W,stage,binned,is_no_resp
713,2,R,A,A,54,55,pos,1,1,-154,8.00000000,4,False,-0.00760456,W,stage,binned,is_no_resp
713,2,R,A,A,54,55,pos,1,3,2,5.00000000,2,False,-0.05531915,W,stage,binned,is_no_resp
713,2,R,A,A,54,55,pos,1,4,125,2.00000000,1,False,0.06329114,W,stage,binned,is_no_resp
713,2,R,A,A,54,55,pos,1,5,-250,1.00000000,0,False,0.15789474,W,stage,binned,is_no_resp
713,2,R,A,A,54,55,pos,2,1,143,3.00000000,1,False,-0.01123596,W,stage,binned,is_no_resp
713,2,R,A,A,54,55,pos,2,3,-250,2.00000000,0,False,0.07317073,W,stage,binned,is_no_resp
713,2,R,A,A,54,55,pos,2,4,-250,1.00000000,0,False,-0.05882353,W,stage,binned,is_no_resp
713,2,R,A,A,54,55,pos,2,5,-250,1.00000000,0,False,-0.14285714,W,stage,binned,is_no_resp
703,2,R,A,A,37,39,pos,1,1,-250,2.00000000,0,False,0.12121212,W,stage,binned,is_no_resp
703,2,R,A,A,37,39,pos,1,2,-250,2.00000000,0,False,0.03448276,W,stage,binned,is_no_resp
703,2,R,A,A,37,39,pos,1,3,-217,4.00000000,1,False,-0.07284768,W,stage,binned,is_no_resp
703,2,R,A,A,37,39,pos,1,4,-250,0.00000000,0,False,1.0,W,stage,binned,is_no_resp
703,2,R,A,A,37,39,pos,2,1,-250,1.00000000,0,False,0.11111111,W,stage,binned,is_no_resp
703,2,R,A,A,37,39,pos,2,2,-250,1.00000000,0,False,0.6,W,stage,binned,is_no_resp
703,2,R,A,A,37,39,pos,2,3,-250,1.00000000,0,False,0.14285714,W,stage,binned,is_no_resp
703,2,R,A,A,37,39,pos,2,4,-250,0.00000000,0,False,0,W,stage,binned,is_no_resp
703,2,R,A,A,37,39,pos,3,1,-250,2.00000000,0,False,0.12,W,stage,binned,is_no_resp
703,2,R,A,A,37,39,pos,3,2,-250,1.00000000,0,False,-0.05882353,W,stage,binned,is_no_resp
703,2,R,A,A,37,39,pos,3,3,-250,2.00000000,0,False,0.01960784,W,stage,binned,is_no_resp
703,2,R,A,A,37,39,pos,3,4,-250,0.00000000,0,False,0,W,stage,binned,is_no_resp
703,2,R,A,A,37,39,pos,4,1,-250,2.00000000,0,False,0.2,W,stage,binned,is_no_resp
703,2,R,A,A,37,39,pos,4,2,-250,1.00000000,0,False,0.33333333,W,stage,binned,is_no_resp
703,2,R,A,A,37,39,pos,4,3,-250,2.00000000,0,False,0.06451613,W,stage,binned,is_no_resp
703,2,R,A,A,37,39,pos,4,4,-250,0.00000000,0,False,0,W,stage,binned,is_no_resp
703,2,R,A,A,37,39,pos,5,1,-250,1.00000000,0,False,0.0,W,stage,binned,is_no_resp
703,2,R,A,A,37,39,pos,5,2,-250,0.00000000,0,False,1.0,W,stage,binned,is_no_resp
703,2,R,A,A,37,39,pos,5,3,-250,1.00000000,0,False,-0.27272727,W,stage,binned,is_no_resp
703,2,R,A,A,37,39,pos,5,4,-250,0.00000000,0,False,0,W,stage,binned,is_no_resp
717,1,R,A,A,42,46,pos,2,2,-250,4.00000000,1,False,-0.06944444,W,stage,binned,is_no_resp
711,1,L,A,A,2,4,pos,1,3,-16,2.00000000,2,False,-0.81818182,W,stage,binned,is_no_resp
711,1,L,A,A,2,4,pos,1,4,-250,0.00000000,0,False,0,W,stage,binned,is_no_resp
711,1,L,A,A,2,6,pos,1,3,-250,2.00000000,0,False,-0.03030303,W,stage,binned,is_no_resp
711,1,L,A,A,2,6,pos,1,5,-250,1.00000000,0,False,0.14285714,W,stage,binned,is_no_resp
711,1,L,A,A,2,7,pos,1,2,-250,2.00000000,0,False,-0.09090909,W,stage,binned,is_no_resp
711,1,L,A,A,2,8,pos,1,2,-250,1.00000000,0,False,-0.6,W,stage,binned,is_no_resp
711,1,L,A,A,2,8,pos,1,5,-250,1.00000000,0,False,0.33333333,W,stage,binned,is_no_resp
711,1,L,A,A,4,6,pos,3,3,-250,0.00000000,0,False,0,W,stage,binned,is_no_resp
711,1,L,A,A,4,6,pos,3,5,-250,0.00000000,0,False,0,W,stage,binned,is_no_resp
711,1,L,A,A,4,7,pos,3,2,-250,0.00000000,0,False,0.66666667,W,stage,binned,is_no_resp
711,1,L,A,A,4,8,pos,3,2,-250,0.00000000,0,False,0,W,stage,binned,is_no_resp
711,1,L,A,A,4,8,pos,3,5,-250,0.00000000,0,False,0,W,stage,binned,is_no_resp
711,1,L,A,A,4,6,pos,4,3,-250,1.00000000,0,False,-1.0,W,stage,binned,is_no_resp
711,1,L,A,A,4,6,pos,4,5,-250,0.00000000,0,False,0,W,stage,binned,is_no_resp
711,1,L,A,A,4,7,pos,4,2,-250,0.00000000,0,False,0,W,stage,binned,is_no_resp
711,1,L,A,A,4,8,pos,4,2,-250,0.00000000,0,False,0,W,stage,binned,is_no_resp
711,1,L,A,A,4,8,pos,4,5,-250,0.00000000,0,False,0,W,stage,binned,is_no_resp
711,1,L,A,A,6,7,pos,3,2,-250,2.00000000,0,False,0.0,W,stage,binned,is_no_resp
711,1,L,A,A,6,8,pos,3,2,-250,2.00000000,0,False,-0.13043478,W,stage,binned,is_no_resp
711,1,L,A,A,6,8,pos,3,5,-250,1.00000000,0,False,-0.42857143,W,stage,binned,is_no_resp
711,1,L,A,A,6,7,pos,5,2,-250,1.00000000,0,False,0.27272727,W,stage,binned,is_no_resp
711,1,L,A,A,6,8,pos,5,2,-250,1.00000000,0,False,-1.0,W,stage,binned,is_no_resp
711,1,L,A,A,6,8,pos,5,5,-250,0.00000000,0,False,1.0,W,stage,binned,is_no_resp
711,1,L,A,A,7,8,pos,2,2,-250,1.00000000,0,False,-0.24137931,W,stage,binned,is_no_resp
711,1,L,A,A,7,8,pos,2,5,-250,1.00000000,0,False,0.0,W,stage,binned,is_no_resp
707,2,L,A,A,1,4,pos,1,3,-250,1.00000000,0,False,-0.15789474,W,stage,binned,is_no_resp
707,2,L,A,A,1,4,pos,1,4,-250,2.00000000,0,False,0.09677419,W,stage,binned,is_no_resp
707,2,L,A,A,1,7,pos,1,1,-250,3.00000000,1,False,-0.07142857,W,stage,binned,is_no_resp
707,2,L,A,A,1,7,pos,1,2,-94,3.00000000,1,False,0.04166667,W,stage,binned,is_no_resp
707,2,L,A,A,1,7,pos,1,3,-250,3.00000000,0,False,0.0,W,stage,binned,is_no_resp
707,2,L,A,A,1,7,pos,1,4,-250,1.00000000,0,False,-0.12,W,stage,binned,is_no_resp
707,2,L,A,A,1,8,pos,1,4,-250,1.00000000,0,False,0.13043478,W,stage,binned,is_no_resp
707,2,L,A,A,1,4,pos,2,3,-250,1.00000000,0,False,0,W,stage,binned,is_no_resp
707,2,L,A,A,1,4,pos,2,4,-250,1.00000000,0,False,-0.33333333,W,stage,binned,is_no_resp
707,2,L,A,A,1,7,pos,2,1,-250,1.00000000,0,False,0.2,W,stage,binned,is_no_resp
707,2,L,A,A,1,7,pos,2,2,-250,1.00000000,0,False,0.25,W,stage,binned,is_no_resp
707,2,L,A,A,1,7,pos,2,3,-250,0.00000000,0,False,0.66666667,W,stage,binned,is_no_resp
707,2,L,A,A,1,7,pos,2,4,-250,0.00000000,0,False,0.5,W,stage,binned,is_no_resp
707,2,L,A,A,1,8,pos,2,4,-250,1.00000000,0,False,-0.2,W,stage,binned,is_no_resp
707,2,L,A,A,4,7,pos,3,1,-250,1.00000000,0,False,-0.1,W,stage,binned,is_no_resp
707,2,L,A,A,4,7,pos,3,2,-250,2.00000000,0,False,-0.18518519,W,stage,binned,is_no_resp
707,2,L,A,A,4,7,pos,3,3,-250,1.00000000,0,False,0.0,W,stage,binned,is_no_resp
707,2,L,A,A,4,7,pos,3,4,-250,1.00000000,0,False,-0.6,W,stage,binned,is_no_resp
707,2,L,A,A,4,8,pos,3,4,-250,1.00000000,0,False,0.0,W,stage,binned,is_no_resp
707,2,L,A,A,4,7,pos,4,1,-250,2.00000000,0,False,0.11111111,W,stage,binned,is_no_resp
707,2,L,A,A,4,7,pos,4,2,-250,1.00000000,0,False,0.03448276,W,stage,binned,is_no_resp
707,2,L,A,A,4,7,pos,4,3,-250,1.00000000,0,False,0.04347826,W,stage,binned,is_no_resp
707,2,L,A,A,4,7,pos,4,4,-250,1.00000000,0,False,0.2,W,stage,binned,is_no_resp
707,2,L,A,A,4,8,pos,4,4,-250,1.00000000,0,False,0.4,W,stage,binned,is_no_resp
707,2,L,A,A,7,8,pos,1,4,-250,2.00000000,0,False,-0.27777778,W,stage,binned,is_no_resp
707,2,L,A,A,7,8,pos,2,4,-250,2.00000000,0,False,-0.33333333,W,stage,binned,is_no_resp
707,2,L,A,A,7,8,pos,3,4,-250,1.00000000,0,False,0.06666667,W,stage,binned,is_no_resp
707,2,L,A,A,7,8,pos,4,4,-250,1.00000000,0,False,-0.57142857,W,stage,binned,is_no_resp
709,4,L,A,A,3,5,pos,4,1,-250,1.00000000,0,False,-0.33333333,W,stage,binned,is_no_resp
709,4,L,A,A,3,5,pos,4,2,-250,1.00000000,0,False,0.14285714,W,stage,binned,is_no_resp
709,4,L,A,A,3,8,pos,4,4,-250,1.00000000,0,False,1.0,W,stage,binned,is_no_resp
709,4,L,A,A,5,8,pos,1,4,-250,5.00000000,2,False,-0.09448819,W,stage,binned,is_no_resp
709,4,L,A,A,5,8,pos,2,4,-235,5.00000000,2,False,0.01226994,W,stage,binned,is_no_resp
712,3,R,A,A,49,50,pos,1,1,-250,1.01000000,0,False,0.24137931,W,stage,binned,is_no_resp
712,3,R,A,A,49,50,pos,1,2,-250,1.00000000,0,False,0.44,W,stage,binned,is_no_resp
712,3,R,A,A,49,50,pos,1,3,-250,0.00000000,0,False,1.0,W,stage,binned,is_no_resp
712,3,R,A,A,49,50,pos,1,4,-250,1.00000000,0,False,0.0,W,stage,binned,is_no_resp
712,3,R,A,A,49,52,pos,1,1,-250,2.00000000,0,False,0.03225806,W,stage,binned,is_no_resp
712,3,R,A,A,49,52,pos,1,3,-250,2.00000000,0,False,0.0,W,stage,binned,is_no_resp
712,3,R,A,A,49,52,pos,1,4,-250,2.00000000,0,False,0.11111111,W,stage,binned,is_no_resp
712,3,R,A,A,49,52,pos,1,5,-250,1.00000000,0,False,-0.33333333,W,stage,binned,is_no_resp
712,3,R,A,A,49,53,pos,1,1,-250,1.00000000,0,False,-0.22222222,W,stage,binned,is_no_resp
712,3,R,A,A,49,53,pos,1,2,-250,1.00000000,0,False,0.66666667,W,stage,binned,is_no_resp
712,3,R,A,A,49,53,pos,1,3,-250,1.00000000,0,False,0.55555556,W,stage,binned,is_no_resp
712,3,R,A,A,49,53,pos,1,4,-250,1.00000000,0,False,0.0,W,stage,binned,is_no_resp
712,3,R,A,A,49,56,pos,1,1,-250,2.00000000,0,False,0.2,W,stage,binned,is_no_resp
712,3,R,A,A,49,56,pos,1,2,-250,1.00000000,0,False,0.36842105,W,stage,binned,is_no_resp
712,3,R,A,A,49,56,pos,1,3,-250,1.00000000,0,False,0.42857143,W,stage,binned,is_no_resp
712,3,R,A,A,50,52,pos,1,1,-7,4.00000000,2,False,0.03482587,W,stage,binned,is_no_resp
712,3,R,A,A,50,52,pos,1,3,-67,3.00000000,1,False,-0.25,W,stage,binned,is_no_resp
712,3,R,A,A,50,52,pos,1,4,-220,3.00000000,1,False,-0.1147541,W,stage,binned,is_no_resp
712,3,R,A,A,50,52,pos,1,5,-250,1.00000000,0,False,0.23809524,W,stage,binned,is_no_resp
712,3,R,A,A,50,53,pos,1,1,-250,2.00000000,0,False,-0.02040816,W,stage,binned,is_no_resp
712,3,R,A,A,50,53,pos,1,2,-250,1.00000000,0,False,0.05263158,W,stage,binned,is_no_resp
712,3,R,A,A,50,53,pos,1,3,-250,2.00000000,0,False,0.04545455,W,stage,binned,is_no_resp
712,3,R,A,A,50,53,pos,1,4,-250,1.00000000,0,False,-0.16666667,W,stage,binned,is_no_resp
712,3,R,A,A,50,56,pos,1,1,-61,4.00000000,2,False,-0.17874396,W,stage,binned,is_no_resp
712,3,R,A,A,50,56,pos,1,2,41,3.00000000,1,False,-0.08860759,W,stage,binned,is_no_resp
712,3,R,A,A,50,56,pos,1,3,-250,2.00000000,0,False,0.13636364,W,stage,binned,is_no_resp
712,3,R,A,A,50,52,pos,2,1,-73,3.00000000,1,False,0.01010101,W,stage,binned,is_no_resp
712,3,R,A,A,50,52,pos,2,3,-250,2.00000000,0,False,-0.1,W,stage,binned,is_no_resp
712,3,R,A,A,50,52,pos,2,4,-250,2.00000000,0,False,-0.21311475,W,stage,binned,is_no_resp
712,3,R,A,A,50,52,pos,2,5,-250,1.00000000,0,False,0.11111111,W,stage,binned,is_no_resp
712,3,R,A,A,50,53,pos,2,1,-250,1.00000000,0,False,0.15789474,W,stage,binned,is_no_resp
712,3,R,A,A,50,53,pos,2,2,-250,1.00000000,0,False,-0.2,W,stage,binned,is_no_resp
712,3,R,A,A,50,53,pos,2,3,-250,1.00000000,0,False,-0.1,W,stage,binned,is_no_resp
712,3,R,A,A,50,53,pos,2,4,-250,1.00000000,0,False,0.0,W,stage,binned,is_no_resp
712,3,R,A,A,50,56,pos,2,1,-250,3.00000000,0,False,0.04545455,W,stage,binned,is_no_resp
712,3,R,A,A,50,56,pos,2,2,-250,2.00000000,0,False,-0.08333333,W,stage,binned,is_no_resp
712,3,R,A,A,50,56,pos,2,3,-250,1.00000000,0,False,-0.13043478,W,stage,binned,is_no_resp
712,3,R,A,A,50,52,pos,3,1,-250,1.00000000,0,False,-0.33333333,W,stage,binned,is_no_resp
712,3,R,A,A,50,52,pos,3,3,-250,1.00000000,0,False,1.0,W,stage,binned,is_no_resp
712,3,R,A,A,50,52,pos,3,4,-250,1.00000000,0,False,-1.0,W,stage,binned,is_no_resp
712,3,R,A,A,50,52,pos,3,5,-250,0.00000000,0,False,0,W,stage,binned,is_no_resp
712,3,R,A,A,50,53,pos,3,1,-250,0.00000000,0,False,1.0,W,stage,binned,is_no_resp
712,3,R,A,A,50,53,pos,3,2,-250,0.00000000,0,False,1.0,W,stage,binned,is_no_resp
712,3,R,A,A,50,53,pos,3,3,-250,0.00000000,0,False,0,W,stage,binned,is_no_resp
712,3,R,A,A,50,53,pos,3,4,-250,0.00000000,0,False,0,W,stage,binned,is_no_resp
712,3,R,A,A,50,56,pos,3,1,-250,1.00000000,0,False,-0.2,W,stage,binned,is_no_resp
712,3,R,A,A,50,56,pos,3,2,-250,0.00000000,0,False,1.0,W,stage,binned,is_no_resp
712,3,R,A,A,50,56,pos,3,3,-250,0.00000000,0,False,1.0,W,stage,binned,is_no_resp
712,3,R,A,A,50,52,pos,4,1,-250,1.00000000,0,False,0.25,W,stage,binned,is_no_resp
712,3,R,A,A,50,52,pos,4,3,-250,0.00000000,0,False,1.0,W,stage,binned,is_no_resp
712,3,R,A,A,50,52,pos,4,4,-250,1.00000000,0,False,0.0,W,stage,binned,is_no_resp
712,3,R,A,A,50,52,pos,4,5,-250,1.00000000,0,False,-1.0,W,stage,binned,is_no_resp
712,3,R,A,A,50,53,pos,4,1,-250,0.00000000,0,False,1.0,W,stage,binned,is_no_resp
712,3,R,A,A,50,53,pos,4,2,-250,0.00000000,0,False,0,W,stage,binned,is_no_resp
712,3,R,A,A,50,53,pos,4,3,-250,1.00000000,0,False,0.0,W,stage,binned,is_no_resp
712,3,R,A,A,50,53,pos,4,4,-250,0.00000000,0,False,0,W,stage,binned,is_no_resp
712,3,R,A,A,50,56,pos,4,1,-250,1.00000000,0,False,0.0,W,stage,binned,is_no_resp
712,3,R,A,A,50,56,pos,4,2,-250,0.00000000,0,False,1.0,W,stage,binned,is_no_resp
712,3,R,A,A,50,56,pos,4,3,-250,0.00000000,0,False,1.0,W,stage,binned,is_no_resp
712,3,R,A,A,52,53,pos,1,1,86,3.00000000,1,False,0.13043478,W,stage,binned,is_no_resp
712,3,R,A,A,52,53,pos,1,2,-250,1.00000000,0,False,0.125,W,stage,binned,is_no_resp
712,3,R,A,A,52,53,pos,1,3,-115,3.00000000,1,False,-0.09302326,W,stage,binned,is_no_resp
712,3,R,A,A,52,53,pos,1,4,-250,1.00000000,0,False,-0.25,W,stage,binned,is_no_resp
712,3,R,A,A,52,56,pos,1,1,-250,6.00000000,2,False,0.00529101,W,stage,binned,is_no_resp
712,3,R,A,A,52,56,pos,1,2,-250,3.00000000,1,False,-0.046875,W,stage,binned,is_no_resp
712,3,R,A,A,52,56,pos,1,3,-250,2.00000000,0,False,0.02380952,W,stage,binned,is_no_resp
712,3,R,A,A,52,53,pos,3,1,-250,2.00000000,0,False,-0.03571429,W,stage,binned,is_no_resp
712,3,R,A,A,52,53,pos,3,2,-250,1.00000000,0,False,0.27272727,W,stage,binned,is_no_resp
712,3,R,A,A,52,53,pos,3,3,-250,1.00000000,0,False,0.04761905,W,stage,binned,is_no_resp
712,3,R,A,A,52,53,pos,3,4,-250,1.00000000,0,False,0.0,W,stage,binned,is_no_resp
712,3,R,A,A,52,56,pos,3,1,-211,4.00000000,1,False,-0.02890173,W,stage,binned,is_no_resp
712,3,R,A,A,52,56,pos,3,2,-250,2.00000000,0,False,-0.06329114,W,stage,binned,is_no_resp
712,3,R,A,A,52,56,pos,3,3,-250,2.00000000,0,False,-0.29032258,W,stage,binned,is_no_resp
712,3,R,A,A,52,53,pos,4,1,-250,2.00000000,0,False,0.14754098,W,stage,binned,is_no_resp
712,3,R,A,A,52,53,pos,4,2,-250,1.00000000,0,False,-0.18181818,W,stage,binned,is_no_resp
712,3,R,A,A,52,53,pos,4,3,-250,2.00000000,0,False,-0.2972973,W,stage,binned,is_no_resp
712,3,R,A,A,52,53,pos,4,4,-250,1.00000000,0,False,0,W,stage,binned,is_no_resp
712,3,R,A,A,52,56,pos,4,1,-109,5.00000000,2,False,-0.075,W,stage,binned,is_no_resp
712,3,R,A,A,52,56,pos,4,2,-136,3.00000000,1,False,-0.25,W,stage,binned,is_no_resp
712,3,R,A,A,52,56,pos,4,3,-250,2.00000000,0,False,-0.02325581,W,stage,binned,is_no_resp
712,3,R,A,A,52,53,pos,5,1,-250,1.00000000,0,False,0.2,W,stage,binned,is_no_resp
712,3,R,A,A,52,53,pos,5,2,-250,1.00000000,0,False,0.33333333,W,stage,binned,is_no_resp
712,3,R,A,A,52,53,pos,5,3,-250,1.00000000,0,False,0.0,W,stage,binned,is_no_resp
712,3,R,A,A,52,53,pos,5,4,-250,0.01000000,0,False,-1.0,W,stage,binned,is_no_resp
712,3,R,A,A,52,56,pos,5,1,-250,2.00000000,0,False,-0.0625,W,stage,binned,is_no_resp
712,3,R,A,A,52,56,pos,5,2,-250,1.00000000,0,False,-0.2,W,stage,binned,is_no_resp
712,3,R,A,A,52,56,pos,5,3,-250,1.00000000,0,False,0.63636364,W,stage,binned,is_no_resp
712,3,R,A,A,53,56,pos,1,1,-85,3.00000000,1,False,-0.05494505,W,stage,binned,is_no_resp
712,3,R,A,A,53,56,pos,1,2,-250,2.00000000,0,False,0.12820513,W,stage,binned,is_no_resp
712,3,R,A,A,53,56,pos,1,3,-250,1.00000000,0,False,-0.42857143,W,stage,binned,is_no_resp
712,3,R,A,A,53,56,pos,2,1,-250,2.00000000,0,False,-0.11111111,W,stage,binned,is_no_resp
712,3,R,A,A,53,56,pos,2,2,-250,1.00000000,0,False,-0.2,W,stage,binned,is_no_resp
712,3,R,A,A,53,56,pos,2,3,-250,1.00000000,0,False,0.5,W,stage,binned,is_no_resp
712,3,R,A,A,53,56,pos,3,1,-226,3.00000000,1,False,0.05555556,W,stage,binned,is_no_resp
712,3,R,A,A,53,56,pos,3,2,-250,2.00000000,0,False,-0.42857143,W,stage,binned,is_no_resp
712,3,R,A,A,53,56,pos,3,3,-250,1.00000000,0,False,-0.75,W,stage,binned,is_no_resp
712,3,R,A,A,53,56,pos,4,1,-250,1.00000000,0,False,-0.33333333,W,stage,binned,is_no_resp
712,3,R,A,A,53,56,pos,4,2,-250,1.00000000,0,False,-0.14285714,W,stage,binned,is_no_resp
712,3,R,A,A,53,56,pos,4,3,-250,1.00000000,0,False,0.33333333,W,stage,binned,is_no_resp
708,1,L,A,A,1,2,pos,2,2,-202,5.00000000,2,False,0.07395498,W,stage,binned,is_no_resp
708,1,L,A,A,1,3,pos,2,1,-154,19.00000000,12,False,-0.0162413,W,stage,binned,is_no_resp
708,1,L,A,A,1,3,pos,2,2,125,35.00000000,28,False,0.00484818,W,stage,binned,is_no_resp
708,1,L,A,A,1,3,pos,2,3,-46,24.00000000,17,False,0.02617801,W,stage,binned,is_no_resp
708,1,L,A,A,1,3,pos,2,4,38,21.00000000,14,False,0.04326923,W,stage,binned,is_no_resp
708,1,L,A,A,1,4,pos,2,1,128,155.00000000,156,True,0.01160186,W,stage,binned,is_no_resp
708,1,L,A,A,1,4,pos,2,2,-232,45.00000000,34,False,-0.00490011,W,stage,binned,is_no_resp
708,1,L,A,A,1,4,pos,2,3,-226,52.00000000,42,False,0.00863132,W,stage,binned,is_no_resp
708,1,L,A,A,1,4,pos,2,4,-139,12.00000000,7,False,-0.049217,W,stage,binned,is_no_resp
708,1,L,A,A,1,4,pos,2,5,143,24.00000000,17,False,0.07730061,W,stage,binned,is_no_resp
708,1,L,A,A,1,5,pos,2,2,-130,7.00000000,3,False,-0.00650759,W,stage,binned,is_no_resp
708,1,L,A,A,1,5,pos,2,3,-37,15.00000000,10,False,-0.03103709,W,stage,binned,is_no_resp
708,1,L,A,A,1,7,pos,2,2,-196,46.00000000,35,False,0.00521221,W,stage,binned,is_no_resp
708,1,L,A,A,1,7,pos,2,4,-121,72.00000000,61,False,-0.01456816,W,stage,binned,is_no_resp
708,1,L,A,A,1,7,pos,2,5,-112,24.00000000,18,False,-0.04440649,W,stage,binned,is_no_resp
708,1,L,A,A,1,7,pos,2,6,-250,17.00000000,11,False,-0.01653944,W,stage,binned,is_no_resp
708,1,L,A,A,1,7,pos,2,7,122,17.00000000,11,False,-0.02289157,W,stage,binned,is_no_resp
708,1,L,A,A,1,8,pos,2,3,-88,15.00000000,9,False,0.02092676,W,stage,binned,is_no_resp
708,1,L,A,A,1,8,pos,2,4,-25,5.00000000,2,False,0.09505703,W,stage,binned,is_no_resp
708,1,L,A,A,1,2,pos,3,2,-250,4.00000000,1,False,0.02369668,W,stage,binned,is_no_resp
708,1,L,A,A,1,3,pos,3,1,-193,16.00000000,11,False,-0.00818554,W,stage,binned,is_no_resp
708,1,L,A,A,1,3,pos,3,2,-28,32.00000000,23,False,0.03505747,W,stage,binned,is_no_resp
708,1,L,A,A,1,3,pos,3,3,-19,20.00000000,14,False,0.02129767,W,stage,binned,is_no_resp
708,1,L,A,A,1,3,pos,3,4,-109,19.00000000,13,False,0.00721021,W,stage,binned,is_no_resp
708,1,L,A,A,1,4,pos,3,1,137,138.00000000,141,True,0.01721878,W,stage,binned,is_no_resp
708,1,L,A,A,1,4,pos,3,2,203,39.00000000,31,False,-0.00628386,W,stage,binned,is_no_resp
708,1,L,A,A,1,4,pos,3,3,188,45.00000000,37,False,0.00323508,W,stage,binned,is_no_resp
708,1,L,A,A,1,4,pos,3,4,-235,10.00000000,5,False,0.0460251,W,stage,binned,is_no_resp
708,1,L,A,A,1,4,pos,3,5,-88,21.00000000,15,False,0.02835539,W,stage,binned,is_no_resp
708,1,L,A,A,1,5,pos,3,2,-235,7.00000000,3,False,-0.03016241,W,stage,binned,is_no_resp
708,1,L,A,A,1,5,pos,3,3,-1,14.00000000,9,False,0.0651801,W,stage,binned,is_no_resp
708,1,L,A,A,1,7,pos,3,2,2,42.00000000,34,False,0.00263425,W,stage,binned,is_no_resp
708,1,L,A,A,1,7,pos,3,4,-40,64.00000000,53,False,-0.00461053,W,stage,binned,is_no_resp
708,1,L,A,A,1,7,pos,3,5,113,23.00000000,16,False,0.03046358,W,stage,binned,is_no_resp
708,1,L,A,A,1,7,pos,3,6,-130,16.00000000,10,False,0.00068166,W,stage,binned,is_no_resp
708,1,L,A,A,1,7,pos,3,7,-250,16.00000000,10,False,-0.00687758,W,stage,binned,is_no_resp
708,1,L,A,A,1,8,pos,3,3,17,13.00000000,8,False,0.02247191,W,stage,binned,is_no_resp
708,1,L,A,A,1,8,pos,3,4,20,4.00000000,2,False,0.05769231,W,stage,binned,is_no_resp
708,1,L,A,A,1,2,pos,4,2,-250,2.00000000,0,False,-0.11764706,W,stage,binned,is_no_resp
708,1,L,A,A,1,3,pos,4,1,125,3.00000000,1,False,0.24731183,W,stage,binned,is_no_resp
708,1,L,A,A,1,3,pos,4,2,-238,5.00000000,2,False,0.01298701,W,stage,binned,is_no_resp
708,1,L,A,A,1,3,pos,4,3,-229,4.00000000,1,False,0.11111111,W,stage,binned,is_no_resp
708,1,L,A,A,1,3,pos,4,4,41,4.00000000,2,False,0.28235294,W,stage,binned,is_no_resp
708,1,L,A,A,1,4,pos,4,1,-40,17.00000000,12,False,0.01275046,W,stage,binned,is_no_resp
708,1,L,A,A,1,4,pos,4,2,-202,6.00000000,3,False,-0.0104712,W,stage,binned,is_no_resp
708,1,L,A,A,1,4,pos,4,3,-214,6.00000000,3,False,0.03797468,W,stage,binned,is_no_resp
708,1,L,A,A,1,4,pos,4,4,-250,2.00000000,0,False,0.2195122,W,stage,binned,is_no_resp
708,1,L,A,A,1,4,pos,4,5,-121,4.00000000,1,False,0.01935484,W,stage,binned,is_no_resp
708,1,L,A,A,1,5,pos,4,2,-250,1.00000000,0,False,0.23076923,W,stage,binned,is_no_resp
708,1,L,A,A,1,5,pos,4,3,-10,2.00000000,1,False,0.0,W,stage,binned,is_no_resp
708,1,L,A,A,1,7,pos,4,2,248,5.00000000,4,False,0.03030303,W,stage,binned,is_no_resp
708,1,L,A,A,1,7,pos,4,4,-178,8.00000000,4,False,0.06969206,W,stage,binned,is_no_resp
708,1,L,A,A,1,7,pos,4,5,-238,4.00000000,1,False,0.06586826,W,stage,binned,is_no_resp
708,1,L,A,A,1,7,pos,4,6,29,3.00000000,1,False,0.22123894,W,stage,binned,is_no_resp
708,1,L,A,A,1,7,pos,4,7,-250,3.00000000,1,False,-0.1509434,W,stage,binned,is_no_resp
708,1,L,A,A,1,8,pos,4,3,-133,3.00000000,1,False,-0.09756098,W,stage,binned,is_no_resp
708,1,L,A,A,1,8,pos,4,4,-250,1.00000000,0,False,-0.06666667,W,stage,binned,is_no_resp
708,1,L,A,A,1,2,pos,5,2,-250,1.00000000,0,False,-0.13043478,W,stage,binned,is_no_resp
708,1,L,A,A,1,3,pos,5,1,110,3.00000000,1,False,0.08737864,W,stage,binned,is_no_resp
708,1,L,A,A,1,3,pos,5,2,14,5.00000000,2,False,0.2,W,stage,binned,is_no_resp
708,1,L,A,A,1,3,pos,5,3,-223,3.00000000,1,False,-0.05633803,W,stage,binned,is_no_resp
708,1,L,A,A,1,3,pos,5,4,-64,3.00000000,1,False,0.02970297,W,stage,binned,is_no_resp
708,1,L,A,A,1,4,pos,5,1,-241,12.00000000,9,False,0.01263823,W,stage,binned,is_no_resp
708,1,L,A,A,1,4,pos,5,2,-151,5.00000000,2,False,-0.00694444,W,stage,binned,is_no_resp
708,1,L,A,A,1,4,pos,5,3,-196,6.00000000,3,False,0.02185792,W,stage,binned,is_no_resp
708,1,L,A,A,1,4,pos,5,4,-250,2.00000000,0,False,-0.29411765,W,stage,binned,is_no_resp
708,1,L,A,A,1,4,pos,5,5,-133,3.00000000,1,False,0.08724832,W,stage,binned,is_no_resp
708,1,L,A,A,1,5,pos,5,2,-250,1.00000000,0,False,-0.09090909,W,stage,binned,is_no_resp
708,1,L,A,A,1,5,pos,5,3,233,3.00000000,1,False,0.05405405,W,stage,binned,is_no_resp
708,1,L,A,A,1,7,pos,5,2,-196,5.00000000,2,False,-0.09848485,W,stage,binned,is_no_resp
708,1,L,A,A,1,7,pos,5,4,-250,6.00000000,4,False,0.02268041,W,stage,binned,is_no_resp
708,1,L,A,A,1,7,pos,5,5,-181,3.00000000,1,False,-0.07692308,W,stage,binned,is_no_resp
708,1,L,A,A,1,7,pos,5,6,-85,3.00000000,1,False,-0.0617284,W,stage,binned,is_no_resp
708,1,L,A,A,1,7,pos,5,7,-250,2.00000000,0,False,-0.17647059,W,stage,binned,is_no_resp
708,1,L,A,A,1,8,pos,5,3,-250,2.00000000,0,False,0.18644068,W,stage,binned,is_no_resp
708,1,L,A,A,1,8,pos,5,4,-250,1.00000000,0,False,0.55555556,W,stage,binned,is_no_resp
708,1,L,A,A,2,3,pos,2,1,242,2.00000000,1,False,0.08860759,W,stage,binned,is_no_resp
708,1,L,A,A,2,3,pos,2,2,-250,4.00000000,1,False,0.00529101,W,stage,binned,is_no_resp
708,1,L,A,A,2,3,pos,2,3,116,3.00000000,1,False,-0.11578947,W,stage,binned,is_no_resp
708,1,L,A,A,2,3,pos,2,4,-76,3.00000000,1,False,-0.04878049,W,stage,binned,is_no_resp
708,1,L,A,A,2,4,pos,2,1,-196,10.00000000,7,False,-0.03415783,W,stage,binned,is_no_resp
708,1,L,A,A,2,4,pos,2,2,-250,4.00000000,1,False,0.03603604,W,stage,binned,is_no_resp
708,1,L,A,A,2,4,pos,2,3,218,4.00000000,2,False,0.11711712,W,stage,binned,is_no_resp
708,1,L,A,A,2,4,pos,2,4,-250,2.00000000,0,False,-0.06666667,W,stage,binned,is_no_resp
708,1,L,A,A,2,4,pos,2,5,-250,3.00000000,1,False,-0.21276596,W,stage,binned,is_no_resp
708,1,L,A,A,2,5,pos,2,2,-250,1.00000000,0,False,0.15384615,W,stage,binned,is_no_resp
708,1,L,A,A,2,5,pos,2,3,-250,2.00000000,0,False,-0.1025641,W,stage,binned,is_no_resp
708,1,L,A,A,2,7,pos,2,2,-247,4.00000000,1,False,0.09952607,W,stage,binned,is_no_resp
708,1,L,A,A,2,7,pos,2,4,-76,7.00000000,3,False,0.06276151,W,stage,binned,is_no_resp
708,1,L,A,A,2,7,pos,2,5,-37,3.00000000,1,False,-0.01265823,W,stage,binned,is_no_resp
708,1,L,A,A,2,7,pos,2,6,-250,2.00000000,0,False,0.19047619,W,stage,binned,is_no_resp
708,1,L,A,A,2,7,pos,2,7,23,3.00000000,1,False,-0.07142857,W,stage,binned,is_no_resp
708,1,L,A,A,2,8,pos,2,3,-250,2.00000000,0,False,-0.09090909,W,stage,binned,is_no_resp
708,1,L,A,A,2,8,pos,2,4,-250,1.00000000,0,False,0.41176471,W,stage,binned,is_no_resp
708,1,L,A,A,3,4,pos,1,1,-220,39.00000000,37,False,-0.02105459,W,stage,binned,is_no_resp
708,1,L,A,A,3,4,pos,1,2,-40,15.00000000,9,False,0.00830189,W,stage,binned,is_no_resp
708,1,L,A,A,3,4,pos,1,3,-235,15.00000000,11,False,-0.01276596,W,stage,binned,is_no_resp
708,1,L,A,A,3,4,pos,1,4,-205,5.00000000,2,False,-0.08417508,W,stage,binned,is_no_resp
708,1,L,A,A,3,4,pos,1,5,239,8.00000000,5,False,0.00860585,W,stage,binned,is_no_resp
708,1,L,A,A,3,5,pos,1,2,-58,3.00000000,1,False,0.0,W,stage,binned,is_no_resp
708,1,L,A,A,3,5,pos,1,3,-232,5.00000000,2,False,-0.02158273,W,stage,binned,is_no_resp
708,1,L,A,A,3,7,pos,1,2,-28,15.00000000,9,False,0.00445765,W,stage,binned,is_no_resp
708,1,L,A,A,3,7,pos,1,4,-136,23.00000000,17,False,-0.00157233,W,stage,binned,is_no_resp
708,1,L,A,A,3,7,pos,1,5,-250,8.00000000,4,False,0.03891051,W,stage,binned,is_no_resp
708,1,L,A,A,3,7,pos,1,6,-226,6.00000000,2,False,0.03880597,W,stage,binned,is_no_resp
708,1,L,A,A,3,7,pos,1,7,-166,7.00000000,3,False,-0.0074813,W,stage,binned,is_no_resp
708,1,L,A,A,3,8,pos,1,3,-67,6.00000000,3,False,-0.03206997,W,stage,binned,is_no_resp
708,1,L,A,A,3,8,pos,1,4,-250,2.00000000,0,False,0.02857143,W,stage,binned,is_no_resp
708,1,L,A,A,3,4,pos,2,1,29,90.00000000,84,False,0.00758583,W,stage,binned,is_no_resp
708,1,L,A,A,3,4,pos,2,2,-235,25.00000000,20,False,-0.01329394,W,stage,binned,is_no_resp
708,1,L,A,A,3,4,pos,2,3,-70,29.00000000,22,False,0.02069818,W,stage,binned,is_no_resp
708,1,L,A,A,3,4,pos,2,4,-214,7.00000000,3,False,-0.01234568,W,stage,binned,is_no_resp
708,1,L,A,A,3,4,pos,2,5,-208,14.00000000,9,False,-0.04662379,W,stage,binned,is_no_resp
708,1,L,A,A,3,5,pos,2,2,-217,5.00000000,2,False,-0.08695652,W,stage,binned,is_no_resp
708,1,L,A,A,3,5,pos,2,3,-73,9.00000000,5,False,0.0368,W,stage,binned,is_no_resp
708,1,L,A,A,3,7,pos,2,2,95,25.00000000,18,False,0.01591896,W,stage,binned,is_no_resp
708,1,L,A,A,3,7,pos,2,4,-241,38.00000000,34,False,-0.0404908,W,stage,binned,is_no_resp
708,1,L,A,A,3,7,pos,2,5,-172,14.00000000,8,False,-0.01340483,W,stage,binned,is_no_resp
708,1,L,A,A,3,7,pos,2,6,140,10.00000000,6,False,0.01315789,W,stage,binned,is_no_resp
708,1,L,A,A,3,7,pos,2,7,-214,10.00000000,6,False,-0.01423027,W,stage,binned,is_no_resp
708,1,L,A,A,3,8,pos,2,3,-136,9.00000000,4,False,-0.00310559,W,stage,binned,is_no_resp
708,1,L,A,A,3,8,pos,2,4,8,3.00000000,1,False,0.01960784,W,stage,binned,is_no_resp
708,1,L,A,A,3,4,pos,3,1,-121,57.00000000,51,False,0.00112966,W,stage,binned,is_no_resp
708,1,L,A,A,3,4,pos,3,2,-121,18.00000000,11,False,0.02427746,W,stage,binned,is_no_resp
708,1,L,A,A,3,4,pos,3,3,62,21.00000000,14,False,-0.00736377,W,stage,binned,is_no_resp
708,1,L,A,A,3,4,pos,3,4,-136,6.00000000,3,False,-0.15882353,W,stage,binned,is_no_resp
708,1,L,A,A,3,4,pos,3,5,-139,10.00000000,6,False,0.01066667,W,stage,binned,is_no_resp
708,1,L,A,A,3,5,pos,3,2,-163,3.00000000,1,False,0.10447761,W,stage,binned,is_no_resp
708,1,L,A,A,3,5,pos,3,3,-250,7.00000000,3,False,-0.11568123,W,stage,binned,is_no_resp
708,1,L,A,A,3,7,pos,3,2,-202,18.00000000,11,False,0.01781473,W,stage,binned,is_no_resp
708,1,L,A,A,3,7,pos,3,4,-208,27.00000000,22,False,-0.02894902,W,stage,binned,is_no_resp
708,1,L,A,A,3,7,pos,3,5,-4,10.00000000,5,False,0.06741573,W,stage,binned,is_no_resp
708,1,L,A,A,3,7,pos,3,6,-238,8.00000000,3,False,-0.08695652,W,stage,binned,is_no_resp
708,1,L,A,A,3,7,pos,3,7,-136,8.00000000,4,False,0.02866779,W,stage,binned,is_no_resp
708,1,L,A,A,3,8,pos,3,3,-238,7.00000000,3,False,0.0070922,W,stage,binned,is_no_resp
708,1,L,A,A,3,8,pos,3,4,-250,2.00000000,0,False,0.0,W,stage,binned,is_no_resp
708,1,L,A,A,3,4,pos,4,1,101,51.00000000,45,False,0.0073443,W,stage,binned,is_no_resp
708,1,L,A,A,3,4,pos,4,2,-40,16.00000000,10,False,-0.01663051,W,stage,binned,is_no_resp
708,1,L,A,A,3,4,pos,4,3,-202,17.00000000,11,False,0.02299565,W,stage,binned,is_no_resp
708,1,L,A,A,3,4,pos,4,4,-226,5.00000000,2,False,-0.03703704,W,stage,binned,is_no_resp
708,1,L,A,A,3,4,pos,4,5,-97,9.00000000,5,False,-0.07805596,W,stage,binned,is_no_resp
708,1,L,A,A,3,5,pos,4,2,-43,3.00000000,1,False,-0.03030303,W,stage,binned,is_no_resp
708,1,L,A,A,3,5,pos,4,3,185,6.00000000,3,False,0.04398827,W,stage,binned,is_no_resp
708,1,L,A,A,3,7,pos,4,2,-238,15.00000000,10,False,-0.02512563,W,stage,binned,is_no_resp
708,1,L,A,A,3,7,pos,4,4,209,20.00000000,16,False,0.02615311,W,stage,binned,is_no_resp
708,1,L,A,A,3,7,pos,4,5,-151,8.00000000,4,False,0.03250478,W,stage,binned,is_no_resp
708,1,L,A,A,3,7,pos,4,6,-181,7.00000000,3,False,-0.00460829,W,stage,binned,is_no_resp
708,1,L,A,A,3,7,pos,4,7,-178,6.00000000,3,False,-0.00296736,W,stage,binned,is_no_resp
708,1,L,A,A,3,8,pos,4,3,8,6.00000000,3,False,0.00309598,W,stage,binned,is_no_resp
708,1,L,A,A,3,8,pos,4,4,26,3.00000000,1,False,0.12087912,W,stage,binned,is_no_resp
708,1,L,A,A,4,5,pos,1,2,128,15.00000000,10,False,0.00215054,W,stage,binned,is_no_resp
708,1,L,A,A,4,5,pos,1,3,17,38.00000000,30,False,-0.00539526,W,stage,binned,is_no_resp
708,1,L,A,A,4,7,pos,1,2,80,133.00000000,114,False,0.00496798,W,stage,binned,is_no_resp
708,1,L,A,A,4,7,pos,1,4,86,222.00000000,196,False,0.00414833,W,stage,binned,is_no_resp
708,1,L,A,A,4,7,pos,1,5,-40,63.00000000,50,False,-0.00594623,W,stage,binned,is_no_resp
708,1,L,A,A,4,7,pos,1,6,-157,44.00000000,33,False,-0.00309119,W,stage,binned,is_no_resp
708,1,L,A,A,4,7,pos,1,7,-202,45.00000000,35,False,0.01960052,W,stage,binned,is_no_resp
708,1,L,A,A,4,8,pos,1,3,-94,37.00000000,28,False,-0.00634846,W,stage,binned,is_no_resp
708,1,L,A,A,4,8,pos,1,4,-55,11.00000000,6,False,0.01918465,W,stage,binned,is_no_resp
708,1,L,A,A,4,5,pos,2,2,44,6.00000000,3,False,0.04545455,W,stage,binned,is_no_resp
708,1,L,A,A,4,5,pos,2,3,-226,11.00000000,6,False,0.02073733,W,stage,binned,is_no_resp
708,1,L,A,A,4,7,pos,2,2,68,34.00000000,27,False,0.02401239,W,stage,binned,is_no_resp
708,1,L,A,A,4,7,pos,2,4,-4,56.00000000,47,False,0.00699692,W,stage,binned,is_no_resp
708,1,L,A,A,4,7,pos,2,5,-187,17.00000000,11,False,-0.00688791,W,stage,binned,is_no_resp
708,1,L,A,A,4,7,pos,2,6,-121,14.00000000,8,False,0.00599829,W,stage,binned,is_no_resp
708,1,L,A,A,4,7,pos,2,7,-40,14.00000000,9,False,-0.04391892,W,stage,binned,is_no_resp
708,1,L,A,A,4,8,pos,2,3,-172,12.00000000,7,False,-0.0075188,W,stage,binned,is_no_resp
708,1,L,A,A,4,8,pos,2,4,-238,4.00000000,1,False,-0.00512821,W,stage,binned,is_no_resp
708,1,L,A,A,4,5,pos,3,2,-157,6.00000000,3,False,-0.04109589,W,stage,binned,is_no_resp
708,1,L,A,A,4,5,pos,3,3,-199,13.00000000,7,False,-0.06184586,W,stage,binned,is_no_resp
708,1,L,A,A,4,7,pos,3,2,134,39.00000000,30,False,0.0065703,W,stage,binned,is_no_resp
708,1,L,A,A,4,7,pos,3,4,179,59.00000000,52,False,0.00782014,W,stage,binned,is_no_resp
708,1,L,A,A,4,7,pos,3,5,197,20.00000000,14,False,0.03591879,W,stage,binned,is_no_resp
708,1,L,A,A,4,7,pos,3,6,-139,15.00000000,9,False,-0.04419476,W,stage,binned,is_no_resp
708,1,L,A,A,4,7,pos,3,7,53,16.00000000,10,False,0.02384292,W,stage,binned,is_no_resp
708,1,L,A,A,4,8,pos,3,3,-148,13.00000000,8,False,0.00636943,W,stage,binned,is_no_resp
708,1,L,A,A,4,8,pos,3,4,-178,4.00000000,2,False,0.02392344,W,stage,binned,is_no_resp
708,1,L,A,A,4,5,pos,4,2,-250,2.00000000,0,False,0.02702703,W,stage,binned,is_no_resp
708,1,L,A,A,4,5,pos,4,3,-199,4.00000000,1,False,0.10204082,W,stage,binned,is_no_resp
708,1,L,A,A,4,7,pos,4,2,-250,9.00000000,6,False,-0.05417277,W,stage,binned,is_no_resp
708,1,L,A,A,4,7,pos,4,4,-25,15.00000000,10,False,0.03267045,W,stage,binned,is_no_resp
708,1,L,A,A,4,7,pos,4,5,-250,5.00000000,2,False,-0.00380228,W,stage,binned,is_no_resp
708,1,L,A,A,4,7,pos,4,6,-250,4.00000000,1,False,0.01639344,W,stage,binned,is_no_resp
708,1,L,A,A,4,7,pos,4,7,-190,5.00000000,2,False,-0.0373444,W,stage,binned,is_no_resp
708,1,L,A,A,4,8,pos,4,3,-100,4.00000000,2,False,-0.09359606,W,stage,binned,is_no_resp
708,1,L,A,A,4,8,pos,4,4,-250,1.00000000,0,False,0.25925926,W,stage,binned,is_no_resp
708,1,L,A,A,4,5,pos,5,2,-232,3.00000000,1,False,0.08571429,W,stage,binned,is_no_resp
708,1,L,A,A,4,5,pos,5,3,-73,7.00000000,4,False,0.04197531,W,stage,binned,is_no_resp
708,1,L,A,A,4,7,pos,5,2,83,18.00000000,12,False,0.02879729,W,stage,binned,is_no_resp
708,1,L,A,A,4,7,pos,5,4,-250,25.00000000,24,False,-0.02958199,W,stage,binned,is_no_resp
708,1,L,A,A,4,7,pos,5,5,-250,9.00000000,4,False,0.03377386,W,stage,binned,is_no_resp
708,1,L,A,A,4,7,pos,5,6,-250,8.00000000,3,False,-0.01338432,W,stage,binned,is_no_resp
708,1,L,A,A,4,7,pos,5,7,11,8.00000000,4,False,0.03300971,W,stage,binned,is_no_resp
708,1,L,A,A,4,8,pos,5,3,-124,7.00000000,3,False,0.01860465,W,stage,binned,is_no_resp
708,1,L,A,A,4,8,pos,5,4,-250,2.00000000,1,False,0.03448276,W,stage,binned,is_no_resp
708,1,L,A,A,5,7,pos,2,2,-250,5.00000000,2,False,0.01176471,W,stage,binned,is_no_resp
708,1,L,A,A,5,7,pos,2,4,-121,8.00000000,5,False,-0.08998302,W,stage,binned,is_no_resp
708,1,L,A,A,5,7,pos,2,5,-250,3.00000000,1,False,0.02222222,W,stage,binned,is_no_resp
708,1,L,A,A,5,7,pos,2,6,-130,3.00000000,1,False,0.06521739,W,stage,binned,is_no_resp
708,1,L,A,A,5,7,pos,2,7,-28,3.00000000,1,False,0.05376344,W,stage,binned,is_no_resp
708,1,L,A,A,5,8,pos,2,3,-250,3.00000000,0,False,0.06818182,W,stage,binned,is_no_resp
708,1,L,A,A,5,8,pos,2,4,-250,1.00000000,0,False,0.33333333,W,stage,binned,is_no_resp
708,1,L,A,A,5,7,pos,3,2,-199,10.00000000,6,False,-0.03914591,W,stage,binned,is_no_resp
708,1,L,A,A,5,7,pos,3,4,-232,15.00000000,12,False,-0.04979812,W,stage,binned,is_no_resp
708,1,L,A,A,5,7,pos,3,5,-130,7.00000000,3,False,0.02600473,W,stage,binned,is_no_resp
708,1,L,A,A,5,7,pos,3,6,-85,5.00000000,2,False,0.01115242,W,stage,binned,is_no_resp
708,1,L,A,A,5,7,pos,3,7,-52,5.00000000,2,False,-0.03321033,W,stage,binned,is_no_resp
708,1,L,A,A,5,8,pos,3,3,-250,4.00000000,2,False,-0.00389105,W,stage,binned,is_no_resp
708,1,L,A,A,5,8,pos,3,4,-250,2.00000000,0,False,0.27868852,W,stage,binned,is_no_resp
708,1,L,A,A,7,8,pos,2,3,-199,12.00000000,6,False,0.01082251,W,stage,binned,is_no_resp
708,1,L,A,A,7,8,pos,2,4,-169,3.00000000,1,False,0.08064516,W,stage,binned,is_no_resp
708,1,L,A,A,7,8,pos,4,3,-241,18.00000000,10,False,0.03100775,W,stage,binned,is_no_resp
708,1,L,A,A,7,8,pos,4,4,-46,5.00000000,2,False,-0.02678571,W,stage,binned,is_no_resp
708,1,L,A,A,7,8,pos,5,3,-169,7.00000000,3,False,-0.04830918,W,stage,binned,is_no_resp
708,1,L,A,A,7,8,pos,5,4,-250,2.00000000,0,False,-0.07142857,W,stage,binned,is_no_resp
708,1,L,A,A,7,8,pos,6,3,-250,5.00000000,2,False,0.0483871,W,stage,binned,is_no_resp
708,1,L,A,A,7,8,pos,6,4,-250,2.00000000,0,False,-0.21311475,W,stage,binned,is_no_resp
708,1,L,A,A,7,8,pos,7,3,-238,6.00000000,2,False,-0.05376344,W,stage,binned,is_no_resp
708,1,L,A,A,7,8,pos,7,4,-250,2.00000000,0,False,0.08108108,W,stage,binned,is_no_resp
709,1,L,A,A,1,4,pos,2,1,-52,4.00000000,2,False,-0.01570681,W,stage,binned,is_no_resp
709,1,L,A,A,1,4,pos,2,3,155,7.00000000,4,False,0.02597403,W,stage,binned,is_no_resp
709,1,L,A,A,1,4,pos,2,4,17,4.00000000,2,False,0.14110429,W,stage,binned,is_no_resp
709,1,L,A,A,1,5,pos,2,1,-118,8.00000000,4,False,0.05799649,W,stage,binned,is_no_resp
709,1,L,A,A,1,5,pos,2,2,-112,2.00000000,1,False,-0.17333333,W,stage,binned,is_no_resp
709,1,L,A,A,1,5,pos,2,3,-169,3.00000000,1,False,0.0070922,W,stage,binned,is_no_resp
709,1,L,A,A,1,5,pos,2,4,-250,2.00000000,0,False,0.06666667,W,stage,binned,is_no_resp
709,1,L,A,A,1,7,pos,2,2,-199,8.00000000,4,False,0.0328152,W,stage,binned,is_no_resp
709,1,L,A,A,1,7,pos,2,3,50,19.00000000,14,False,0.0253304,W,stage,binned,is_no_resp
709,1,L,A,A,1,7,pos,2,4,-151,4.00000000,2,False,0.01538462,W,stage,binned,is_no_resp
709,1,L,A,A,1,8,pos,2,1,-49,57.00000000,50,False,-0.00419884,W,stage,binned,is_no_resp
709,1,L,A,A,1,8,pos,2,5,-76,2.00000000,1,False,-0.09090909,W,stage,binned,is_no_resp
709,1,L,A,A,1,4,pos,3,1,-250,2.00000000,0,False,-0.46153846,W,stage,binned,is_no_resp
709,1,L,A,A,1,4,pos,3,3,-250,2.00000000,0,False,-0.04878049,W,stage,binned,is_no_resp
709,1,L,A,A,1,4,pos,3,4,-250,1.00000000,0,False,0.2,W,stage,binned,is_no_resp
709,1,L,A,A,1,5,pos,3,1,-250,2.00000000,0,False,-0.28125,W,stage,binned,is_no_resp
709,1,L,A,A,1,5,pos,3,2,-250,1.00000000,0,False,0.0,W,stage,binned,is_no_resp
709,1,L,A,A,1,5,pos,3,3,-250,1.00000000,0,False,-0.25,W,stage,binned,is_no_resp
709,1,L,A,A,1,5,pos,3,4,-250,0.00000000,0,False,-1.0,W,stage,binned,is_no_resp
709,1,L,A,A,1,7,pos,3,2,-250,2.00000000,0,False,0.2,W,stage,binned,is_no_resp
709,1,L,A,A,1,7,pos,3,3,-157,4.00000000,2,False,-0.05022831,W,stage,binned,is_no_resp
709,1,L,A,A,1,7,pos,3,4,-250,1.00000000,0,False,0.2,W,stage,binned,is_no_resp
709,1,L,A,A,1,8,pos,3,1,164,10.00000000,7,False,0.02118644,W,stage,binned,is_no_resp
709,1,L,A,A,1,8,pos,3,5,-250,1.00000000,0,False,0.11111111,W,stage,binned,is_no_resp
709,1,L,A,A,1,4,pos,5,1,20,3.00000000,1,False,0.25,W,stage,binned,is_no_resp
709,1,L,A,A,1,4,pos,5,3,-250,6.00000000,2,False,-0.08024691,W,stage,binned,is_no_resp
709,1,L,A,A,1,4,pos,5,4,-106,3.00000000,1,False,0.00854701,W,stage,binned,is_no_resp
709,1,L,A,A,1,5,pos,5,1,-61,6.00000000,3,False,-0.04249292,W,stage,binned,is_no_resp
709,1,L,A,A,1,5,pos,5,2,-250,2.00000000,0,False,-0.14285714,W,stage,binned,is_no_resp
709,1,L,A,A,1,5,pos,5,3,-190,3.00000000,1,False,-0.11688312,W,stage,binned,is_no_resp
709,1,L,A,A,1,5,pos,5,4,-250,1.00000000,0,False,0.0,W,stage,binned,is_no_resp
709,1,L,A,A,1,7,pos,5,2,-190,7.00000000,3,False,-0.07623318,W,stage,binned,is_no_resp
709,1,L,A,A,1,7,pos,5,3,8,15.00000000,9,False,0.01836885,W,stage,binned,is_no_resp
709,1,L,A,A,1,7,pos,5,4,-157,3.00000000,1,False,-0.03875969,W,stage,binned,is_no_resp
709,1,L,A,A,1,8,pos,5,1,-163,41.00000000,36,False,-0.02027748,W,stage,binned,is_no_resp
709,1,L,A,A,1,8,pos,5,5,-250,2.00000000,0,False,0.0,W,stage,binned,is_no_resp
709,1,L,A,A,1,4,pos,6,1,-55,2.00000000,1,False,-0.12,W,stage,binned,is_no_resp
709,1,L,A,A,1,4,pos,6,3,-67,3.00000000,1,False,0.11764706,W,stage,binned,is_no_resp
709,1,L,A,A,1,4,pos,6,4,-250,2.00000000,0,False,-0.2,W,stage,binned,is_no_resp
709,1,L,A,A,1,5,pos,6,1,-250,3.00000000,1,False,-0.09219858,W,stage,binned,is_no_resp
709,1,L,A,A,1,5,pos,6,2,-250,1.00000000,0,False,-0.07692308,W,stage,binned,is_no_resp
709,1,L,A,A,1,5,pos,6,3,-250,2.00000000,0,False,-0.13043478,W,stage,binned,is_no_resp
709,1,L,A,A,1,5,pos,6,4,-250,1.00000000,0,False,-0.77777778,W,stage,binned,is_no_resp
709,1,L,A,A,1,7,pos,6,2,-250,2.00000000,0,False,0.19480519,W,stage,binned,is_no_resp
709,1,L,A,A,1,7,pos,6,3,53,5.00000000,2,False,-0.12340426,W,stage,binned,is_no_resp
709,1,L,A,A,1,7,pos,6,4,-250,2.00000000,0,False,0.08,W,stage,binned,is_no_resp
709,1,L,A,A,1,8,pos,6,1,-250,9.00000000,5,False,0.0501836,W,stage,binned,is_no_resp
709,1,L,A,A,1,8,pos,6,5,-250,1.00000000,0,False,0.1,W,stage,binned,is_no_resp
709,1,L,A,A,1,4,pos,7,1,-250,2.00000000,0,False,-0.06666667,W,stage,binned,is_no_resp
709,1,L,A,A,1,4,pos,7,3,101,3.00000000,1,False,0.06818182,W,stage,binned,is_no_resp
709,1,L,A,A,1,4,pos,7,4,-250,1.00000000,0,False,0.29032258,W,stage,binned,is_no_resp
709,1,L,A,A,1,5,pos,7,1,-250,2.00000000,0,False,0.12328767,W,stage,binned,is_no_resp
709,1,L,A,A,1,5,pos,7,2,-250,1.00000000,0,False,0.46666667,W,stage,binned,is_no_resp
709,1,L,A,A,1,5,pos,7,3,-250,1.00000000,0,False,-0.05263158,W,stage,binned,is_no_resp
709,1,L,A,A,1,5,pos,7,4,-250,0.00000000,0,False,1.0,W,stage,binned,is_no_resp
709,1,L,A,A,1,7,pos,7,2,-181,3.00000000,1,False,-0.03333333,W,stage,binned,is_no_resp
709,1,L,A,A,1,7,pos,7,3,2,5.00000000,2,False,0.25461255,W,stage,binned,is_no_resp
709,1,L,A,A,1,7,pos,7,4,-250,1.00000000,0,False,0.21428571,W,stage,binned,is_no_resp
709,1,L,A,A,1,8,pos,7,1,-124,12.00000000,8,False,-0.02094241,W,stage,binned,is_no_resp
709,1,L,A,A,1,8,pos,7,5,-250,1.00000000,0,False,0.14285714,W,stage,binned,is_no_resp
709,1,L,A,A,4,5,pos,1,1,-250,2.00000000,0,False,-0.08333333,W,stage,binned,is_no_resp
709,1,L,A,A,4,5,pos,1,2,-250,1.00000000,0,False,0.23076923,W,stage,binned,is_no_resp
709,1,L,A,A,4,5,pos,1,3,-250,1.00000000,0,False,-0.15789474,W,stage,binned,is_no_resp
709,1,L,A,A,4,5,pos,1,4,-250,1.00000000,0,False,-0.33333333,W,stage,binned,is_no_resp
709,1,L,A,A,4,7,pos,1,2,-250,2.00000000,0,False,-0.11627907,W,stage,binned,is_no_resp
709,1,L,A,A,4,7,pos,1,3,-250,3.00000000,1,False,-0.08955224,W,stage,binned,is_no_resp
709,1,L,A,A,4,7,pos,1,4,-250,1.00000000,0,False,-0.33333333,W,stage,binned,is_no_resp
709,1,L,A,A,4,8,pos,1,1,-190,7.00000000,3,False,0.00772201,W,stage,binned,is_no_resp
709,1,L,A,A,4,8,pos,1,5,-250,0.00000000,0,False,0.6,W,stage,binned,is_no_resp
709,1,L,A,A,4,5,pos,3,1,2,4.00000000,2,False,0.09090909,W,stage,binned,is_no_resp
709,1,L,A,A,4,5,pos,3,2,-250,1.00000000,0,False,0.29032258,W,stage,binned,is_no_resp
709,1,L,A,A,4,5,pos,3,3,-250,2.00000000,0,False,0.12727273,W,stage,binned,is_no_resp
709,1,L,A,A,4,5,pos,3,4,-250,1.00000000,0,False,0.2,W,stage,binned,is_no_resp
709,1,L,A,A,4,7,pos,3,2,-10,4.00000000,2,False,0.08571429,W,stage,binned,is_no_resp
709,1,L,A,A,4,7,pos,3,3,-166,6.00000000,3,False,0.08707124,W,stage,binned,is_no_resp
709,1,L,A,A,4,7,pos,3,4,-250,2.00000000,0,False,-0.25714286,W,stage,binned,is_no_resp
709,1,L,A,A,4,8,pos,3,1,-121,16.00000000,11,False,0.00650503,W,stage,binned,is_no_resp
709,1,L,A,A,4,8,pos,3,5,-250,2.00000000,0,False,-0.23076923,W,stage,binned,is_no_resp
709,1,L,A,A,4,5,pos,4,1,-250,2.00000000,0,False,-0.07407407,W,stage,binned,is_no_resp
709,1,L,A,A,4,5,pos,4,2,-250,1.00000000,0,False,0.5,W,stage,binned,is_no_resp
709,1,L,A,A,4,5,pos,4,3,-250,1.00000000,0,False,0.36,W,stage,binned,is_no_resp
709,1,L,A,A,4,5,pos,4,4,-250,0.00000000,0,False,0,W,stage,binned,is_no_resp
709,1,L,A,A,4,7,pos,4,2,-250,2.00000000,0,False,0.12195122,W,stage,binned,is_no_resp
709,1,L,A,A,4,7,pos,4,3,-238,3.00000000,1,False,-0.06329114,W,stage,binned,is_no_resp
709,1,L,A,A,4,7,pos,4,4,-250,1.00000000,0,False,-0.11111111,W,stage,binned,is_no_resp
709,1,L,A,A,4,8,pos,4,1,-106,7.00000000,4,False,-0.02760085,W,stage,binned,is_no_resp
709,1,L,A,A,4,8,pos,4,5,-250,1.00000000,0,False,-0.45454545,W,stage,binned,is_no_resp
709,1,L,A,A,5,7,pos,1,2,-235,4.00000000,1,False,-0.09589041,W,stage,binned,is_no_resp
709,1,L,A,A,5,7,pos,1,3,32,7.00000000,3,False,0.08780488,W,stage,binned,is_no_resp
709,1,L,A,A,5,7,pos,1,4,-250,2.00000000,0,False,-0.15384615,W,stage,binned,is_no_resp
709,1,L,A,A,5,8,pos,1,1,-28,17.00000000,12,False,-0.01339546,W,stage,binned,is_no_resp
709,1,L,A,A,5,8,pos,1,5,-250,2.00000000,0,False,-0.15151515,W,stage,binned,is_no_resp
709,1,L,A,A,5,7,pos,2,2,-250,1.00000000,0,False,-0.69230769,W,stage,binned,is_no_resp
709,1,L,A,A,5,7,pos,2,3,-250,2.00000000,0,False,0.11538462,W,stage,binned,is_no_resp
709,1,L,A,A,5,7,pos,2,4,-250,1.00000000,0,False,0.42857143,W,stage,binned,is_no_resp
709,1,L,A,A,5,8,pos,2,1,-247,4.00000000,1,False,-0.03589744,W,stage,binned,is_no_resp
709,1,L,A,A,5,8,pos,2,5,-250,0.00000000,0,False,0,W,stage,binned,is_no_resp
709,1,L,A,A,5,7,pos,3,2,-250,2.00000000,0,False,-0.09090909,W,stage,binned,is_no_resp
709,1,L,A,A,5,7,pos,3,3,-250,3.00000000,0,False,0.14563107,W,stage,binned,is_no_resp
709,1,L,A,A,5,7,pos,3,4,-250,1.00000000,0,False,0.25,W,stage,binned,is_no_resp
709,1,L,A,A,5,8,pos,3,1,-205,6.00000000,3,False,0.00238663,W,stage,binned,is_no_resp
709,1,L,A,A,5,8,pos,3,5,-250,1.00000000,0,False,0.09090909,W,stage,binned,is_no_resp
709,1,L,A,A,5,7,pos,4,2,-250,1.00000000,0,False,-1.0,W,stage,binned,is_no_resp
709,1,L,A,A,5,7,pos,4,3,-250,1.00000000,0,False,0.0,W,stage,binned,is_no_resp
709,1,L,A,A,5,7,pos,4,4,-250,0.00000000,0,False,0.5,W,stage,binned,is_no_resp
709,1,L,A,A,5,8,pos,4,1,-250,2.00000000,0,False,-0.16666667,W,stage,binned,is_no_resp
709,1,L,A,A,5,8,pos,4,5,-250,0.00000000,0,False,0,W,stage,binned,is_no_resp
709,1,L,A,A,7,8,pos,2,1,-136,21.00000000,15,False,0.03353396,W,stage,binned,is_no_resp
709,1,L,A,A,7,8,pos,2,5,-250,1.00000000,0,False,-0.15789474,W,stage,binned,is_no_resp
709,1,L,A,A,7,8,pos,3,1,-250,41.00000000,44,True,0.00582036,W,stage,binned,is_no_resp
709,1,L,A,A,7,8,pos,3,5,-250,2.00000000,0,False,-0.26530612,W,stage,binned,is_no_resp
709,1,L,A,A,7,8,pos,4,1,230,7.00000000,5,False,0.00163132,W,stage,binned,is_no_resp
709,1,L,A,A,7,8,pos,4,5,-250,1.00000000,0,False,0.5,W,stage,binned,is_no_resp
706,2,L,A,A,2,6,pos,2,1,-250,1.00000000,0,False,-0.2,W,stage,binned,is_no_resp
706,2,L,A,A,2,6,pos,2,2,-250,1.00000000,0,False,0.2,W,stage,binned,is_no_resp
706,2,L,A,A,2,6,pos,2,3,-250,1.00000000,0,False,0.71428571,W,stage,binned,is_no_resp
706,2,L,A,A,2,6,pos,2,4,-250,0.00000000,0,False,1.0,W,stage,binned,is_no_resp
707,1,L,A,A,1,2,pos,1,2,-250,0.00000000,0,False,1.0,W,stage,binned,is_no_resp
707,1,L,A,A,1,2,pos,1,3,-250,1.00000000,0,False,-1.0,W,stage,binned,is_no_resp
707,1,L,A,A,1,4,pos,1,1,-250,1.00000000,0,False,-0.2,W,stage,binned,is_no_resp
707,1,L,A,A,1,4,pos,1,3,-250,0.00000000,0,False,0,W,stage,binned,is_no_resp
707,1,L,A,A,1,4,pos,1,4,-250,0.00000000,0,False,1.0,W,stage,binned,is_no_resp
707,1,L,A,A,1,5,pos,1,1,-250,0.00000000,0,False,1.0,W,stage,binned,is_no_resp
707,1,L,A,A,1,8,pos,1,1,-250,0.00000000,0,False,1.0,W,stage,binned,is_no_resp
707,1,L,A,A,1,8,pos,1,2,-250,0.00000000,0,False,1.0,W,stage,binned,is_no_resp
707,1,L,A,A,1,8,pos,1,3,-250,1.00000000,0,False,0.0,W,stage,binned,is_no_resp
707,1,L,A,A,1,8,pos,1,4,-250,0.00000000,0,False,0.0,W,stage,binned,is_no_resp
707,1,L,A,A,1,8,pos,1,5,-250,0.00000000,0,False,0.0,W,stage,binned,is_no_resp
707,1,L,A,A,1,2,pos,2,2,-73,5.00000000,2,False,0.08960573,W,stage,binned,is_no_resp
707,1,L,A,A,1,2,pos,2,3,68,3.00000000,1,False,0.20454545,W,stage,binned,is_no_resp
707,1,L,A,A,1,4,pos,2,1,-181,8.00000000,4,False,0.03471074,W,stage,binned,is_no_resp
707,1,L,A,A,1,4,pos,2,3,-250,1.00000000,0,False,0.5,W,stage,binned,is_no_resp
707,1,L,A,A,1,4,pos,2,4,-250,2.00000000,0,False,0.12,W,stage,binned,is_no_resp
707,1,L,A,A,1,5,pos,2,1,-70,5.00000000,2,False,0.01388889,W,stage,binned,is_no_resp
707,1,L,A,A,1,8,pos,2,1,-34,9.01000000,5,False,0.05050505,W,stage,binned,is_no_resp
707,1,L,A,A,1,8,pos,2,2,-211,9.00000000,4,False,0.07575758,W,stage,binned,is_no_resp
707,1,L,A,A,1,8,pos,2,3,227,13.00000000,9,False,0.05831158,W,stage,binned,is_no_resp
707,1,L,A,A,1,8,pos,2,4,-250,2.00000000,0,False,-0.31818182,W,stage,binned,is_no_resp
707,1,L,A,A,1,8,pos,2,5,-139,6.00000000,3,False,0.00289855,W,stage,binned,is_no_resp
707,1,L,A,A,1,2,pos,3,2,-250,1.00000000,0,False,-1.0,W,stage,binned,is_no_resp
707,1,L,A,A,1,2,pos,3,3,-250,0.00000000,0,False,0,W,stage,binned,is_no_resp
707,1,L,A,A,1,4,pos,3,1,-250,1.00000000,0,False,0.0,W,stage,binned,is_no_resp
707,1,L,A,A,1,4,pos,3,3,-250,0.00000000,0,False,0,W,stage,binned,is_no_resp
707,1,L,A,A,1,4,pos,3,4,-250,0.00000000,0,False,-1.0,W,stage,binned,is_no_resp
707,1,L,A,A,1,5,pos,3,1,-250,1.00000000,0,False,-0.33333333,W,stage,binned,is_no_resp
707,1,L,A,A,1,8,pos,3,1,-250,1.00000000,0,False,-0.2,W,stage,binned,is_no_resp
707,1,L,A,A,1,8,pos,3,2,-250,1.00000000,0,False,0,W,stage,binned,is_no_resp
707,1,L,A,A,1,8,pos,3,3,-250,1.00000000,0,False,-0.71428571,W,stage,binned,is_no_resp
707,1,L,A,A,1,8,pos,3,4,-250,0.00000000,0,False,0,W,stage,binned,is_no_resp
707,1,L,A,A,1,8,pos,3,5,-250,0.00000000,0,False,0,W,stage,binned,is_no_resp
707,1,L,A,A,2,4,pos,2,1,-121,5.00000000,2,False,-0.11403509,W,stage,binned,is_no_resp
707,1,L,A,A,2,4,pos,2,3,-250,1.00000000,0,False,-0.14285714,W,stage,binned,is_no_resp
707,1,L,A,A,2,4,pos,2,4,-250,1.00000000,0,False,0.04347826,W,stage,binned,is_no_resp
707,1,L,A,A,2,5,pos,2,1,-154,3.00000000,1,False,-0.24489796,W,stage,binned,is_no_resp
707,1,L,A,A,2,8,pos,2,1,-43,6.00000000,3,False,-0.09333333,W,stage,binned,is_no_resp
707,1,L,A,A,2,8,pos,2,2,35,4.00000000,2,False,0.22680412,W,stage,binned,is_no_resp
707,1,L,A,A,2,8,pos,2,3,-16,8.00000000,5,False,0.11371237,W,stage,binned,is_no_resp
707,1,L,A,A,2,8,pos,2,4,-250,1.00000000,0,False,0.27272727,W,stage,binned,is_no_resp
707,1,L,A,A,2,8,pos,2,5,-16,4.00000000,2,False,0.06,W,stage,binned,is_no_resp
707,1,L,A,A,2,4,pos,3,1,-13,3.00000000,1,False,0.0,W,stage,binned,is_no_resp
707,1,L,A,A,2,4,pos,3,3,-250,0.00000000,0,False,0,W,stage,binned,is_no_resp
707,1,L,A,A,2,4,pos,3,4,-250,1.00000000,0,False,0.27272727,W,stage,binned,is_no_resp
707,1,L,A,A,2,5,pos,3,1,-250,2.00000000,0,False,0.25,W,stage,binned,is_no_resp
707,1,L,A,A,2,8,pos,3,1,-43,3.00000000,1,False,0.13461538,W,stage,binned,is_no_resp
707,1,L,A,A,2,8,pos,3,2,-88,3.00000000,1,False,0.01204819,W,stage,binned,is_no_resp
707,1,L,A,A,2,8,pos,3,3,-250,4.00000000,1,False,-0.15384615,W,stage,binned,is_no_resp
707,1,L,A,A,2,8,pos,3,4,-250,1.00000000,0,False,0.42857143,W,stage,binned,is_no_resp
707,1,L,A,A,2,8,pos,3,5,-250,2.00000000,0,False,-0.28571429,W,stage,binned,is_no_resp
707,1,L,A,A,4,5,pos,1,1,-220,5.00000000,2,False,0.10526316,W,stage,binned,is_no_resp
707,1,L,A,A,4,8,pos,1,1,-55,9.00000000,5,False,-0.00615385,W,stage,binned,is_no_resp
707,1,L,A,A,4,8,pos,1,2,-82,9.00000000,5,False,-0.00149477,W,stage,binned,is_no_resp
707,1,L,A,A,4,8,pos,1,3,-220,12.00000000,7,False,-0.11183496,W,stage,binned,is_no_resp
707,1,L,A,A,4,8,pos,1,4,-250,2.00000000,0,False,-0.14285714,W,stage,binned,is_no_resp
707,1,L,A,A,4,8,pos,1,5,-130,5.00000000,2,False,0.04561404,W,stage,binned,is_no_resp
707,1,L,A,A,4,5,pos,3,1,-250,1.00000000,0,False,-1.0,W,stage,binned,is_no_resp
707,1,L,A,A,4,8,pos,3,1,-250,1.00000000,0,False,0.0,W,stage,binned,is_no_resp
707,1,L,A,A,4,8,pos,3,2,-250,0.00000000,0,False,1.0,W,stage,binned,is_no_resp
707,1,L,A,A,4,8,pos,3,3,-250,0.00000000,0,False,0,W,stage,binned,is_no_resp
707,1,L,A,A,4,8,pos,3,4,-250,0.00000000,0,False,1.0,W,stage,binned,is_no_resp
707,1,L,A,A,4,8,pos,3,5,-250,0.00000000,0,False,0,W,stage,binned,is_no_resp
707,1,L,A,A,4,5,pos,4,1,-250,1.00000000,0,False,0.2,W,stage,binned,is_no_resp
707,1,L,A,A,4,8,pos,4,1,-250,2.00000000,0,False,0.0,W,stage,binned,is_no_resp
707,1,L,A,A,4,8,pos,4,2,-250,2.00000000,0,False,-0.05084746,W,stage,binned,is_no_resp
707,1,L,A,A,4,8,pos,4,3,-190,3.00000000,1,False,-0.14285714,W,stage,binned,is_no_resp
707,1,L,A,A,4,8,pos,4,4,-250,1.00000000,0,False,-0.2,W,stage,binned,is_no_resp
707,1,L,A,A,4,8,pos,4,5,-250,1.00000000,0,False,0.05882353,W,stage,binned,is_no_resp
707,1,L,A,A,5,8,pos,1,1,71,4.00000000,2,False,0.14705882,W,stage,binned,is_no_resp
707,1,L,A,A,5,8,pos,1,2,-226,5.00000000,2,False,-0.07692308,W,stage,binned,is_no_resp
707,1,L,A,A,5,8,pos,1,3,-250,6.00000000,2,False,0.0295858,W,stage,binned,is_no_resp
707,1,L,A,A,5,8,pos,1,4,-250,1.00000000,0,False,0.42857143,W,stage,binned,is_no_resp
707,1,L,A,A,5,8,pos,1,5,-247,3.00000000,1,False,0.09259259,W,stage,binned,is_no_resp
716,3,R,A,A,45,46,pos,1,2,-193,9.00000000,5,False,-0.02222222,W,stage,binned,is_no_resp
716,3,R,A,A,45,46,pos,1,3,-196,28.00000000,24,False,0.03735386,W,stage,binned,is_no_resp
716,3,R,A,A,45,46,pos,1,4,95,6.00000000,3,False,0.04216867,W,stage,binned,is_no_resp
716,3,R,A,A,45,46,pos,1,5,-250,4.00000000,1,False,-0.14285714,W,stage,binned,is_no_resp
716,3,R,A,A,45,46,pos,1,6,-250,2.00000000,0,False,0.17647059,W,stage,binned,is_no_resp
716,3,R,A,A,45,46,pos,2,2,-250,3.00000000,1,False,0.00917431,W,stage,binned,is_no_resp
716,3,R,A,A,45,46,pos,2,3,140,8.00000000,5,False,0.09026549,W,stage,binned,is_no_resp
716,3,R,A,A,45,46,pos,2,4,-250,2.00000000,0,False,-0.08695652,W,stage,binned,is_no_resp
716,3,R,A,A,45,46,pos,2,5,-250,1.00000000,0,False,-0.08333333,W,stage,binned,is_no_resp
716,3,R,A,A,45,46,pos,2,6,-250,1.00000000,0,False,1.0,W,stage,binned,is_no_resp
716,3,R,A,A,45,46,pos,3,2,-250,2.00000000,0,False,0.04166667,W,stage,binned,is_no_resp
716,3,R,A,A,45,46,pos,3,3,-160,5.00000000,2,False,0.0,W,stage,binned,is_no_resp
716,3,R,A,A,45,46,pos,3,4,-250,1.00000000,0,False,0.11111111,W,stage,binned,is_no_resp
716,3,R,A,A,45,46,pos,3,5,-250,1.00000000,0,False,0.5,W,stage,binned,is_no_resp
716,3,R,A,A,45,46,pos,3,6,-250,1.00000000,0,False,1.0,W,stage,binned,is_no_resp
716,3,R,A,A,45,46,pos,4,2,-250,2.00000000,0,False,0.10638298,W,stage,binned,is_no_resp
716,3,R,A,A,45,46,pos,4,3,-211,5.00000000,2,False,0.02739726,W,stage,binned,is_no_resp
716,3,R,A,A,45,46,pos,4,4,-250,2.00000000,0,False,0.0,W,stage,binned,is_no_resp
716,3,R,A,A,45,46,pos,4,5,-250,1.00000000,0,False,0.28571429,W,stage,binned,is_no_resp
716,3,R,A,A,45,46,pos,4,6,-250,0.00000000,0,False,1.0,W,stage,binned,is_no_resp
716,2,R,A,A,41,42,pos,1,1,-211,7.00000000,3,False,0.04504505,W,stage,binned,is_no_resp
716,2,R,A,A,41,42,pos,1,3,-250,5.00000000,2,False,0.01149425,W,stage,binned,is_no_resp
716,2,R,A,A,41,42,pos,1,4,-250,1.00000000,0,False,-0.12,W,stage,binned,is_no_resp
716,2,R,A,A,41,42,pos,1,5,-250,4.00000000,1,False,-0.12643678,W,stage,binned,is_no_resp
716,2,R,A,A,41,42,pos,1,6,83,3.00000000,1,False,0.22807018,W,stage,binned,is_no_resp
716,2,R,A,A,41,42,pos,1,7,-160,2.00000000,1,False,0.07692308,W,stage,binned,is_no_resp
716,2,R,A,A,41,42,pos,1,8,80,3.00000000,1,False,-0.02857143,W,stage,binned,is_no_resp
716,2,R,A,A,41,42,pos,1,9,-250,3.00000000,0,False,-0.05154639,W,stage,binned,is_no_resp
716,2,R,A,A,41,42,pos,1,10,-250,1.00000000,0,False,0.38461538,W,stage,binned,is_no_resp
716,2,R,A,A,41,42,pos,1,11,-250,2.00000000,0,False,0.2173913,W,stage,binned,is_no_resp
716,2,R,A,A,41,45,pos,1,1,-88,3.00000000,1,False,-0.15686275,W,stage,binned,is_no_resp
716,2,R,A,A,41,45,pos,1,3,-232,4.00000000,1,False,0.04568528,W,stage,binned,is_no_resp
716,2,R,A,A,41,45,pos,1,4,-22,5.00000000,2,False,-0.0260223,W,stage,binned,is_no_resp
716,2,R,A,A,41,45,pos,1,5,-133,2.00000000,1,False,-0.075,W,stage,binned,is_no_resp
716,2,R,A,A,41,45,pos,1,6,-250,2.00000000,0,False,-0.03703704,W,stage,binned,is_no_resp
716,2,R,A,A,41,45,pos,1,10,-250,2.00000000,0,False,0.1875,W,stage,binned,is_no_resp
716,2,R,A,A,41,48,pos,1,3,-103,3.00000000,1,False,0.015625,W,stage,binned,is_no_resp
716,2,R,A,A,41,48,pos,1,4,-250,4.00000000,1,False,0.0375,W,stage,binned,is_no_resp
716,2,R,A,A,41,48,pos,1,5,-202,3.00000000,1,False,-0.05617978,W,stage,binned,is_no_resp
716,2,R,A,A,41,48,pos,1,7,-250,1.00000000,0,False,-0.125,W,stage,binned,is_no_resp
716,2,R,A,A,41,42,pos,3,1,-202,4.00000000,1,False,0.0931677,W,stage,binned,is_no_resp
716,2,R,A,A,41,42,pos,3,3,-250,3.00000000,1,False,0.05691057,W,stage,binned,is_no_resp
716,2,R,A,A,41,42,pos,3,4,-250,1.00000000,0,False,-0.25,W,stage,binned,is_no_resp
716,2,R,A,A,41,42,pos,3,5,-73,3.00000000,1,False,-0.16049383,W,stage,binned,is_no_resp
716,2,R,A,A,41,42,pos,3,6,-250,2.00000000,0,False,0.15942029,W,stage,binned,is_no_resp
716,2,R,A,A,41,42,pos,3,7,-250,1.00000000,0,False,0.24137931,W,stage,binned,is_no_resp
716,2,R,A,A,41,42,pos,3,8,245,2.00000000,1,False,0.08695652,W,stage,binned,is_no_resp
716,2,R,A,A,41,42,pos,3,9,-250,2.00000000,0,False,-0.12820513,W,stage,binned,is_no_resp
716,2,R,A,A,41,42,pos,3,10,-250,1.00000000,0,False,-0.77777778,W,stage,binned,is_no_resp
716,2,R,A,A,41,42,pos,3,11,-250,1.00000000,0,False,0.05263158,W,stage,binned,is_no_resp
716,2,R,A,A,41,45,pos,3,1,-250,2.00000000,0,False,0.07407407,W,stage,binned,is_no_resp
716,2,R,A,A,41,45,pos,3,3,-250,3.00000000,0,False,0.03448276,W,stage,binned,is_no_resp
716,2,R,A,A,41,45,pos,3,4,-250,3.00000000,1,False,-0.02739726,W,stage,binned,is_no_resp
716,2,R,A,A,41,45,pos,3,5,-250,1.00000000,0,False,0.07142857,W,stage,binned,is_no_resp
716,2,R,A,A,41,45,pos,3,6,-250,1.00000000,0,False,-0.2,W,stage,binned,is_no_resp
716,2,R,A,A,41,45,pos,3,10,-250,1.00000000,0,False,-0.38461538,W,stage,binned,is_no_resp
716,2,R,A,A,41,48,pos,3,3,-166,2.00000000,1,False,-0.25,W,stage,binned,is_no_resp
716,2,R,A,A,41,48,pos,3,4,-232,2.00000000,1,False,-0.01298701,W,stage,binned,is_no_resp
716,2,R,A,A,41,48,pos,3,5,-250,2.00000000,0,False,0.05,W,stage,binned,is_no_resp
716,2,R,A,A,41,48,pos,3,7,-250,1.00000000,0,False,0.2,W,stage,binned,is_no_resp
716,2,R,A,A,41,42,pos,5,1,-193,5.00000000,2,False,-0.12121212,W,stage,binned,is_no_resp
716,2,R,A,A,41,42,pos,5,3,-166,3.00000000,1,False,0.05,W,stage,binned,is_no_resp
716,2,R,A,A,41,42,pos,5,4,-250,1.00000000,0,False,0.11111111,W,stage,binned,is_no_resp
716,2,R,A,A,41,42,pos,5,5,-37,3.00000000,1,False,-0.06306306,W,stage,binned,is_no_resp
716,2,R,A,A,41,42,pos,5,6,-250,2.00000000,0,False,0.1147541,W,stage,binned,is_no_resp
716,2,R,A,A,41,42,pos,5,7,-250,2.00000000,0,False,-0.23809524,W,stage,binned,is_no_resp
716,2,R,A,A,41,42,pos,5,8,-250,2.00000000,0,False,0.14814815,W,stage,binned,is_no_resp
716,2,R,A,A,41,42,pos,5,9,-250,2.00000000,0,False,-0.17073171,W,stage,binned,is_no_resp
716,2,R,A,A,41,42,pos,5,10,-250,1.00000000,0,False,1.0,W,stage,binned,is_no_resp
716,2,R,A,A,41,42,pos,5,11,-250,1.00000000,0,False,-0.38461538,W,stage,binned,is_no_resp
716,2,R,A,A,41,45,pos,5,1,-127,3.00000000,1,False,0.0625,W,stage,binned,is_no_resp
716,2,R,A,A,41,45,pos,5,3,-55,3.00000000,1,False,0.01470588,W,stage,binned,is_no_resp
716,2,R,A,A,41,45,pos,5,4,-250,4.00000000,2,False,-0.04433498,W,stage,binned,is_no_resp
716,2,R,A,A,41,45,pos,5,5,-250,2.00000000,0,False,0.06382979,W,stage,binned,is_no_resp
716,2,R,A,A,41,45,pos,5,6,-250,2.00000000,0,False,-0.2,W,stage,binned,is_no_resp
716,2,R,A,A,41,45,pos,5,10,-250,2.00000000,0,False,-0.25,W,stage,binned,is_no_resp
716,2,R,A,A,41,48,pos,5,3,-250,3.00000000,0,False,-0.07042254,W,stage,binned,is_no_resp
716,2,R,A,A,41,48,pos,5,4,38,3.00000000,1,False,0.01960784,W,stage,binned,is_no_resp
716,2,R,A,A,41,48,pos,5,5,-73,2.00000000,1,False,-0.03125,W,stage,binned,is_no_resp
716,2,R,A,A,41,48,pos,5,7,-250,1.00000000,0,False,-0.53846154,W,stage,binned,is_no_resp
716,2,R,A,A,41,42,pos,6,1,-250,2.00000000,0,False,-0.05660377,W,stage,binned,is_no_resp
716,2,R,A,A,41,42,pos,6,3,-250,2.00000000,0,False,-0.11764706,W,stage,binned,is_no_resp
716,2,R,A,A,41,42,pos,6,4,-250,0.00000000,0,False,1.0,W,stage,binned,is_no_resp
716,2,R,A,A,41,42,pos,6,5,-250,1.00000000,0,False,-0.2,W,stage,binned,is_no_resp
716,2,R,A,A,41,42,pos,6,6,-250,1.00000000,0,False,0.28571429,W,stage,binned,is_no_resp
716,2,R,A,A,41,42,pos,6,7,-250,1.00000000,0,False,0.71428571,W,stage,binned,is_no_resp
716,2,R,A,A,41,42,pos,6,8,-250,1.00000000,0,False,0.14285714,W,stage,binned,is_no_resp
716,2,R,A,A,41,42,pos,6,9,-250,1.00000000,0,False,-0.23076923,W,stage,binned,is_no_resp
716,2,R,A,A,41,42,pos,6,10,-250,0.00000000,0,False,0.5,W,stage,binned,is_no_resp
716,2,R,A,A,41,42,pos,6,11,-250,1.00000000,0,False,0.1,W,stage,binned,is_no_resp
716,2,R,A,A,41,45,pos,6,1,-250,1.00000000,0,False,0.0,W,stage,binned,is_no_resp
716,2,R,A,A,41,45,pos,6,3,-250,2.00000000,0,False,-0.11111111,W,stage,binned,is_no_resp
716,2,R,A,A,41,45,pos,6,4,-250,2.00000000,0,False,-0.05263158,W,stage,binned,is_no_resp
716,2,R,A,A,41,45,pos,6,5,-250,1.00000000,0,False,0.5,W,stage,binned,is_no_resp
716,2,R,A,A,41,45,pos,6,6,-250,1.00000000,0,False,0.0,W,stage,binned,is_no_resp
716,2,R,A,A,41,45,pos,6,10,-250,1.00000000,0,False,-0.42857143,W,stage,binned,is_no_resp
716,2,R,A,A,41,48,pos,6,3,-250,1.00000000,0,False,0.36,W,stage,binned,is_no_resp
716,2,R,A,A,41,48,pos,6,4,-250,1.00000000,0,False,0.06666667,W,stage,binned,is_no_resp
716,2,R,A,A,41,48,pos,6,5,-250,1.00000000,0,False,-0.23076923,W,stage,binned,is_no_resp
716,2,R,A,A,41,48,pos,6,7,-250,1.00000000,0,False,-1.0,W,stage,binned,is_no_resp
716,2,R,A,A,41,42,pos,7,1,-250,1.00000000,0,False,0.26666667,W,stage,binned,is_no_resp
716,2,R,A,A,41,42,pos,7,3,-250,1.00000000,0,False,0.29411765,W,stage,binned,is_no_resp
716,2,R,A,A,41,42,pos,7,4,-250,1.00000000,0,False,0.0,W,stage,binned,is_no_resp
716,2,R,A,A,41,42,pos,7,5,-250,1.00000000,0,False,0.16666667,W,stage,binned,is_no_resp
716,2,R,A,A,41,42,pos,7,6,-250,1.00000000,0,False,0.14285714,W,stage,binned,is_no_resp
716,2,R,A,A,41,42,pos,7,7,-250,1.00000000,0,False,1.0,W,stage,binned,is_no_resp
716,2,R,A,A,41,42,pos,7,8,-250,1.00000000,0,False,0.2,W,stage,binned,is_no_resp
716,2,R,A,A,41,42,pos,7,9,-250,1.00000000,0,False,0.33333333,W,stage,binned,is_no_resp
716,2,R,A,A,41,42,pos,7,10,-250,0.00000000,0,False,-1.0,W,stage,binned,is_no_resp
716,2,R,A,A,41,42,pos,7,11,-250,0.00000000,0,False,-1.0,W,stage,binned,is_no_resp
716,2,R,A,A,41,45,pos,7,1,-250,1.00000000,0,False,-0.6,W,stage,binned,is_no_resp
716,2,R,A,A,41,45,pos,7,3,-250,1.00000000,0,False,0.0,W,stage,binned,is_no_resp
716,2,R,A,A,41,45,pos,7,4,-250,1.00000000,0,False,-0.14285714,W,stage,binned,is_no_resp
716,2,R,A,A,41,45,pos,7,5,-250,1.00000000,0,False,0.2,W,stage,binned,is_no_resp
716,2,R,A,A,41,45,pos,7,6,-250,1.00000000,0,False,-0.6,W,stage,binned,is_no_resp
716,2,R,A,A,41,45,pos,7,10,-250,0.00000000,0,False,1.0,W,stage,binned,is_no_resp
716,2,R,A,A,41,48,pos,7,3,-250,1.00000000,0,False,-0.11111111,W,stage,binned,is_no_resp
716,2,R,A,A,41,48,pos,7,4,-250,1.00000000,0,False,-0.23076923,W,stage,binned,is_no_resp
716,2,R,A,A,41,48,pos,7,5,-250,1.00000000,0,False,-0.5,W,stage,binned,is_no_resp
716,2,R,A,A,41,48,pos,7,7,-250,0.00000000,0,False,0,W,stage,binned,is_no_resp
716,2,R,A,A,42,45,pos,1,1,-193,10.00000000,5,False,0.00408163,W,stage,binned,is_no_resp
716,2,R,A,A,42,45,pos,1,3,-214,14.00000000,8,False,-0.01424979,W,stage,binned,is_no_resp
716,2,R,A,A,42,45,pos,1,4,-250,20.00000000,13,False,-0.06645401,W,stage,binned,is_no_resp
716,2,R,A,A,42,45,pos,1,5,-88,7.00000000,4,False,0.01234568,W,stage,binned,is_no_resp
716,2,R,A,A,42,45,pos,1,6,-238,5.00000000,2,False,-0.01045296,W,stage,binned,is_no_resp
716,2,R,A,A,42,45,pos,1,10,38,4.01000000,2,False,0.00473934,W,stage,binned,is_no_resp
716,2,R,A,A,42,48,pos,1,3,-40,11.00000000,6,False,0.00240964,W,stage,binned,is_no_resp
716,2,R,A,A,42,48,pos,1,4,-88,11.00000000,6,False,0.00436681,W,stage,binned,is_no_resp
716,2,R,A,A,42,48,pos,1,5,92,8.00000000,4,False,0.072,W,stage,binned,is_no_resp
716,2,R,A,A,42,48,pos,1,7,-250,3.00000000,0,False,0.11627907,W,stage,binned,is_no_resp
716,2,R,A,A,42,45,pos,3,1,242,7.00000000,4,False,0.02222222,W,stage,binned,is_no_resp
716,2,R,A,A,42,45,pos,3,3,170,10.00000000,6,False,-0.01114206,W,stage,binned,is_no_resp
716,2,R,A,A,42,45,pos,3,4,-124,13.00000000,8,False,0.0,W,stage,binned,is_no_resp
716,2,R,A,A,42,45,pos,3,5,-235,5.00000000,2,False,-0.01805054,W,stage,binned,is_no_resp
716,2,R,A,A,42,45,pos,3,6,-241,4.00000000,1,False,-0.01694915,W,stage,binned,is_no_resp
716,2,R,A,A,42,45,pos,3,10,83,3.00000000,1,False,0.04,W,stage,binned,is_no_resp
716,2,R,A,A,42,48,pos,3,3,-250,7.00000000,4,False,0.03478261,W,stage,binned,is_no_resp
716,2,R,A,A,42,48,pos,3,4,194,8.00000000,5,False,0.02711864,W,stage,binned,is_no_resp
716,2,R,A,A,42,48,pos,3,5,-250,6.00000000,2,False,0.01315789,W,stage,binned,is_no_resp
716,2,R,A,A,42,48,pos,3,7,-250,2.00000000,0,False,0.19298246,W,stage,binned,is_no_resp
716,2,R,A,A,42,45,pos,4,1,-250,2.00000000,0,False,-0.07692308,W,stage,binned,is_no_resp
716,2,R,A,A,42,45,pos,4,3,-250,2.00000000,0,False,-0.2,W,stage,binned,is_no_resp
716,2,R,A,A,42,45,pos,4,4,-205,3.00000000,1,False,0.07070707,W,stage,binned,is_no_resp
716,2,R,A,A,42,45,pos,4,5,-250,1.00000000,0,False,-0.04761905,W,stage,binned,is_no_resp
716,2,R,A,A,42,45,pos,4,6,-250,1.00000000,0,False,-0.33333333,W,stage,binned,is_no_resp
716,2,R,A,A,42,45,pos,4,10,-250,1.00000000,0,False,-0.14285714,W,stage,binned,is_no_resp
716,2,R,A,A,42,48,pos,4,3,-250,2.00000000,0,False,0.25,W,stage,binned,is_no_resp
716,2,R,A,A,42,48,pos,4,4,-250,2.00000000,0,False,0.04,W,stage,binned,is_no_resp
716,2,R,A,A,42,48,pos,4,5,-250,1.00000000,0,False,0.16666667,W,stage,binned,is_no_resp
716,2,R,A,A,42,48,pos,4,7,-250,1.00000000,0,False,-0.33333333,W,stage,binned,is_no_resp
716,2,R,A,A,42,45,pos,5,1,-250,5.00000000,2,False,-0.01730104,W,stage,binned,is_no_resp
716,2,R,A,A,42,45,pos,5,3,-241,7.00000000,3,False,0.01339286,W,stage,binned,is_no_resp
716,2,R,A,A,42,45,pos,5,4,89,10.00000000,6,False,-0.03773585,W,stage,binned,is_no_resp
716,2,R,A,A,42,45,pos,5,5,-250,4.00000000,1,False,0.06145251,W,stage,binned,is_no_resp
716,2,R,A,A,42,45,pos,5,6,-118,3.00000000,1,False,0.02564103,W,stage,binned,is_no_resp
716,2,R,A,A,42,45,pos,5,10,167,2.00000000,1,False,0.08641975,W,stage,binned,is_no_resp
716,2,R,A,A,42,48,pos,5,3,71,6.00000000,3,False,0.0881459,W,stage,binned,is_no_resp
716,2,R,A,A,42,48,pos,5,4,-10,6.00000000,3,False,0.08077994,W,stage,binned,is_no_resp
716,2,R,A,A,42,48,pos,5,5,-106,4.00000000,2,False,0.08,W,stage,binned,is_no_resp
716,2,R,A,A,42,48,pos,5,7,-250,2.00000000,0,False,-0.03225806,W,stage,binned,is_no_resp
716,2,R,A,A,42,45,pos,6,1,-127,5.00000000,2,False,0.00840336,W,stage,binned,is_no_resp
716,2,R,A,A,42,45,pos,6,3,-178,5.00000000,2,False,0.09422492,W,stage,binned,is_no_resp
716,2,R,A,A,42,45,pos,6,4,-250,7.00000000,3,False,-0.01449275,W,stage,binned,is_no_resp
716,2,R,A,A,42,45,pos,6,5,-226,3.00000000,1,False,0.10791367,W,stage,binned,is_no_resp
716,2,R,A,A,42,45,pos,6,6,-250,3.00000000,0,False,-0.08571429,W,stage,binned,is_no_resp
716,2,R,A,A,42,45,pos,6,10,-250,2.00000000,0,False,0.08,W,stage,binned,is_no_resp
716,2,R,A,A,42,48,pos,6,3,-244,5.00000000,1,False,-0.09259259,W,stage,binned,is_no_resp
716,2,R,A,A,42,48,pos,6,4,-250,5.00000000,2,False,0.0,W,stage,binned,is_no_resp
716,2,R,A,A,42,48,pos,6,5,-250,4.00000000,1,False,-0.0875,W,stage,binned,is_no_resp
716,2,R,A,A,42,48,pos,6,7,-250,1.00000000,0,False,-0.375,W,stage,binned,is_no_resp
716,2,R,A,A,42,45,pos,7,1,-220,3.00000000,1,False,-0.14285714,W,stage,binned,is_no_resp
716,2,R,A,A,42,45,pos,7,3,-250,4.00000000,1,False,0.07784431,W,stage,binned,is_no_resp
716,2,R,A,A,42,45,pos,7,4,-148,5.00000000,2,False,-0.02238806,W,stage,binned,is_no_resp
716,2,R,A,A,42,45,pos,7,5,-250,2.00000000,0,False,0.04109589,W,stage,binned,is_no_resp
716,2,R,A,A,42,45,pos,7,6,-250,2.00000000,0,False,0.36585366,W,stage,binned,is_no_resp
716,2,R,A,A,42,45,pos,7,10,-250,1.00000000,0,False,0.21428571,W,stage,binned,is_no_resp
716,2,R,A,A,42,48,pos,7,3,-157,3.00000000,1,False,0.00840336,W,stage,binned,is_no_resp
716,2,R,A,A,42,48,pos,7,4,-235,3.00000000,1,False,0.06756757,W,stage,binned,is_no_resp
716,2,R,A,A,42,48,pos,7,5,-250,2.00000000,0,False,0.02631579,W,stage,binned,is_no_resp
716,2,R,A,A,42,48,pos,7,7,-250,1.00000000,0,False,-0.4,W,stage,binned,is_no_resp
716,2,R,A,A,42,45,pos,8,1,-250,4.00000000,1,False,-0.22826087,W,stage,binned,is_no_resp
716,2,R,A,A,42,45,pos,8,3,-250,5.00000000,2,False,-0.04029304,W,stage,binned,is_no_resp
716,2,R,A,A,42,45,pos,8,4,-250,7.00000000,4,False,-0.00223714,W,stage,binned,is_no_resp
716,2,R,A,A,42,45,pos,8,5,-88,3.00000000,1,False,-0.03225806,W,stage,binned,is_no_resp
716,2,R,A,A,42,45,pos,8,6,-190,2.00000000,1,False,-0.23809524,W,stage,binned,is_no_resp
716,2,R,A,A,42,45,pos,8,10,-250,2.00000000,0,False,-0.05,W,stage,binned,is_no_resp
716,2,R,A,A,42,48,pos,8,3,-16,4.00000000,2,False,0.03664921,W,stage,binned,is_no_resp
716,2,R,A,A,42,48,pos,8,4,113,4.00000000,2,False,-0.08653846,W,stage,binned,is_no_resp
716,2,R,A,A,42,48,pos,8,5,-232,3.00000000,1,False,0.0,W,stage,binned,is_no_resp
716,2,R,A,A,42,48,pos,8,7,-250,1.00000000,0,False,0.04347826,W,stage,binned,is_no_resp
716,2,R,A,A,42,45,pos,9,1,-250,4.00000000,1,False,-0.12162162,W,stage,binned,is_no_resp
716,2,R,A,A,42,45,pos,9,3,47,4.00000000,2,False,0.00492611,W,stage,binned,is_no_resp
716,2,R,A,A,42,45,pos,9,4,-238,6.00000000,2,False,0.02702703,W,stage,binned,is_no_resp
716,2,R,A,A,42,45,pos,9,5,11,3.00000000,1,False,-0.08695652,W,stage,binned,is_no_resp
716,2,R,A,A,42,45,pos,9,6,-250,2.00000000,0,False,0.04,W,stage,binned,is_no_resp
716,2,R,A,A,42,45,pos,9,10,-250,2.00000000,0,False,0.04761905,W,stage,binned,is_no_resp
716,2,R,A,A,42,48,pos,9,3,-250,4.00000000,1,False,-0.1038961,W,stage,binned,is_no_resp
716,2,R,A,A,42,48,pos,9,4,-250,4.00000000,1,False,0.06145251,W,stage,binned,is_no_resp
716,2,R,A,A,42,48,pos,9,5,-16,3.00000000,1,False,-0.06666667,W,stage,binned,is_no_resp
716,2,R,A,A,42,48,pos,9,7,-250,1.00000000,0,False,0.1,W,stage,binned,is_no_resp
716,2,R,A,A,42,45,pos,10,1,-250,2.00000000,0,False,0.12820513,W,stage,binned,is_no_resp
716,2,R,A,A,42,45,pos,10,3,-250,2.00000000,0,False,0.11111111,W,stage,binned,is_no_resp
716,2,R,A,A,42,45,pos,10,4,-250,2.00000000,0,False,0.15625,W,stage,binned,is_no_resp
716,2,R,A,A,42,45,pos,10,5,-250,1.00000000,0,False,-0.05882353,W,stage,binned,is_no_resp
716,2,R,A,A,42,45,pos,10,6,-250,1.00000000,0,False,-0.6,W,stage,binned,is_no_resp
716,2,R,A,A,42,45,pos,10,10,-250,1.00000000,0,False,0.11111111,W,stage,binned,is_no_resp
716,2,R,A,A,42,48,pos,10,3,-250,2.00000000,0,False,-0.25,W,stage,binned,is_no_resp
716,2,R,A,A,42,48,pos,10,4,-250,2.00000000,0,False,-0.03448276,W,stage,binned,is_no_resp
716,2,R,A,A,42,48,pos,10,5,-250,1.00000000,0,False,-0.36842105,W,stage,binned,is_no_resp
716,2,R,A,A,42,48,pos,10,7,-250,0.00000000,0,False,-1.0,W,stage,binned,is_no_resp
716,2,R,A,A,42,45,pos,11,1,-250,1.00000000,0,False,0.08333333,W,stage,binned,is_no_resp
716,2,R,A,A,42,45,pos,11,3,-250,3.00000000,0,False,-0.09756098,W,stage,binned,is_no_resp
716,2,R,A,A,42,45,pos,11,4,-250,4.00000000,1,False,-0.17159763,W,stage,binned,is_no_resp
716,2,R,A,A,42,45,pos,11,5,-250,2.00000000,0,False,0.29577465,W,stage,binned,is_no_resp
716,2,R,A,A,42,45,pos,11,6,-250,1.00000000,0,False,0.44444444,W,stage,binned,is_no_resp
716,2,R,A,A,42,45,pos,11,10,-250,1.00000000,0,False,0.14285714,W,stage,binned,is_no_resp
716,2,R,A,A,42,48,pos,11,3,245,3.00000000,1,False,0.35802469,W,stage,binned,is_no_resp
716,2,R,A,A,42,48,pos,11,4,-250,3.00000000,1,False,0.17857143,W,stage,binned,is_no_resp
716,2,R,A,A,42,48,pos,11,5,-250,2.00000000,0,False,0.03448276,W,stage,binned,is_no_resp
716,2,R,A,A,42,48,pos,11,7,-250,1.00000000,0,False,0.0,W,stage,binned,is_no_resp
716,2,R,A,A,45,48,pos,1,3,-133,5.00000000,2,False,0.05932203,W,stage,binned,is_no_resp
716,2,R,A,A,45,48,pos,1,4,-229,5.00000000,2,False,0.0962963,W,stage,binned,is_no_resp
716,2,R,A,A,45,48,pos,1,5,-211,4.00000000,1,False,-0.01369863,W,stage,binned,is_no_resp
716,2,R,A,A,45,48,pos,1,7,-250,1.00000000,0,False,0.03448276,W,stage,binned,is_no_resp
716,2,R,A,A,45,48,pos,3,3,-115,6.00000000,3,False,-0.02840909,W,stage,binned,is_no_resp
716,2,R,A,A,45,48,pos,3,4,-175,7.00000000,3,False,-0.09,W,stage,binned,is_no_resp
716,2,R,A,A,45,48,pos,3,5,-82,5.00000000,2,False,0.08943089,W,stage,binned,is_no_resp
716,2,R,A,A,45,48,pos,3,7,-250,2.00000000,0,False,0.17948718,W,stage,binned,is_no_resp
716,2,R,A,A,45,48,pos,4,3,-250,8.00000000,4,False,0.04599659,W,stage,binned,is_no_resp
716,2,R,A,A,45,48,pos,4,4,185,9.00000000,5,False,-0.03235294,W,stage,binned,is_no_resp
716,2,R,A,A,45,48,pos,4,5,-217,6.00000000,3,False,0.01312336,W,stage,binned,is_no_resp
716,2,R,A,A,45,48,pos,4,7,80,3.00000000,1,False,0.17948718,W,stage,binned,is_no_resp
716,2,R,A,A,45,48,pos,5,3,-181,4.00000000,1,False,0.03401361,W,stage,binned,is_no_resp
716,2,R,A,A,45,48,pos,5,4,-250,4.00000000,1,False,-0.04242424,W,stage,binned,is_no_resp
716,2,R,A,A,45,48,pos,5,5,41,3.00000000,1,False,-0.01030928,W,stage,binned,is_no_resp
716,2,R,A,A,45,48,pos,5,7,-250,1.00000000,0,False,-0.125,W,stage,binned,is_no_resp
716,2,R,A,A,45,48,pos,6,3,-250,3.00000000,0,False,-0.2,W,stage,binned,is_no_resp
716,2,R,A,A,45,48,pos,6,4,-193,3.00000000,1,False,-0.23214286,W,stage,binned,is_no_resp
716,2,R,A,A,45,48,pos,6,5,-250,2.00000000,0,False,-0.14285714,W,stage,binned,is_no_resp
716,2,R,A,A,45,48,pos,6,7,-250,1.00000000,0,False,-0.45454545,W,stage,binned,is_no_resp
716,2,R,A,A,45,48,pos,10,3,-250,2.00000000,0,False,-0.01818182,W,stage,binned,is_no_resp
716,2,R,A,A,45,48,pos,10,4,-64,3.00000000,1,False,0.01204819,W,stage,binned,is_no_resp
716,2,R,A,A,45,48,pos,10,5,-250,2.00000000,0,False,-0.14285714,W,stage,binned,is_no_resp
716,2,R,A,A,45,48,pos,10,7,-250,1.00000000,0,False,0.0,W,stage,binned,is_no_resp
709,3,L,A,A,5,7,pos,2,1,-250,1.00000000,0,False,0.33333333,W,stage,binned,is_no_resp
709,3,L,A,A,5,7,pos,2,2,-250,1.00000000,0,False,-0.42857143,W,stage,binned,is_no_resp
709,3,L,A,A,5,7,pos,2,3,-250,1.00000000,0,False,0.0,W,stage,binned,is_no_resp
709,3,L,A,A,5,8,pos,2,1,-250,1.00000000,0,False,0.0,W,stage,binned,is_no_resp
709,3,L,A,A,5,8,pos,2,5,-250,0.00000000,0,False,0,W,stage,binned,is_no_resp
709,3,L,A,A,5,7,pos,3,1,-250,1.00000000,0,False,0.0,W,stage,binned,is_no_resp
709,3,L,A,A,5,7,pos,3,2,-250,0.00000000,0,False,1.0,W,stage,binned,is_no_resp
709,3,L,A,A,5,7,pos,3,3,-250,1.00000000,0,False,-0.25,W,stage,binned,is_no_resp
709,3,L,A,A,5,8,pos,3,1,-250,1.00000000,0,False,1.0,W,stage,binned,is_no_resp
709,3,L,A,A,5,8,pos,3,5,-250,0.00000000,0,False,1.0,W,stage,binned,is_no_resp
709,3,L,A,A,7,8,pos,1,1,-232,5.00000000,2,False,0.00332226,W,stage,binned,is_no_resp
709,3,L,A,A,7,8,pos,1,5,-250,2.00000000,0,False,-0.15151515,W,stage,binned,is_no_resp
709,3,L,A,A,7,8,pos,2,1,-250,2.00000000,0,False,-0.05555556,W,stage,binned,is_no_resp
709,3,L,A,A,7,8,pos,2,5,-250,1.00000000,0,False,-0.66666667,W,stage,binned,is_no_resp
709,3,L,A,A,7,8,pos,3,1,-64,6.00000000,3,False,0.15942029,W,stage,binned,is_no_resp
709,3,L,A,A,7,8,pos,3,5,-250,2.00000000,0,False,0.125,W,stage,binned,is_no_resp
711,4,L,A,A,3,7,pos,5,1,-250,7.00000000,4,False,0.07692308,W,stage,binned,is_no_resp
711,4,L,A,A,3,7,pos,5,2,164,5.00000000,3,False,0.1147541,W,stage,binned,is_no_resp
711,4,L,A,A,3,7,pos,5,3,-250,2.00000000,0,False,-0.01754386,W,stage,binned,is_no_resp
711,4,R,A,A,43,47,pos,1,1,-250,2.00000000,0,False,-0.03448276,W,stage,binned,is_no_resp
711,4,R,A,A,43,47,pos,1,2,-1,3.00000000,2,False,0.04347826,W,stage,binned,is_no_resp
711,4,R,A,A,43,47,pos,1,3,-250,1.00000000,0,False,-0.06666667,W,stage,binned,is_no_resp
711,4,R,A,A,43,47,pos,1,4,-250,0.00000000,0,False,0,W,stage,binned,is_no_resp
711,4,R,A,A,43,47,pos,1,5,-250,1.00000000,0,False,0.0,W,stage,binned,is_no_resp
711,4,R,A,A,43,47,pos,1,6,-250,1.00000000,0,False,0.5,W,stage,binned,is_no_resp
711,4,R,A,A,43,47,pos,2,1,-250,2.00000000,0,False,-0.52941176,W,stage,binned,is_no_resp
711,4,R,A,A,43,47,pos,2,2,-178,3.00000000,1,False,-0.43243243,W,stage,binned,is_no_resp
711,4,R,A,A,43,47,pos,2,3,-250,2.00000000,0,False,-1.0,W,stage,binned,is_no_resp
711,4,R,A,A,43,47,pos,2,4,-250,0.00000000,0,False,0,W,stage,binned,is_no_resp
711,4,R,A,A,43,47,pos,2,5,-250,1.00000000,0,False,-0.6,W,stage,binned,is_no_resp
711,4,R,A,A,43,47,pos,2,6,-250,1.00000000,0,False,-0.5,W,stage,binned,is_no_resp
711,4,R,A,A,43,47,pos,3,1,-250,1.00000000,0,False,0.2,W,stage,binned,is_no_resp
711,4,R,A,A,43,47,pos,3,2,-250,2.00000000,0,False,-0.25,W,stage,binned,is_no_resp
711,4,R,A,A,43,47,pos,3,3,-250,1.00000000,0,False,-0.66666667,W,stage,binned,is_no_resp
711,4,R,A,A,43,47,pos,3,4,-250,0.00000000,0,False,0,W,stage,binned,is_no_resp
711,4,R,A,A,43,47,pos,3,5,-250,1.00000000,0,False,-0.42857143,W,stage,binned,is_no_resp
711,4,R,A,A,43,47,pos,3,6,-250,1.00000000,0,False,1.0,W,stage,binned,is_no_resp
711,4,R,A,A,43,47,pos,4,1,-250,1.00000000,0,False,-0.5,W,stage,binned,is_no_resp
711,4,R,A,A,43,47,pos,4,2,-250,2.00000000,0,False,-0.77777778,W,stage,binned,is_no_resp
711,4,R,A,A,43,47,pos,4,3,-250,1.00000000,0,False,-1.0,W,stage,binned,is_no_resp
711,4,R,A,A,43,47,pos,4,4,-250,0.00000000,0,False,0,W,stage,binned,is_no_resp
711,4,R,A,A,43,47,pos,4,5,-250,0.00000000,0,False,1.0,W,stage,binned,is_no_resp
711,4,R,A,A,43,47,pos,4,6,-250,0.00000000,0,False,-1.0,W,stage,binned,is_no_resp
711,4,R,A,A,43,47,pos,5,1,-250,0.00000000,0,False,0.0,W,stage,binned,is_no_resp
711,4,R,A,A,43,47,pos,5,2,-250,1.00000000,0,False,-0.45454545,W,stage,binned,is_no_resp
711,4,R,A,A,43,47,pos,5,3,-250,1.00000000,0,False,0.0,W,stage,binned,is_no_resp
711,4,R,A,A,43,47,pos,5,4,-250,0.00000000,0,False,0,W,stage,binned,is_no_resp
711,4,R,A,A,43,47,pos,5,5,-250,0.00000000,0,False,0,W,stage,binned,is_no_resp
711,4,R,A,A,43,47,pos,5,6,-250,0.00000000,0,False,0,W,stage,binned,is_no_resp
702,1,L,A,A,1,7,pos,1,1,-250,0.00000000,0,False,0,W,stage,binned,is_no_resp
702,1,L,A,A,1,7,pos,1,2,-250,0.00000000,0,False,0,W,stage,binned,is_no_resp
702,1,L,A,A,1,7,pos,1,3,-250,0.00000000,0,False,0,W,stage,binned,is_no_resp
702,1,L,A,A,1,7,pos,1,4,-250,0.00000000,0,False,0,W,stage,binned,is_no_resp
702,1,L,A,A,1,7,pos,2,1,-250,0.00000000,0,False,0,W,stage,binned,is_no_resp
702,1,L,A,A,1,7,pos,2,2,-250,0.00000000,0,False,0,W,stage,binned,is_no_resp
702,1,L,A,A,1,7,pos,2,3,-250,0.00000000,0,False,0,W,stage,binned,is_no_resp
702,1,L,A,A,1,7,pos,2,4,-250,0.00000000,0,False,0,W,stage,binned,is_no_resp
702,1,L,A,A,1,7,pos,3,1,-250,0.00000000,0,False,0,W,stage,binned,is_no_resp
702,1,L,A,A,1,7,pos,3,2,-250,0.00000000,0,False,0,W,stage,binned,is_no_resp
702,1,L,A,A,1,7,pos,3,3,-250,0.00000000,0,False,0,W,stage,binned,is_no_resp
702,1,L,A,A,1,7,pos,3,4,-250,0.00000000,0,False,0,W,stage,binned,is_no_resp
702,1,L,A,A,1,7,pos,4,1,-250,0.00000000,0,False,0,W,stage,binned,is_no_resp
702,1,L,A,A,1,7,pos,4,2,-250,0.00000000,0,False,0,W,stage,binned,is_no_resp
702,1,L,A,A,1,7,pos,4,3,-250,0.00000000,0,False,0,W,stage,binned,is_no_resp
702,1,L,A,A,1,7,pos,4,4,-250,0.00000000,0,False,0,W,stage,binned,is_no_resp
709,2,L,A,A,1,3,pos,1,1,-148,12.00000000,7,False,0.02467917,W,stage,binned,is_no_resp
709,2,L,A,A,1,3,pos,1,2,-52,3.00000000,1,False,0.04477612,W,stage,binned,is_no_resp
709,2,L,A,A,1,3,pos,1,3,-250,2.00000000,0,False,-0.25806452,W,stage,binned,is_no_resp
709,2,L,A,A,1,3,pos,1,4,-100,4.00000000,1,False,0.07586207,W,stage,binned,is_no_resp
709,2,L,A,A,1,5,pos,1,1,-250,17.00000000,12,False,-0.00060569,W,stage,binned,is_no_resp
709,2,L,A,A,1,5,pos,1,2,206,12.00000000,8,False,0.04075829,W,stage,binned,is_no_resp
709,2,L,A,A,1,7,pos,1,1,-103,95.00000000,91,False,-0.0301116,W,stage,binned,is_no_resp
709,2,L,A,A,1,7,pos,1,2,-40,65.00000000,56,False,-0.01860196,W,stage,binned,is_no_resp
709,2,L,A,A,1,7,pos,1,3,-217,5.00000000,2,False,-0.09747292,W,stage,binned,is_no_resp
709,2,L,A,A,1,7,pos,1,4,-250,2.00000000,0,False,0.0,W,stage,binned,is_no_resp
709,2,L,A,A,1,3,pos,4,1,-250,4.00000000,1,False,-0.14814815,W,stage,binned,is_no_resp
709,2,L,A,A,1,3,pos,4,2,-250,1.00000000,0,False,0.66666667,W,stage,binned,is_no_resp
709,2,L,A,A,1,3,pos,4,3,-250,1.00000000,0,False,0.0,W,stage,binned,is_no_resp
709,2,L,A,A,1,3,pos,4,4,-250,1.00000000,0,False,-0.2173913,W,stage,binned,is_no_resp
709,2,L,A,A,1,5,pos,4,1,-103,5.00000000,2,False,0.02564103,W,stage,binned,is_no_resp
709,2,L,A,A,1,5,pos,4,2,-4,4.00000000,2,False,0.07602339,W,stage,binned,is_no_resp
709,2,L,A,A,1,7,pos,4,1,-169,20.00000000,15,False,0.00440917,W,stage,binned,is_no_resp
709,2,L,A,A,1,7,pos,4,2,128,14.00000000,10,False,0.02302158,W,stage,binned,is_no_resp
709,2,L,A,A,1,7,pos,4,3,-250,2.00000000,0,False,0.04,W,stage,binned,is_no_resp
709,2,L,A,A,1,7,pos,4,4,-250,1.00000000,0,False,0.45454545,W,stage,binned,is_no_resp
709,2,L,A,A,1,3,pos,5,1,-250,3.00000000,1,False,-0.03267974,W,stage,binned,is_no_resp
709,2,L,A,A,1,3,pos,5,2,-250,1.00000000,0,False,-0.2,W,stage,binned,is_no_resp
709,2,L,A,A,1,3,pos,5,3,-250,1.00000000,0,False,-0.28571429,W,stage,binned,is_no_resp
709,2,L,A,A,1,3,pos,5,4,-250,1.00000000,0,False,0.33333333,W,stage,binned,is_no_resp
709,2,L,A,A,1,5,pos,5,1,-250,5.00000000,2,False,-0.03196347,W,stage,binned,is_no_resp
709,2,L,A,A,1,5,pos,5,2,-205,4.00000000,1,False,0.05806452,W,stage,binned,is_no_resp
709,2,L,A,A,1,7,pos,5,1,-211,18.00000000,13,False,-0.0255915,W,stage,binned,is_no_resp
709,2,L,A,A,1,7,pos,5,2,-229,12.00000000,9,False,-0.026534,W,stage,binned,is_no_resp
709,2,L,A,A,1,7,pos,5,3,-250,2.00000000,0,False,-0.05084746,W,stage,binned,is_no_resp
709,2,L,A,A,1,7,pos,5,4,-250,1.00000000,0,False,-0.77777778,W,stage,binned,is_no_resp
709,2,L,A,A,3,5,pos,1,1,-136,5.00000000,2,False,-0.07359307,W,stage,binned,is_no_resp
709,2,L,A,A,3,5,pos,1,2,-250,4.00000000,1,False,-0.01086957,W,stage,binned,is_no_resp
709,2,L,A,A,3,7,pos,1,1,-127,17.00000000,11,False,-0.04265403,W,stage,binned,is_no_resp
709,2,L,A,A,3,7,pos,1,2,-229,11.00000000,7,False,-0.01309164,W,stage,binned,is_no_resp
709,2,L,A,A,3,7,pos,1,3,-220,3.00000000,1,False,-0.17021277,W,stage,binned,is_no_resp
709,2,L,A,A,3,7,pos,1,4,-250,2.00000000,0,False,0.0,W,stage,binned,is_no_resp
709,2,L,A,A,3,5,pos,2,1,-250,1.00000000,0,False,-0.1,W,stage,binned,is_no_resp
709,2,L,A,A,3,5,pos,2,2,-250,1.00000000,0,False,0.11111111,W,stage,binned,is_no_resp
709,2,L,A,A,3,7,pos,2,1,56,4.00000000,2,False,0.02941176,W,stage,binned,is_no_resp
709,2,L,A,A,3,7,pos,2,2,-178,3.00000000,1,False,0.01428571,W,stage,binned,is_no_resp
709,2,L,A,A,3,7,pos,2,3,-250,1.00000000,0,False,0.16666667,W,stage,binned,is_no_resp
709,2,L,A,A,3,7,pos,2,4,-250,1.00000000,0,False,0.42857143,W,stage,binned,is_no_resp
709,2,L,A,A,3,5,pos,3,1,-250,1.00000000,0,False,0.0,W,stage,binned,is_no_resp
709,2,L,A,A,3,5,pos,3,2,-250,1.00000000,0,False,-0.11111111,W,stage,binned,is_no_resp
709,2,L,A,A,3,7,pos,3,1,-121,3.00000000,1,False,-0.02608696,W,stage,binned,is_no_resp
709,2,L,A,A,3,7,pos,3,2,-250,2.00000000,0,False,0.11111111,W,stage,binned,is_no_resp
709,2,L,A,A,3,7,pos,3,3,-250,1.00000000,0,False,0.0,W,stage,binned,is_no_resp
709,2,L,A,A,3,7,pos,3,4,-250,1.00000000,0,False,-1.0,W,stage,binned,is_no_resp
709,2,L,A,A,3,5,pos,4,1,-250,1.00000000,0,False,0.22580645,W,stage,binned,is_no_resp
709,2,L,A,A,3,5,pos,4,2,-250,1.00000000,0,False,0.04761905,W,stage,binned,is_no_resp
709,2,L,A,A,3,7,pos,4,1,-178,4.00000000,2,False,0.09787234,W,stage,binned,is_no_resp
709,2,L,A,A,3,7,pos,4,2,5,3.00000000,1,False,0.28358209,W,stage,binned,is_no_resp
709,2,L,A,A,3,7,pos,4,3,-250,1.00000000,0,False,-0.33333333,W,stage,binned,is_no_resp
709,2,L,A,A,3,7,pos,4,4,-250,1.00000000,0,False,1.0,W,stage,binned,is_no_resp
709,2,L,A,A,5,7,pos,1,1,26,32.00000000,27,False,0.00131961,W,stage,binned,is_no_resp
709,2,L,A,A,5,7,pos,1,2,-55,22.00000000,16,False,-0.0492228,W,stage,binned,is_no_resp
709,2,L,A,A,5,7,pos,1,3,-250,2.00000000,0,False,0.08196721,W,stage,binned,is_no_resp
709,2,L,A,A,5,7,pos,1,4,-250,1.00000000,0,False,0.375,W,stage,binned,is_no_resp
709,2,L,A,A,5,7,pos,2,1,2,23.00000000,18,False,-0.03534137,W,stage,binned,is_no_resp
709,2,L,A,A,5,7,pos,2,2,-55,17.00000000,11,False,-0.0460199,W,stage,binned,is_no_resp
709,2,L,A,A,5,7,pos,2,3,-250,2.00000000,0,False,-0.05660377,W,stage,binned,is_no_resp
709,2,L,A,A,5,7,pos,2,4,-250,1.00000000,0,False,-0.625,W,stage,binned,is_no_resp
712,2,R,A,A,49,50,pos,1,2,-250,2.00000000,0,False,-0.01369863,W,stage,binned,is_no_resp
712,2,R,A,A,49,50,pos,1,4,-250,1.00000000,0,False,0.14285714,W,stage,binned,is_no_resp
712,2,R,A,A,49,52,pos,1,1,-148,5.00000000,2,False,-0.09558824,W,stage,binned,is_no_resp
712,2,R,A,A,49,52,pos,1,2,-250,2.00000000,0,False,0.0,W,stage,binned,is_no_resp
712,2,R,A,A,49,52,pos,1,3,-250,2.00000000,0,False,0.0,W,stage,binned,is_no_resp
712,2,R,A,A,49,52,pos,1,4,-250,2.00000000,0,False,0.125,W,stage,binned,is_no_resp
712,2,R,A,A,49,56,pos,1,1,-250,2.00000000,0,False,-0.08860759,W,stage,binned,is_no_resp
712,2,R,A,A,49,56,pos,1,2,-250,1.00000000,0,False,-0.27272727,W,stage,binned,is_no_resp
712,2,R,A,A,49,56,pos,1,3,-250,1.00000000,0,False,0.0,W,stage,binned,is_no_resp
712,2,R,A,A,49,56,pos,1,4,-250,0.00000000,0,False,0.0,W,stage,binned,is_no_resp
712,2,R,A,A,49,50,pos,2,2,-250,2.00000000,0,False,-0.12,W,stage,binned,is_no_resp
712,2,R,A,A,49,50,pos,2,4,-250,1.00000000,0,False,0.27272727,W,stage,binned,is_no_resp
712,2,R,A,A,49,52,pos,2,1,-250,3.00000000,1,False,-0.26956522,W,stage,binned,is_no_resp
712,2,R,A,A,49,52,pos,2,2,-250,2.00000000,0,False,0.0,W,stage,binned,is_no_resp
712,2,R,A,A,49,52,pos,2,3,-250,2.00000000,0,False,0.0,W,stage,binned,is_no_resp
712,2,R,A,A,49,52,pos,2,4,-250,1.00000000,0,False,-0.04347826,W,stage,binned,is_no_resp
712,2,R,A,A,49,56,pos,2,1,-250,2.00000000,0,False,0.13513514,W,stage,binned,is_no_resp
712,2,R,A,A,49,56,pos,2,2,-250,0.00000000,0,False,1.0,W,stage,binned,is_no_resp
712,2,R,A,A,49,56,pos,2,3,-250,1.00000000,0,False,0.33333333,W,stage,binned,is_no_resp
712,2,R,A,A,49,56,pos,2,4,-250,0.00000000,0,False,1.0,W,stage,binned,is_no_resp
712,2,R,A,A,50,52,pos,2,1,-43,7.00000000,4,False,-0.03030303,W,stage,binned,is_no_resp
712,2,R,A,A,50,52,pos,2,2,-91,3.00000000,1,False,-0.17241379,W,stage,binned,is_no_resp
712,2,R,A,A,50,52,pos,2,3,-250,2.00000000,1,False,0.10344828,W,stage,binned,is_no_resp
712,2,R,A,A,50,52,pos,2,4,-250,2.00000000,0,False,0.1627907,W,stage,binned,is_no_resp
712,2,R,A,A,50,56,pos,2,1,-250,3.00000000,0,False,-0.10810811,W,stage,binned,is_no_resp
712,2,R,A,A,50,56,pos,2,2,-250,1.00000000,0,False,0.45454545,W,stage,binned,is_no_resp
712,2,R,A,A,50,56,pos,2,3,-250,1.00000000,0,False,0.25,W,stage,binned,is_no_resp
712,2,R,A,A,50,56,pos,2,4,-250,1.00000000,0,False,-1.0,W,stage,binned,is_no_resp
712,2,R,A,A,50,52,pos,4,1,-109,3.00000000,1,False,-0.12727273,W,stage,binned,is_no_resp
712,2,R,A,A,50,52,pos,4,2,-250,2.00000000,0,False,0.0952381,W,stage,binned,is_no_resp
712,2,R,A,A,50,52,pos,4,3,-250,1.00000000,0,False,-0.38461538,W,stage,binned,is_no_resp
712,2,R,A,A,50,52,pos,4,4,-250,1.00000000,0,False,0.06666667,W,stage,binned,is_no_resp
712,2,R,A,A,50,56,pos,4,1,-250,2.00000000,0,False,-0.16666667,W,stage,binned,is_no_resp
712,2,R,A,A,50,56,pos,4,2,-250,1.00000000,0,False,0.0,W,stage,binned,is_no_resp
712,2,R,A,A,50,56,pos,4,3,-250,1.00000000,0,False,-0.25,W,stage,binned,is_no_resp
712,2,R,A,A,50,56,pos,4,4,-250,0.00000000,0,False,0.0,W,stage,binned,is_no_resp
712,2,R,A,A,52,56,pos,1,1,-133,6.00000000,3,False,0.00253165,W,stage,binned,is_no_resp
712,2,R,A,A,52,56,pos,1,2,-250,2.00000000,0,False,0.31428571,W,stage,binned,is_no_resp
712,2,R,A,A,52,56,pos,1,3,-196,3.00000000,1,False,-0.36,W,stage,binned,is_no_resp
712,2,R,A,A,52,56,pos,1,4,-250,1.00000000,0,False,0.09090909,W,stage,binned,is_no_resp
712,2,R,A,A,52,56,pos,2,1,-145,3.00000000,1,False,0.09090909,W,stage,binned,is_no_resp
712,2,R,A,A,52,56,pos,2,2,-250,1.00000000,0,False,0.42857143,W,stage,binned,is_no_resp
712,2,R,A,A,52,56,pos,2,3,-250,1.00000000,0,False,0.45454545,W,stage,binned,is_no_resp
712,2,R,A,A,52,56,pos,2,4,-250,1.00000000,0,False,0.0,W,stage,binned,is_no_resp
712,2,R,A,A,52,56,pos,3,1,53,3.00000000,1,False,-0.04545455,W,stage,binned,is_no_resp
712,2,R,A,A,52,56,pos,3,2,-250,1.00000000,0,False,1.0,W,stage,binned,is_no_resp
712,2,R,A,A,52,56,pos,3,3,-250,1.00000000,0,False,0.33333333,W,stage,binned,is_no_resp
712,2,R,A,A,52,56,pos,3,4,-250,0.00000000,0,False,1.0,W,stage,binned,is_no_resp
712,2,R,A,A,52,56,pos,4,1,-250,2.00000000,0,False,0.02325581,W,stage,binned,is_no_resp
712,2,R,A,A,52,56,pos,4,2,-250,1.00000000,0,False,0.2,W,stage,binned,is_no_resp
712,2,R,A,A,52,56,pos,4,3,-250,1.00000000,0,False,0.33333333,W,stage,binned,is_no_resp
712,2,R,A,A,52,56,pos,4,4,-250,0.00000000,0,False,1.0,W,stage,binned,is_no_resp
713,1,R,A,A,49,54,pos,1,2,-196,6.00000000,2,False,-0.00621118,W,stage,binned,is_no_resp
713,1,R,A,A,49,54,pos,1,3,-106,4.00000000,2,False,0.05681818,W,stage,binned,is_no_resp
713,1,R,A,A,49,54,pos,1,4,-250,3.00000000,1,False,-0.01234568,W,stage,binned,is_no_resp
713,1,R,A,A,49,54,pos,1,5,-250,2.00000000,0,False,0.04347826,W,stage,binned,is_no_resp
713,1,R,A,A,49,54,pos,1,6,-250,1.00000000,0,False,0.17647059,W,stage,binned,is_no_resp
713,1,R,A,A,49,54,pos,2,2,-238,5.00000000,2,False,0.06624606,W,stage,binned,is_no_resp
713,1,R,A,A,49,54,pos,2,3,-226,4.00000000,1,False,0.06010929,W,stage,binned,is_no_resp
713,1,R,A,A,49,54,pos,2,4,-250,3.00000000,0,False,0.10769231,W,stage,binned,is_no_resp
713,1,R,A,A,49,54,pos,2,5,-250,2.00000000,0,False,-0.30232558,W,stage,binned,is_no_resp
713,1,R,A,A,49,54,pos,2,6,-250,1.00000000,0,False,-0.33333333,W,stage,binned,is_no_resp
713,1,R,A,A,49,54,pos,3,2,-250,5.00000000,2,False,0.02527076,W,stage,binned,is_no_resp
713,1,R,A,A,49,54,pos,3,3,-250,4.00000000,1,False,-0.00591716,W,stage,binned,is_no_resp
713,1,R,A,A,49,54,pos,3,4,173,3.00000000,1,False,0.12820513,W,stage,binned,is_no_resp
713,1,R,A,A,49,54,pos,3,5,-250,2.00000000,0,False,-0.0952381,W,stage,binned,is_no_resp
713,1,R,A,A,49,54,pos,3,6,-250,1.00000000,0,False,0.09090909,W,stage,binned,is_no_resp
713,1,R,A,A,49,54,pos,4,2,-250,2.00000000,0,False,-0.06122449,W,stage,binned,is_no_resp
713,1,R,A,A,49,54,pos,4,3,-250,2.00000000,0,False,-0.13333333,W,stage,binned,is_no_resp
713,1,R,A,A,49,54,pos,4,4,-250,1.00000000,0,False,0.14285714,W,stage,binned,is_no_resp
713,1,R,A,A,49,54,pos,4,5,-250,1.00000000,0,False,0.33333333,W,stage,binned,is_no_resp
713,1,R,A,A,49,54,pos,4,6,-250,0.00000000,0,False,-1.0,W,stage,binned,is_no_resp
713,1,R,A,A,49,54,pos,5,2,-157,7.00000000,4,False,-0.0625,W,stage,binned,is_no_resp
713,1,R,A,A,49,54,pos,5,3,47,5.00000000,2,False,-0.00909091,W,stage,binned,is_no_resp
713,1,R,A,A,49,54,pos,5,4,-142,3.01000000,1,False,-0.00763359,W,stage,binned,is_no_resp
713,1,R,A,A,49,54,pos,5,5,-250,2.00000000,0,False,0.09090909,W,stage,binned,is_no_resp
713,1,R,A,A,49,54,pos,5,6,-250,1.00000000,0,False,0.33333333,W,stage,binned,is_no_resp
713,1,R,A,A,49,54,pos,6,2,-250,1.00000000,0,False,0.13043478,W,stage,binned,is_no_resp
713,1,R,A,A,49,54,pos,6,3,-250,1.00000000,0,False,-0.28,W,stage,binned,is_no_resp
713,1,R,A,A,49,54,pos,6,4,-250,1.00000000,0,False,0.0,W,stage,binned,is_no_resp
713,1,R,A,A,49,54,pos,6,5,-250,1.00000000,0,False,-1.0,W,stage,binned,is_no_resp
713,1,R,A,A,49,54,pos,6,6,-250,0.00000000,0,False,0.0,W,stage,binned,is_no_resp
713,1,R,A,A,49,54,pos,7,2,-250,0.00000000,0,False,1.0,W,stage,binned,is_no_resp
713,1,R,A,A,49,54,pos,7,3,-250,0.00000000,0,False,0.0,W,stage,binned,is_no_resp
713,1,R,A,A,49,54,pos,7,4,-250,0.00000000,0,False,0,W,stage,binned,is_no_resp
713,1,R,A,A,49,54,pos,7,5,-250,0.00000000,0,False,0,W,stage,binned,is_no_resp
713,1,R,A,A,49,54,pos,7,6,-250,0.00000000,0,False,0,W,stage,binned,is_no_resp
706,1,L,A,A,1,2,pos,3,2,-250,1.00000000,0,False,0.28,W,stage,binned,is_no_resp
706,1,L,A,A,1,3,pos,3,1,-229,4.00000000,1,False,-0.04109589,W,stage,binned,is_no_resp
706,1,L,A,A,1,3,pos,3,4,-250,0.00000000,0,False,-1.0,W,stage,binned,is_no_resp
706,1,L,A,A,1,5,pos,3,1,-175,6.00000000,3,False,-0.14035088,W,stage,binned,is_no_resp
706,1,L,A,A,1,5,pos,3,2,242,3.00000000,1,False,-0.08108108,W,stage,binned,is_no_resp
706,1,L,A,A,1,5,pos,3,12,-250,0.00000000,0,False,1.0,W,stage,binned,is_no_resp
706,1,L,A,A,1,6,pos,3,1,68,6.00000000,3,False,0.03888889,W,stage,binned,is_no_resp
706,1,L,A,A,1,6,pos,3,2,-250,1.00000000,0,False,0.0,W,stage,binned,is_no_resp
706,1,L,A,A,1,6,pos,3,3,-250,1.00000000,0,False,-0.33333333,W,stage,binned,is_no_resp
706,1,L,A,A,1,6,pos,3,4,-250,2.00000000,0,False,0.10204082,W,stage,binned,is_no_resp
706,1,L,A,A,1,6,pos,3,5,-250,1.00000000,0,False,0.07692308,W,stage,binned,is_no_resp
706,1,L,A,A,1,8,pos,3,2,-250,1.00000000,0,False,0.0,W,stage,binned,is_no_resp
706,1,L,A,A,1,8,pos,3,3,-250,1.00000000,0,False,0.33333333,W,stage,binned,is_no_resp
706,1,L,A,A,1,2,pos,4,2,-250,0.00000000,0,False,1.0,W,stage,binned,is_no_resp
706,1,L,A,A,1,3,pos,4,1,-250,1.00000000,0,False,0.0,W,stage,binned,is_no_resp
706,1,L,A,A,1,3,pos,4,4,-250,0.00000000,0,False,0,W,stage,binned,is_no_resp
706,1,L,A,A,1,5,pos,4,1,-250,1.00000000,0,False,0.55555556,W,stage,binned,is_no_resp
706,1,L,A,A,1,5,pos,4,2,-250,1.00000000,0,False,0.5,W,stage,binned,is_no_resp
706,1,L,A,A,1,5,pos,4,12,-250,0.00000000,0,False,0,W,stage,binned,is_no_resp
706,1,L,A,A,1,6,pos,4,1,-250,1.00000000,0,False,0.35483871,W,stage,binned,is_no_resp
706,1,L,A,A,1,6,pos,4,2,-250,0.00000000,0,False,0,W,stage,binned,is_no_resp
706,1,L,A,A,1,6,pos,4,3,-250,0.00000000,0,False,0,W,stage,binned,is_no_resp
706,1,L,A,A,1,6,pos,4,4,-250,1.00000000,0,False,1.0,W,stage,binned,is_no_resp
706,1,L,A,A,1,6,pos,4,5,-250,0.00000000,0,False,0,W,stage,binned,is_no_resp
706,1,L,A,A,1,8,pos,4,2,-250,0.00000000,0,False,0,W,stage,binned,is_no_resp
706,1,L,A,A,1,8,pos,4,3,-250,0.00000000,0,False,0,W,stage,binned,is_no_resp
706,1,L,A,A,2,3,pos,2,1,-250,1.00000000,0,False,0.06666667,W,stage,binned,is_no_resp
706,1,L,A,A,2,3,pos,2,4,-250,0.00000000,0,False,0,W,stage,binned,is_no_resp
706,1,L,A,A,2,5,pos,2,1,-250,2.00000000,0,False,-0.02857143,W,stage,binned,is_no_resp
706,1,L,A,A,2,5,pos,2,2,-250,1.00000000,0,False,0.33333333,W,stage,binned,is_no_resp
706,1,L,A,A,2,5,pos,2,12,-250,0.00000000,0,False,0,W,stage,binned,is_no_resp
706,1,L,A,A,2,6,pos,2,1,-250,2.00000000,0,False,-0.11538462,W,stage,binned,is_no_resp
706,1,L,A,A,2,6,pos,2,2,-250,1.00000000,0,False,0.0,W,stage,binned,is_no_resp
706,1,L,A,A,2,6,pos,2,3,-250,0.00000000,0,False,0,W,stage,binned,is_no_resp
706,1,L,A,A,2,6,pos,2,4,-250,1.00000000,0,False,-0.14285714,W,stage,binned,is_no_resp
706,1,L,A,A,2,6,pos,2,5,-250,0.00000000,0,False,0.33333333,W,stage,binned,is_no_resp
706,1,L,A,A,2,8,pos,2,2,-250,1.00000000,0,False,0.2,W,stage,binned,is_no_resp
706,1,L,A,A,2,8,pos,2,3,-250,0.00000000,0,False,0,W,stage,binned,is_no_resp
706,1,L,A,A,3,5,pos,1,1,-250,4.00000000,2,False,-0.10091743,W,stage,binned,is_no_resp
706,1,L,A,A,3,5,pos,1,2,-250,2.00000000,0,False,0.03846154,W,stage,binned,is_no_resp
706,1,L,A,A,3,5,pos,1,12,-250,0.00000000,0,False,0,W,stage,binned,is_no_resp
706,1,L,A,A,3,6,pos,1,1,-232,5.00000000,2,False,-0.03164557,W,stage,binned,is_no_resp
706,1,L,A,A,3,6,pos,1,2,-250,1.00000000,0,False,0.0,W,stage,binned,is_no_resp
706,1,L,A,A,3,6,pos,1,3,-250,1.00000000,0,False,1.0,W,stage,binned,is_no_resp
706,1,L,A,A,3,6,pos,1,4,-250,2.00000000,0,False,0.0625,W,stage,binned,is_no_resp
706,1,L,A,A,3,6,pos,1,5,-250,1.00000000,0,False,-0.14285714,W,stage,binned,is_no_resp
706,1,L,A,A,3,8,pos,1,2,-250,1.00000000,0,False,0.05263158,W,stage,binned,is_no_resp
706,1,L,A,A,3,8,pos,1,3,-250,1.00000000,0,False,0.2,W,stage,binned,is_no_resp
706,1,L,A,A,3,5,pos,4,1,-250,0.00000000,0,False,1.0,W,stage,binned,is_no_resp
706,1,L,A,A,3,5,pos,4,2,-250,0.00000000,0,False,0,W,stage,binned,is_no_resp
706,1,L,A,A,3,5,pos,4,12,-250,0.00000000,0,False,0,W,stage,binned,is_no_resp
706,1,L,A,A,3,6,pos,4,1,-250,1.00000000,0,False,-0.5,W,stage,binned,is_no_resp
706,1,L,A,A,3,6,pos,4,2,-250,0.00000000,0,False,0,W,stage,binned,is_no_resp
706,1,L,A,A,3,6,pos,4,3,-250,0.00000000,0,False,0,W,stage,binned,is_no_resp
706,1,L,A,A,3,6,pos,4,4,-250,0.00000000,0,False,-1.0,W,stage,binned,is_no_resp
706,1,L,A,A,3,6,pos,4,5,-250,0.00000000,0,False,0,W,stage,binned,is_no_resp
706,1,L,A,A,3,8,pos,4,2,-250,0.00000000,0,False,0,W,stage,binned,is_no_resp
706,1,L,A,A,3,8,pos,4,3,-250,0.00000000,0,False,0,W,stage,binned,is_no_resp
706,1,L,A,A,5,6,pos,1,1,-124,10.00000000,6,False,0.00401606,W,stage,binned,is_no_resp
706,1,L,A,A,5,6,pos,1,2,-250,1.00000000,0,False,-0.23076923,W,stage,binned,is_no_resp
706,1,L,A,A,5,6,pos,1,3,-250,1.00000000,0,False,0.4,W,stage,binned,is_no_resp
706,1,L,A,A,5,6,pos,1,4,23,3.00000000,1,False,0.21348315,W,stage,binned,is_no_resp
706,1,L,A,A,5,6,pos,1,5,-250,1.00000000,0,False,0.25,W,stage,binned,is_no_resp
706,1,L,A,A,5,8,pos,1,2,-250,2.00000000,0,False,0.26829268,W,stage,binned,is_no_resp
706,1,L,A,A,5,8,pos,1,3,-250,1.00000000,0,False,0.33333333,W,stage,binned,is_no_resp
706,1,L,A,A,5,6,pos,2,1,-139,3.00000000,1,False,0.07352941,W,stage,binned,is_no_resp
706,1,L,A,A,5,6,pos,2,2,-250,0.00000000,0,False,1.0,W,stage,binned,is_no_resp
706,1,L,A,A,5,6,pos,2,3,-250,1.00000000,0,False,1.0,W,stage,binned,is_no_resp
706,1,L,A,A,5,6,pos,2,4,-250,1.00000000,0,False,-0.33333333,W,stage,binned,is_no_resp
706,1,L,A,A,5,6,pos,2,5,-250,1.00000000,0,False,-0.33333333,W,stage,binned,is_no_resp
706,1,L,A,A,5,8,pos,2,2,-250,1.00000000,0,False,-0.11111111,W,stage,binned,is_no_resp
706,1,L,A,A,5,8,pos,2,3,-250,0.00000000,0,False,1.0,W,stage,binned,is_no_resp
706,1,L,A,A,5,6,pos,12,1,-250,0.00000000,0,False,0,W,stage,binned,is_no_resp
706,1,L,A,A,5,6,pos,12,2,-250,0.00000000,0,False,0,W,stage,binned,is_no_resp
706,1,L,A,A,5,6,pos,12,3,-250,0.00000000,0,False,0,W,stage,binned,is_no_resp
706,1,L,A,A,5,6,pos,12,4,-250,0.00000000,0,False,0,W,stage,binned,is_no_resp
706,1,L,A,A,5,6,pos,12,5,-250,0.00000000,0,False,0,W,stage,binned,is_no_resp
706,1,L,A,A,5,8,pos,12,2,-250,0.00000000,0,False,0,W,stage,binned,is_no_resp
706,1,L,A,A,5,8,pos,12,3,-250,0.00000000,0,False,0,W,stage,binned,is_no_resp
706,1,L,A,A,6,8,pos,1,2,-250,2.00000000,0,False,0.06666667,W,stage,binned,is_no_resp
706,1,L,A,A,6,8,pos,1,3,-250,1.00000000,0,False,-0.05882353,W,stage,binned,is_no_resp
706,1,L,A,A,6,8,pos,2,2,-250,0.00000000,0,False,0,W,stage,binned,is_no_resp
706,1,L,A,A,6,8,pos,2,3,-250,0.00000000,0,False,0,W,stage,binned,is_no_resp
706,1,L,A,A,6,8,pos,3,2,-250,0.00000000,0,False,0,W,stage,binned,is_no_resp
706,1,L,A,A,6,8,pos,3,3,-250,0.00000000,0,False,0,W,stage,binned,is_no_resp
706,1,L,A,A,6,8,pos,4,2,-250,1.00000000,0,False,0.48148148,W,stage,binned,is_no_resp
706,1,L,A,A,6,8,pos,4,3,-250,1.00000000,0,False,0.0,W,stage,binned,is_no_resp
706,1,L,A,A,6,8,pos,5,2,-250,0.00000000,0,False,-1.0,W,stage,binned,is_no_resp
706,1,L,A,A,6,8,pos,5,3,-250,0.00000000,0,False,0,W,stage,binned,is_no_resp
706,1,R,A,A,34,38,pos,2,2,-250,4.00000000,1,False,0.03743316,W,stage,binned,is_no_resp
706,1,R,A,A,34,38,pos,2,3,-202,5.00000000,2,False,0.06224066,W,stage,binned,is_no_resp
706,1,R,A,A,34,38,pos,2,5,-250,1.00000000,0,False,0.0,W,stage,binned,is_no_resp
706,1,R,A,A,34,38,pos,2,6,-250,1.00000000,0,False,-0.2,W,stage,binned,is_no_resp
706,1,R,A,A,34,38,pos,2,7,-250,1.00000000,0,False,-0.07692308,W,stage,binned,is_no_resp
706,1,R,A,A,34,39,pos,2,1,-250,2.00000000,0,False,-0.20930233,W,stage,binned,is_no_resp
706,1,R,A,A,34,39,pos,2,3,-250,2.00000000,0,False,-0.24324324,W,stage,binned,is_no_resp
706,1,R,A,A,34,39,pos,2,4,-250,2.00000000,0,False,-0.16666667,W,stage,binned,is_no_resp
706,1,R,A,A,34,39,pos,2,5,-250,1.00000000,0,False,-0.14285714,W,stage,binned,is_no_resp
706,1,R,A,A,34,40,pos,2,1,-145,7.00000000,4,False,-0.05719921,W,stage,binned,is_no_resp
706,1,R,A,A,34,40,pos,2,2,-211,3.00000000,1,False,0.11864407,W,stage,binned,is_no_resp
706,1,R,A,A,34,40,pos,2,3,41,3.00000000,1,False,0.06666667,W,stage,binned,is_no_resp
706,1,R,A,A,34,40,pos,2,4,-250,2.00000000,0,False,-0.0625,W,stage,binned,is_no_resp
706,1,R,A,A,34,40,pos,2,5,-250,2.00000000,0,False,-0.1627907,W,stage,binned,is_no_resp
706,1,R,A,A,34,38,pos,3,2,-22,15.00000000,9,False,0.03139717,W,stage,binned,is_no_resp
706,1,R,A,A,34,38,pos,3,3,5,16.00000000,12,False,0.0807537,W,stage,binned,is_no_resp
706,1,R,A,A,34,38,pos,3,5,98,3.00000000,1,False,0.25842697,W,stage,binned,is_no_resp
706,1,R,A,A,34,38,pos,3,6,-250,2.00000000,0,False,-0.01886792,W,stage,binned,is_no_resp
706,1,R,A,A,34,38,pos,3,7,-154,3.00000000,1,False,0.17857143,W,stage,binned,is_no_resp
706,1,R,A,A,34,39,pos,3,1,23,6.00000000,3,False,0.11797753,W,stage,binned,is_no_resp
706,1,R,A,A,34,39,pos,3,3,-25,4.00000000,2,False,0.11320755,W,stage,binned,is_no_resp
706,1,R,A,A,34,39,pos,3,4,-250,4.00000000,1,False,0.09734513,W,stage,binned,is_no_resp
706,1,R,A,A,34,39,pos,3,5,164,3.00000000,2,False,0.22727273,W,stage,binned,is_no_resp
706,1,R,A,A,34,40,pos,3,1,50,32.00000000,24,False,0.00828729,W,stage,binned,is_no_resp
706,1,R,A,A,34,40,pos,3,2,-70,10.00000000,5,False,0.04521277,W,stage,binned,is_no_resp
706,1,R,A,A,34,40,pos,3,3,-211,8.00000000,4,False,-0.02980132,W,stage,binned,is_no_resp
706,1,R,A,A,34,40,pos,3,4,-232,7.00000000,3,False,0.01463415,W,stage,binned,is_no_resp
706,1,R,A,A,34,40,pos,3,5,5,5.00000000,2,False,0.14155251,W,stage,binned,is_no_resp
706,1,R,A,A,34,38,pos,4,2,-157,5.00000000,2,False,0.03654485,W,stage,binned,is_no_resp
706,1,R,A,A,34,38,pos,4,3,5,6.00000000,3,False,0.02564103,W,stage,binned,is_no_resp
706,1,R,A,A,34,38,pos,4,5,-250,1.00000000,0,False,0.04761905,W,stage,binned,is_no_resp
706,1,R,A,A,34,38,pos,4,6,-250,1.00000000,0,False,-0.4,W,stage,binned,is_no_resp
706,1,R,A,A,34,38,pos,4,7,-250,1.00000000,0,False,0.05882353,W,stage,binned,is_no_resp
706,1,R,A,A,34,39,pos,4,1,-250,2.00000000,0,False,0.22222222,W,stage,binned,is_no_resp
706,1,R,A,A,34,39,pos,4,3,-16,2.00000000,1,False,-0.15789474,W,stage,binned,is_no_resp
706,1,R,A,A,34,39,pos,4,4,-250,2.00000000,0,False,0.29411765,W,stage,binned,is_no_resp
706,1,R,A,A,34,39,pos,4,5,-250,2.00000000,0,False,-0.11764706,W,stage,binned,is_no_resp
706,1,R,A,A,34,40,pos,4,1,-160,9.00000000,5,False,-0.03979461,W,stage,binned,is_no_resp
706,1,R,A,A,34,40,pos,4,2,-250,4.00000000,1,False,-0.02150538,W,stage,binned,is_no_resp
706,1,R,A,A,34,40,pos,4,3,-202,3.00000000,1,False,-0.13559322,W,stage,binned,is_no_resp
706,1,R,A,A,34,40,pos,4,4,-211,3.00000000,1,False,-0.33333333,W,stage,binned,is_no_resp
706,1,R,A,A,34,40,pos,4,5,-250,2.00000000,0,False,0.01886792,W,stage,binned,is_no_resp
706,1,R,A,A,38,39,pos,2,1,-232,3.00000000,1,False,0.05970149,W,stage,binned,is_no_resp
706,1,R,A,A,38,39,pos,2,3,-250,2.00000000,0,False,-0.01408451,W,stage,binned,is_no_resp
706,1,R,A,A,38,39,pos,2,4,-250,2.00000000,0,False,0.01639344,W,stage,binned,is_no_resp
706,1,R,A,A,38,39,pos,2,5,-250,2.00000000,0,False,-0.31428571,W,stage,binned,is_no_resp
706,1,R,A,A,38,40,pos,2,1,-40,14.00000000,9,False,0.04285714,W,stage,binned,is_no_resp
706,1,R,A,A,38,40,pos,2,2,-208,5.00000000,2,False,0.13442623,W,stage,binned,is_no_resp
706,1,R,A,A,38,40,pos,2,3,-238,4.00000000,1,False,0.125,W,stage,binned,is_no_resp
706,1,R,A,A,38,40,pos,2,4,-250,4.00000000,1,False,-0.0625,W,stage,binned,is_no_resp
706,1,R,A,A,38,40,pos,2,5,-250,3.00000000,0,False,0.02439024,W,stage,binned,is_no_resp
706,1,R,A,A,38,39,pos,3,1,-250,4.00000000,1,False,0.07368421,W,stage,binned,is_no_resp
706,1,R,A,A,38,39,pos,3,3,-22,3.00000000,1,False,0.0,W,stage,binned,is_no_resp
706,1,R,A,A,38,39,pos,3,4,200,3.00000000,1,False,0.21126761,W,stage,binned,is_no_resp
706,1,R,A,A,38,39,pos,3,5,-250,2.00000000,0,False,-0.16666667,W,stage,binned,is_no_resp
706,1,R,A,A,38,40,pos,3,1,65,15.00000000,10,False,0.04011461,W,stage,binned,is_no_resp
706,1,R,A,A,38,40,pos,3,2,-205,6.00000000,3,False,0.10714286,W,stage,binned,is_no_resp
706,1,R,A,A,38,40,pos,3,3,-172,4.00000000,2,False,0.08520179,W,stage,binned,is_no_resp
706,1,R,A,A,38,40,pos,3,4,-148,4.00000000,1,False,0.15662651,W,stage,binned,is_no_resp
706,1,R,A,A,38,40,pos,3,5,-55,3.00000000,1,False,-0.04347826,W,stage,binned,is_no_resp
706,1,R,A,A,38,39,pos,5,1,-250,1.00000000,0,False,0.0,W,stage,binned,is_no_resp
706,1,R,A,A,38,39,pos,5,3,-250,1.00000000,0,False,0.66666667,W,stage,binned,is_no_resp
706,1,R,A,A,38,39,pos,5,4,-250,1.00000000,0,False,0.0,W,stage,binned,is_no_resp
706,1,R,A,A,38,39,pos,5,5,-250,1.00000000,0,False,0.14285714,W,stage,binned,is_no_resp
706,1,R,A,A,38,40,pos,5,1,-250,3.00000000,0,False,-0.09090909,W,stage,binned,is_no_resp
706,1,R,A,A,38,40,pos,5,2,-250,1.00000000,0,False,0.07692308,W,stage,binned,is_no_resp
706,1,R,A,A,38,40,pos,5,3,-250,1.00000000,0,False,0.46153846,W,stage,binned,is_no_resp
706,1,R,A,A,38,40,pos,5,4,-250,1.00000000,0,False,0.28571429,W,stage,binned,is_no_resp
706,1,R,A,A,38,40,pos,5,5,-250,1.00000000,0,False,0.2,W,stage,binned,is_no_resp
706,1,R,A,A,38,39,pos,6,1,-250,1.00000000,0,False,-0.6,W,stage,binned,is_no_resp
706,1,R,A,A,38,39,pos,6,3,-250,0.00000000,0,False,0.33333333,W,stage,binned,is_no_resp
706,1,R,A,A,38,39,pos,6,4,-250,0.00000000,0,False,1.0,W,stage,binned,is_no_resp
706,1,R,A,A,38,39,pos,6,5,-250,1.00000000,0,False,-0.5,W,stage,binned,is_no_resp
706,1,R,A,A,38,40,pos,6,1,-250,2.00000000,0,False,-0.04545455,W,stage,binned,is_no_resp
706,1,R,A,A,38,40,pos,6,2,-250,1.00000000,0,False,0.42857143,W,stage,binned,is_no_resp
706,1,R,A,A,38,40,pos,6,3,-250,1.00000000,0,False,-0.2,W,stage,binned,is_no_resp
706,1,R,A,A,38,40,pos,6,4,-250,1.00000000,0,False,-0.25,W,stage,binned,is_no_resp
706,1,R,A,A,38,40,pos,6,5,-250,1.00000000,0,False,0.0,W,stage,binned,is_no_resp
706,1,R,A,A,38,39,pos,7,1,-250,1.00000000,0,False,0.55555556,W,stage,binned,is_no_resp
706,1,R,A,A,38,39,pos,7,3,-250,1.00000000,0,False,0.5,W,stage,binned,is_no_resp
706,1,R,A,A,38,39,pos,7,4,-250,1.00000000,0,False,-1.0,W,stage,binned,is_no_resp
706,1,R,A,A,38,39,pos,7,5,-250,1.00000000,0,False,-0.33333333,W,stage,binned,is_no_resp
706,1,R,A,A,38,40,pos,7,1,-250,2.00000000,0,False,-0.11111111,W,stage,binned,is_no_resp
706,1,R,A,A,38,40,pos,7,2,-250,1.00000000,0,False,0.27272727,W,stage,binned,is_no_resp
706,1,R,A,A,38,40,pos,7,3,-250,1.00000000,0,False,-0.05882353,W,stage,binned,is_no_resp
706,1,R,A,A,38,40,pos,7,4,-250,1.00000000,0,False,-0.42857143,W,stage,binned,is_no_resp
706,1,R,A,A,38,40,pos,7,5,-250,1.00000000,0,False,0.0,W,stage,binned,is_no_resp
706,1,R,A,A,39,40,pos,1,1,-250,6.00000000,3,False,-0.02824859,W,stage,binned,is_no_resp
706,1,R,A,A,39,40,pos,1,2,-142,3.00000000,1,False,-0.06,W,stage,binned,is_no_resp
706,1,R,A,A,39,40,pos,1,3,-250,2.00000000,1,False,-0.11538462,W,stage,binned,is_no_resp
706,1,R,A,A,39,40,pos,1,4,-250,2.00000000,0,False,-0.16981132,W,stage,binned,is_no_resp
706,1,R,A,A,39,40,pos,1,5,-250,1.00000000,0,False,0.04761905,W,stage,binned,is_no_resp
706,1,R,A,A,39,40,pos,3,1,-112,3.00000000,1,False,0.15107914,W,stage,binned,is_no_resp
706,1,R,A,A,39,40,pos,3,2,-250,2.00000000,0,False,0.38888889,W,stage,binned,is_no_resp
706,1,R,A,A,39,40,pos,3,3,-250,2.00000000,0,False,0.15151515,W,stage,binned,is_no_resp
706,1,R,A,A,39,40,pos,3,4,-250,1.00000000,0,False,0.26315789,W,stage,binned,is_no_resp
706,1,R,A,A,39,40,pos,3,5,-250,1.00000000,0,False,0.2,W,stage,binned,is_no_resp
706,1,R,A,A,39,40,pos,4,1,-250,5.00000000,2,False,-0.1245283,W,stage,binned,is_no_resp
706,1,R,A,A,39,40,pos,4,2,-250,2.00000000,0,False,-0.25,W,stage,binned,is_no_resp
706,1,R,A,A,39,40,pos,4,3,-250,2.00000000,0,False,0.36842105,W,stage,binned,is_no_resp
706,1,R,A,A,39,40,pos,4,4,-250,2.00000000,0,False,0.37931034,W,stage,binned,is_no_resp
706,1,R,A,A,39,40,pos,4,5,-250,2.00000000,0,False,-0.84615385,W,stage,binned,is_no_resp
706,1,R,A,A,39,40,pos,5,1,-250,2.00000000,0,False,0.0,W,stage,binned,is_no_resp
706,1,R,A,A,39,40,pos,5,2,-250,1.00000000,0,False,0.30434783,W,stage,binned,is_no_resp
706,1,R,A,A,39,40,pos,5,3,-250,1.00000000,0,False,0.11111111,W,stage,binned,is_no_resp
706,1,R,A,A,39,40,pos,5,4,-250,1.00000000,0,False,-0.55555556,W,stage,binned,is_no_resp
706,1,R,A,A,39,40,pos,5,5,-250,1.00000000,0,False,-0.42857143,W,stage,binned,is_no_resp
710,1,L,A,A,1,3,pos,1,1,-250,10.00000000,7,False,-0.01836735,W,stage,binned,is_no_resp
710,1,L,A,A,1,3,pos,1,2,-250,6.00000000,2,False,-0.00283286,W,stage,binned,is_no_resp
710,1,L,A,A,1,3,pos,1,3,-250,2.00000000,0,False,0.02040816,W,stage,binned,is_no_resp
710,1,L,A,A,1,8,pos,1,1,-88,5.00000000,2,False,-0.01115242,W,stage,binned,is_no_resp
710,1,L,A,A,1,8,pos,1,3,-1,7.00000000,4,False,0.1040724,W,stage,binned,is_no_resp
710,1,L,A,A,1,8,pos,1,4,-250,1.00000000,0,False,0.0,W,stage,binned,is_no_resp
710,1,L,A,A,1,3,pos,2,1,-25,12.00000000,9,False,0.04007456,W,stage,binned,is_no_resp
710,1,L,A,A,1,3,pos,2,2,-61,6.00000000,3,False,-0.00574713,W,stage,binned,is_no_resp
710,1,L,A,A,1,3,pos,2,3,-250,2.00000000,0,False,0.17391304,W,stage,binned,is_no_resp
710,1,L,A,A,1,8,pos,2,1,-250,5.00000000,2,False,0.11564626,W,stage,binned,is_no_resp
710,1,L,A,A,1,8,pos,2,3,-67,6.00000000,3,False,0.06532663,W,stage,binned,is_no_resp
710,1,L,A,A,1,8,pos,2,4,-250,1.00000000,0,False,0.33333333,W,stage,binned,is_no_resp
710,1,L,A,A,1,3,pos,3,1,-250,7.00000000,4,False,0.02846975,W,stage,binned,is_no_resp
710,1,L,A,A,1,3,pos,3,2,-181,4.00000000,1,False,0.18811881,W,stage,binned,is_no_resp
710,1,L,A,A,1,3,pos,3,3,-250,2.00000000,0,False,0.0,W,stage,binned,is_no_resp
710,1,L,A,A,1,8,pos,3,1,-160,3.00000000,1,False,0.05426357,W,stage,binned,is_no_resp
710,1,L,A,A,1,8,pos,3,3,-10,4.00000000,2,False,0.04301075,W,stage,binned,is_no_resp
710,1,L,A,A,1,8,pos,3,4,-250,0.00000000,0,False,0,W,stage,binned,is_no_resp
710,1,L,A,A,1,3,pos,4,1,41,3.00000000,1,False,0.04651163,W,stage,binned,is_no_resp
710,1,L,A,A,1,3,pos,4,2,-250,1.00000000,0,False,0.21428571,W,stage,binned,is_no_resp
710,1,L,A,A,1,3,pos,4,3,-250,0.00000000,0,False,1.0,W,stage,binned,is_no_resp
710,1,L,A,A,1,8,pos,4,1,-250,1.00000000,0,False,-0.23809524,W,stage,binned,is_no_resp
710,1,L,A,A,1,8,pos,4,3,-250,1.00000000,0,False,0.03030303,W,stage,binned,is_no_resp
710,1,L,A,A,1,8,pos,4,4,-250,0.00000000,0,False,0,W,stage,binned,is_no_resp
710,1,L,A,A,1,3,pos,5,1,-82,4.00000000,2,False,0.0,W,stage,binned,is_no_resp
710,1,L,A,A,1,3,pos,5,2,131,3.00000000,1,False,0.02325581,W,stage,binned,is_no_resp
710,1,L,A,A,1,3,pos,5,3,-250,1.00000000,0,False,0.16666667,W,stage,binned,is_no_resp
710,1,L,A,A,1,8,pos,5,1,-250,2.00000000,0,False,0.03846154,W,stage,binned,is_no_resp
710,1,L,A,A,1,8,pos,5,3,-13,3.00000000,1,False,-0.12244898,W,stage,binned,is_no_resp
710,1,L,A,A,1,8,pos,5,4,-250,0.00000000,0,False,1.0,W,stage,binned,is_no_resp
710,1,L,A,A,1,3,pos,6,1,-250,2.00000000,0,False,0.06976744,W,stage,binned,is_no_resp
710,1,L,A,A,1,3,pos,6,2,-250,1.00000000,0,False,0.68421053,W,stage,binned,is_no_resp
710,1,L,A,A,1,3,pos,6,3,-250,1.00000000,0,False,-0.66666667,W,stage,binned,is_no_resp
710,1,L,A,A,1,8,pos,6,1,-250,1.00000000,0,False,-0.14285714,W,stage,binned,is_no_resp
710,1,L,A,A,1,8,pos,6,3,-250,1.00000000,0,False,-0.27272727,W,stage,binned,is_no_resp
710,1,L,A,A,1,8,pos,6,4,-250,0.00000000,0,False,0,W,stage,binned,is_no_resp
710,1,L,A,A,3,8,pos,1,1,-4,17.00000000,12,False,-0.02860776,W,stage,binned,is_no_resp
710,1,L,A,A,3,8,pos,1,3,-16,20.00000000,19,False,0.00406091,W,stage,binned,is_no_resp
710,1,L,A,A,3,8,pos,1,4,-250,1.00000000,0,False,0.08333333,W,stage,binned,is_no_resp
710,1,L,A,A,3,8,pos,2,1,-10,8.00000000,5,False,0.06666667,W,stage,binned,is_no_resp
710,1,L,A,A,3,8,pos,2,3,-22,10.00000000,7,False,0.00263158,W,stage,binned,is_no_resp
710,1,L,A,A,3,8,pos,2,4,-250,1.00000000,0,False,-0.2,W,stage,binned,is_no_resp
710,1,L,A,A,3,8,pos,3,1,-1,3.00000000,1,False,-0.17333333,W,stage,binned,is_no_resp
710,1,L,A,A,3,8,pos,3,3,-1,3.00000000,2,False,0.11450382,W,stage,binned,is_no_resp
710,1,L,A,A,3,8,pos,3,4,-250,0.00000000,0,False,1.0,W,stage,binned,is_no_resp
710,1,R,A,A,41,42,pos,1,2,-250,4.00000000,1,False,0.0,W,stage,binned,is_no_resp
710,1,R,A,A,41,42,pos,1,3,53,14.00000000,9,False,0.12295082,W,stage,binned,is_no_resp
710,1,R,A,A,41,42,pos,1,4,-250,3.00000000,1,False,-0.10526316,W,stage,binned,is_no_resp
710,1,R,A,A,41,43,pos,1,1,-7,7.00000000,3,False,0.05076142,W,stage,binned,is_no_resp
710,1,R,A,A,41,43,pos,1,2,-232,7.00000000,3,False,0.16411379,W,stage,binned,is_no_resp
710,1,R,A,A,41,43,pos,1,3,-127,3.00000000,1,False,0.06,W,stage,binned,is_no_resp
710,1,R,A,A,41,43,pos,1,4,143,3.00000000,1,False,0.03896104,W,stage,binned,is_no_resp
710,1,R,A,A,41,43,pos,1,5,-250,0.00000000,0,False,1.0,W,stage,binned,is_no_resp
710,1,R,A,A,41,44,pos,1,1,-43,14.01000000,9,False,0.03875969,W,stage,binned,is_no_resp
710,1,R,A,A,41,44,pos,1,2,-25,9.00000000,5,False,0.07922272,W,stage,binned,is_no_resp
710,1,R,A,A,41,44,pos,1,3,-250,4.01000000,1,False,0.0990099,W,stage,binned,is_no_resp
710,1,R,A,A,41,44,pos,1,4,83,3.00000000,1,False,0.12087912,W,stage,binned,is_no_resp
710,1,R,A,A,41,46,pos,1,2,-61,5.00000000,2,False,0.06896552,W,stage,binned,is_no_resp
710,1,R,A,A,41,46,pos,1,4,-250,2.00000000,0,False,0.04477612,W,stage,binned,is_no_resp
710,1,R,A,A,41,46,pos,1,5,-250,2.00000000,0,False,0.17391304,W,stage,binned,is_no_resp
710,1,R,A,A,41,42,pos,2,2,-235,4.00000000,1,False,-0.03030303,W,stage,binned,is_no_resp
710,1,R,A,A,41,42,pos,2,3,-250,12.00000000,9,False,0.02532751,W,stage,binned,is_no_resp
710,1,R,A,A,41,42,pos,2,4,-196,3.00000000,1,False,0.02325581,W,stage,binned,is_no_resp
710,1,R,A,A,41,43,pos,2,1,-88,6.00000000,3,False,0.01123596,W,stage,binned,is_no_resp
710,1,R,A,A,41,43,pos,2,2,101,7.00000000,4,False,0.03340757,W,stage,binned,is_no_resp
710,1,R,A,A,41,43,pos,2,3,29,3.00000000,1,False,0.14285714,W,stage,binned,is_no_resp
710,1,R,A,A,41,43,pos,2,4,-250,2.00000000,0,False,0.0,W,stage,binned,is_no_resp
710,1,R,A,A,41,43,pos,2,5,-250,1.00000000,0,False,-0.14285714,W,stage,binned,is_no_resp
710,1,R,A,A,41,44,pos,2,1,107,14.00000000,10,False,0.10903427,W,stage,binned,is_no_resp
710,1,R,A,A,41,44,pos,2,2,11,9.00000000,5,False,0.10946746,W,stage,binned,is_no_resp
710,1,R,A,A,41,44,pos,2,3,56,5.00000000,2,False,0.17054264,W,stage,binned,is_no_resp
710,1,R,A,A,41,44,pos,2,4,-148,3.00000000,1,False,0.07826087,W,stage,binned,is_no_resp
710,1,R,A,A,41,46,pos,2,2,182,5.00000000,3,False,0.25396825,W,stage,binned,is_no_resp
710,1,R,A,A,41,46,pos,2,4,-250,2.00000000,0,False,0.0,W,stage,binned,is_no_resp
710,1,R,A,A,41,46,pos,2,5,-250,2.00000000,0,False,-0.14893617,W,stage,binned,is_no_resp
710,1,R,A,A,41,42,pos,3,2,-250,2.00000000,0,False,-0.25925926,W,stage,binned,is_no_resp
710,1,R,A,A,41,42,pos,3,3,-10,5.00000000,2,False,-0.0472103,W,stage,binned,is_no_resp
710,1,R,A,A,41,42,pos,3,4,-250,1.00000000,0,False,-0.07142857,W,stage,binned,is_no_resp
710,1,R,A,A,41,43,pos,3,1,-250,2.00000000,0,False,-0.14285714,W,stage,binned,is_no_resp
710,1,R,A,A,41,43,pos,3,2,-73,3.00000000,1,False,-0.24675325,W,stage,binned,is_no_resp
710,1,R,A,A,41,43,pos,3,3,-250,1.00000000,0,False,0.29411765,W,stage,binned,is_no_resp
710,1,R,A,A,41,43,pos,3,4,-250,1.00000000,0,False,-0.38461538,W,stage,binned,is_no_resp
710,1,R,A,A,41,43,pos,3,5,-250,0.00000000,0,False,-1.0,W,stage,binned,is_no_resp
710,1,R,A,A,41,44,pos,3,1,107,5.00000000,3,False,0.02380952,W,stage,binned,is_no_resp
710,1,R,A,A,41,44,pos,3,2,-214,3.00000000,1,False,-0.09615385,W,stage,binned,is_no_resp
710,1,R,A,A,41,44,pos,3,3,-250,2.00000000,0,False,-0.1,W,stage,binned,is_no_resp
710,1,R,A,A,41,44,pos,3,4,-250,1.00000000,0,False,0.05263158,W,stage,binned,is_no_resp
710,1,R,A,A,41,46,pos,3,2,-250,2.00000000,0,False,0.0,W,stage,binned,is_no_resp
710,1,R,A,A,41,46,pos,3,4,-250,1.00000000,0,False,0.33333333,W,stage,binned,is_no_resp
710,1,R,A,A,41,46,pos,3,5,-250,1.00000000,0,False,0.33333333,W,stage,binned,is_no_resp
710,1,R,A,A,41,42,pos,4,2,-250,1.00000000,0,False,-0.14285714,W,stage,binned,is_no_resp
710,1,R,A,A,41,42,pos,4,3,-250,2.00000000,0,False,0.11627907,W,stage,binned,is_no_resp
710,1,R,A,A,41,42,pos,4,4,-250,0.00000000,0,False,0.5,W,stage,binned,is_no_resp
710,1,R,A,A,41,43,pos,4,1,-250,1.00000000,0,False,0.5,W,stage,binned,is_no_resp
710,1,R,A,A,41,43,pos,4,2,-250,1.00000000,0,False,-0.05882353,W,stage,binned,is_no_resp
710,1,R,A,A,41,43,pos,4,3,-250,1.00000000,0,False,-0.33333333,W,stage,binned,is_no_resp
710,1,R,A,A,41,43,pos,4,4,-250,1.00000000,0,False,-1.0,W,stage,binned,is_no_resp
710,1,R,A,A,41,43,pos,4,5,-250,0.00000000,0,False,0,W,stage,binned,is_no_resp
710,1,R,A,A,41,44,pos,4,1,-250,2.00000000,0,False,0.0,W,stage,binned,is_no_resp
710,1,R,A,A,41,44,pos,4,2,-250,2.00000000,0,False,-0.09090909,W,stage,binned,is_no_resp
710,1,R,A,A,41,44,pos,4,3,-250,1.00000000,0,False,-0.5,W,stage,binned,is_no_resp
710,1,R,A,A,41,44,pos,4,4,-250,0.00000000,0,False,1.0,W,stage,binned,is_no_resp
710,1,R,A,A,41,46,pos,4,2,-250,1.00000000,0,False,0.11111111,W,stage,binned,is_no_resp
710,1,R,A,A,41,46,pos,4,4,-250,1.00000000,0,False,0.25,W,stage,binned,is_no_resp
710,1,R,A,A,41,46,pos,4,5,-250,1.00000000,0,False,-0.2,W,stage,binned,is_no_resp
710,1,R,A,A,41,42,pos,5,2,-250,1.00000000,0,False,-0.5,W,stage,binned,is_no_resp
710,1,R,A,A,41,42,pos,5,3,-250,2.00000000,0,False,0.11111111,W,stage,binned,is_no_resp
710,1,R,A,A,41,42,pos,5,4,-250,1.00000000,0,False,0.0,W,stage,binned,is_no_resp
710,1,R,A,A,41,43,pos,5,1,-250,1.00000000,0,False,0.06666667,W,stage,binned,is_no_resp
710,1,R,A,A,41,43,pos,5,2,-250,1.00000000,0,False,0.0,W,stage,binned,is_no_resp
710,1,R,A,A,41,43,pos,5,3,-250,1.00000000,0,False,-0.5,W,stage,binned,is_no_resp
710,1,R,A,A,41,43,pos,5,4,-250,1.00000000,0,False,1.0,W,stage,binned,is_no_resp
710,1,R,A,A,41,43,pos,5,5,-250,0.00000000,0,False,0,W,stage,binned,is_no_resp
710,1,R,A,A,41,44,pos,5,1,-250,2.00000000,0,False,-0.18367347,W,stage,binned,is_no_resp
710,1,R,A,A,41,44,pos,5,2,-250,1.00000000,0,False,-0.33333333,W,stage,binned,is_no_resp
710,1,R,A,A,41,44,pos,5,3,-250,1.00000000,0,False,-0.5,W,stage,binned,is_no_resp
710,1,R,A,A,41,44,pos,5,4,-250,0.00000000,0,False,0,W,stage,binned,is_no_resp
710,1,R,A,A,41,46,pos,5,2,-250,1.00000000,0,False,-0.16666667,W,stage,binned,is_no_resp
710,1,R,A,A,41,46,pos,5,4,-250,0.00000000,0,False,1.0,W,stage,binned,is_no_resp
710,1,R,A,A,41,46,pos,5,5,-250,0.00000000,0,False,1.0,W,stage,binned,is_no_resp
710,1,R,A,A,42,43,pos,2,1,-250,3.00000000,0,False,-0.10810811,W,stage,binned,is_no_resp
710,1,R,A,A,42,43,pos,2,2,242,3.00000000,1,False,0.05263158,W,stage,binned,is_no_resp
710,1,R,A,A,42,43,pos,2,3,-250,1.00000000,0,False,0.09090909,W,stage,binned,is_no_resp
710,1,R,A,A,42,43,pos,2,4,-250,1.00000000,0,False,0.0,W,stage,binned,is_no_resp
710,1,R,A,A,42,43,pos,2,5,-250,0.00000000,0,False,1.0,W,stage,binned,is_no_resp
710,1,R,A,A,42,44,pos,2,1,-178,5.00000000,2,False,-0.02238806,W,stage,binned,is_no_resp
710,1,R,A,A,42,44,pos,2,2,-229,3.00000000,1,False,-0.12195122,W,stage,binned,is_no_resp
710,1,R,A,A,42,44,pos,2,3,-250,2.00000000,0,False,0.13793103,W,stage,binned,is_no_resp
710,1,R,A,A,42,44,pos,2,4,-250,1.00000000,0,False,0.6,W,stage,binned,is_no_resp
710,1,R,A,A,42,46,pos,2,2,-250,2.00000000,0,False,-0.08333333,W,stage,binned,is_no_resp
710,1,R,A,A,42,46,pos,2,4,-250,1.00000000,0,False,0.16666667,W,stage,binned,is_no_resp
710,1,R,A,A,42,46,pos,2,5,-250,1.00000000,0,False,-0.2,W,stage,binned,is_no_resp
710,1,R,A,A,42,43,pos,3,1,-49,8.00000000,4,False,0.01858736,W,stage,binned,is_no_resp
710,1,R,A,A,42,43,pos,3,2,17,8.00000000,5,False,0.09060403,W,stage,binned,is_no_resp
710,1,R,A,A,42,43,pos,3,3,-223,3.01000000,1,False,-0.10294118,W,stage,binned,is_no_resp
710,1,R,A,A,42,43,pos,3,4,11,3.00000000,1,False,0.09259259,W,stage,binned,is_no_resp
710,1,R,A,A,42,43,pos,3,5,-250,1.00000000,0,False,0.5,W,stage,binned,is_no_resp
710,1,R,A,A,42,44,pos,3,1,-82,18.00000000,13,False,-0.01063234,W,stage,binned,is_no_resp
710,1,R,A,A,42,44,pos,3,2,-106,11.00000000,6,False,0.01152074,W,stage,binned,is_no_resp
710,1,R,A,A,42,44,pos,3,3,-250,5.00000000,2,False,0.06521739,W,stage,binned,is_no_resp
710,1,R,A,A,42,44,pos,3,4,-73,3.00000000,1,False,-0.08474576,W,stage,binned,is_no_resp
710,1,R,A,A,42,46,pos,3,2,-250,6.00000000,2,False,-0.12386707,W,stage,binned,is_no_resp
710,1,R,A,A,42,46,pos,3,4,14,3.00000000,1,False,0.09090909,W,stage,binned,is_no_resp
710,1,R,A,A,42,46,pos,3,5,-250,2.00000000,1,False,-0.04,W,stage,binned,is_no_resp
710,1,R,A,A,42,43,pos,4,1,-250,2.00000000,0,False,0.3,W,stage,binned,is_no_resp
710,1,R,A,A,42,43,pos,4,2,242,2.00000000,1,False,0.09090909,W,stage,binned,is_no_resp
710,1,R,A,A,42,43,pos,4,3,-250,1.00000000,0,False,-0.09090909,W,stage,binned,is_no_resp
710,1,R,A,A,42,43,pos,4,4,-250,1.00000000,0,False,0.33333333,W,stage,binned,is_no_resp
710,1,R,A,A,42,43,pos,4,5,-250,0.00000000,0,False,-1.0,W,stage,binned,is_no_resp
710,1,R,A,A,42,44,pos,4,1,-223,4.00000000,1,False,0.05699482,W,stage,binned,is_no_resp
710,1,R,A,A,42,44,pos,4,2,-250,3.00000000,0,False,-0.05376344,W,stage,binned,is_no_resp
710,1,R,A,A,42,44,pos,4,3,-250,2.00000000,0,False,-0.23809524,W,stage,binned,is_no_resp
710,1,R,A,A,42,44,pos,4,4,-250,1.00000000,0,False,0.25,W,stage,binned,is_no_resp
710,1,R,A,A,42,46,pos,4,2,-250,2.00000000,0,False,-0.25,W,stage,binned,is_no_resp
710,1,R,A,A,42,46,pos,4,4,-250,1.00000000,0,False,-0.33333333,W,stage,binned,is_no_resp
710,1,R,A,A,42,46,pos,4,5,-250,1.00000000,0,False,0.5,W,stage,binned,is_no_resp
710,1,R,A,A,43,44,pos,1,1,-157,9.00000000,5,False,-0.08211144,W,stage,binned,is_no_resp
710,1,R,A,A,43,44,pos,1,2,-250,5.00000000,2,False,-0.05154639,W,stage,binned,is_no_resp
710,1,R,A,A,43,44,pos,1,3,-250,3.00000000,1,False,0.06122449,W,stage,binned,is_no_resp
710,1,R,A,A,43,44,pos,1,4,-250,2.00000000,0,False,-0.13333333,W,stage,binned,is_no_resp
710,1,R,A,A,43,46,pos,1,2,-16,3.00000000,1,False,0.11666667,W,stage,binned,is_no_resp
710,1,R,A,A,43,46,pos,1,4,-250,2.00000000,0,False,-0.39130435,W,stage,binned,is_no_resp
710,1,R,A,A,43,46,pos,1,5,-250,1.00000000,0,False,-0.38461538,W,stage,binned,is_no_resp
710,1,R,A,A,43,44,pos,2,1,-40,9.00000000,5,False,-0.05709625,W,stage,binned,is_no_resp
710,1,R,A,A,43,44,pos,2,2,-223,6.00000000,2,False,-0.04819277,W,stage,binned,is_no_resp
710,1,R,A,A,43,44,pos,2,3,-250,3.00000000,0,False,-0.03157895,W,stage,binned,is_no_resp
710,1,R,A,A,43,44,pos,2,4,-250,2.00000000,0,False,-0.125,W,stage,binned,is_no_resp
710,1,R,A,A,43,46,pos,2,2,-157,3.00000000,1,False,-0.12068966,W,stage,binned,is_no_resp
710,1,R,A,A,43,46,pos,2,4,-250,2.00000000,0,False,-0.05882353,W,stage,binned,is_no_resp
710,1,R,A,A,43,46,pos,2,5,-250,1.00000000,0,False,-0.22222222,W,stage,binned,is_no_resp
710,1,R,A,A,43,44,pos,3,1,-250,4.00000000,1,False,-0.01714286,W,stage,binned,is_no_resp
710,1,R,A,A,43,44,pos,3,2,-175,3.00000000,1,False,0.02857143,W,stage,binned,is_no_resp
710,1,R,A,A,43,44,pos,3,3,-250,1.00000000,0,False,0.42857143,W,stage,binned,is_no_resp
710,1,R,A,A,43,44,pos,3,4,-250,1.00000000,0,False,0.27272727,W,stage,binned,is_no_resp
710,1,R,A,A,43,46,pos,3,2,-250,1.01000000,0,False,-0.44444444,W,stage,binned,is_no_resp
710,1,R,A,A,43,46,pos,3,4,-250,1.00000000,0,False,0.2,W,stage,binned,is_no_resp
710,1,R,A,A,43,46,pos,3,5,-250,1.00000000,0,False,-0.2,W,stage,binned,is_no_resp
710,1,R,A,A,43,44,pos,4,1,-58,3.00000000,1,False,0.00775194,W,stage,binned,is_no_resp
710,1,R,A,A,43,44,pos,4,2,-250,2.00000000,0,False,-0.0625,W,stage,binned,is_no_resp
710,1,R,A,A,43,44,pos,4,3,-250,1.00000000,0,False,-0.25,W,stage,binned,is_no_resp
710,1,R,A,A,43,44,pos,4,4,-250,1.00000000,0,False,-0.11111111,W,stage,binned,is_no_resp
710,1,R,A,A,43,46,pos,4,2,-250,2.00000000,0,False,-0.05882353,W,stage,binned,is_no_resp
710,1,R,A,A,43,46,pos,4,4,-250,1.00000000,0,False,0.0,W,stage,binned,is_no_resp
710,1,R,A,A,43,46,pos,4,5,-250,0.00000000,0,False,1.0,W,stage,binned,is_no_resp
710,1,R,A,A,43,44,pos,5,1,-250,1.00000000,0,False,0.6,W,stage,binned,is_no_resp
710,1,R,A,A,43,44,pos,5,2,-250,1.00000000,0,False,0.33333333,W,stage,binned,is_no_resp
710,1,R,A,A,43,44,pos,5,3,-250,1.00000000,0,False,-0.33333333,W,stage,binned,is_no_resp
710,1,R,A,A,43,44,pos,5,4,-250,0.00000000,0,False,0,W,stage,binned,is_no_resp
710,1,R,A,A,43,46,pos,5,2,-250,1.00000000,0,False,-1.0,W,stage,binned,is_no_resp
710,1,R,A,A,43,46,pos,5,4,-250,0.00000000,0,False,0,W,stage,binned,is_no_resp
710,1,R,A,A,43,46,pos,5,5,-250,0.00000000,0,False,0,W,stage,binned,is_no_resp
710,1,R,A,A,44,46,pos,1,2,-55,6.00000000,3,False,-0.05524862,W,stage,binned,is_no_resp
710,1,R,A,A,44,46,pos,1,4,-85,3.00000000,1,False,-0.08235294,W,stage,binned,is_no_resp
710,1,R,A,A,44,46,pos,1,5,-250,2.00000000,0,False,-0.35714286,W,stage,binned,is_no_resp
710,1,R,A,A,44,46,pos,2,2,-118,4.00000000,2,False,-0.02970297,W,stage,binned,is_no_resp
710,1,R,A,A,44,46,pos,2,4,-250,2.00000000,0,False,0.0,W,stage,binned,is_no_resp
710,1,R,A,A,44,46,pos,2,5,-250,1.00000000,0,False,-0.08333333,W,stage,binned,is_no_resp
710,1,R,A,A,44,46,pos,3,2,-250,2.00000000,0,False,0.12,W,stage,binned,is_no_resp
710,1,R,A,A,44,46,pos,3,4,-250,1.00000000,0,False,0.0,W,stage,binned,is_no_resp
710,1,R,A,A,44,46,pos,3,5,-250,1.00000000,0,False,-0.33333333,W,stage,binned,is_no_resp
710,1,R,A,A,44,46,pos,4,2,-250,1.00000000,0,False,-0.45454545,W,stage,binned,is_no_resp
710,1,R,A,A,44,46,pos,4,4,-250,1.00000000,0,False,-0.09090909,W,stage,binned,is_no_resp
710,1,R,A,A,44,46,pos,4,5,-250,0.00000000,0,False,0.33333333,W,stage,binned,is_no_resp
716,1,R,A,A,42,45,pos,6,1,-250,1.00000000,0,False,0.37142857,W,stage,binned,is_no_resp
716,1,R,A,A,42,45,pos,6,2,-250,1.00000000,0,False,-0.5,W,stage,binned,is_no_resp
716,1,R,A,A,42,45,pos,6,3,-250,1.00000000,0,False,-0.5,W,stage,binned,is_no_resp
716,1,R,A,A,42,45,pos,6,4,-250,1.00000000,0,False,-0.42857143,W,stage,binned,is_no_resp
716,1,R,A,A,42,45,pos,6,5,-250,1.00000000,0,False,-0.5,W,stage,binned,is_no_resp
716,1,R,A,A,42,45,pos,6,6,-250,1.00000000,0,False,0.0,W,stage,binned,is_no_resp
716,1,R,A,A,42,45,pos,6,7,-250,1.00000000,0,False,-0.2,W,stage,binned,is_no_resp
716,1,R,A,A,42,45,pos,6,8,-250,0.00000000,0,False,0.0,W,stage,binned,is_no_resp
716,1,R,A,A,42,45,pos,6,9,-250,1.00000000,0,False,-0.25,W,stage,binned,is_no_resp
716,1,R,A,A,42,45,pos,6,10,-250,1.00000000,0,False,-1.0,W,stage,binned,is_no_resp
716,1,R,A,A,42,45,pos,6,11,-250,0.00000000,0,False,-1.0,W,stage,binned,is_no_resp
716,1,R,A,A,42,47,pos,6,1,-250,1.00000000,0,False,-0.09090909,W,stage,binned,is_no_resp
716,1,R,A,A,42,47,pos,6,3,-250,1.00000000,0,False,0.5,W,stage,binned,is_no_resp
716,1,R,A,A,42,47,pos,6,4,-250,0.00000000,0,False,0.0,W,stage,binned,is_no_resp
716,1,R,A,A,42,47,pos,6,6,-250,0.00000000,0,False,1.0,W,stage,binned,is_no_resp
716,1,R,A,A,42,47,pos,6,7,-250,0.00000000,0,False,0,W,stage,binned,is_no_resp
716,1,R,A,A,45,47,pos,1,1,-175,72.00000000,59,False,-0.00738205,W,stage,binned,is_no_resp
716,1,R,A,A,45,47,pos,1,3,-85,22.00000000,14,False,0.00567108,W,stage,binned,is_no_resp
716,1,R,A,A,45,47,pos,1,4,-25,20.00000000,13,False,0.06688068,W,stage,binned,is_no_resp
716,1,R,A,A,45,47,pos,1,6,-250,5.00000000,2,False,0.01652893,W,stage,binned,is_no_resp
716,1,R,A,A,45,47,pos,1,7,-238,7.00000000,3,False,-0.05084746,W,stage,binned,is_no_resp
716,1,R,A,A,45,47,pos,2,1,-100,16.00000000,11,False,0.02295918,W,stage,binned,is_no_resp
716,1,R,A,A,45,47,pos,2,3,-211,6.00000000,3,False,0.05483029,W,stage,binned,is_no_resp
716,1,R,A,A,45,47,pos,2,4,-250,5.00000000,2,False,0.01030928,W,stage,binned,is_no_resp
716,1,R,A,A,45,47,pos,2,6,-250,2.00000000,0,False,0.15151515,W,stage,binned,is_no_resp
716,1,R,A,A,45,47,pos,2,7,-250,2.00000000,0,False,0.02272727,W,stage,binned,is_no_resp
716,1,R,A,A,45,47,pos,3,1,8,18.00000000,12,False,0.04004643,W,stage,binned,is_no_resp
716,1,R,A,A,45,47,pos,3,3,-214,6.00000000,2,False,0.05785124,W,stage,binned,is_no_resp
716,1,R,A,A,45,47,pos,3,4,-61,6.00000000,2,False,0.16149068,W,stage,binned,is_no_resp
716,1,R,A,A,45,47,pos,3,6,-250,2.00000000,0,False,0.18518519,W,stage,binned,is_no_resp
716,1,R,A,A,45,47,pos,3,7,-250,2.00000000,0,False,0.03896104,W,stage,binned,is_no_resp
716,1,R,A,A,45,47,pos,4,1,-178,10.00000000,6,False,-0.01565996,W,stage,binned,is_no_resp
716,1,R,A,A,45,47,pos,4,3,-235,4.00000000,1,False,0.16582915,W,stage,binned,is_no_resp
716,1,R,A,A,45,47,pos,4,4,-250,4.00000000,2,False,-0.03030303,W,stage,binned,is_no_resp
716,1,R,A,A,45,47,pos,4,6,-250,1.00000000,0,False,0.14285714,W,stage,binned,is_no_resp
716,1,R,A,A,45,47,pos,4,7,-250,2.00000000,0,False,0.05,W,stage,binned,is_no_resp
716,1,R,A,A,45,47,pos,5,1,-190,11.00000000,7,False,-0.01609658,W,stage,binned,is_no_resp
716,1,R,A,A,45,47,pos,5,3,83,4.00000000,2,False,0.05263158,W,stage,binned,is_no_resp
716,1,R,A,A,45,47,pos,5,4,-226,4.00000000,1,False,-0.07291667,W,stage,binned,is_no_resp
716,1,R,A,A,45,47,pos,5,6,-250,1.00000000,0,False,0.04347826,W,stage,binned,is_no_resp
716,1,R,A,A,45,47,pos,5,7,-250,2.00000000,0,False,-0.07317073,W,stage,binned,is_no_resp
716,1,R,A,A,45,47,pos,6,1,-103,10.00000000,6,False,0.04685408,W,stage,binned,is_no_resp
716,1,R,A,A,45,47,pos,6,3,-250,4.00000000,1,False,-0.0797546,W,stage,binned,is_no_resp
716,1,R,A,A,45,47,pos,6,4,-250,4.00000000,1,False,0.0,W,stage,binned,is_no_resp
716,1,R,A,A,45,47,pos,6,6,-250,1.00000000,0,False,-0.28571429,W,stage,binned,is_no_resp
716,1,R,A,A,45,47,pos,6,7,-250,1.00000000,0,False,0.35294118,W,stage,binned,is_no_resp
716,1,R,A,A,45,47,pos,7,1,-58,4.00000000,2,False,0.06306306,W,stage,binned,is_no_resp
716,1,R,A,A,45,47,pos,7,3,-250,2.00000000,0,False,0.10526316,W,stage,binned,is_no_resp
716,1,R,A,A,45,47,pos,7,4,-250,2.00000000,0,False,0.2,W,stage,binned,is_no_resp
716,1,R,A,A,45,47,pos,7,6,-250,1.00000000,0,False,-0.25,W,stage,binned,is_no_resp
716,1,R,A,A,45,47,pos,7,7,-250,1.00000000,0,False,-0.28571429,W,stage,binned,is_no_resp
716,1,R,A,A,45,47,pos,8,1,-121,9.00000000,5,False,0.02564103,W,stage,binned,is_no_resp
716,1,R,A,A,45,47,pos,8,3,-229,4.00000000,1,False,0.05555556,W,stage,binned,is_no_resp
716,1,R,A,A,45,47,pos,8,4,-241,3.01000000,1,False,0.00653595,W,stage,binned,is_no_resp
716,1,R,A,A,45,47,pos,8,6,-250,2.00000000,0,False,-0.2173913,W,stage,binned,is_no_resp
716,1,R,A,A,45,47,pos,8,7,-250,2.00000000,0,False,0.27777778,W,stage,binned,is_no_resp
716,1,R,A,A,45,47,pos,9,1,-136,15.00000000,9,False,0.01836885,W,stage,binned,is_no_resp
716,1,R,A,A,45,47,pos,9,3,110,6.00000000,3,False,0.0994152,W,stage,binned,is_no_resp
716,1,R,A,A,45,47,pos,9,4,-34,6.00000000,3,False,0.04487179,W,stage,binned,is_no_resp
716,1,R,A,A,45,47,pos,9,6,-250,2.00000000,0,False,0.04166667,W,stage,binned,is_no_resp
716,1,R,A,A,45,47,pos,9,7,-250,3.00000000,0,False,-0.01408451,W,stage,binned,is_no_resp
716,1,R,A,A,45,47,pos,10,1,-157,6.00000000,3,False,0.00510204,W,stage,binned,is_no_resp
716,1,R,A,A,45,47,pos,10,3,164,3.00000000,1,False,0.05660377,W,stage,binned,is_no_resp
716,1,R,A,A,45,47,pos,10,4,41,3.00000000,1,False,0.15294118,W,stage,binned,is_no_resp
716,1,R,A,A,45,47,pos,10,6,-250,1.00000000,0,False,0.0,W,stage,binned,is_no_resp
716,1,R,A,A,45,47,pos,10,7,-250,1.00000000,0,False,0.06666667,W,stage,binned,is_no_resp
716,1,R,A,A,45,47,pos,11,1,8,5.00000000,2,False,-0.03797468,W,stage,binned,is_no_resp
716,1,R,A,A,45,47,pos,11,3,-250,2.00000000,0,False,-0.02325581,W,stage,binned,is_no_resp
716,1,R,A,A,45,47,pos,11,4,-250,2.00000000,0,False,-0.15254237,W,stage,binned,is_no_resp
716,1,R,A,A,45,47,pos,11,6,-250,1.00000000,0,False,0.11111111,W,stage,binned,is_no_resp
716,1,R,A,A,45,47,pos,11,7,-250,1.00000000,0,False,0.25,W,stage,binned,is_no_resp
711,1,L,A,A,2,4,pos,2,1,-250,2.00000000,0,False,-0.44444444,W,stage,binned,is_selective
711,1,L,A,A,2,6,pos,2,2,-208,3.00000000,1,False,0.0625,W,stage,binned,is_selective
711,1,L,A,A,2,6,pos,2,4,-250,1.00000000,0,False,-0.14285714,W,stage,binned,is_selective
711,1,L,A,A,2,7,pos,2,1,-250,2.00000000,0,False,0.01639344,W,stage,binned,is_selective
711,1,L,A,A,2,8,pos,2,3,-250,1.00000000,0,False,0.5,W,stage,binned,is_selective
711,1,L,A,A,2,8,pos,2,4,-250,0.00000000,0,False,0,W,stage,binned,is_selective
711,1,L,A,A,4,6,pos,1,2,-235,16.00000000,11,False,0.01652893,W,stage,binned,is_selective
711,1,L,A,A,4,6,pos,1,4,-217,4.00000000,1,False,-0.03597122,W,stage,binned,is_selective
711,1,L,A,A,4,7,pos,1,1,-238,9.00000000,5,False,-0.12125535,W,stage,binned,is_selective
711,1,L,A,A,4,8,pos,1,3,-40,4.00000000,2,False,-0.06145251,W,stage,binned,is_selective
711,1,L,A,A,4,8,pos,1,4,-250,1.00000000,0,False,0.11764706,W,stage,binned,is_selective
711,1,L,A,A,6,7,pos,2,1,-229,52.00000000,42,False,-0.03311913,W,stage,binned,is_selective
711,1,L,A,A,6,8,pos,2,3,-4,14.00000000,14,False,0.01044177,W,stage,binned,is_selective
711,1,L,A,A,6,8,pos,2,4,-7,5.00000000,3,False,0.11111111,W,stage,binned,is_selective
711,1,L,A,A,6,7,pos,4,1,-250,9.00000000,5,False,-0.05160391,W,stage,binned,is_selective
711,1,L,A,A,6,8,pos,4,3,-250,4.00000000,1,False,-0.04458599,W,stage,binned,is_selective
711,1,L,A,A,6,8,pos,4,4,-250,1.00000000,0,False,0.03703704,W,stage,binned,is_selective
711,1,L,A,A,7,8,pos,1,3,137,8.00000000,4,False,0.11447084,W,stage,binned,is_selective
711,1,L,A,A,7,8,pos,1,4,-73,3.00000000,1,False,0.01298701,W,stage,binned,is_selective
716,2,R,A,A,41,42,pos,2,2,-58,6.00000000,3,False,-0.03370787,W,stage,binned,is_selective
716,2,R,A,A,41,45,pos,2,7,-52,3.00000000,1,False,-0.01098901,W,stage,binned,is_selective
716,2,R,A,A,41,45,pos,2,8,224,2.00000000,1,False,0.05555556,W,stage,binned,is_selective
716,2,R,A,A,41,48,pos,2,1,-217,9.00000000,5,False,0.04978663,W,stage,binned,is_selective
716,2,R,A,A,41,48,pos,2,2,-250,4.00000000,1,False,-0.05027933,W,stage,binned,is_selective
716,2,R,A,A,42,45,pos,2,7,77,8.00000000,4,False,0.09926471,W,stage,binned,is_selective
716,2,R,A,A,42,45,pos,2,8,-97,7.00000000,3,False,-0.02313625,W,stage,binned,is_selective
716,2,R,A,A,42,48,pos,2,1,-172,29.00000000,24,False,0.0014556,W,stage,binned,is_selective
716,2,R,A,A,42,48,pos,2,2,-202,12.01000000,8,False,-0.04162633,W,stage,binned,is_selective
716,2,R,A,A,45,48,pos,7,1,-250,11.00000000,6,False,-0.01311806,W,stage,binned,is_selective
716,2,R,A,A,45,48,pos,7,2,-223,5.00000000,2,False,0.02839117,W,stage,binned,is_selective
716,2,R,A,A,45,48,pos,8,1,-184,10.00000000,6,False,-0.00356718,W,stage,binned,is_selective
716,2,R,A,A,45,48,pos,8,2,-235,5.00000000,2,False,-0.0745098,W,stage,binned,is_selective
708,1,L,A,A,1,2,pos,1,1,-250,11.00000000,7,False,0.02295082,W,stage,binned,is_selective
708,1,L,A,A,1,2,pos,1,3,71,15.00000000,9,False,0.08204712,W,stage,binned,is_selective
708,1,L,A,A,1,5,pos,1,1,-4,132.00000000,123,False,-0.00015746,W,stage,binned,is_selective
708,1,L,A,A,1,7,pos,1,3,-64,86.00000000,71,False,0.01009743,W,stage,binned,is_selective
708,1,L,A,A,1,8,pos,1,1,-31,57.00000000,45,False,0.00821207,W,stage,binned,is_selective
708,1,L,A,A,1,8,pos,1,2,161,49.00000000,37,False,0.01825069,W,stage,binned,is_selective
708,1,L,A,A,2,5,pos,1,1,-82,15.00000000,10,False,-0.00921332,W,stage,binned,is_selective
708,1,L,A,A,2,7,pos,1,3,-226,10.00000000,6,False,0.0,W,stage,binned,is_selective
708,1,L,A,A,2,8,pos,1,1,-130,7.00000000,4,False,0.04942966,W,stage,binned,is_selective
708,1,L,A,A,2,8,pos,1,2,-232,6.00000000,3,False,0.13539192,W,stage,binned,is_selective
708,1,L,A,A,2,5,pos,3,1,-250,17.00000000,13,False,-0.05448155,W,stage,binned,is_selective
708,1,L,A,A,2,7,pos,3,3,-34,12.00000000,9,False,-0.12621359,W,stage,binned,is_selective
708,1,L,A,A,2,8,pos,3,1,-58,10.00000000,6,False,-0.01129944,W,stage,binned,is_selective
708,1,L,A,A,2,8,pos,3,2,-64,8.00000000,4,False,-0.00696864,W,stage,binned,is_selective
708,1,L,A,A,5,7,pos,1,3,17,123.00000000,109,False,0.00295376,W,stage,binned,is_selective
708,1,L,A,A,5,8,pos,1,1,-16,79.00000000,65,False,-0.00648638,W,stage,binned,is_selective
708,1,L,A,A,5,8,pos,1,2,119,67.00000000,56,False,0.02234835,W,stage,binned,is_selective
708,1,L,A,A,7,8,pos,3,1,95,48.00000000,37,False,0.05180876,W,stage,binned,is_selective
708,1,L,A,A,7,8,pos,3,2,-7,41.00000000,32,False,0.03234097,W,stage,binned,is_selective
709,3,L,A,A,3,5,pos,1,1,-22,3.00000000,1,False,0.27819549,W,stage,binned,is_selective
712,2,R,A,A,49,50,pos,3,1,-37,3.00000000,2,False,-0.05970149,W,stage,binned,is_selective
712,2,R,A,A,49,50,pos,3,3,-154,2.00000000,1,False,-0.21568627,W,stage,binned,is_selective
712,2,R,A,A,49,50,pos,3,5,-250,1.00000000,0,False,0.0,W,stage,binned,is_selective
712,2,R,A,A,49,50,pos,4,1,-55,3.00000000,1,False,0.2,W,stage,binned,is_selective
712,2,R,A,A,49,50,pos,4,3,-250,2.00000000,0,False,0.14285714,W,stage,binned,is_selective
712,2,R,A,A,49,50,pos,4,5,-250,1.00000000,0,False,-0.6,W,stage,binned,is_selective
715,1,R,A,A,41,47,pos,1,4,-250,0.00000000,0,False,0,W,stage,binned,is_selective
713,2,L,A,A,3,4,pos,1,1,-73,5.00000000,2,False,-0.003861,W,stage,binned,is_selective
713,2,L,A,A,3,5,pos,1,1,-226,5.00000000,2,False,-0.08713693,W,stage,binned,is_selective
713,2,L,A,A,3,4,pos,2,1,230,3.00000000,1,False,-0.09473684,W,stage,binned,is_selective
713,2,L,A,A,3,5,pos,2,1,-250,3.00000000,0,False,0.06024096,W,stage,binned,is_selective
713,2,L,A,A,4,5,pos,1,1,-250,2.00000000,0,False,0.17142857,W,stage,binned,is_selective
713,2,R,A,A,54,55,pos,3,2,-199,7.00000000,3,False,-0.14285714,W,stage,binned,is_selective
707,1,L,A,A,2,4,pos,1,2,-199,3.00000000,1,False,-0.00952381,W,stage,binned,is_selective
707,1,L,A,A,2,4,pos,1,5,-250,1.00000000,0,False,0.17647059,W,stage,binned,is_selective
707,1,L,A,A,2,7,pos,1,1,-193,4.00000000,2,False,-0.08139535,W,stage,binned,is_selective
707,1,L,A,A,2,7,pos,1,2,-238,3.00000000,1,False,0.01754386,W,stage,binned,is_selective
707,1,L,A,A,2,4,pos,4,2,-250,2.00000000,0,False,0.1147541,W,stage,binned,is_selective
707,1,L,A,A,2,4,pos,4,5,-250,1.00000000,0,False,-0.26315789,W,stage,binned,is_selective
707,1,L,A,A,2,7,pos,4,1,-250,3.00000000,1,False,-0.14285714,W,stage,binned,is_selective
707,1,L,A,A,2,7,pos,4,2,-250,2.00000000,0,False,-0.08571429,W,stage,binned,is_selective
707,1,L,A,A,4,7,pos,2,1,26,4.00000000,2,False,-0.08629442,W,stage,binned,is_selective
707,1,L,A,A,4,7,pos,2,2,-250,3.00000000,1,False,-0.17482517,W,stage,binned,is_selective
707,1,L,A,A,4,7,pos,5,1,-250,1.00000000,0,False,0.14285714,W,stage,binned,is_selective
707,1,L,A,A,4,7,pos,5,2,-250,1.00000000,0,False,0.33333333,W,stage,binned,is_selective
710,1,R,A,A,42,46,pos,1,1,-250,7.00000000,4,False,-0.05479452,W,stage,binned,is_selective
710,1,R,A,A,42,46,pos,1,3,-82,3.00000000,1,False,-0.04761905,W,stage,binned,is_selective
706,1,L,A,A,1,2,pos,1,1,-10,7.00000000,4,False,0.03253796,W,stage,binned,is_selective
706,1,L,A,A,1,2,pos,1,4,-7,3.00000000,2,False,0.09433962,W,stage,binned,is_selective
706,1,L,A,A,1,3,pos,1,2,-196,4.00000000,1,False,0.025,W,stage,binned,is_selective
706,1,L,A,A,1,5,pos,1,3,-16,2.00000000,1,False,-0.28301887,W,stage,binned,is_selective
706,1,L,A,A,1,8,pos,1,1,-34,6.00000000,3,False,-0.05382436,W,stage,binned,is_selective
706,1,L,A,A,1,2,pos,2,1,-250,11.00000000,6,False,0.0011534,W,stage,binned,is_selective
706,1,L,A,A,1,2,pos,2,4,-121,3.00000000,1,False,0.04672897,W,stage,binned,is_selective
706,1,L,A,A,1,3,pos,2,2,-115,7.00000000,3,False,-0.04303797,W,stage,binned,is_selective
706,1,L,A,A,1,5,pos,2,3,92,3.00000000,1,False,0.07526882,W,stage,binned,is_selective
706,1,L,A,A,1,8,pos,2,1,-250,8.00000000,4,False,-0.05924596,W,stage,binned,is_selective
706,1,L,A,A,2,3,pos,1,2,-250,1.00000000,0,False,0.03225806,W,stage,binned,is_selective
706,1,L,A,A,2,5,pos,1,3,-250,1.00000000,0,False,0.27272727,W,stage,binned,is_selective
706,1,L,A,A,2,8,pos,1,1,-250,2.00000000,0,False,0.08333333,W,stage,binned,is_selective
706,1,L,A,A,2,3,pos,4,2,-250,1.00000000,0,False,-1.0,W,stage,binned,is_selective
706,1,L,A,A,2,5,pos,4,3,-250,1.00000000,0,False,0.0,W,stage,binned,is_selective
706,1,L,A,A,2,8,pos,4,1,-250,1.00000000,0,False,-0.25,W,stage,binned,is_selective
706,1,L,A,A,3,5,pos,2,3,-250,0.00000000,0,False,0,W,stage,binned,is_selective
706,1,L,A,A,3,8,pos,2,1,-250,2.00000000,0,False,-0.125,W,stage,binned,is_selective
706,1,L,A,A,5,8,pos,3,1,-250,1.00000000,0,False,0.33333333,W,stage,binned,is_selective
706,1,R,A,A,34,38,pos,1,1,-118,10.00000000,6,False,-0.00273973,W,stage,binned,is_selective
706,1,R,A,A,34,39,pos,1,2,-235,4.00000000,1,False,-0.07189542,W,stage,binned,is_selective
706,1,R,A,A,38,39,pos,1,2,-250,5.00000000,2,False,-0.02521008,W,stage,binned,is_selective
717,1,R,A,A,42,46,pos,1,1,5,20.00000000,14,False,0.01307847,W,stage,binned,is_selective
706,4,L,A,A,4,6,pos,1,1,80,8.00000000,5,False,0.12631579,W,stage,binned,is_selective
704,2,R,A,A,41,42,pos,1,1,-250,0.00000000,0,False,0,W,stage,binned,is_selective
709,1,L,A,A,1,6,pos,1,1,-250,24.00000000,16,False,-0.00758853,W,stage,binned,is_selective
709,1,L,A,A,1,7,pos,1,1,83,21.00000000,14,False,0.03893544,W,stage,binned,is_selective
709,1,L,A,A,1,8,pos,1,2,-178,8.00000000,4,False,0.06622517,W,stage,binned,is_selective
709,1,L,A,A,6,7,pos,1,1,-250,9.00000000,4,False,-0.02764228,W,stage,binned,is_selective
709,1,L,A,A,6,8,pos,1,2,-145,5.00000000,2,False,0.0490566,W,stage,binned,is_selective
709,1,L,A,A,7,8,pos,1,2,-232,4.00000000,1,False,-0.08280255,W,stage,binned,is_selective
711,4,L,A,A,1,3,pos,1,2,74,14.00000000,10,False,0.05564142,W,stage,binned,is_selective
711,4,L,A,A,1,3,pos,1,6,5,3.00000000,1,False,0.11688312,W,stage,binned,is_selective
711,4,L,A,A,1,4,pos,1,1,-232,5.00000000,2,False,-0.00869565,W,stage,binned,is_selective
711,4,L,A,A,3,4,pos,2,1,-250,5.00000000,2,False,-0.09543568,W,stage,binned,is_selective
711,4,L,A,A,3,4,pos,6,1,-250,1.00000000,0,False,0.27272727,W,stage,binned,is_selective
709,4,L,A,A,3,8,pos,1,2,-40,34.00000000,28,False,-0.00804424,W,stage,binned,is_selective
709,4,L,A,A,3,8,pos,2,2,242,6.00000000,4,False,0.03883495,W,stage,binned,is_selective
716,1,R,A,A,42,47,pos,1,2,-229,26.00000000,21,False,-0.01267468,W,stage,binned,is_selective
704,1,R,A,A,41,42,pos,1,1,-154,7.00000000,3,False,0.10548523,W,stage,binned,is_selective
704,1,R,A,A,41,42,pos,1,4,-250,1.00000000,0,False,0.53333333,W,stage,binned,is_selective
704,1,R,A,A,41,44,pos,1,1,143,5.00000000,3,False,0.01149425,W,stage,binned,is_selective
704,1,R,A,A,41,42,pos,2,1,-4,8.00000000,17,True,0.13012478,W,stage,binned,is_selective
704,1,R,A,A,41,42,pos,2,4,-250,1.00000000,0,False,0.10344828,W,stage,binned,is_selective
704,1,R,A,A,41,44,pos,2,1,-19,4.00000000,2,False,0.00990099,W,stage,binned,is_selective
704,1,R,A,A,41,42,pos,3,1,158,3.00000000,1,False,0.5,W,stage,binned,is_selective
704,1,R,A,A,41,42,pos,3,4,-250,1.00000000,0,False,0.6,W,stage,binned,is_selective
704,1,R,A,A,41,44,pos,3,1,-16,3.00000000,2,False,-0.31506849,W,stage,binned,is_selective
704,1,R,A,A,42,44,pos,1,1,-250,20.00000000,14,False,-0.07652264,W,stage,binned,is_selective
704,1,R,A,A,42,44,pos,4,1,-163,3.00000000,1,False,-0.3258427,W,stage,binned,is_selective
707,2,L,A,A,3,4,pos,1,1,-67,5.00000000,2,False,-0.02362205,W,stage,binned,is_selective
707,2,L,A,A,3,4,pos,1,2,188,3.00000000,1,False,0.19047619,W,stage,binned,is_selective
707,2,L,A,A,3,8,pos,1,1,-250,5.00000000,2,False,-0.03585657,W,stage,binned,is_selective
707,2,L,A,A,4,8,pos,1,1,-58,10.00000000,6,False,0.062417,W,stage,binned,is_selective
707,2,L,A,A,4,8,pos,2,1,89,6.00000000,3,False,0.0764526,W,stage,binned,is_selective
709,3,L,A,A,3,5,pos,1,1,-22,3.00000000,1,False,0.27819549,W,stage,binned,is_inv
716,1,R,A,A,42,47,pos,1,2,-229,26.00000000,21,False,-0.01267468,W,stage,binned,is_inv
716,2,R,A,A,41,45,pos,2,7,-52,3.00000000,1,False,-0.01098901,W,stage,binned,is_inv
716,2,R,A,A,41,48,pos,2,1,-217,9.00000000,5,False,0.04978663,W,stage,binned,is_inv
716,2,R,A,A,41,48,pos,2,2,-250,4.00000000,1,False,-0.05027933,W,stage,binned,is_inv
716,2,R,A,A,45,48,pos,7,1,-250,11.00000000,6,False,-0.01311806,W,stage,binned,is_inv
716,2,R,A,A,45,48,pos,7,2,-223,5.00000000,2,False,0.02839117,W,stage,binned,is_inv
711,4,L,A,A,1,3,pos,1,6,5,3.00000000,1,False,0.11688312,W,stage,binned,is_inv
711,4,L,A,A,1,4,pos,1,1,-232,5.00000000,2,False,-0.00869565,W,stage,binned,is_inv
711,4,L,A,A,3,4,pos,6,1,-250,1.00000000,0,False,0.27272727,W,stage,binned,is_inv
707,2,L,A,A,4,8,pos,2,1,89,6.00000000,3,False,0.0764526,W,stage,binned,is_inv
710,1,R,A,A,42,46,pos,1,1,-250,7.00000000,4,False,-0.05479452,W,stage,binned,is_inv
711,1,L,A,A,6,7,pos,2,1,-229,52.00000000,42,False,-0.03311913,W,stage,binned,is_inv
709,4,L,A,A,3,8,pos,1,2,-40,34.00000000,28,False,-0.00804424,W,stage,binned,is_inv
707,1,L,A,A,2,7,pos,1,1,-193,4.00000000,2,False,-0.08139535,W,stage,binned,is_inv
707,1,L,A,A,2,7,pos,1,2,-238,3.00000000,1,False,0.01754386,W,stage,binned,is_inv
704,1,R,A,A,41,42,pos,1,1,-154,7.00000000,3,False,0.10548523,W,stage,binned,is_inv
704,1,R,A,A,41,42,pos,1,4,-250,1.00000000,0,False,0.53333333,W,stage,binned,is_inv
704,1,R,A,A,41,44,pos,1,1,143,5.00000000,3,False,0.01149425,W,stage,binned,is_inv
704,1,R,A,A,41,42,pos,3,1,158,3.00000000,1,False,0.5,W,stage,binned,is_inv
704,1,R,A,A,41,42,pos,3,4,-250,1.00000000,0,False,0.6,W,stage,binned,is_inv
704,1,R,A,A,41,44,pos,3,1,-16,3.00000000,2,False,-0.31506849,W,stage,binned,is_inv
704,1,R,A,A,42,44,pos,1,1,-250,20.00000000,14,False,-0.07652264,W,stage,binned,is_inv
704,1,R,A,A,42,44,pos,4,1,-163,3.00000000,1,False,-0.3258427,W,stage,binned,is_inv
708,1,L,A,A,2,5,pos,3,1,-250,17.00000000,13,False,-0.05448155,W,stage,binned,is_inv
