Patient,Session,Hemisphere,Region1,Region2,Channel1,Channel2,Sign,Cluster1,Cluster2,x_peak,percentile_x_peak,y_peak,significant,asymmetry,stage,frequcutoff,mergemethod,utype
707,1,L,A,A,1,2,pos,1,2,236,11.00000000,8,False,0.00220751,W,stage,binned,is_no_resp
707,1,L,A,A,1,2,pos,1,3,-109,3.00000000,1,False,0.17460317,W,stage,binned,is_no_resp
707,1,L,A,A,1,4,pos,1,1,-13,33.00000000,25,False,-0.00374332,W,stage,binned,is_no_resp
707,1,L,A,A,1,4,pos,1,3,155,18.00000000,12,False,0.08825397,W,stage,binned,is_no_resp
707,1,L,A,A,1,4,pos,1,4,-121,4.00000000,3,False,-0.06382979,W,stage,binned,is_no_resp
707,1,L,A,A,1,5,pos,1,1,-250,5.00000000,2,False,-0.07299270,W,stage,binned,is_no_resp
707,1,L,A,A,1,8,pos,1,1,-250,14.00000000,7,False,-0.03053435,W,stage,binned,is_no_resp
707,1,L,A,A,1,8,pos,1,2,-250,13.00000000,10,False,0.02616822,W,stage,binned,is_no_resp
707,1,L,A,A,1,8,pos,1,3,-88,6.00000000,3,False,-0.05780347,W,stage,binned,is_no_resp
707,1,L,A,A,1,8,pos,1,4,-229,4.00000000,1,False,-0.17880795,W,stage,binned,is_no_resp
707,1,L,A,A,1,8,pos,1,5,-250,4.00000000,2,False,0.04301075,W,stage,binned,is_no_resp
707,1,L,A,A,1,2,pos,2,2,113,13.00000000,8,False,0.02175970,W,stage,binned,is_no_resp
707,1,L,A,A,1,2,pos,2,3,-130,4.00000000,1,False,-0.02290076,W,stage,binned,is_no_resp
707,1,L,A,A,1,4,pos,2,1,-79,36.00000000,28,False,-0.01663498,W,stage,binned,is_no_resp
707,1,L,A,A,1,4,pos,2,3,-19,21.00000000,16,False,0.05440539,W,stage,binned,is_no_resp
707,1,L,A,A,1,4,pos,2,4,-70,5.00000000,2,False,0.04489796,W,stage,binned,is_no_resp
707,1,L,A,A,1,5,pos,2,1,-10,5.00000000,3,False,-0.20819113,W,stage,binned,is_no_resp
707,1,L,A,A,1,8,pos,2,1,-19,15.00000000,9,False,0.01694915,W,stage,binned,is_no_resp
707,1,L,A,A,1,8,pos,2,2,-172,14.00000000,9,False,0.05178702,W,stage,binned,is_no_resp
707,1,L,A,A,1,8,pos,2,3,-136,7.00000000,4,False,-0.08924485,W,stage,binned,is_no_resp
707,1,L,A,A,1,8,pos,2,4,-202,3.00000000,1,False,-0.00826446,W,stage,binned,is_no_resp
707,1,L,A,A,1,8,pos,2,5,-127,5.00000000,2,False,-0.09767442,W,stage,binned,is_no_resp
707,1,L,A,A,1,2,pos,3,2,-67,15.00000000,10,False,0.01828822,W,stage,binned,is_no_resp
707,1,L,A,A,1,2,pos,3,3,-1,6.00000000,4,False,0.10400000,W,stage,binned,is_no_resp
707,1,L,A,A,1,4,pos,3,1,5,43.00000000,45,True,0.02986248,W,stage,binned,is_no_resp
707,1,L,A,A,1,4,pos,3,3,-1,20.00000000,14,False,0.01494075,W,stage,binned,is_no_resp
707,1,L,A,A,1,4,pos,3,4,-13,5.00000000,2,False,0.26984127,W,stage,binned,is_no_resp
707,1,L,A,A,1,5,pos,3,1,-55,10.00000000,6,False,0.04372355,W,stage,binned,is_no_resp
707,1,L,A,A,1,8,pos,3,1,8,21.00000000,17,False,-0.00098814,W,stage,binned,is_no_resp
707,1,L,A,A,1,8,pos,3,2,80,17.00000000,11,False,0.01749838,W,stage,binned,is_no_resp
707,1,L,A,A,1,8,pos,3,3,-91,11.00000000,6,False,-0.00824499,W,stage,binned,is_no_resp
707,1,L,A,A,1,8,pos,3,4,-55,6.00000000,3,False,-0.15523466,W,stage,binned,is_no_resp
707,1,L,A,A,1,8,pos,3,5,-199,7.00000000,4,False,-0.17482517,W,stage,binned,is_no_resp
707,1,L,A,A,2,4,pos,2,1,-208,28.00000000,21,False,-0.01686122,W,stage,binned,is_no_resp
707,1,L,A,A,2,4,pos,2,3,92,10.00000000,6,False,0.11568123,W,stage,binned,is_no_resp
707,1,L,A,A,2,4,pos,2,4,-232,4.00000000,1,False,-0.13669065,W,stage,binned,is_no_resp
707,1,L,A,A,2,5,pos,2,1,-40,4.00000000,2,False,-0.10344828,W,stage,binned,is_no_resp
707,1,L,A,A,2,8,pos,2,1,143,14.00000000,9,False,0.00082169,W,stage,binned,is_no_resp
707,1,L,A,A,2,8,pos,2,2,-220,14.00000000,8,False,-0.07207954,W,stage,binned,is_no_resp
707,1,L,A,A,2,8,pos,2,3,152,6.00000000,3,False,0.17500000,W,stage,binned,is_no_resp
707,1,L,A,A,2,8,pos,2,4,-226,3.00000000,1,False,-0.07142857,W,stage,binned,is_no_resp
707,1,L,A,A,2,8,pos,2,5,-250,5.00000000,1,False,-0.02347418,W,stage,binned,is_no_resp
707,1,L,A,A,2,4,pos,3,1,-34,6.00000000,3,False,-0.04666667,W,stage,binned,is_no_resp
707,1,L,A,A,2,4,pos,3,3,-232,3.00000000,1,False,0.06666667,W,stage,binned,is_no_resp
707,1,L,A,A,2,4,pos,3,4,-250,1.00000000,0,False,0.57894737,W,stage,binned,is_no_resp
707,1,L,A,A,2,5,pos,3,1,-250,2.00000000,0,False,0.12727273,W,stage,binned,is_no_resp
707,1,L,A,A,2,8,pos,3,1,-151,3.00000000,1,False,0.07042254,W,stage,binned,is_no_resp
707,1,L,A,A,2,8,pos,3,2,-31,3.00000000,1,False,0.00917431,W,stage,binned,is_no_resp
707,1,L,A,A,2,8,pos,3,3,-250,2.00000000,0,False,-0.03448276,W,stage,binned,is_no_resp
707,1,L,A,A,2,8,pos,3,4,-250,1.00000000,0,False,0.28571429,W,stage,binned,is_no_resp
707,1,L,A,A,2,8,pos,3,5,-250,2.00000000,0,False,0.20000000,W,stage,binned,is_no_resp
707,1,L,A,A,4,5,pos,1,1,173,7.00000000,4,False,0.14893617,W,stage,binned,is_no_resp
707,1,L,A,A,4,8,pos,1,1,92,26.00000000,19,False,-0.00585223,W,stage,binned,is_no_resp
707,1,L,A,A,4,8,pos,1,2,194,27.00000000,22,False,0.01481481,W,stage,binned,is_no_resp
707,1,L,A,A,4,8,pos,1,3,-25,11.00000000,6,False,0.07389163,W,stage,binned,is_no_resp
707,1,L,A,A,4,8,pos,1,4,-79,4.00000000,2,False,-0.05022831,W,stage,binned,is_no_resp
707,1,L,A,A,4,8,pos,1,5,8,7.00000000,4,False,-0.12121212,W,stage,binned,is_no_resp
707,1,L,A,A,4,5,pos,3,1,-250,4.00000000,1,False,0.04054054,W,stage,binned,is_no_resp
707,1,L,A,A,4,8,pos,3,1,65,10.00000000,6,False,0.03000000,W,stage,binned,is_no_resp
707,1,L,A,A,4,8,pos,3,2,32,12.00000000,7,False,0.03921569,W,stage,binned,is_no_resp
707,1,L,A,A,4,8,pos,3,3,-250,5.00000000,2,False,0.05300353,W,stage,binned,is_no_resp
707,1,L,A,A,4,8,pos,3,4,-76,2.00000000,1,False,-0.08333333,W,stage,binned,is_no_resp
707,1,L,A,A,4,8,pos,3,5,-172,3.00000000,1,False,-0.01449275,W,stage,binned,is_no_resp
707,1,L,A,A,4,5,pos,4,1,-250,1.00000000,0,False,-0.11111111,W,stage,binned,is_no_resp
707,1,L,A,A,4,8,pos,4,1,-250,4.00000000,1,False,-0.00534759,W,stage,binned,is_no_resp
707,1,L,A,A,4,8,pos,4,2,-223,4.00000000,1,False,0.00000000,W,stage,binned,is_no_resp
707,1,L,A,A,4,8,pos,4,3,-250,2.00000000,0,False,0.36363636,W,stage,binned,is_no_resp
707,1,L,A,A,4,8,pos,4,4,-250,2.00000000,0,False,-0.13333333,W,stage,binned,is_no_resp
707,1,L,A,A,4,8,pos,4,5,-250,2.00000000,0,False,-0.29032258,W,stage,binned,is_no_resp
707,1,L,A,A,5,8,pos,1,1,-91,6.00000000,3,False,0.10280374,W,stage,binned,is_no_resp
707,1,L,A,A,5,8,pos,1,2,-208,4.00000000,1,False,0.02298851,W,stage,binned,is_no_resp
707,1,L,A,A,5,8,pos,1,3,-202,3.00000000,1,False,0.05970149,W,stage,binned,is_no_resp
707,1,L,A,A,5,8,pos,1,4,-250,2.00000000,0,False,-0.43589744,W,stage,binned,is_no_resp
707,1,L,A,A,5,8,pos,1,5,-250,2.00000000,0,False,-0.05000000,W,stage,binned,is_no_resp
709,2,L,A,A,1,3,pos,1,1,35,61.00000000,49,False,0.02129940,W,stage,binned,is_no_resp
709,2,L,A,A,1,3,pos,1,2,-52,42.00000000,32,False,0.01772255,W,stage,binned,is_no_resp
709,2,L,A,A,1,3,pos,1,3,107,22.00000000,15,False,0.00376294,W,stage,binned,is_no_resp
709,2,L,A,A,1,3,pos,1,4,203,52.00000000,40,False,0.00777161,W,stage,binned,is_no_resp
709,2,L,A,A,1,5,pos,1,1,-175,187.00000000,170,False,0.00500261,W,stage,binned,is_no_resp
709,2,L,A,A,1,5,pos,1,2,-121,141.00000000,123,False,-0.00691649,W,stage,binned,is_no_resp
709,2,L,A,A,1,7,pos,1,1,86,242.00000000,220,False,0.01031458,W,stage,binned,is_no_resp
709,2,L,A,A,1,7,pos,1,2,44,80.00000000,68,False,0.01241083,W,stage,binned,is_no_resp
709,2,L,A,A,1,7,pos,1,3,86,94.00000000,79,False,0.01553989,W,stage,binned,is_no_resp
709,2,L,A,A,1,7,pos,1,4,-70,49.00000000,38,False,-0.00258933,W,stage,binned,is_no_resp
709,2,L,A,A,1,3,pos,4,1,44,19.00000000,13,False,0.02578168,W,stage,binned,is_no_resp
709,2,L,A,A,1,3,pos,4,2,2,19.00000000,12,False,0.01622832,W,stage,binned,is_no_resp
709,2,L,A,A,1,3,pos,4,3,-199,7.00000000,3,False,-0.00836820,W,stage,binned,is_no_resp
709,2,L,A,A,1,3,pos,4,4,-193,18.00000000,12,False,-0.01124859,W,stage,binned,is_no_resp
709,2,L,A,A,1,5,pos,4,1,-37,47.00000000,39,False,-0.02201705,W,stage,binned,is_no_resp
709,2,L,A,A,1,5,pos,4,2,-85,39.00000000,31,False,-0.00735786,W,stage,binned,is_no_resp
709,2,L,A,A,1,7,pos,4,1,182,65.00000000,57,False,0.01621131,W,stage,binned,is_no_resp
709,2,L,A,A,1,7,pos,4,2,-34,25.00000000,18,False,0.01568335,W,stage,binned,is_no_resp
709,2,L,A,A,1,7,pos,4,3,-61,29.00000000,23,False,0.02112676,W,stage,binned,is_no_resp
709,2,L,A,A,1,7,pos,4,4,-145,19.00000000,12,False,0.01289961,W,stage,binned,is_no_resp
709,2,L,A,A,1,3,pos,5,1,119,22.00000000,16,False,-0.01057471,W,stage,binned,is_no_resp
709,2,L,A,A,1,3,pos,5,2,-61,21.00000000,14,False,0.00473037,W,stage,binned,is_no_resp
709,2,L,A,A,1,3,pos,5,3,-151,8.00000000,4,False,-0.03754266,W,stage,binned,is_no_resp
709,2,L,A,A,1,3,pos,5,4,-223,22.00000000,14,False,-0.00563380,W,stage,binned,is_no_resp
709,2,L,A,A,1,5,pos,5,1,-97,56.00000000,46,False,-0.00708604,W,stage,binned,is_no_resp
709,2,L,A,A,1,5,pos,5,2,-220,45.00000000,37,False,-0.02168847,W,stage,binned,is_no_resp
709,2,L,A,A,1,7,pos,5,1,5,87.00000000,73,False,0.02202340,W,stage,binned,is_no_resp
709,2,L,A,A,1,7,pos,5,2,-7,30.00000000,23,False,0.03408399,W,stage,binned,is_no_resp
709,2,L,A,A,1,7,pos,5,3,-31,34.00000000,26,False,-0.01560434,W,stage,binned,is_no_resp
709,2,L,A,A,1,7,pos,5,4,137,24.00000000,18,False,0.01643192,W,stage,binned,is_no_resp
709,2,L,A,A,3,5,pos,1,1,-232,17.00000000,11,False,-0.04166667,W,stage,binned,is_no_resp
709,2,L,A,A,3,5,pos,1,2,-4,15.00000000,13,False,-0.02169035,W,stage,binned,is_no_resp
709,2,L,A,A,3,7,pos,1,1,80,25.00000000,18,False,-0.00151400,W,stage,binned,is_no_resp
709,2,L,A,A,3,7,pos,1,2,-250,12.00000000,7,False,-0.04293194,W,stage,binned,is_no_resp
709,2,L,A,A,3,7,pos,1,3,-148,15.00000000,9,False,-0.02698760,W,stage,binned,is_no_resp
709,2,L,A,A,3,7,pos,1,4,-250,9.00000000,5,False,-0.10610932,W,stage,binned,is_no_resp
709,2,L,A,A,3,5,pos,2,1,-250,10.00000000,6,False,-0.03793627,W,stage,binned,is_no_resp
709,2,L,A,A,3,5,pos,2,2,-250,12.00000000,8,False,0.02083333,W,stage,binned,is_no_resp
709,2,L,A,A,3,7,pos,2,1,218,17.00000000,12,False,0.01529412,W,stage,binned,is_no_resp
709,2,L,A,A,3,7,pos,2,2,-250,8.00000000,5,False,-0.03069467,W,stage,binned,is_no_resp
709,2,L,A,A,3,7,pos,2,3,-250,11.00000000,7,False,-0.01430143,W,stage,binned,is_no_resp
709,2,L,A,A,3,7,pos,2,4,-250,7.00000000,3,False,-0.09333333,W,stage,binned,is_no_resp
709,2,L,A,A,3,5,pos,3,1,-13,8.00000000,6,False,-0.05693950,W,stage,binned,is_no_resp
709,2,L,A,A,3,5,pos,3,2,-13,7.00000000,4,False,0.01061571,W,stage,binned,is_no_resp
709,2,L,A,A,3,7,pos,3,1,-202,9.00000000,5,False,0.01798064,W,stage,binned,is_no_resp
709,2,L,A,A,3,7,pos,3,2,164,4.00000000,2,False,0.08056872,W,stage,binned,is_no_resp
709,2,L,A,A,3,7,pos,3,3,-13,6.00000000,3,False,0.06321839,W,stage,binned,is_no_resp
709,2,L,A,A,3,7,pos,3,4,-184,3.00000000,1,False,-0.07964602,W,stage,binned,is_no_resp
709,2,L,A,A,3,5,pos,4,1,-88,16.00000000,10,False,-0.05153203,W,stage,binned,is_no_resp
709,2,L,A,A,3,5,pos,4,2,-61,13.00000000,9,False,-0.06082290,W,stage,binned,is_no_resp
709,2,L,A,A,3,7,pos,4,1,-208,21.00000000,15,False,-0.00085763,W,stage,binned,is_no_resp
709,2,L,A,A,3,7,pos,4,2,-28,9.00000000,5,False,0.03750000,W,stage,binned,is_no_resp
709,2,L,A,A,3,7,pos,4,3,143,11.00000000,6,False,0.01951780,W,stage,binned,is_no_resp
709,2,L,A,A,3,7,pos,4,4,-232,7.00000000,3,False,-0.07192575,W,stage,binned,is_no_resp
709,2,L,A,A,5,7,pos,1,1,-202,64.00000000,55,False,0.01280261,W,stage,binned,is_no_resp
709,2,L,A,A,5,7,pos,1,2,-61,22.00000000,16,False,-0.01574074,W,stage,binned,is_no_resp
709,2,L,A,A,5,7,pos,1,3,-97,27.00000000,19,False,-0.01550388,W,stage,binned,is_no_resp
709,2,L,A,A,5,7,pos,1,4,-250,14.00000000,8,False,-0.01238646,W,stage,binned,is_no_resp
709,2,L,A,A,5,7,pos,2,1,-250,46.00000000,41,False,0.01092637,W,stage,binned,is_no_resp
709,2,L,A,A,5,7,pos,2,2,-13,18.00000000,12,False,0.02376600,W,stage,binned,is_no_resp
709,2,L,A,A,5,7,pos,2,3,-241,21.00000000,15,False,0.01119570,W,stage,binned,is_no_resp
709,2,L,A,A,5,7,pos,2,4,-250,12.00000000,10,False,-0.05303761,W,stage,binned,is_no_resp
710,1,L,A,A,1,3,pos,1,1,-250,4.00000000,1,False,-0.06410256,W,stage,binned,is_no_resp
710,1,L,A,A,1,3,pos,1,2,-112,5.00000000,2,False,0.02456140,W,stage,binned,is_no_resp
710,1,L,A,A,1,3,pos,1,3,-250,2.00000000,0,False,0.20000000,W,stage,binned,is_no_resp
710,1,L,A,A,1,8,pos,1,1,-145,8.00000000,4,False,-0.01669759,W,stage,binned,is_no_resp
710,1,L,A,A,1,8,pos,1,3,-250,6.00000000,2,False,-0.04451039,W,stage,binned,is_no_resp
710,1,L,A,A,1,8,pos,1,4,-250,1.00000000,0,False,0.33333333,W,stage,binned,is_no_resp
710,1,L,A,A,1,3,pos,2,1,-25,4.00000000,2,False,-0.14438503,W,stage,binned,is_no_resp
710,1,L,A,A,1,3,pos,2,2,-7,6.00000000,4,False,0.00000000,W,stage,binned,is_no_resp
710,1,L,A,A,1,3,pos,2,3,-250,1.00000000,0,False,0.16129032,W,stage,binned,is_no_resp
710,1,L,A,A,1,8,pos,2,1,-10,8.00000000,5,False,0.10396975,W,stage,binned,is_no_resp
710,1,L,A,A,1,8,pos,2,3,53,6.00000000,3,False,0.06989247,W,stage,binned,is_no_resp
710,1,L,A,A,1,8,pos,2,4,-250,1.00000000,0,False,-0.20000000,W,stage,binned,is_no_resp
710,1,L,A,A,1,3,pos,3,1,-37,3.00000000,1,False,-0.11578947,W,stage,binned,is_no_resp
710,1,L,A,A,1,3,pos,3,2,-250,3.00000000,1,False,0.07042254,W,stage,binned,is_no_resp
710,1,L,A,A,1,3,pos,3,3,-250,1.00000000,0,False,0.13043478,W,stage,binned,is_no_resp
710,1,L,A,A,1,8,pos,3,1,-88,5.00000000,2,False,0.12195122,W,stage,binned,is_no_resp
710,1,L,A,A,1,8,pos,3,3,224,4.00000000,2,False,0.08994709,W,stage,binned,is_no_resp
710,1,L,A,A,1,8,pos,3,4,-250,1.00000000,0,False,0.00000000,W,stage,binned,is_no_resp
710,1,L,A,A,1,3,pos,4,1,-250,2.00000000,0,False,0.21951220,W,stage,binned,is_no_resp
710,1,L,A,A,1,3,pos,4,2,-250,2.00000000,0,False,0.11428571,W,stage,binned,is_no_resp
710,1,L,A,A,1,3,pos,4,3,-250,1.00000000,0,False,0.33333333,W,stage,binned,is_no_resp
710,1,L,A,A,1,8,pos,4,1,-208,4.00000000,1,False,0.04294479,W,stage,binned,is_no_resp
710,1,L,A,A,1,8,pos,4,3,-103,3.00000000,1,False,0.11827957,W,stage,binned,is_no_resp
710,1,L,A,A,1,8,pos,4,4,-250,0.00000000,0,False,1.00000000,W,stage,binned,is_no_resp
710,1,L,A,A,1,3,pos,5,1,-250,2.00000000,0,False,-0.08695652,W,stage,binned,is_no_resp
710,1,L,A,A,1,3,pos,5,2,-40,3.00000000,1,False,0.13684211,W,stage,binned,is_no_resp
710,1,L,A,A,1,3,pos,5,3,-250,1.00000000,0,False,0.40000000,W,stage,binned,is_no_resp
710,1,L,A,A,1,8,pos,5,1,-166,3.00000000,1,False,0.07352941,W,stage,binned,is_no_resp
710,1,L,A,A,1,8,pos,5,3,-190,3.00000000,1,False,-0.02752294,W,stage,binned,is_no_resp
710,1,L,A,A,1,8,pos,5,4,-250,0.00000000,0,False,-1.00000000,W,stage,binned,is_no_resp
710,1,L,A,A,1,3,pos,6,1,-250,1.00000000,0,False,0.00000000,W,stage,binned,is_no_resp
710,1,L,A,A,1,3,pos,6,2,-250,1.00000000,0,False,0.11111111,W,stage,binned,is_no_resp
710,1,L,A,A,1,3,pos,6,3,-250,1.00000000,0,False,0.11111111,W,stage,binned,is_no_resp
710,1,L,A,A,1,8,pos,6,1,-250,2.00000000,0,False,-0.04166667,W,stage,binned,is_no_resp
710,1,L,A,A,1,8,pos,6,3,-250,2.00000000,0,False,-0.24137931,W,stage,binned,is_no_resp
710,1,L,A,A,1,8,pos,6,4,-250,0.00000000,0,False,0.00000000,W,stage,binned,is_no_resp
710,1,L,A,A,3,8,pos,1,1,-4,6.00000000,4,False,0.00313480,W,stage,binned,is_no_resp
710,1,L,A,A,3,8,pos,1,3,-130,5.00000000,2,False,0.16438356,W,stage,binned,is_no_resp
710,1,L,A,A,3,8,pos,1,4,-250,1.00000000,0,False,0.00000000,W,stage,binned,is_no_resp
710,1,L,A,A,3,8,pos,2,1,-16,8.00000000,7,False,-0.07773852,W,stage,binned,is_no_resp
710,1,L,A,A,3,8,pos,2,3,-1,7.00000000,4,False,0.05361305,W,stage,binned,is_no_resp
710,1,L,A,A,3,8,pos,2,4,-250,1.00000000,0,False,-0.14285714,W,stage,binned,is_no_resp
710,1,L,A,A,3,8,pos,3,1,-250,2.00000000,0,False,-0.03030303,W,stage,binned,is_no_resp
710,1,L,A,A,3,8,pos,3,3,-250,2.00000000,0,False,-0.04615385,W,stage,binned,is_no_resp
710,1,L,A,A,3,8,pos,3,4,-250,0.00000000,0,False,1.00000000,W,stage,binned,is_no_resp
710,1,R,A,A,41,42,pos,1,2,56,8.00000000,4,False,0.05283019,W,stage,binned,is_no_resp
710,1,R,A,A,41,42,pos,1,3,-205,4.00000000,1,False,0.02564103,W,stage,binned,is_no_resp
710,1,R,A,A,41,42,pos,1,4,-124,5.00000000,2,False,-0.02173913,W,stage,binned,is_no_resp
710,1,R,A,A,41,43,pos,1,1,-178,16.00000000,10,False,0.03667820,W,stage,binned,is_no_resp
710,1,R,A,A,41,43,pos,1,2,-211,4.00000000,1,False,0.09933775,W,stage,binned,is_no_resp
710,1,R,A,A,41,43,pos,1,3,125,9.00000000,5,False,0.03828484,W,stage,binned,is_no_resp
710,1,R,A,A,41,43,pos,1,4,53,9.00000000,5,False,0.01732283,W,stage,binned,is_no_resp
710,1,R,A,A,41,43,pos,1,5,-250,1.00000000,0,False,0.00000000,W,stage,binned,is_no_resp
710,1,R,A,A,41,44,pos,1,1,-7,10.00000000,7,False,0.06989247,W,stage,binned,is_no_resp
710,1,R,A,A,41,44,pos,1,2,-208,8.00000000,4,False,-0.03584229,W,stage,binned,is_no_resp
710,1,R,A,A,41,44,pos,1,3,-226,4.00000000,1,False,0.10447761,W,stage,binned,is_no_resp
710,1,R,A,A,41,44,pos,1,4,-250,2.00000000,0,False,0.02777778,W,stage,binned,is_no_resp
710,1,R,A,A,41,46,pos,1,2,-28,11.00000000,8,False,0.01191766,W,stage,binned,is_no_resp
710,1,R,A,A,41,46,pos,1,4,-97,4.00000000,2,False,-0.10599078,W,stage,binned,is_no_resp
710,1,R,A,A,41,46,pos,1,5,-250,2.00000000,0,False,0.19230769,W,stage,binned,is_no_resp
710,1,R,A,A,41,42,pos,2,2,-238,3.00000000,1,False,0.10204082,W,stage,binned,is_no_resp
710,1,R,A,A,41,42,pos,2,3,-250,2.00000000,0,False,-0.02040816,W,stage,binned,is_no_resp
710,1,R,A,A,41,42,pos,2,4,-250,2.00000000,0,False,-0.33333333,W,stage,binned,is_no_resp
710,1,R,A,A,41,43,pos,2,1,164,6.00000000,3,False,0.04972376,W,stage,binned,is_no_resp
710,1,R,A,A,41,43,pos,2,2,-250,2.00000000,0,False,0.25000000,W,stage,binned,is_no_resp
710,1,R,A,A,41,43,pos,2,3,224,4.00000000,2,False,0.10344828,W,stage,binned,is_no_resp
710,1,R,A,A,41,43,pos,2,4,-166,4.00000000,1,False,0.07428571,W,stage,binned,is_no_resp
710,1,R,A,A,41,43,pos,2,5,-250,0.00000000,0,False,-1.00000000,W,stage,binned,is_no_resp
710,1,R,A,A,41,44,pos,2,1,-28,4.00000000,2,False,0.03030303,W,stage,binned,is_no_resp
710,1,R,A,A,41,44,pos,2,2,-190,4.00000000,1,False,0.24503311,W,stage,binned,is_no_resp
710,1,R,A,A,41,44,pos,2,3,-250,2.00000000,0,False,0.10204082,W,stage,binned,is_no_resp
710,1,R,A,A,41,44,pos,2,4,-250,1.00000000,0,False,0.30000000,W,stage,binned,is_no_resp
710,1,R,A,A,41,46,pos,2,2,-250,5.00000000,2,False,-0.11551155,W,stage,binned,is_no_resp
710,1,R,A,A,41,46,pos,2,4,-250,2.00000000,0,False,-0.07692308,W,stage,binned,is_no_resp
710,1,R,A,A,41,46,pos,2,5,-250,1.00000000,0,False,0.33333333,W,stage,binned,is_no_resp
710,1,R,A,A,41,42,pos,3,2,-91,4.00000000,1,False,0.16778523,W,stage,binned,is_no_resp
710,1,R,A,A,41,42,pos,3,3,-250,2.00000000,0,False,-0.02127660,W,stage,binned,is_no_resp
710,1,R,A,A,41,42,pos,3,4,77,2.00000000,1,False,0.01408451,W,stage,binned,is_no_resp
710,1,R,A,A,41,43,pos,3,1,-250,6.00000000,3,False,-0.05940594,W,stage,binned,is_no_resp
710,1,R,A,A,41,43,pos,3,2,-250,2.00000000,0,False,0.03030303,W,stage,binned,is_no_resp
710,1,R,A,A,41,43,pos,3,3,-238,4.00000000,1,False,0.05882353,W,stage,binned,is_no_resp
710,1,R,A,A,41,43,pos,3,4,-226,4.00000000,1,False,-0.02197802,W,stage,binned,is_no_resp
710,1,R,A,A,41,43,pos,3,5,-250,1.00000000,0,False,-1.00000000,W,stage,binned,is_no_resp
710,1,R,A,A,41,44,pos,3,1,23,5.00000000,2,False,0.05309735,W,stage,binned,is_no_resp
710,1,R,A,A,41,44,pos,3,2,-163,4.00000000,1,False,0.09090909,W,stage,binned,is_no_resp
710,1,R,A,A,41,44,pos,3,3,-250,2.00000000,0,False,0.35000000,W,stage,binned,is_no_resp
710,1,R,A,A,41,44,pos,3,4,-250,1.00000000,0,False,-0.14285714,W,stage,binned,is_no_resp
710,1,R,A,A,41,46,pos,3,2,-49,5.00000000,2,False,0.04687500,W,stage,binned,is_no_resp
710,1,R,A,A,41,46,pos,3,4,-250,2.00000000,0,False,-0.22222222,W,stage,binned,is_no_resp
710,1,R,A,A,41,46,pos,3,5,-250,1.00000000,0,False,0.14285714,W,stage,binned,is_no_resp
710,1,R,A,A,41,42,pos,4,2,179,3.00000000,1,False,0.08235294,W,stage,binned,is_no_resp
710,1,R,A,A,41,42,pos,4,3,-250,2.00000000,0,False,0.21739130,W,stage,binned,is_no_resp
710,1,R,A,A,41,42,pos,4,4,-250,2.00000000,0,False,-0.15555556,W,stage,binned,is_no_resp
710,1,R,A,A,41,43,pos,4,1,-70,5.00000000,2,False,0.10437710,W,stage,binned,is_no_resp
710,1,R,A,A,41,43,pos,4,2,-250,1.00000000,0,False,0.04347826,W,stage,binned,is_no_resp
710,1,R,A,A,41,43,pos,4,3,-184,3.00000000,1,False,-0.12068966,W,stage,binned,is_no_resp
710,1,R,A,A,41,43,pos,4,4,-241,3.00000000,1,False,0.05882353,W,stage,binned,is_no_resp
710,1,R,A,A,41,43,pos,4,5,-250,0.00000000,0,False,0.00000000,W,stage,binned,is_no_resp
710,1,R,A,A,41,44,pos,4,1,-205,3.00000000,1,False,0.06666667,W,stage,binned,is_no_resp
710,1,R,A,A,41,44,pos,4,2,-220,3.00000000,1,False,0.03921569,W,stage,binned,is_no_resp
710,1,R,A,A,41,44,pos,4,3,-250,1.00000000,0,False,0.28000000,W,stage,binned,is_no_resp
710,1,R,A,A,41,44,pos,4,4,-250,1.00000000,0,False,0.33333333,W,stage,binned,is_no_resp
710,1,R,A,A,41,46,pos,4,2,-226,4.00000000,1,False,0.04864865,W,stage,binned,is_no_resp
710,1,R,A,A,41,46,pos,4,4,-250,2.00000000,0,False,-0.08474576,W,stage,binned,is_no_resp
710,1,R,A,A,41,46,pos,4,5,-250,1.00000000,0,False,0.20000000,W,stage,binned,is_no_resp
710,1,R,A,A,41,42,pos,5,2,-250,1.00000000,0,False,0.50000000,W,stage,binned,is_no_resp
710,1,R,A,A,41,42,pos,5,3,-250,0.00000000,0,False,0.33333333,W,stage,binned,is_no_resp
710,1,R,A,A,41,42,pos,5,4,-250,1.00000000,0,False,-1.00000000,W,stage,binned,is_no_resp
710,1,R,A,A,41,43,pos,5,1,-250,1.00000000,0,False,0.75000000,W,stage,binned,is_no_resp
710,1,R,A,A,41,43,pos,5,2,-250,1.00000000,0,False,-1.00000000,W,stage,binned,is_no_resp
710,1,R,A,A,41,43,pos,5,3,-250,0.00000000,0,False,0.33333333,W,stage,binned,is_no_resp
710,1,R,A,A,41,43,pos,5,4,-250,1.00000000,0,False,0.00000000,W,stage,binned,is_no_resp
710,1,R,A,A,41,43,pos,5,5,-250,0.00000000,0,False,0.00000000,W,stage,binned,is_no_resp
710,1,R,A,A,41,44,pos,5,1,-250,1.00000000,0,False,0.50000000,W,stage,binned,is_no_resp
710,1,R,A,A,41,44,pos,5,2,-250,0.00000000,0,False,1.00000000,W,stage,binned,is_no_resp
710,1,R,A,A,41,44,pos,5,3,-250,1.00000000,0,False,-1.00000000,W,stage,binned,is_no_resp
710,1,R,A,A,41,44,pos,5,4,-250,0.00000000,0,False,0.00000000,W,stage,binned,is_no_resp
710,1,R,A,A,41,46,pos,5,2,-250,1.00000000,0,False,0.60000000,W,stage,binned,is_no_resp
710,1,R,A,A,41,46,pos,5,4,-250,1.00000000,0,False,0.33333333,W,stage,binned,is_no_resp
710,1,R,A,A,41,46,pos,5,5,-250,0.00000000,0,False,0.00000000,W,stage,binned,is_no_resp
710,1,R,A,A,42,43,pos,2,1,-181,5.00000000,2,False,-0.08641975,W,stage,binned,is_no_resp
710,1,R,A,A,42,43,pos,2,2,-250,1.00000000,0,False,0.14285714,W,stage,binned,is_no_resp
710,1,R,A,A,42,43,pos,2,3,-4,3.00000000,1,False,0.15966387,W,stage,binned,is_no_resp
710,1,R,A,A,42,43,pos,2,4,-250,3.00000000,1,False,0.04065041,W,stage,binned,is_no_resp
710,1,R,A,A,42,43,pos,2,5,-250,1.00000000,0,False,1.00000000,W,stage,binned,is_no_resp
710,1,R,A,A,42,44,pos,2,1,-4,4.00000000,2,False,-0.00653595,W,stage,binned,is_no_resp
710,1,R,A,A,42,44,pos,2,2,-88,3.00000000,1,False,0.05263158,W,stage,binned,is_no_resp
710,1,R,A,A,42,44,pos,2,3,-250,1.00000000,0,False,-0.03703704,W,stage,binned,is_no_resp
710,1,R,A,A,42,44,pos,2,4,-250,1.00000000,0,False,0.27272727,W,stage,binned,is_no_resp
710,1,R,A,A,42,46,pos,2,2,248,3.00000000,2,False,-0.07772021,W,stage,binned,is_no_resp
710,1,R,A,A,42,46,pos,2,4,-250,2.00000000,0,False,-0.02702703,W,stage,binned,is_no_resp
710,1,R,A,A,42,46,pos,2,5,-250,1.00000000,0,False,-1.00000000,W,stage,binned,is_no_resp
710,1,R,A,A,42,43,pos,3,1,-157,3.00000000,1,False,0.08823529,W,stage,binned,is_no_resp
710,1,R,A,A,42,43,pos,3,2,-250,1.00000000,0,False,0.00000000,W,stage,binned,is_no_resp
710,1,R,A,A,42,43,pos,3,3,-250,2.00000000,0,False,0.05084746,W,stage,binned,is_no_resp
710,1,R,A,A,42,43,pos,3,4,-250,2.00000000,0,False,0.18518519,W,stage,binned,is_no_resp
710,1,R,A,A,42,43,pos,3,5,-250,0.00000000,0,False,-1.00000000,W,stage,binned,is_no_resp
710,1,R,A,A,42,44,pos,3,1,-250,2.00000000,0,False,0.12000000,W,stage,binned,is_no_resp
710,1,R,A,A,42,44,pos,3,2,-250,2.00000000,0,False,-0.10344828,W,stage,binned,is_no_resp
710,1,R,A,A,42,44,pos,3,3,-250,1.00000000,0,False,-0.20000000,W,stage,binned,is_no_resp
710,1,R,A,A,42,44,pos,3,4,-250,1.00000000,0,False,1.00000000,W,stage,binned,is_no_resp
710,1,R,A,A,42,46,pos,3,2,44,3.00000000,1,False,-0.05263158,W,stage,binned,is_no_resp
710,1,R,A,A,42,46,pos,3,4,-250,1.00000000,0,False,-0.33333333,W,stage,binned,is_no_resp
710,1,R,A,A,42,46,pos,3,5,-250,1.00000000,0,False,1.00000000,W,stage,binned,is_no_resp
710,1,R,A,A,42,43,pos,4,1,-250,4.00000000,1,False,-0.10429448,W,stage,binned,is_no_resp
710,1,R,A,A,42,43,pos,4,2,-250,1.00000000,0,False,-0.53846154,W,stage,binned,is_no_resp
710,1,R,A,A,42,43,pos,4,3,-250,2.00000000,0,False,0.14754098,W,stage,binned,is_no_resp
710,1,R,A,A,42,43,pos,4,4,-250,2.00000000,0,False,0.20000000,W,stage,binned,is_no_resp
710,1,R,A,A,42,43,pos,4,5,-250,0.00000000,0,False,1.00000000,W,stage,binned,is_no_resp
710,1,R,A,A,42,44,pos,4,1,-79,3.00000000,1,False,0.00000000,W,stage,binned,is_no_resp
710,1,R,A,A,42,44,pos,4,2,-250,2.00000000,0,False,0.10344828,W,stage,binned,is_no_resp
710,1,R,A,A,42,44,pos,4,3,-250,1.00000000,0,False,0.44444444,W,stage,binned,is_no_resp
710,1,R,A,A,42,44,pos,4,4,-250,1.00000000,0,False,-0.14285714,W,stage,binned,is_no_resp
710,1,R,A,A,42,46,pos,4,2,77,3.00000000,1,False,0.11111111,W,stage,binned,is_no_resp
710,1,R,A,A,42,46,pos,4,4,-250,1.00000000,0,False,0.41666667,W,stage,binned,is_no_resp
710,1,R,A,A,42,46,pos,4,5,-250,1.00000000,0,False,-0.33333333,W,stage,binned,is_no_resp
710,1,R,A,A,43,44,pos,1,1,-112,7.00000000,3,False,-0.02059497,W,stage,binned,is_no_resp
710,1,R,A,A,43,44,pos,1,2,14,5.00000000,3,False,0.08965517,W,stage,binned,is_no_resp
710,1,R,A,A,43,44,pos,1,3,-10,3.00000000,1,False,0.09090909,W,stage,binned,is_no_resp
710,1,R,A,A,43,44,pos,1,4,-250,2.00000000,0,False,0.14285714,W,stage,binned,is_no_resp
710,1,R,A,A,43,46,pos,1,2,-241,8.00000000,4,False,-0.01158301,W,stage,binned,is_no_resp
710,1,R,A,A,43,46,pos,1,4,-250,3.00000000,1,False,-0.01562500,W,stage,binned,is_no_resp
710,1,R,A,A,43,46,pos,1,5,-250,1.00000000,0,False,-0.20000000,W,stage,binned,is_no_resp
710,1,R,A,A,43,44,pos,2,1,-250,2.00000000,1,False,0.10714286,W,stage,binned,is_no_resp
710,1,R,A,A,43,44,pos,2,2,-250,1.00000000,0,False,-0.13333333,W,stage,binned,is_no_resp
710,1,R,A,A,43,44,pos,2,3,-250,1.00000000,0,False,0.00000000,W,stage,binned,is_no_resp
710,1,R,A,A,43,44,pos,2,4,-250,0.00000000,0,False,1.00000000,W,stage,binned,is_no_resp
710,1,R,A,A,43,46,pos,2,2,-250,2.00000000,0,False,0.09433962,W,stage,binned,is_no_resp
710,1,R,A,A,43,46,pos,2,4,-250,1.00000000,0,False,0.42857143,W,stage,binned,is_no_resp
710,1,R,A,A,43,46,pos,2,5,-250,1.00000000,0,False,0.00000000,W,stage,binned,is_no_resp
710,1,R,A,A,43,44,pos,3,1,-166,4.00000000,1,False,0.09876543,W,stage,binned,is_no_resp
710,1,R,A,A,43,44,pos,3,2,-61,3.00000000,1,False,0.05882353,W,stage,binned,is_no_resp
710,1,R,A,A,43,44,pos,3,3,-250,2.00000000,0,False,-0.17647059,W,stage,binned,is_no_resp
710,1,R,A,A,43,44,pos,3,4,-250,1.00000000,0,False,-0.11111111,W,stage,binned,is_no_resp
710,1,R,A,A,43,46,pos,3,2,-22,5.00000000,2,False,-0.00389105,W,stage,binned,is_no_resp
710,1,R,A,A,43,46,pos,3,4,-250,2.00000000,0,False,0.23404255,W,stage,binned,is_no_resp
710,1,R,A,A,43,46,pos,3,5,-250,1.00000000,0,False,0.20000000,W,stage,binned,is_no_resp
710,1,R,A,A,43,44,pos,4,1,-28,4.00000000,2,False,0.01075269,W,stage,binned,is_no_resp
710,1,R,A,A,43,44,pos,4,2,-250,3.00000000,1,False,0.16417910,W,stage,binned,is_no_resp
710,1,R,A,A,43,44,pos,4,3,-250,1.00000000,0,False,0.00000000,W,stage,binned,is_no_resp
710,1,R,A,A,43,44,pos,4,4,-250,1.00000000,0,False,-0.75000000,W,stage,binned,is_no_resp
710,1,R,A,A,43,46,pos,4,2,-157,5.00000000,2,False,-0.08730159,W,stage,binned,is_no_resp
710,1,R,A,A,43,46,pos,4,4,-250,2.00000000,0,False,-0.15384615,W,stage,binned,is_no_resp
710,1,R,A,A,43,46,pos,4,5,-250,1.00000000,0,False,-1.00000000,W,stage,binned,is_no_resp
710,1,R,A,A,43,44,pos,5,1,-250,1.00000000,0,False,-0.33333333,W,stage,binned,is_no_resp
710,1,R,A,A,43,44,pos,5,2,-250,1.00000000,0,False,-1.00000000,W,stage,binned,is_no_resp
710,1,R,A,A,43,44,pos,5,3,-250,0.00000000,0,False,1.00000000,W,stage,binned,is_no_resp
710,1,R,A,A,43,44,pos,5,4,-250,0.00000000,0,False,-1.00000000,W,stage,binned,is_no_resp
710,1,R,A,A,43,46,pos,5,2,-250,1.00000000,0,False,-1.00000000,W,stage,binned,is_no_resp
710,1,R,A,A,43,46,pos,5,4,-250,0.00000000,0,False,0.00000000,W,stage,binned,is_no_resp
710,1,R,A,A,43,46,pos,5,5,-250,0.00000000,0,False,0.00000000,W,stage,binned,is_no_resp
710,1,R,A,A,44,46,pos,1,2,-37,5.00000000,3,False,-0.10791367,W,stage,binned,is_no_resp
710,1,R,A,A,44,46,pos,1,4,-250,2.00000000,0,False,-0.04615385,W,stage,binned,is_no_resp
710,1,R,A,A,44,46,pos,1,5,-250,1.00000000,0,False,-0.27272727,W,stage,binned,is_no_resp
710,1,R,A,A,44,46,pos,2,2,-250,4.00000000,1,False,-0.10734463,W,stage,binned,is_no_resp
710,1,R,A,A,44,46,pos,2,4,-250,2.00000000,0,False,-0.17948718,W,stage,binned,is_no_resp
710,1,R,A,A,44,46,pos,2,5,-250,1.00000000,0,False,0.33333333,W,stage,binned,is_no_resp
710,1,R,A,A,44,46,pos,3,2,-235,2.00000000,1,False,-0.14285714,W,stage,binned,is_no_resp
710,1,R,A,A,44,46,pos,3,4,-250,1.00000000,0,False,0.16666667,W,stage,binned,is_no_resp
710,1,R,A,A,44,46,pos,3,5,-250,0.00000000,0,False,0.33333333,W,stage,binned,is_no_resp
710,1,R,A,A,44,46,pos,4,2,-250,1.00000000,0,False,-0.60000000,W,stage,binned,is_no_resp
710,1,R,A,A,44,46,pos,4,4,-250,1.00000000,0,False,0.20000000,W,stage,binned,is_no_resp
710,1,R,A,A,44,46,pos,4,5,-250,0.00000000,0,False,-1.00000000,W,stage,binned,is_no_resp
716,2,R,A,A,41,42,pos,1,1,203,53.00000000,49,False,0.02240934,W,stage,binned,is_no_resp
716,2,R,A,A,41,42,pos,1,3,53,31.00000000,24,False,0.03016505,W,stage,binned,is_no_resp
716,2,R,A,A,41,42,pos,1,4,-46,16.00000000,11,False,0.01675978,W,stage,binned,is_no_resp
716,2,R,A,A,41,42,pos,1,5,-7,32.00000000,24,False,0.02938659,W,stage,binned,is_no_resp
716,2,R,A,A,41,42,pos,1,6,-88,21.00000000,14,False,0.00000000,W,stage,binned,is_no_resp
716,2,R,A,A,41,42,pos,1,7,-181,26.00000000,18,False,0.00762250,W,stage,binned,is_no_resp
716,2,R,A,A,41,42,pos,1,8,-91,21.00000000,14,False,0.00000000,W,stage,binned,is_no_resp
716,2,R,A,A,41,42,pos,1,9,203,14.00000000,9,False,-0.01010101,W,stage,binned,is_no_resp
716,2,R,A,A,41,42,pos,1,10,-169,16.00000000,11,False,-0.01336728,W,stage,binned,is_no_resp
716,2,R,A,A,41,42,pos,1,11,-22,6.00000000,3,False,0.00817439,W,stage,binned,is_no_resp
716,2,R,A,A,41,45,pos,1,1,80,22.00000000,14,False,0.02542765,W,stage,binned,is_no_resp
716,2,R,A,A,41,45,pos,1,3,-202,28.00000000,21,False,0.00955414,W,stage,binned,is_no_resp
716,2,R,A,A,41,45,pos,1,4,74,35.00000000,27,False,0.02240121,W,stage,binned,is_no_resp
716,2,R,A,A,41,45,pos,1,5,-37,14.00000000,9,False,-0.01261564,W,stage,binned,is_no_resp
716,2,R,A,A,41,45,pos,1,6,-109,8.00000000,5,False,-0.02027027,W,stage,binned,is_no_resp
716,2,R,A,A,41,45,pos,1,10,-22,9.00000000,5,False,0.00000000,W,stage,binned,is_no_resp
716,2,R,A,A,41,48,pos,1,3,-217,18.00000000,12,False,0.00526624,W,stage,binned,is_no_resp
716,2,R,A,A,41,48,pos,1,4,-172,20.00000000,14,False,-0.02992126,W,stage,binned,is_no_resp
716,2,R,A,A,41,48,pos,1,5,-22,12.00000000,7,False,-0.02263374,W,stage,binned,is_no_resp
716,2,R,A,A,41,48,pos,1,7,62,4.00000000,2,False,0.10101010,W,stage,binned,is_no_resp
716,2,R,A,A,41,42,pos,3,1,-235,35.00000000,29,False,0.00995475,W,stage,binned,is_no_resp
716,2,R,A,A,41,42,pos,3,3,-250,19.00000000,14,False,0.01019913,W,stage,binned,is_no_resp
716,2,R,A,A,41,42,pos,3,4,-61,11.00000000,7,False,0.02644231,W,stage,binned,is_no_resp
716,2,R,A,A,41,42,pos,3,5,-7,22.00000000,20,False,0.00646353,W,stage,binned,is_no_resp
716,2,R,A,A,41,42,pos,3,6,56,14.00000000,9,False,0.04052936,W,stage,binned,is_no_resp
716,2,R,A,A,41,42,pos,3,7,-184,16.00000000,11,False,0.01277139,W,stage,binned,is_no_resp
716,2,R,A,A,41,42,pos,3,8,-13,14.00000000,8,False,0.08456844,W,stage,binned,is_no_resp
716,2,R,A,A,41,42,pos,3,9,-13,9.00000000,6,False,-0.02906977,W,stage,binned,is_no_resp
716,2,R,A,A,41,42,pos,3,10,-115,11.00000000,6,False,-0.02050663,W,stage,binned,is_no_resp
716,2,R,A,A,41,42,pos,3,11,-4,6.00000000,3,False,0.05813953,W,stage,binned,is_no_resp
716,2,R,A,A,41,45,pos,3,1,-58,14.00000000,8,False,0.03307888,W,stage,binned,is_no_resp
716,2,R,A,A,41,45,pos,3,3,197,19.00000000,13,False,0.02175066,W,stage,binned,is_no_resp
716,2,R,A,A,41,45,pos,3,4,26,23.00000000,17,False,0.01772152,W,stage,binned,is_no_resp
716,2,R,A,A,41,45,pos,3,5,-4,11.00000000,9,False,-0.01595092,W,stage,binned,is_no_resp
716,2,R,A,A,41,45,pos,3,6,242,6.00000000,3,False,-0.01474926,W,stage,binned,is_no_resp
716,2,R,A,A,41,45,pos,3,10,-250,6.00000000,3,False,-0.01654846,W,stage,binned,is_no_resp
716,2,R,A,A,41,48,pos,3,3,2,13.00000000,10,False,-0.00277521,W,stage,binned,is_no_resp
716,2,R,A,A,41,48,pos,3,4,26,13.00000000,8,False,0.03723887,W,stage,binned,is_no_resp
716,2,R,A,A,41,48,pos,3,5,113,8.00000000,4,False,0.06400000,W,stage,binned,is_no_resp
716,2,R,A,A,41,48,pos,3,7,-214,3.00000000,1,False,0.09677419,W,stage,binned,is_no_resp
716,2,R,A,A,41,42,pos,5,1,164,51.00000000,46,False,0.04306220,W,stage,binned,is_no_resp
716,2,R,A,A,41,42,pos,5,3,-250,27.00000000,21,False,0.01814447,W,stage,binned,is_no_resp
716,2,R,A,A,41,42,pos,5,4,-10,15.00000000,10,False,0.01055807,W,stage,binned,is_no_resp
716,2,R,A,A,41,42,pos,5,5,8,29.00000000,22,False,0.01027717,W,stage,binned,is_no_resp
716,2,R,A,A,41,42,pos,5,6,-226,19.00000000,13,False,-0.01298701,W,stage,binned,is_no_resp
716,2,R,A,A,41,42,pos,5,7,74,23.00000000,16,False,0.02183406,W,stage,binned,is_no_resp
716,2,R,A,A,41,42,pos,5,8,-115,17.00000000,12,False,-0.00868486,W,stage,binned,is_no_resp
716,2,R,A,A,41,42,pos,5,9,119,13.00000000,8,False,0.01042654,W,stage,binned,is_no_resp
716,2,R,A,A,41,42,pos,5,10,227,15.00000000,10,False,0.03295129,W,stage,binned,is_no_resp
716,2,R,A,A,41,42,pos,5,11,-193,5.00000000,2,False,-0.05600000,W,stage,binned,is_no_resp
716,2,R,A,A,41,45,pos,5,1,-130,19.00000000,13,False,-0.01482702,W,stage,binned,is_no_resp
716,2,R,A,A,41,45,pos,5,3,-235,25.01000000,21,False,-0.01992883,W,stage,binned,is_no_resp
716,2,R,A,A,41,45,pos,5,4,71,32.00000000,25,False,-0.02035204,W,stage,binned,is_no_resp
716,2,R,A,A,41,45,pos,5,5,-250,12.00000000,7,False,0.01851852,W,stage,binned,is_no_resp
716,2,R,A,A,41,45,pos,5,6,-250,7.00000000,3,False,0.08196721,W,stage,binned,is_no_resp
716,2,R,A,A,41,45,pos,5,10,-133,8.00000000,4,False,-0.01136364,W,stage,binned,is_no_resp
716,2,R,A,A,41,48,pos,5,3,131,17.00000000,12,False,0.02745577,W,stage,binned,is_no_resp
716,2,R,A,A,41,48,pos,5,4,131,18.00000000,12,False,0.02722323,W,stage,binned,is_no_resp
716,2,R,A,A,41,48,pos,5,5,-22,11.00000000,6,False,0.03147700,W,stage,binned,is_no_resp
716,2,R,A,A,41,48,pos,5,7,-109,4.00000000,2,False,0.04597701,W,stage,binned,is_no_resp
716,2,R,A,A,41,42,pos,6,1,-250,9.00000000,5,False,-0.05801105,W,stage,binned,is_no_resp
716,2,R,A,A,41,42,pos,6,3,-37,6.00000000,3,False,-0.03206997,W,stage,binned,is_no_resp
716,2,R,A,A,41,42,pos,6,4,-250,3.00000000,1,False,0.09876543,W,stage,binned,is_no_resp
716,2,R,A,A,41,42,pos,6,5,-40,6.00000000,3,False,0.00000000,W,stage,binned,is_no_resp
716,2,R,A,A,41,42,pos,6,6,-187,4.00000000,2,False,-0.18181818,W,stage,binned,is_no_resp
716,2,R,A,A,41,42,pos,6,7,-238,5.00000000,2,False,0.04838710,W,stage,binned,is_no_resp
716,2,R,A,A,41,42,pos,6,8,-250,4.00000000,1,False,-0.03703704,W,stage,binned,is_no_resp
716,2,R,A,A,41,42,pos,6,9,239,3.00000000,1,False,-0.00990099,W,stage,binned,is_no_resp
716,2,R,A,A,41,42,pos,6,10,-250,4.00000000,1,False,-0.00662252,W,stage,binned,is_no_resp
716,2,R,A,A,41,42,pos,6,11,-70,3.00000000,1,False,-0.29113924,W,stage,binned,is_no_resp
716,2,R,A,A,41,45,pos,6,1,-250,4.00000000,2,False,-0.13170732,W,stage,binned,is_no_resp
716,2,R,A,A,41,45,pos,6,3,-250,5.00000000,2,False,-0.00343643,W,stage,binned,is_no_resp
716,2,R,A,A,41,45,pos,6,4,-250,6.00000000,3,False,0.00000000,W,stage,binned,is_no_resp
716,2,R,A,A,41,45,pos,6,5,-229,3.01000000,1,False,-0.12195122,W,stage,binned,is_no_resp
716,2,R,A,A,41,45,pos,6,6,-250,2.00000000,1,False,0.03703704,W,stage,binned,is_no_resp
716,2,R,A,A,41,45,pos,6,10,-142,2.00000000,1,False,-0.17647059,W,stage,binned,is_no_resp
716,2,R,A,A,41,48,pos,6,3,-211,4.00000000,1,False,0.03750000,W,stage,binned,is_no_resp
716,2,R,A,A,41,48,pos,6,4,-250,4.00000000,1,False,-0.02380952,W,stage,binned,is_no_resp
716,2,R,A,A,41,48,pos,6,5,-52,3.00000000,1,False,-0.08163265,W,stage,binned,is_no_resp
716,2,R,A,A,41,48,pos,6,7,-250,2.00000000,0,False,-0.23809524,W,stage,binned,is_no_resp
716,2,R,A,A,41,42,pos,7,1,50,8.00000000,4,False,0.06204380,W,stage,binned,is_no_resp
716,2,R,A,A,41,42,pos,7,3,-232,5.00000000,2,False,0.10370370,W,stage,binned,is_no_resp
716,2,R,A,A,41,42,pos,7,4,74,3.00000000,1,False,0.08510638,W,stage,binned,is_no_resp
716,2,R,A,A,41,42,pos,7,5,-7,7.00000000,10,True,-0.00722892,W,stage,binned,is_no_resp
716,2,R,A,A,41,42,pos,7,6,119,4.00000000,2,False,0.04950495,W,stage,binned,is_no_resp
716,2,R,A,A,41,42,pos,7,7,-250,4.00000000,2,False,0.07826087,W,stage,binned,is_no_resp
716,2,R,A,A,41,42,pos,7,8,-229,3.00000000,1,False,0.15151515,W,stage,binned,is_no_resp
716,2,R,A,A,41,42,pos,7,9,-244,3.00000000,1,False,-0.04132231,W,stage,binned,is_no_resp
716,2,R,A,A,41,42,pos,7,10,77,3.00000000,1,False,0.21495327,W,stage,binned,is_no_resp
716,2,R,A,A,41,42,pos,7,11,-13,3.00000000,2,False,-0.04000000,W,stage,binned,is_no_resp
716,2,R,A,A,41,45,pos,7,1,152,3.00000000,1,False,0.25714286,W,stage,binned,is_no_resp
716,2,R,A,A,41,45,pos,7,3,-16,5.00000000,4,False,0.03030303,W,stage,binned,is_no_resp
716,2,R,A,A,41,45,pos,7,4,-31,6.00000000,3,False,0.01607717,W,stage,binned,is_no_resp
716,2,R,A,A,41,45,pos,7,5,-10,4.00000000,4,False,0.01935484,W,stage,binned,is_no_resp
716,2,R,A,A,41,45,pos,7,6,-250,2.00000000,0,False,0.14285714,W,stage,binned,is_no_resp
716,2,R,A,A,41,45,pos,7,10,-250,2.00000000,0,False,-0.05084746,W,stage,binned,is_no_resp
716,2,R,A,A,41,48,pos,7,3,-1,5.00000000,6,True,0.10400000,W,stage,binned,is_no_resp
716,2,R,A,A,41,48,pos,7,4,-250,4.00000000,1,False,0.05590062,W,stage,binned,is_no_resp
716,2,R,A,A,41,48,pos,7,5,-250,2.00000000,0,False,0.00000000,W,stage,binned,is_no_resp
716,2,R,A,A,41,48,pos,7,7,-250,1.00000000,0,False,0.28571429,W,stage,binned,is_no_resp
716,2,R,A,A,42,45,pos,1,1,-100,84.00000000,69,False,0.01065111,W,stage,binned,is_no_resp
716,2,R,A,A,42,45,pos,1,3,11,121.00000000,105,False,0.00308794,W,stage,binned,is_no_resp
716,2,R,A,A,42,45,pos,1,4,-136,148.00000000,132,False,-0.00380414,W,stage,binned,is_no_resp
716,2,R,A,A,42,45,pos,1,5,-49,48.00000000,36,False,0.00659184,W,stage,binned,is_no_resp
716,2,R,A,A,42,45,pos,1,6,182,27.00000000,19,False,0.03601695,W,stage,binned,is_no_resp
716,2,R,A,A,42,45,pos,1,10,-40,30.00000000,22,False,0.00247219,W,stage,binned,is_no_resp
716,2,R,A,A,42,48,pos,1,3,-10,67.00000000,54,False,-0.01134444,W,stage,binned,is_no_resp
716,2,R,A,A,42,48,pos,1,4,-250,74.00000000,60,False,0.00640205,W,stage,binned,is_no_resp
716,2,R,A,A,42,48,pos,1,5,50,42.00000000,31,False,0.02232422,W,stage,binned,is_no_resp
716,2,R,A,A,42,48,pos,1,7,-61,13.00000000,8,False,0.01149425,W,stage,binned,is_no_resp
716,2,R,A,A,42,45,pos,3,1,131,42.00000000,31,False,0.04261183,W,stage,binned,is_no_resp
716,2,R,A,A,42,45,pos,3,3,-37,58.00000000,48,False,0.00209526,W,stage,binned,is_no_resp
716,2,R,A,A,42,45,pos,3,4,-238,69.00000000,60,False,-0.01321777,W,stage,binned,is_no_resp
716,2,R,A,A,42,45,pos,3,5,-160,25.00000000,18,False,-0.01986755,W,stage,binned,is_no_resp
716,2,R,A,A,42,45,pos,3,6,-235,14.00000000,8,False,0.05128205,W,stage,binned,is_no_resp
716,2,R,A,A,42,45,pos,3,10,-217,16.00000000,11,False,0.01428571,W,stage,binned,is_no_resp
716,2,R,A,A,42,48,pos,3,3,-13,34.00000000,27,False,-0.01777313,W,stage,binned,is_no_resp
716,2,R,A,A,42,48,pos,3,4,128,38.00000000,29,False,0.00558919,W,stage,binned,is_no_resp
716,2,R,A,A,42,48,pos,3,5,-10,21.00000000,16,False,-0.01913876,W,stage,binned,is_no_resp
716,2,R,A,A,42,48,pos,3,7,-250,7.00000000,3,False,-0.04979253,W,stage,binned,is_no_resp
716,2,R,A,A,42,45,pos,4,1,-85,24.00000000,16,False,-0.00841751,W,stage,binned,is_no_resp
716,2,R,A,A,42,45,pos,4,3,38,28.00000000,21,False,-0.00471380,W,stage,binned,is_no_resp
716,2,R,A,A,42,45,pos,4,4,-37,34.00000000,26,False,-0.00476443,W,stage,binned,is_no_resp
716,2,R,A,A,42,45,pos,4,5,-67,14.00000000,8,False,-0.03608247,W,stage,binned,is_no_resp
716,2,R,A,A,42,45,pos,4,6,-85,8.00000000,4,False,0.05132743,W,stage,binned,is_no_resp
716,2,R,A,A,42,45,pos,4,10,-121,9.00000000,5,False,-0.04587156,W,stage,binned,is_no_resp
716,2,R,A,A,42,48,pos,4,3,-4,18.00000000,14,False,-0.01670644,W,stage,binned,is_no_resp
716,2,R,A,A,42,48,pos,4,4,137,18.00000000,12,False,0.05094787,W,stage,binned,is_no_resp
716,2,R,A,A,42,48,pos,4,5,-250,12.00000000,6,False,-0.01944729,W,stage,binned,is_no_resp
716,2,R,A,A,42,48,pos,4,7,-244,4.00000000,1,False,-0.11956522,W,stage,binned,is_no_resp
716,2,R,A,A,42,45,pos,5,1,-154,44.00000000,34,False,0.00749568,W,stage,binned,is_no_resp
716,2,R,A,A,42,45,pos,5,3,119,60.00000000,48,False,0.01953388,W,stage,binned,is_no_resp
716,2,R,A,A,42,45,pos,5,4,-61,76.00000000,62,False,0.00061665,W,stage,binned,is_no_resp
716,2,R,A,A,42,45,pos,5,5,-1,26.00000000,20,False,0.02575423,W,stage,binned,is_no_resp
716,2,R,A,A,42,45,pos,5,6,-115,15.00000000,9,False,-0.00152207,W,stage,binned,is_no_resp
716,2,R,A,A,42,45,pos,5,10,-229,17.00000000,10,False,0.00450741,W,stage,binned,is_no_resp
716,2,R,A,A,42,48,pos,5,3,-4,37.00000000,40,True,0.02337786,W,stage,binned,is_no_resp
716,2,R,A,A,42,48,pos,5,4,-7,40.00000000,30,False,-0.00248363,W,stage,binned,is_no_resp
716,2,R,A,A,42,48,pos,5,5,-124,22.00000000,15,False,0.00000000,W,stage,binned,is_no_resp
716,2,R,A,A,42,48,pos,5,7,-223,7.00000000,3,False,0.07096774,W,stage,binned,is_no_resp
716,2,R,A,A,42,45,pos,6,1,-178,28.00000000,21,False,-0.00792602,W,stage,binned,is_no_resp
716,2,R,A,A,42,45,pos,6,3,-250,36.00000000,27,False,0.01490452,W,stage,binned,is_no_resp
716,2,R,A,A,42,45,pos,6,4,8,48.00000000,38,False,0.00501643,W,stage,binned,is_no_resp
716,2,R,A,A,42,45,pos,6,5,-43,17.00000000,10,False,0.05193951,W,stage,binned,is_no_resp
716,2,R,A,A,42,45,pos,6,6,44,10.00000000,6,False,0.03684211,W,stage,binned,is_no_resp
716,2,R,A,A,42,45,pos,6,10,-85,11.00000000,6,False,0.02107728,W,stage,binned,is_no_resp
716,2,R,A,A,42,48,pos,6,3,-7,23.00000000,16,False,0.01572461,W,stage,binned,is_no_resp
716,2,R,A,A,42,48,pos,6,4,-229,24.00000000,17,False,-0.04016064,W,stage,binned,is_no_resp
716,2,R,A,A,42,48,pos,6,5,-55,15.00000000,11,False,-0.05682657,W,stage,binned,is_no_resp
716,2,R,A,A,42,48,pos,6,7,-130,5.00000000,3,False,-0.12587413,W,stage,binned,is_no_resp
716,2,R,A,A,42,45,pos,7,1,107,37.00000000,28,False,0.02531646,W,stage,binned,is_no_resp
716,2,R,A,A,42,45,pos,7,3,35,48.00000000,38,False,0.03145317,W,stage,binned,is_no_resp
716,2,R,A,A,42,45,pos,7,4,-157,59.00000000,49,False,-0.01784749,W,stage,binned,is_no_resp
716,2,R,A,A,42,45,pos,7,5,8,21.00000000,14,False,0.03108041,W,stage,binned,is_no_resp
716,2,R,A,A,42,45,pos,7,6,-166,12.00000000,7,False,0.00495540,W,stage,binned,is_no_resp
716,2,R,A,A,42,45,pos,7,10,-250,13.00000000,8,False,-0.01413428,W,stage,binned,is_no_resp
716,2,R,A,A,42,48,pos,7,3,-250,28.00000000,20,False,-0.03114187,W,stage,binned,is_no_resp
716,2,R,A,A,42,48,pos,7,4,-178,30.00000000,21,False,-0.01177200,W,stage,binned,is_no_resp
716,2,R,A,A,42,48,pos,7,5,-34,18.00000000,11,False,0.03026634,W,stage,binned,is_no_resp
716,2,R,A,A,42,48,pos,7,7,-250,6.00000000,2,False,-0.07255521,W,stage,binned,is_no_resp
716,2,R,A,A,42,45,pos,8,1,125,28.00000000,20,False,0.01256614,W,stage,binned,is_no_resp
716,2,R,A,A,42,45,pos,8,3,-232,35.00000000,26,False,-0.01709190,W,stage,binned,is_no_resp
716,2,R,A,A,42,45,pos,8,4,-166,45.00000000,36,False,-0.00422872,W,stage,binned,is_no_resp
716,2,R,A,A,42,45,pos,8,5,-40,16.00000000,11,False,-0.02794819,W,stage,binned,is_no_resp
716,2,R,A,A,42,45,pos,8,6,-61,10.00000000,5,False,0.01086957,W,stage,binned,is_no_resp
716,2,R,A,A,42,45,pos,8,10,11,11.00000000,6,False,0.02837684,W,stage,binned,is_no_resp
716,2,R,A,A,42,48,pos,8,3,-19,22.00000000,15,False,-0.00277778,W,stage,binned,is_no_resp
716,2,R,A,A,42,48,pos,8,4,-1,24.00000000,17,False,0.02388797,W,stage,binned,is_no_resp
716,2,R,A,A,42,48,pos,8,5,-73,14.00000000,9,False,-0.01902399,W,stage,binned,is_no_resp
716,2,R,A,A,42,48,pos,8,7,-151,5.00000000,2,False,-0.03846154,W,stage,binned,is_no_resp
716,2,R,A,A,42,45,pos,9,1,-250,16.00000000,10,False,-0.00512164,W,stage,binned,is_no_resp
716,2,R,A,A,42,45,pos,9,3,-190,23.00000000,17,False,-0.01082431,W,stage,binned,is_no_resp
716,2,R,A,A,42,45,pos,9,4,-208,28.00000000,21,False,0.00224431,W,stage,binned,is_no_resp
716,2,R,A,A,42,45,pos,9,5,101,11.00000000,7,False,-0.02242152,W,stage,binned,is_no_resp
716,2,R,A,A,42,45,pos,9,6,-250,7.00000000,3,False,-0.02803738,W,stage,binned,is_no_resp
716,2,R,A,A,42,45,pos,9,10,-205,7.00000000,3,False,-0.04477612,W,stage,binned,is_no_resp
716,2,R,A,A,42,48,pos,9,3,-82,15.00000000,10,False,-0.00232739,W,stage,binned,is_no_resp
716,2,R,A,A,42,48,pos,9,4,-67,16.00000000,10,False,-0.01139601,W,stage,binned,is_no_resp
716,2,R,A,A,42,48,pos,9,5,62,10.00000000,6,False,-0.01608579,W,stage,binned,is_no_resp
716,2,R,A,A,42,48,pos,9,7,-250,3.00000000,1,False,0.11724138,W,stage,binned,is_no_resp
716,2,R,A,A,42,45,pos,10,1,-79,23.00000000,16,False,0.02339430,W,stage,binned,is_no_resp
716,2,R,A,A,42,45,pos,10,3,50,28.00000000,20,False,0.00910624,W,stage,binned,is_no_resp
716,2,R,A,A,42,45,pos,10,4,-145,34.00000000,25,False,-0.01978370,W,stage,binned,is_no_resp
716,2,R,A,A,42,45,pos,10,5,-181,13.00000000,9,False,-0.04436229,W,stage,binned,is_no_resp
716,2,R,A,A,42,45,pos,10,6,-16,8.00000000,5,False,-0.01063830,W,stage,binned,is_no_resp
716,2,R,A,A,42,45,pos,10,10,-58,9.00000000,5,False,-0.01737757,W,stage,binned,is_no_resp
716,2,R,A,A,42,48,pos,10,3,-112,18.00000000,13,False,-0.04415274,W,stage,binned,is_no_resp
716,2,R,A,A,42,48,pos,10,4,-250,18.00000000,12,False,-0.03432228,W,stage,binned,is_no_resp
716,2,R,A,A,42,48,pos,10,5,-184,11.00000000,6,False,0.03315508,W,stage,binned,is_no_resp
716,2,R,A,A,42,48,pos,10,7,-4,4.00000000,2,False,0.03883495,W,stage,binned,is_no_resp
716,2,R,A,A,42,45,pos,11,1,158,4.00000000,2,False,0.09604520,W,stage,binned,is_no_resp
716,2,R,A,A,42,45,pos,11,3,-250,8.00000000,3,False,-0.00187617,W,stage,binned,is_no_resp
716,2,R,A,A,42,45,pos,11,4,-235,12.00000000,6,False,-0.01886792,W,stage,binned,is_no_resp
716,2,R,A,A,42,45,pos,11,5,-145,6.00000000,3,False,-0.07920792,W,stage,binned,is_no_resp
716,2,R,A,A,42,45,pos,11,6,-145,3.00000000,1,False,-0.03937008,W,stage,binned,is_no_resp
716,2,R,A,A,42,45,pos,11,10,-241,4.00000000,1,False,-0.34351145,W,stage,binned,is_no_resp
716,2,R,A,A,42,48,pos,11,3,-7,7.00000000,5,False,-0.04035874,W,stage,binned,is_no_resp
716,2,R,A,A,42,48,pos,11,4,-25,8.00000000,5,False,-0.10169492,W,stage,binned,is_no_resp
716,2,R,A,A,42,48,pos,11,5,-1,3.00000000,1,False,0.18032787,W,stage,binned,is_no_resp
716,2,R,A,A,42,48,pos,11,7,-250,2.00000000,0,False,-0.25373134,W,stage,binned,is_no_resp
716,2,R,A,A,45,48,pos,1,3,-226,23.00000000,16,False,0.00683761,W,stage,binned,is_no_resp
716,2,R,A,A,45,48,pos,1,4,-85,25.00000000,17,False,-0.03974563,W,stage,binned,is_no_resp
716,2,R,A,A,45,48,pos,1,5,-13,15.00000000,10,False,0.02663787,W,stage,binned,is_no_resp
716,2,R,A,A,45,48,pos,1,7,-250,5.00000000,2,False,-0.00740741,W,stage,binned,is_no_resp
716,2,R,A,A,45,48,pos,3,3,170,33.00000000,24,False,0.02816901,W,stage,binned,is_no_resp
716,2,R,A,A,45,48,pos,3,4,-40,35.00000000,25,False,0.00607287,W,stage,binned,is_no_resp
716,2,R,A,A,45,48,pos,3,5,-211,20.00000000,14,False,-0.01082677,W,stage,binned,is_no_resp
716,2,R,A,A,45,48,pos,3,7,-163,7.00000000,3,False,0.00000000,W,stage,binned,is_no_resp
716,2,R,A,A,45,48,pos,4,3,-133,39.00000000,29,False,-0.01983508,W,stage,binned,is_no_resp
716,2,R,A,A,45,48,pos,4,4,-16,44.00000000,35,False,-0.00564312,W,stage,binned,is_no_resp
716,2,R,A,A,45,48,pos,4,5,-250,24.00000000,18,False,0.03085150,W,stage,binned,is_no_resp
716,2,R,A,A,45,48,pos,4,7,-139,8.00000000,4,False,-0.03825137,W,stage,binned,is_no_resp
716,2,R,A,A,45,48,pos,5,3,-16,15.00000000,10,False,-0.00593472,W,stage,binned,is_no_resp
716,2,R,A,A,45,48,pos,5,4,-67,15.00000000,10,False,-0.00751880,W,stage,binned,is_no_resp
716,2,R,A,A,45,48,pos,5,5,-169,10.00000000,5,False,-0.02370990,W,stage,binned,is_no_resp
716,2,R,A,A,45,48,pos,5,7,-229,3.00000000,1,False,0.08609272,W,stage,binned,is_no_resp
716,2,R,A,A,45,48,pos,6,3,-28,9.00000000,5,False,-0.07843137,W,stage,binned,is_no_resp
716,2,R,A,A,45,48,pos,6,4,-250,9.00000000,6,False,-0.03607504,W,stage,binned,is_no_resp
716,2,R,A,A,45,48,pos,6,5,23,6.00000000,3,False,-0.01104972,W,stage,binned,is_no_resp
716,2,R,A,A,45,48,pos,6,7,-250,3.00000000,0,False,0.09589041,W,stage,binned,is_no_resp
716,2,R,A,A,45,48,pos,10,3,-250,10.00000000,5,False,0.02688172,W,stage,binned,is_no_resp
716,2,R,A,A,45,48,pos,10,4,-13,10.00000000,6,False,-0.07493540,W,stage,binned,is_no_resp
716,2,R,A,A,45,48,pos,10,5,-127,7.00000000,3,False,0.00240964,W,stage,binned,is_no_resp
716,2,R,A,A,45,48,pos,10,7,-250,3.00000000,0,False,-0.10869565,W,stage,binned,is_no_resp
711,1,L,A,A,2,4,pos,1,3,-13,3.00000000,4,True,-0.07692308,W,stage,binned,is_no_resp
711,1,L,A,A,2,4,pos,1,4,-250,1.00000000,0,False,-0.50000000,W,stage,binned,is_no_resp
711,1,L,A,A,2,6,pos,1,3,-250,3.00000000,0,False,0.03296703,W,stage,binned,is_no_resp
711,1,L,A,A,2,6,pos,1,5,-250,2.00000000,0,False,0.27659574,W,stage,binned,is_no_resp
711,1,L,A,A,2,7,pos,1,2,-250,2.00000000,0,False,0.12676056,W,stage,binned,is_no_resp
711,1,L,A,A,2,8,pos,1,2,-250,3.00000000,1,False,-0.02564103,W,stage,binned,is_no_resp
711,1,L,A,A,2,8,pos,1,5,-250,1.00000000,0,False,-0.50000000,W,stage,binned,is_no_resp
711,1,L,A,A,4,6,pos,3,3,-127,3.00000000,1,False,0.02439024,W,stage,binned,is_no_resp
711,1,L,A,A,4,6,pos,3,5,-250,2.00000000,1,False,-0.16279070,W,stage,binned,is_no_resp
711,1,L,A,A,4,7,pos,3,2,-250,2.00000000,0,False,0.18309859,W,stage,binned,is_no_resp
711,1,L,A,A,4,8,pos,3,2,-250,3.00000000,1,False,-0.15277778,W,stage,binned,is_no_resp
711,1,L,A,A,4,8,pos,3,5,-250,1.00000000,0,False,-0.60000000,W,stage,binned,is_no_resp
711,1,L,A,A,4,6,pos,4,3,-250,1.00000000,0,False,0.14285714,W,stage,binned,is_no_resp
711,1,L,A,A,4,6,pos,4,5,-250,1.00000000,0,False,0.33333333,W,stage,binned,is_no_resp
711,1,L,A,A,4,7,pos,4,2,-250,1.00000000,0,False,-0.25000000,W,stage,binned,is_no_resp
711,1,L,A,A,4,8,pos,4,2,-250,1.00000000,0,False,0.00000000,W,stage,binned,is_no_resp
711,1,L,A,A,4,8,pos,4,5,-250,1.00000000,0,False,-0.33333333,W,stage,binned,is_no_resp
711,1,L,A,A,6,7,pos,3,2,-250,4.00000000,1,False,0.14851485,W,stage,binned,is_no_resp
711,1,L,A,A,6,8,pos,3,2,-4,9.00000000,10,True,-0.02431611,W,stage,binned,is_no_resp
711,1,L,A,A,6,8,pos,3,5,-250,2.00000000,0,False,0.29824561,W,stage,binned,is_no_resp
711,1,L,A,A,6,7,pos,5,2,-250,3.00000000,0,False,0.07865169,W,stage,binned,is_no_resp
711,1,L,A,A,6,8,pos,5,2,-10,6.00000000,4,False,0.01923077,W,stage,binned,is_no_resp
711,1,L,A,A,6,8,pos,5,5,-250,1.00000000,0,False,0.11111111,W,stage,binned,is_no_resp
711,1,L,A,A,7,8,pos,2,2,-229,6.00000000,2,False,-0.09734513,W,stage,binned,is_no_resp
711,1,L,A,A,7,8,pos,2,5,-250,2.00000000,0,False,0.15000000,W,stage,binned,is_no_resp
712,3,R,A,A,49,50,pos,1,1,5,15.00000000,13,False,-0.00219459,W,stage,binned,is_no_resp
712,3,R,A,A,49,50,pos,1,2,8,12.00000000,11,False,0.02354145,W,stage,binned,is_no_resp
712,3,R,A,A,49,50,pos,1,3,26,3.00000000,2,False,0.16666667,W,stage,binned,is_no_resp
712,3,R,A,A,49,50,pos,1,4,20,6.00000000,12,True,0.25414365,W,stage,binned,is_no_resp
712,3,R,A,A,49,52,pos,1,1,-4,18.00000000,13,False,0.01331719,W,stage,binned,is_no_resp
712,3,R,A,A,49,52,pos,1,3,-7,12.00000000,9,False,-0.02588686,W,stage,binned,is_no_resp
712,3,R,A,A,49,52,pos,1,4,-7,12.00000000,8,False,-0.03012048,W,stage,binned,is_no_resp
712,3,R,A,A,49,52,pos,1,5,-1,6.00000000,5,False,0.06229508,W,stage,binned,is_no_resp
712,3,R,A,A,49,53,pos,1,1,-7,8.00000000,5,False,0.10820896,W,stage,binned,is_no_resp
712,3,R,A,A,49,53,pos,1,2,-7,9.00000000,7,False,0.01857585,W,stage,binned,is_no_resp
712,3,R,A,A,49,53,pos,1,3,-109,14.00000000,9,False,-0.07416880,W,stage,binned,is_no_resp
712,3,R,A,A,49,53,pos,1,4,-13,5.00000000,3,False,0.00000000,W,stage,binned,is_no_resp
712,3,R,A,A,49,56,pos,1,1,8,14.00000000,9,False,-0.02092050,W,stage,binned,is_no_resp
712,3,R,A,A,49,56,pos,1,2,-223,7.00000000,3,False,-0.06392694,W,stage,binned,is_no_resp
712,3,R,A,A,49,56,pos,1,3,-238,5.00000000,2,False,0.04029304,W,stage,binned,is_no_resp
712,3,R,A,A,50,52,pos,1,1,-7,25.00000000,21,False,-0.02400000,W,stage,binned,is_no_resp
712,3,R,A,A,50,52,pos,1,3,-1,18.00000000,12,False,0.00187149,W,stage,binned,is_no_resp
712,3,R,A,A,50,52,pos,1,4,-40,18.00000000,14,False,-0.03033839,W,stage,binned,is_no_resp
712,3,R,A,A,50,52,pos,1,5,-7,7.00000000,5,False,-0.06443914,W,stage,binned,is_no_resp
712,3,R,A,A,50,53,pos,1,1,-10,12.00000000,9,False,0.02596054,W,stage,binned,is_no_resp
712,3,R,A,A,50,53,pos,1,2,-4,14.00000000,11,False,0.08602151,W,stage,binned,is_no_resp
712,3,R,A,A,50,53,pos,1,3,2,20.00000000,23,True,0.09783184,W,stage,binned,is_no_resp
712,3,R,A,A,50,53,pos,1,4,-19,6.00000000,4,False,-0.00831025,W,stage,binned,is_no_resp
712,3,R,A,A,50,56,pos,1,1,-1,21.00000000,15,False,-0.02191235,W,stage,binned,is_no_resp
712,3,R,A,A,50,56,pos,1,2,-61,11.00000000,6,False,-0.04797980,W,stage,binned,is_no_resp
712,3,R,A,A,50,56,pos,1,3,80,7.00000000,4,False,0.02083333,W,stage,binned,is_no_resp
712,3,R,A,A,50,52,pos,2,1,-22,18.00000000,13,False,-0.02489867,W,stage,binned,is_no_resp
712,3,R,A,A,50,52,pos,2,3,-31,13.00000000,9,False,-0.01326260,W,stage,binned,is_no_resp
712,3,R,A,A,50,52,pos,2,4,-49,14.00000000,10,False,-0.01865369,W,stage,binned,is_no_resp
712,3,R,A,A,50,52,pos,2,5,-4,6.00000000,4,False,-0.03821656,W,stage,binned,is_no_resp
712,3,R,A,A,50,53,pos,2,1,-7,9.00000000,6,False,0.06188925,W,stage,binned,is_no_resp
712,3,R,A,A,50,53,pos,2,2,-22,10.00000000,7,False,0.01866667,W,stage,binned,is_no_resp
712,3,R,A,A,50,53,pos,2,3,2,14.00000000,16,True,0.05799373,W,stage,binned,is_no_resp
712,3,R,A,A,50,53,pos,2,4,-1,5.00000000,5,False,-0.01234568,W,stage,binned,is_no_resp
712,3,R,A,A,50,56,pos,2,1,26,15.00000000,10,False,0.00924499,W,stage,binned,is_no_resp
712,3,R,A,A,50,56,pos,2,2,-91,8.00000000,4,False,-0.03313840,W,stage,binned,is_no_resp
712,3,R,A,A,50,56,pos,2,3,-76,6.00000000,3,False,0.04024768,W,stage,binned,is_no_resp
712,3,R,A,A,50,52,pos,3,1,-94,2.00000000,1,False,-0.10810811,W,stage,binned,is_no_resp
712,3,R,A,A,50,52,pos,3,3,-250,2.00000000,0,False,-0.04166667,W,stage,binned,is_no_resp
712,3,R,A,A,50,52,pos,3,4,-250,2.00000000,0,False,0.00000000,W,stage,binned,is_no_resp
712,3,R,A,A,50,52,pos,3,5,-250,1.00000000,0,False,0.26315789,W,stage,binned,is_no_resp
712,3,R,A,A,50,53,pos,3,1,-250,1.00000000,0,False,0.05882353,W,stage,binned,is_no_resp
712,3,R,A,A,50,53,pos,3,2,-250,1.00000000,0,False,-0.04761905,W,stage,binned,is_no_resp
712,3,R,A,A,50,53,pos,3,3,-7,2.00000000,1,False,0.28301887,W,stage,binned,is_no_resp
712,3,R,A,A,50,53,pos,3,4,-250,1.00000000,0,False,-0.16666667,W,stage,binned,is_no_resp
712,3,R,A,A,50,56,pos,3,1,-250,2.00000000,0,False,-0.02325581,W,stage,binned,is_no_resp
712,3,R,A,A,50,56,pos,3,2,-250,1.00000000,0,False,-0.09090909,W,stage,binned,is_no_resp
712,3,R,A,A,50,56,pos,3,3,-250,1.00000000,0,False,0.33333333,W,stage,binned,is_no_resp
712,3,R,A,A,50,52,pos,4,1,-19,6.00000000,6,False,-0.06818182,W,stage,binned,is_no_resp
712,3,R,A,A,50,52,pos,4,3,-13,4.00000000,3,False,-0.05732484,W,stage,binned,is_no_resp
712,3,R,A,A,50,52,pos,4,4,-22,4.00000000,2,False,-0.12230216,W,stage,binned,is_no_resp
712,3,R,A,A,50,52,pos,4,5,-13,3.00000000,4,True,-0.39784946,W,stage,binned,is_no_resp
712,3,R,A,A,50,53,pos,4,1,-10,3.00000000,3,False,0.13636364,W,stage,binned,is_no_resp
712,3,R,A,A,50,53,pos,4,2,-7,3.00000000,4,True,0.11711712,W,stage,binned,is_no_resp
712,3,R,A,A,50,53,pos,4,3,-1,5.00000000,8,True,0.28063241,W,stage,binned,is_no_resp
712,3,R,A,A,50,53,pos,4,4,-34,3.00000000,3,False,-0.39534884,W,stage,binned,is_no_resp
712,3,R,A,A,50,56,pos,4,1,14,5.00000000,5,False,0.08928571,W,stage,binned,is_no_resp
712,3,R,A,A,50,56,pos,4,2,5,3.00000000,1,False,-0.01369863,W,stage,binned,is_no_resp
712,3,R,A,A,50,56,pos,4,3,-250,2.00000000,0,False,-0.23076923,W,stage,binned,is_no_resp
712,3,R,A,A,52,53,pos,1,1,-4,12.00000000,8,False,-0.00603622,W,stage,binned,is_no_resp
712,3,R,A,A,52,53,pos,1,2,-7,14.00000000,10,False,0.06731549,W,stage,binned,is_no_resp
712,3,R,A,A,52,53,pos,1,3,8,23.00000000,20,False,0.05385610,W,stage,binned,is_no_resp
712,3,R,A,A,52,53,pos,1,4,8,6.00000000,4,False,0.03816794,W,stage,binned,is_no_resp
712,3,R,A,A,52,56,pos,1,1,-1,23.00000000,17,False,-0.00378310,W,stage,binned,is_no_resp
712,3,R,A,A,52,56,pos,1,2,-169,12.00000000,7,False,-0.02748414,W,stage,binned,is_no_resp
712,3,R,A,A,52,56,pos,1,3,-229,8.00000000,4,False,-0.03900709,W,stage,binned,is_no_resp
712,3,R,A,A,52,53,pos,3,1,2,9.00000000,6,False,0.02865762,W,stage,binned,is_no_resp
712,3,R,A,A,52,53,pos,3,2,2,11.00000000,7,False,0.06519065,W,stage,binned,is_no_resp
712,3,R,A,A,52,53,pos,3,3,14,17.00000000,15,False,0.11483551,W,stage,binned,is_no_resp
712,3,R,A,A,52,53,pos,3,4,-211,5.00000000,2,False,-0.04641350,W,stage,binned,is_no_resp
712,3,R,A,A,52,56,pos,3,1,-16,17.00000000,12,False,-0.00315856,W,stage,binned,is_no_resp
712,3,R,A,A,52,56,pos,3,2,-19,9.00000000,5,False,-0.01391036,W,stage,binned,is_no_resp
712,3,R,A,A,52,56,pos,3,3,-229,6.00000000,3,False,-0.01648352,W,stage,binned,is_no_resp
712,3,R,A,A,52,53,pos,4,1,5,10.00000000,7,False,0.05292479,W,stage,binned,is_no_resp
712,3,R,A,A,52,53,pos,4,2,-10,11.00000000,8,False,0.09048724,W,stage,binned,is_no_resp
712,3,R,A,A,52,53,pos,4,3,32,19.00000000,18,False,0.02514714,W,stage,binned,is_no_resp
712,3,R,A,A,52,53,pos,4,4,-7,5.00000000,4,False,0.08896797,W,stage,binned,is_no_resp
712,3,R,A,A,52,56,pos,4,1,-1,18.00000000,14,False,-0.01150818,W,stage,binned,is_no_resp
712,3,R,A,A,52,56,pos,4,2,-31,9.00000000,6,False,-0.08422665,W,stage,binned,is_no_resp
712,3,R,A,A,52,56,pos,4,3,-145,7.00000000,4,False,-0.08095238,W,stage,binned,is_no_resp
712,3,R,A,A,52,53,pos,5,1,2,4.00000000,2,False,0.06122449,W,stage,binned,is_no_resp
712,3,R,A,A,52,53,pos,5,2,-1,4.00000000,2,False,0.23497268,W,stage,binned,is_no_resp
712,3,R,A,A,52,53,pos,5,3,-1,6.00000000,5,False,0.07532468,W,stage,binned,is_no_resp
712,3,R,A,A,52,53,pos,5,4,-1,2.00000000,1,False,0.04347826,W,stage,binned,is_no_resp
712,3,R,A,A,52,56,pos,5,1,-97,6.00000000,3,False,-0.01587302,W,stage,binned,is_no_resp
712,3,R,A,A,52,56,pos,5,2,-130,3.00000000,1,False,0.01666667,W,stage,binned,is_no_resp
712,3,R,A,A,52,56,pos,5,3,-7,3.00000000,1,False,-0.14893617,W,stage,binned,is_no_resp
712,3,R,A,A,53,56,pos,1,1,-10,10.00000000,6,False,-0.07246377,W,stage,binned,is_no_resp
712,3,R,A,A,53,56,pos,1,2,-187,5.00000000,2,False,0.09615385,W,stage,binned,is_no_resp
712,3,R,A,A,53,56,pos,1,3,-250,4.00000000,1,False,-0.01904762,W,stage,binned,is_no_resp
712,3,R,A,A,53,56,pos,2,1,-250,11.00000000,7,False,0.00884956,W,stage,binned,is_no_resp
712,3,R,A,A,53,56,pos,2,2,-223,5.00000000,2,False,0.01785714,W,stage,binned,is_no_resp
712,3,R,A,A,53,56,pos,2,3,128,5.00000000,2,False,0.03636364,W,stage,binned,is_no_resp
712,3,R,A,A,53,56,pos,3,1,-40,18.00000000,15,False,-0.07918552,W,stage,binned,is_no_resp
712,3,R,A,A,53,56,pos,3,2,-28,9.00000000,6,False,-0.05654762,W,stage,binned,is_no_resp
712,3,R,A,A,53,56,pos,3,3,-250,7.00000000,3,False,-0.01505376,W,stage,binned,is_no_resp
712,3,R,A,A,53,56,pos,4,1,-100,5.00000000,2,False,0.04702194,W,stage,binned,is_no_resp
712,3,R,A,A,53,56,pos,4,2,2,3.00000000,1,False,0.10416667,W,stage,binned,is_no_resp
712,3,R,A,A,53,56,pos,4,3,245,2.01000000,1,False,-0.04000000,W,stage,binned,is_no_resp
717,1,R,A,A,42,46,pos,2,2,-250,6.00000000,3,False,-0.12052117,W,stage,binned,is_no_resp
709,4,L,A,A,3,5,pos,4,1,-1,2.00000000,1,False,0.26829268,W,stage,binned,is_no_resp
709,4,L,A,A,3,5,pos,4,2,-250,1.00000000,0,False,0.00000000,W,stage,binned,is_no_resp
709,4,L,A,A,3,8,pos,4,4,-250,1.00000000,0,False,0.00000000,W,stage,binned,is_no_resp
709,4,L,A,A,5,8,pos,1,4,2,5.00000000,2,False,0.07575758,W,stage,binned,is_no_resp
709,4,L,A,A,5,8,pos,2,4,-250,2.00000000,0,False,-0.05000000,W,stage,binned,is_no_resp
716,1,R,A,A,42,45,pos,6,1,-28,5.00000000,3,False,0.34763948,W,stage,binned,is_no_resp
716,1,R,A,A,42,45,pos,6,2,-64,3.00000000,1,False,0.03703704,W,stage,binned,is_no_resp
716,1,R,A,A,42,45,pos,6,3,-250,2.00000000,1,False,0.02325581,W,stage,binned,is_no_resp
716,1,R,A,A,42,45,pos,6,4,-7,2.00000000,1,False,-0.07692308,W,stage,binned,is_no_resp
716,1,R,A,A,42,45,pos,6,5,-7,5.00000000,8,True,-0.06306306,W,stage,binned,is_no_resp
716,1,R,A,A,42,45,pos,6,6,-13,2.00000000,2,False,0.12280702,W,stage,binned,is_no_resp
716,1,R,A,A,42,45,pos,6,7,-16,2.00000000,1,False,0.20000000,W,stage,binned,is_no_resp
716,1,R,A,A,42,45,pos,6,8,-250,1.00000000,0,False,0.33333333,W,stage,binned,is_no_resp
716,1,R,A,A,42,45,pos,6,9,-25,2.00000000,1,False,-0.07692308,W,stage,binned,is_no_resp
716,1,R,A,A,42,45,pos,6,10,-10,2.00000000,3,True,0.16129032,W,stage,binned,is_no_resp
716,1,R,A,A,42,45,pos,6,11,-250,1.00000000,0,False,0.00000000,W,stage,binned,is_no_resp
716,1,R,A,A,42,47,pos,6,1,5,6.00000000,4,False,0.46551724,W,stage,binned,is_no_resp
716,1,R,A,A,42,47,pos,6,3,-31,2.00000000,1,False,0.16279070,W,stage,binned,is_no_resp
716,1,R,A,A,42,47,pos,6,4,-13,4.00000000,6,True,0.01960784,W,stage,binned,is_no_resp
716,1,R,A,A,42,47,pos,6,6,-22,4.00000000,5,True,-0.16867470,W,stage,binned,is_no_resp
716,1,R,A,A,42,47,pos,6,7,-10,3.00000000,3,False,0.07042254,W,stage,binned,is_no_resp
716,1,R,A,A,45,47,pos,1,1,23,455.00000000,448,False,0.00749454,W,stage,binned,is_no_resp
716,1,R,A,A,45,47,pos,1,3,-7,107.01000000,92,False,0.01114206,W,stage,binned,is_no_resp
716,1,R,A,A,45,47,pos,1,4,-25,112.00000000,99,False,-0.00166923,W,stage,binned,is_no_resp
716,1,R,A,A,45,47,pos,1,6,-46,103.00000000,89,False,-0.02558019,W,stage,binned,is_no_resp
716,1,R,A,A,45,47,pos,1,7,-4,18.00000000,13,False,0.00932401,W,stage,binned,is_no_resp
716,1,R,A,A,45,47,pos,2,1,8,149.00000000,136,False,-0.00490741,W,stage,binned,is_no_resp
716,1,R,A,A,45,47,pos,2,3,-97,39.00000000,29,False,0.01339884,W,stage,binned,is_no_resp
716,1,R,A,A,45,47,pos,2,4,-10,40.00000000,31,False,-0.01234568,W,stage,binned,is_no_resp
716,1,R,A,A,45,47,pos,2,6,125,31.00000000,24,False,-0.00286697,W,stage,binned,is_no_resp
716,1,R,A,A,45,47,pos,2,7,-7,8.00000000,4,False,0.04518664,W,stage,binned,is_no_resp
716,1,R,A,A,45,47,pos,3,1,20,126.00000000,113,False,0.01673664,W,stage,binned,is_no_resp
716,1,R,A,A,45,47,pos,3,3,-40,33.00000000,27,False,-0.00250069,W,stage,binned,is_no_resp
716,1,R,A,A,45,47,pos,3,4,-10,34.00000000,26,False,0.03002923,W,stage,binned,is_no_resp
716,1,R,A,A,45,47,pos,3,6,-103,32.00000000,26,False,-0.05764840,W,stage,binned,is_no_resp
716,1,R,A,A,45,47,pos,3,7,2,7.00000000,4,False,0.12442396,W,stage,binned,is_no_resp
716,1,R,A,A,45,47,pos,4,1,44,60.00000000,52,False,0.00012875,W,stage,binned,is_no_resp
716,1,R,A,A,45,47,pos,4,3,-10,18.00000000,13,False,-0.01255230,W,stage,binned,is_no_resp
716,1,R,A,A,45,47,pos,4,4,-217,17.00000000,11,False,0.00428135,W,stage,binned,is_no_resp
716,1,R,A,A,45,47,pos,4,6,59,16.00000000,10,False,0.08623088,W,stage,binned,is_no_resp
716,1,R,A,A,45,47,pos,4,7,-40,4.00000000,2,False,-0.01000000,W,stage,binned,is_no_resp
716,1,R,A,A,45,47,pos,5,1,29,56.00000000,51,False,0.03484806,W,stage,binned,is_no_resp
716,1,R,A,A,45,47,pos,5,3,-22,16.00000000,12,False,0.01079622,W,stage,binned,is_no_resp
716,1,R,A,A,45,47,pos,5,4,-4,18.00000000,20,True,0.03678161,W,stage,binned,is_no_resp
716,1,R,A,A,45,47,pos,5,6,-28,17.00000000,16,False,-0.03652393,W,stage,binned,is_no_resp
716,1,R,A,A,45,47,pos,5,7,-10,5.00000000,6,True,-0.05970149,W,stage,binned,is_no_resp
716,1,R,A,A,45,47,pos,6,1,110,57.00000000,52,False,0.01513542,W,stage,binned,is_no_resp
716,1,R,A,A,45,47,pos,6,3,-166,17.00000000,11,False,-0.01466993,W,stage,binned,is_no_resp
716,1,R,A,A,45,47,pos,6,4,-13,17.00000000,13,False,0.01658163,W,stage,binned,is_no_resp
716,1,R,A,A,45,47,pos,6,6,-70,16.00000000,10,False,0.00000000,W,stage,binned,is_no_resp
716,1,R,A,A,45,47,pos,6,7,-7,4.00000000,2,False,-0.09090909,W,stage,binned,is_no_resp
716,1,R,A,A,45,47,pos,7,1,-64,71.00000000,64,False,0.00233051,W,stage,binned,is_no_resp
716,1,R,A,A,45,47,pos,7,3,-25,20.00000000,14,False,0.04041995,W,stage,binned,is_no_resp
716,1,R,A,A,45,47,pos,7,4,-7,21.00000000,15,False,-0.00488281,W,stage,binned,is_no_resp
716,1,R,A,A,45,47,pos,7,6,44,23.00000000,17,False,-0.00082713,W,stage,binned,is_no_resp
716,1,R,A,A,45,47,pos,7,7,-37,5.00000000,3,False,-0.03180212,W,stage,binned,is_no_resp
716,1,R,A,A,45,47,pos,8,1,2,45.00000000,37,False,0.03047791,W,stage,binned,is_no_resp
716,1,R,A,A,45,47,pos,8,3,-172,13.00000000,8,False,-0.01263690,W,stage,binned,is_no_resp
716,1,R,A,A,45,47,pos,8,4,107,14.00000000,9,False,0.02373418,W,stage,binned,is_no_resp
716,1,R,A,A,45,47,pos,8,6,-145,12.00000000,8,False,-0.02062780,W,stage,binned,is_no_resp
716,1,R,A,A,45,47,pos,8,7,-205,3.00000000,1,False,-0.10400000,W,stage,binned,is_no_resp
716,1,R,A,A,45,47,pos,9,1,-55,24.00000000,17,False,0.02392344,W,stage,binned,is_no_resp
716,1,R,A,A,45,47,pos,9,3,-250,8.00000000,4,False,-0.04283054,W,stage,binned,is_no_resp
716,1,R,A,A,45,47,pos,9,4,-115,8.00000000,5,False,0.02866779,W,stage,binned,is_no_resp
716,1,R,A,A,45,47,pos,9,6,-199,10.00000000,6,False,-0.01528384,W,stage,binned,is_no_resp
716,1,R,A,A,45,47,pos,9,7,2,2.00000000,1,False,0.18309859,W,stage,binned,is_no_resp
716,1,R,A,A,45,47,pos,10,1,-13,47.00000000,40,False,-0.00154400,W,stage,binned,is_no_resp
716,1,R,A,A,45,47,pos,10,3,110,14.00000000,10,False,0.01970055,W,stage,binned,is_no_resp
716,1,R,A,A,45,47,pos,10,4,-22,15.00000000,12,False,-0.05787546,W,stage,binned,is_no_resp
716,1,R,A,A,45,47,pos,10,6,-34,15.00000000,11,False,-0.05649718,W,stage,binned,is_no_resp
716,1,R,A,A,45,47,pos,10,7,-1,4.00000000,3,False,0.00558659,W,stage,binned,is_no_resp
716,1,R,A,A,45,47,pos,11,1,-130,32.00000000,24,False,0.01107210,W,stage,binned,is_no_resp
716,1,R,A,A,45,47,pos,11,3,-112,10.00000000,5,False,0.02418208,W,stage,binned,is_no_resp
716,1,R,A,A,45,47,pos,11,4,-49,10.00000000,6,False,0.00519481,W,stage,binned,is_no_resp
716,1,R,A,A,45,47,pos,11,6,-76,9.00000000,5,False,-0.06726457,W,stage,binned,is_no_resp
716,1,R,A,A,45,47,pos,11,7,188,3.00000000,1,False,0.17647059,W,stage,binned,is_no_resp
713,1,R,A,A,49,54,pos,1,2,-106,72.00000000,60,False,-0.00431715,W,stage,binned,is_no_resp
713,1,R,A,A,49,54,pos,1,3,-223,33.00000000,26,False,0.02213924,W,stage,binned,is_no_resp
713,1,R,A,A,49,54,pos,1,4,-235,16.00000000,11,False,-0.05111591,W,stage,binned,is_no_resp
713,1,R,A,A,49,54,pos,1,5,-250,12.00000000,6,False,-0.03463203,W,stage,binned,is_no_resp
713,1,R,A,A,49,54,pos,1,6,-250,3.00000000,1,False,0.00800000,W,stage,binned,is_no_resp
713,1,R,A,A,49,54,pos,2,2,119,69.00000000,62,False,0.00973848,W,stage,binned,is_no_resp
713,1,R,A,A,49,54,pos,2,3,-172,34.00000000,24,False,0.00634249,W,stage,binned,is_no_resp
713,1,R,A,A,49,54,pos,2,4,-127,17.00000000,11,False,-0.02671010,W,stage,binned,is_no_resp
713,1,R,A,A,49,54,pos,2,5,-10,12.00000000,7,False,-0.02685950,W,stage,binned,is_no_resp
713,1,R,A,A,49,54,pos,2,6,17,3.00000000,1,False,0.10526316,W,stage,binned,is_no_resp
713,1,R,A,A,49,54,pos,3,2,-10,53.00000000,42,False,-0.00834218,W,stage,binned,is_no_resp
713,1,R,A,A,49,54,pos,3,3,-1,27.00000000,19,False,0.02175489,W,stage,binned,is_no_resp
713,1,R,A,A,49,54,pos,3,4,-250,14.00000000,9,False,-0.08923643,W,stage,binned,is_no_resp
713,1,R,A,A,49,54,pos,3,5,-106,9.00000000,5,False,0.00151745,W,stage,binned,is_no_resp
713,1,R,A,A,49,54,pos,3,6,65,3.00000000,1,False,0.16883117,W,stage,binned,is_no_resp
713,1,R,A,A,49,54,pos,4,2,-166,12.00000000,7,False,-0.00904523,W,stage,binned,is_no_resp
713,1,R,A,A,49,54,pos,4,3,-250,6.00000000,3,False,-0.01662708,W,stage,binned,is_no_resp
713,1,R,A,A,49,54,pos,4,4,-151,4.00000000,1,False,0.10489510,W,stage,binned,is_no_resp
713,1,R,A,A,49,54,pos,4,5,-118,3.00000000,1,False,0.12000000,W,stage,binned,is_no_resp
713,1,R,A,A,49,54,pos,4,6,-250,1.00000000,0,False,0.12500000,W,stage,binned,is_no_resp
713,1,R,A,A,49,54,pos,5,2,-250,9.00000000,5,False,0.04639175,W,stage,binned,is_no_resp
713,1,R,A,A,49,54,pos,5,3,-250,5.00000000,3,False,-0.02941176,W,stage,binned,is_no_resp
713,1,R,A,A,49,54,pos,5,4,-16,3.00000000,1,False,0.08571429,W,stage,binned,is_no_resp
713,1,R,A,A,49,54,pos,5,5,-250,3.00000000,0,False,0.03529412,W,stage,binned,is_no_resp
713,1,R,A,A,49,54,pos,5,6,-250,1.00000000,0,False,0.27272727,W,stage,binned,is_no_resp
713,1,R,A,A,49,54,pos,6,2,-250,11.00000000,6,False,-0.00225734,W,stage,binned,is_no_resp
713,1,R,A,A,49,54,pos,6,3,-1,6.00000000,3,False,-0.02912621,W,stage,binned,is_no_resp
713,1,R,A,A,49,54,pos,6,4,-238,3.00000000,1,False,0.00000000,W,stage,binned,is_no_resp
713,1,R,A,A,49,54,pos,6,5,-250,2.00000000,0,False,0.13432836,W,stage,binned,is_no_resp
713,1,R,A,A,49,54,pos,6,6,-250,1.00000000,0,False,0.00000000,W,stage,binned,is_no_resp
713,1,R,A,A,49,54,pos,7,2,-250,2.00000000,0,False,-0.06896552,W,stage,binned,is_no_resp
713,1,R,A,A,49,54,pos,7,3,-250,2.00000000,0,False,-0.11111111,W,stage,binned,is_no_resp
713,1,R,A,A,49,54,pos,7,4,-250,1.00000000,0,False,-1.00000000,W,stage,binned,is_no_resp
713,1,R,A,A,49,54,pos,7,5,-250,1.00000000,0,False,-0.33333333,W,stage,binned,is_no_resp
713,1,R,A,A,49,54,pos,7,6,-250,0.00000000,0,False,0.00000000,W,stage,binned,is_no_resp
715,1,R,A,A,41,43,pos,2,1,-250,0.00000000,0,False,0.00000000,W,stage,binned,is_no_resp
715,1,R,A,A,41,43,pos,2,2,-250,0.00000000,0,False,0.00000000,W,stage,binned,is_no_resp
715,1,R,A,A,41,43,pos,2,3,-250,0.00000000,0,False,0.00000000,W,stage,binned,is_no_resp
715,1,R,A,A,41,43,pos,2,4,-250,0.00000000,0,False,0.00000000,W,stage,binned,is_no_resp
715,1,R,A,A,41,43,pos,2,5,-250,0.00000000,0,False,0.00000000,W,stage,binned,is_no_resp
715,1,R,A,A,41,44,pos,2,1,-250,0.00000000,0,False,0.00000000,W,stage,binned,is_no_resp
715,1,R,A,A,41,44,pos,2,2,-250,0.00000000,0,False,0.00000000,W,stage,binned,is_no_resp
715,1,R,A,A,41,44,pos,2,3,-250,0.00000000,0,False,0.00000000,W,stage,binned,is_no_resp
715,1,R,A,A,41,44,pos,2,4,-250,0.00000000,0,False,0.00000000,W,stage,binned,is_no_resp
715,1,R,A,A,41,44,pos,2,5,-250,0.00000000,0,False,0.00000000,W,stage,binned,is_no_resp
715,1,R,A,A,41,44,pos,2,6,-250,0.00000000,0,False,0.00000000,W,stage,binned,is_no_resp
715,1,R,A,A,41,44,pos,2,7,-250,0.00000000,0,False,0.00000000,W,stage,binned,is_no_resp
715,1,R,A,A,41,47,pos,2,1,-250,0.00000000,0,False,0.00000000,W,stage,binned,is_no_resp
715,1,R,A,A,41,47,pos,2,2,-250,0.00000000,0,False,0.00000000,W,stage,binned,is_no_resp
715,1,R,A,A,41,47,pos,2,5,-250,0.00000000,0,False,0.00000000,W,stage,binned,is_no_resp
715,1,R,A,A,41,43,pos,3,1,-250,0.00000000,0,False,0.00000000,W,stage,binned,is_no_resp
715,1,R,A,A,41,43,pos,3,2,-250,0.00000000,0,False,0.00000000,W,stage,binned,is_no_resp
715,1,R,A,A,41,43,pos,3,3,-250,0.00000000,0,False,0.00000000,W,stage,binned,is_no_resp
715,1,R,A,A,41,43,pos,3,4,-250,0.00000000,0,False,0.00000000,W,stage,binned,is_no_resp
715,1,R,A,A,41,43,pos,3,5,-250,0.00000000,0,False,0.00000000,W,stage,binned,is_no_resp
715,1,R,A,A,41,44,pos,3,1,-250,0.00000000,0,False,0.00000000,W,stage,binned,is_no_resp
715,1,R,A,A,41,44,pos,3,2,-250,0.00000000,0,False,0.00000000,W,stage,binned,is_no_resp
715,1,R,A,A,41,44,pos,3,3,-250,0.00000000,0,False,0.00000000,W,stage,binned,is_no_resp
715,1,R,A,A,41,44,pos,3,4,-250,0.00000000,0,False,0.00000000,W,stage,binned,is_no_resp
715,1,R,A,A,41,44,pos,3,5,-250,0.00000000,0,False,0.00000000,W,stage,binned,is_no_resp
715,1,R,A,A,41,44,pos,3,6,-250,0.00000000,0,False,0.00000000,W,stage,binned,is_no_resp
715,1,R,A,A,41,44,pos,3,7,-250,0.00000000,0,False,0.00000000,W,stage,binned,is_no_resp
715,1,R,A,A,41,47,pos,3,1,-250,0.00000000,0,False,0.00000000,W,stage,binned,is_no_resp
715,1,R,A,A,41,47,pos,3,2,-250,0.00000000,0,False,0.00000000,W,stage,binned,is_no_resp
715,1,R,A,A,41,47,pos,3,5,-250,0.00000000,0,False,0.00000000,W,stage,binned,is_no_resp
715,1,R,A,A,41,43,pos,4,1,-250,0.00000000,0,False,0.00000000,W,stage,binned,is_no_resp
715,1,R,A,A,41,43,pos,4,2,-250,0.00000000,0,False,0.00000000,W,stage,binned,is_no_resp
715,1,R,A,A,41,43,pos,4,3,-250,0.00000000,0,False,0.00000000,W,stage,binned,is_no_resp
715,1,R,A,A,41,43,pos,4,4,-250,0.00000000,0,False,0.00000000,W,stage,binned,is_no_resp
715,1,R,A,A,41,43,pos,4,5,-250,0.00000000,0,False,0.00000000,W,stage,binned,is_no_resp
715,1,R,A,A,41,44,pos,4,1,-250,0.00000000,0,False,0.00000000,W,stage,binned,is_no_resp
715,1,R,A,A,41,44,pos,4,2,-250,0.00000000,0,False,0.00000000,W,stage,binned,is_no_resp
715,1,R,A,A,41,44,pos,4,3,-250,0.00000000,0,False,0.00000000,W,stage,binned,is_no_resp
715,1,R,A,A,41,44,pos,4,4,-250,0.00000000,0,False,0.00000000,W,stage,binned,is_no_resp
715,1,R,A,A,41,44,pos,4,5,-250,0.00000000,0,False,0.00000000,W,stage,binned,is_no_resp
715,1,R,A,A,41,44,pos,4,6,-250,0.00000000,0,False,0.00000000,W,stage,binned,is_no_resp
715,1,R,A,A,41,44,pos,4,7,-250,0.00000000,0,False,0.00000000,W,stage,binned,is_no_resp
715,1,R,A,A,41,47,pos,4,1,-250,0.00000000,0,False,0.00000000,W,stage,binned,is_no_resp
715,1,R,A,A,41,47,pos,4,2,-250,0.00000000,0,False,0.00000000,W,stage,binned,is_no_resp
715,1,R,A,A,41,47,pos,4,5,-250,0.00000000,0,False,0.00000000,W,stage,binned,is_no_resp
715,1,R,A,A,41,43,pos,5,1,-250,0.00000000,0,False,0.00000000,W,stage,binned,is_no_resp
715,1,R,A,A,41,43,pos,5,2,-250,0.00000000,0,False,0.00000000,W,stage,binned,is_no_resp
715,1,R,A,A,41,43,pos,5,3,-250,0.00000000,0,False,0.00000000,W,stage,binned,is_no_resp
715,1,R,A,A,41,43,pos,5,4,-250,0.00000000,0,False,0.00000000,W,stage,binned,is_no_resp
715,1,R,A,A,41,43,pos,5,5,-250,0.00000000,0,False,0.00000000,W,stage,binned,is_no_resp
715,1,R,A,A,41,44,pos,5,1,-250,0.00000000,0,False,0.00000000,W,stage,binned,is_no_resp
715,1,R,A,A,41,44,pos,5,2,-250,0.00000000,0,False,0.00000000,W,stage,binned,is_no_resp
715,1,R,A,A,41,44,pos,5,3,-250,0.00000000,0,False,0.00000000,W,stage,binned,is_no_resp
715,1,R,A,A,41,44,pos,5,4,-250,0.00000000,0,False,0.00000000,W,stage,binned,is_no_resp
715,1,R,A,A,41,44,pos,5,5,-250,0.00000000,0,False,0.00000000,W,stage,binned,is_no_resp
715,1,R,A,A,41,44,pos,5,6,-250,0.00000000,0,False,0.00000000,W,stage,binned,is_no_resp
715,1,R,A,A,41,44,pos,5,7,-250,0.00000000,0,False,0.00000000,W,stage,binned,is_no_resp
715,1,R,A,A,41,47,pos,5,1,-250,0.00000000,0,False,0.00000000,W,stage,binned,is_no_resp
715,1,R,A,A,41,47,pos,5,2,-250,0.00000000,0,False,0.00000000,W,stage,binned,is_no_resp
715,1,R,A,A,41,47,pos,5,5,-250,0.00000000,0,False,0.00000000,W,stage,binned,is_no_resp
715,1,R,A,A,41,43,pos,6,1,-250,0.00000000,0,False,0.00000000,W,stage,binned,is_no_resp
715,1,R,A,A,41,43,pos,6,2,-250,0.00000000,0,False,0.00000000,W,stage,binned,is_no_resp
715,1,R,A,A,41,43,pos,6,3,-250,0.00000000,0,False,0.00000000,W,stage,binned,is_no_resp
715,1,R,A,A,41,43,pos,6,4,-250,0.00000000,0,False,0.00000000,W,stage,binned,is_no_resp
715,1,R,A,A,41,43,pos,6,5,-250,0.00000000,0,False,0.00000000,W,stage,binned,is_no_resp
715,1,R,A,A,41,44,pos,6,1,-250,0.00000000,0,False,0.00000000,W,stage,binned,is_no_resp
715,1,R,A,A,41,44,pos,6,2,-250,0.00000000,0,False,0.00000000,W,stage,binned,is_no_resp
715,1,R,A,A,41,44,pos,6,3,-250,0.00000000,0,False,0.00000000,W,stage,binned,is_no_resp
715,1,R,A,A,41,44,pos,6,4,-250,0.00000000,0,False,0.00000000,W,stage,binned,is_no_resp
715,1,R,A,A,41,44,pos,6,5,-250,0.00000000,0,False,0.00000000,W,stage,binned,is_no_resp
715,1,R,A,A,41,44,pos,6,6,-250,0.00000000,0,False,0.00000000,W,stage,binned,is_no_resp
715,1,R,A,A,41,44,pos,6,7,-250,0.00000000,0,False,0.00000000,W,stage,binned,is_no_resp
715,1,R,A,A,41,47,pos,6,1,-250,0.00000000,0,False,0.00000000,W,stage,binned,is_no_resp
715,1,R,A,A,41,47,pos,6,2,-250,0.00000000,0,False,0.00000000,W,stage,binned,is_no_resp
715,1,R,A,A,41,47,pos,6,5,-250,0.00000000,0,False,0.00000000,W,stage,binned,is_no_resp
715,1,R,A,A,43,44,pos,1,1,-250,0.00000000,0,False,0.00000000,W,stage,binned,is_no_resp
715,1,R,A,A,43,44,pos,1,2,-250,0.00000000,0,False,0.00000000,W,stage,binned,is_no_resp
715,1,R,A,A,43,44,pos,1,3,-250,0.00000000,0,False,0.00000000,W,stage,binned,is_no_resp
715,1,R,A,A,43,44,pos,1,4,-250,0.00000000,0,False,0.00000000,W,stage,binned,is_no_resp
715,1,R,A,A,43,44,pos,1,5,-250,0.00000000,0,False,0.00000000,W,stage,binned,is_no_resp
715,1,R,A,A,43,44,pos,1,6,-250,0.00000000,0,False,0.00000000,W,stage,binned,is_no_resp
715,1,R,A,A,43,44,pos,1,7,-250,0.00000000,0,False,0.00000000,W,stage,binned,is_no_resp
715,1,R,A,A,43,47,pos,1,1,-250,0.00000000,0,False,0.00000000,W,stage,binned,is_no_resp
715,1,R,A,A,43,47,pos,1,2,-250,0.00000000,0,False,0.00000000,W,stage,binned,is_no_resp
715,1,R,A,A,43,47,pos,1,5,-250,0.00000000,0,False,0.00000000,W,stage,binned,is_no_resp
715,1,R,A,A,43,44,pos,2,1,-250,0.00000000,0,False,0.00000000,W,stage,binned,is_no_resp
715,1,R,A,A,43,44,pos,2,2,-250,0.00000000,0,False,0.00000000,W,stage,binned,is_no_resp
715,1,R,A,A,43,44,pos,2,3,-250,0.00000000,0,False,0.00000000,W,stage,binned,is_no_resp
715,1,R,A,A,43,44,pos,2,4,-250,0.00000000,0,False,0.00000000,W,stage,binned,is_no_resp
715,1,R,A,A,43,44,pos,2,5,-250,0.00000000,0,False,0.00000000,W,stage,binned,is_no_resp
715,1,R,A,A,43,44,pos,2,6,-250,0.00000000,0,False,0.00000000,W,stage,binned,is_no_resp
715,1,R,A,A,43,44,pos,2,7,-250,0.00000000,0,False,0.00000000,W,stage,binned,is_no_resp
715,1,R,A,A,43,47,pos,2,1,-250,0.00000000,0,False,0.00000000,W,stage,binned,is_no_resp
715,1,R,A,A,43,47,pos,2,2,-250,0.00000000,0,False,0.00000000,W,stage,binned,is_no_resp
715,1,R,A,A,43,47,pos,2,5,-250,0.00000000,0,False,0.00000000,W,stage,binned,is_no_resp
715,1,R,A,A,43,44,pos,3,1,-250,0.00000000,0,False,0.00000000,W,stage,binned,is_no_resp
715,1,R,A,A,43,44,pos,3,2,-250,0.00000000,0,False,0.00000000,W,stage,binned,is_no_resp
715,1,R,A,A,43,44,pos,3,3,-250,0.00000000,0,False,0.00000000,W,stage,binned,is_no_resp
715,1,R,A,A,43,44,pos,3,4,-250,0.00000000,0,False,0.00000000,W,stage,binned,is_no_resp
715,1,R,A,A,43,44,pos,3,5,-250,0.00000000,0,False,0.00000000,W,stage,binned,is_no_resp
715,1,R,A,A,43,44,pos,3,6,-250,0.00000000,0,False,0.00000000,W,stage,binned,is_no_resp
715,1,R,A,A,43,44,pos,3,7,-250,0.00000000,0,False,0.00000000,W,stage,binned,is_no_resp
715,1,R,A,A,43,47,pos,3,1,-250,0.00000000,0,False,0.00000000,W,stage,binned,is_no_resp
715,1,R,A,A,43,47,pos,3,2,-250,0.00000000,0,False,0.00000000,W,stage,binned,is_no_resp
715,1,R,A,A,43,47,pos,3,5,-250,0.00000000,0,False,0.00000000,W,stage,binned,is_no_resp
715,1,R,A,A,43,44,pos,4,1,-250,0.00000000,0,False,0.00000000,W,stage,binned,is_no_resp
715,1,R,A,A,43,44,pos,4,2,-250,0.00000000,0,False,0.00000000,W,stage,binned,is_no_resp
715,1,R,A,A,43,44,pos,4,3,-250,0.00000000,0,False,0.00000000,W,stage,binned,is_no_resp
715,1,R,A,A,43,44,pos,4,4,-250,0.00000000,0,False,0.00000000,W,stage,binned,is_no_resp
715,1,R,A,A,43,44,pos,4,5,-250,0.00000000,0,False,0.00000000,W,stage,binned,is_no_resp
715,1,R,A,A,43,44,pos,4,6,-250,0.00000000,0,False,0.00000000,W,stage,binned,is_no_resp
715,1,R,A,A,43,44,pos,4,7,-250,0.00000000,0,False,0.00000000,W,stage,binned,is_no_resp
715,1,R,A,A,43,47,pos,4,1,-250,0.00000000,0,False,0.00000000,W,stage,binned,is_no_resp
715,1,R,A,A,43,47,pos,4,2,-250,0.00000000,0,False,0.00000000,W,stage,binned,is_no_resp
715,1,R,A,A,43,47,pos,4,5,-250,0.00000000,0,False,0.00000000,W,stage,binned,is_no_resp
715,1,R,A,A,43,44,pos,5,1,-250,0.00000000,0,False,0.00000000,W,stage,binned,is_no_resp
715,1,R,A,A,43,44,pos,5,2,-250,0.00000000,0,False,0.00000000,W,stage,binned,is_no_resp
715,1,R,A,A,43,44,pos,5,3,-250,0.00000000,0,False,0.00000000,W,stage,binned,is_no_resp
715,1,R,A,A,43,44,pos,5,4,-250,0.00000000,0,False,0.00000000,W,stage,binned,is_no_resp
715,1,R,A,A,43,44,pos,5,5,-250,0.00000000,0,False,0.00000000,W,stage,binned,is_no_resp
715,1,R,A,A,43,44,pos,5,6,-250,0.00000000,0,False,0.00000000,W,stage,binned,is_no_resp
715,1,R,A,A,43,44,pos,5,7,-250,0.00000000,0,False,0.00000000,W,stage,binned,is_no_resp
715,1,R,A,A,43,47,pos,5,1,-250,0.00000000,0,False,0.00000000,W,stage,binned,is_no_resp
715,1,R,A,A,43,47,pos,5,2,-250,0.00000000,0,False,0.00000000,W,stage,binned,is_no_resp
715,1,R,A,A,43,47,pos,5,5,-250,0.00000000,0,False,0.00000000,W,stage,binned,is_no_resp
715,1,R,A,A,44,47,pos,1,1,-250,0.00000000,0,False,0.00000000,W,stage,binned,is_no_resp
715,1,R,A,A,44,47,pos,1,2,-250,0.00000000,0,False,0.00000000,W,stage,binned,is_no_resp
715,1,R,A,A,44,47,pos,1,5,-250,0.00000000,0,False,0.00000000,W,stage,binned,is_no_resp
715,1,R,A,A,44,47,pos,2,1,-250,0.00000000,0,False,0.00000000,W,stage,binned,is_no_resp
715,1,R,A,A,44,47,pos,2,2,-250,0.00000000,0,False,0.00000000,W,stage,binned,is_no_resp
715,1,R,A,A,44,47,pos,2,5,-250,0.00000000,0,False,0.00000000,W,stage,binned,is_no_resp
715,1,R,A,A,44,47,pos,3,1,-250,0.00000000,0,False,0.00000000,W,stage,binned,is_no_resp
715,1,R,A,A,44,47,pos,3,2,-250,0.00000000,0,False,0.00000000,W,stage,binned,is_no_resp
715,1,R,A,A,44,47,pos,3,5,-250,0.00000000,0,False,0.00000000,W,stage,binned,is_no_resp
715,1,R,A,A,44,47,pos,4,1,-250,0.00000000,0,False,0.00000000,W,stage,binned,is_no_resp
715,1,R,A,A,44,47,pos,4,2,-250,0.00000000,0,False,0.00000000,W,stage,binned,is_no_resp
715,1,R,A,A,44,47,pos,4,5,-250,0.00000000,0,False,0.00000000,W,stage,binned,is_no_resp
715,1,R,A,A,44,47,pos,5,1,-250,0.00000000,0,False,0.00000000,W,stage,binned,is_no_resp
715,1,R,A,A,44,47,pos,5,2,-250,0.00000000,0,False,0.00000000,W,stage,binned,is_no_resp
715,1,R,A,A,44,47,pos,5,5,-250,0.00000000,0,False,0.00000000,W,stage,binned,is_no_resp
715,1,R,A,A,44,47,pos,6,1,-250,0.00000000,0,False,0.00000000,W,stage,binned,is_no_resp
715,1,R,A,A,44,47,pos,6,2,-250,0.00000000,0,False,0.00000000,W,stage,binned,is_no_resp
715,1,R,A,A,44,47,pos,6,5,-250,0.00000000,0,False,0.00000000,W,stage,binned,is_no_resp
715,1,R,A,A,44,47,pos,7,1,-250,0.00000000,0,False,0.00000000,W,stage,binned,is_no_resp
715,1,R,A,A,44,47,pos,7,2,-250,0.00000000,0,False,0.00000000,W,stage,binned,is_no_resp
715,1,R,A,A,44,47,pos,7,5,-250,0.00000000,0,False,0.00000000,W,stage,binned,is_no_resp
703,2,R,A,A,37,39,pos,1,1,-1,51.00000000,59,True,-0.08858331,W,stage,binned,is_no_resp
703,2,R,A,A,37,39,pos,1,2,-175,12.00000000,8,False,-0.10000000,W,stage,binned,is_no_resp
703,2,R,A,A,37,39,pos,1,3,-7,15.00000000,16,True,-0.08407080,W,stage,binned,is_no_resp
703,2,R,A,A,37,39,pos,1,4,2,10.00000000,7,False,-0.11711712,W,stage,binned,is_no_resp
703,2,R,A,A,37,39,pos,2,1,-13,20.00000000,37,True,-0.16373057,W,stage,binned,is_no_resp
703,2,R,A,A,37,39,pos,2,2,-19,6.00000000,6,False,-0.26760563,W,stage,binned,is_no_resp
703,2,R,A,A,37,39,pos,2,3,-13,7.00000000,15,True,-0.26963907,W,stage,binned,is_no_resp
703,2,R,A,A,37,39,pos,2,4,-16,5.00000000,8,True,-0.44578313,W,stage,binned,is_no_resp
703,2,R,A,A,37,39,pos,3,1,-4,34.00000000,38,True,-0.07902337,W,stage,binned,is_no_resp
703,2,R,A,A,37,39,pos,3,2,2,8.00000000,6,False,0.07342657,W,stage,binned,is_no_resp
703,2,R,A,A,37,39,pos,3,3,-7,12.00000000,15,True,-0.09508882,W,stage,binned,is_no_resp
703,2,R,A,A,37,39,pos,3,4,-100,9.00000000,6,False,-0.01538462,W,stage,binned,is_no_resp
703,2,R,A,A,37,39,pos,4,1,-4,25.00000000,25,False,0.01128844,W,stage,binned,is_no_resp
703,2,R,A,A,37,39,pos,4,2,-1,7.00000000,4,False,-0.02358491,W,stage,binned,is_no_resp
703,2,R,A,A,37,39,pos,4,3,-7,8.00000000,9,True,-0.04159734,W,stage,binned,is_no_resp
703,2,R,A,A,37,39,pos,4,4,-250,6.00000000,3,False,-0.03768116,W,stage,binned,is_no_resp
703,2,R,A,A,37,39,pos,5,1,-7,12.00000000,9,False,-0.02230483,W,stage,binned,is_no_resp
703,2,R,A,A,37,39,pos,5,2,59,4.00000000,2,False,-0.02325581,W,stage,binned,is_no_resp
703,2,R,A,A,37,39,pos,5,3,-184,4.00000000,2,False,-0.08900524,W,stage,binned,is_no_resp
703,2,R,A,A,37,39,pos,5,4,-7,3.00000000,2,False,-0.25423729,W,stage,binned,is_no_resp
711,4,L,A,A,3,7,pos,5,1,-88,17.00000000,11,False,-0.02426564,W,stage,binned,is_no_resp
711,4,L,A,A,3,7,pos,5,2,-10,10.00000000,5,False,0.11402359,W,stage,binned,is_no_resp
711,4,L,A,A,3,7,pos,5,3,11,5.00000000,4,False,0.22648084,W,stage,binned,is_no_resp
711,4,R,A,A,43,47,pos,1,1,2,6.00000000,10,True,0.07407407,W,stage,binned,is_no_resp
711,4,R,A,A,43,47,pos,1,2,-1,8.00000000,13,True,0.14062500,W,stage,binned,is_no_resp
711,4,R,A,A,43,47,pos,1,3,-4,12.00000000,16,True,0.06268657,W,stage,binned,is_no_resp
711,4,R,A,A,43,47,pos,1,4,-4,6.00000000,8,True,0.03274559,W,stage,binned,is_no_resp
711,4,R,A,A,43,47,pos,1,5,-10,5.00000000,5,False,0.27756654,W,stage,binned,is_no_resp
711,4,R,A,A,43,47,pos,1,6,2,4.00000000,5,True,0.08108108,W,stage,binned,is_no_resp
711,4,R,A,A,43,47,pos,2,1,5,7.00000000,6,False,-0.16393443,W,stage,binned,is_no_resp
711,4,R,A,A,43,47,pos,2,2,-103,9.00000000,5,False,-0.06191950,W,stage,binned,is_no_resp
711,4,R,A,A,43,47,pos,2,3,-7,20.00000000,15,False,-0.02379747,W,stage,binned,is_no_resp
711,4,R,A,A,43,47,pos,2,4,-1,8.00000000,6,False,-0.06666667,W,stage,binned,is_no_resp
711,4,R,A,A,43,47,pos,2,5,-151,6.00000000,3,False,0.02617801,W,stage,binned,is_no_resp
711,4,R,A,A,43,47,pos,2,6,-250,5.00000000,2,False,-0.02325581,W,stage,binned,is_no_resp
711,4,R,A,A,43,47,pos,3,1,-7,3.00000000,2,False,-0.06060606,W,stage,binned,is_no_resp
711,4,R,A,A,43,47,pos,3,2,-55,4.00000000,2,False,-0.08496732,W,stage,binned,is_no_resp
711,4,R,A,A,43,47,pos,3,3,-4,7.00000000,5,False,0.09787234,W,stage,binned,is_no_resp
711,4,R,A,A,43,47,pos,3,4,-151,3.00000000,1,False,0.00000000,W,stage,binned,is_no_resp
711,4,R,A,A,43,47,pos,3,5,248,2.00000000,1,False,0.02857143,W,stage,binned,is_no_resp
711,4,R,A,A,43,47,pos,3,6,2,2.00000000,1,False,-0.04918033,W,stage,binned,is_no_resp
711,4,R,A,A,43,47,pos,4,1,-205,2.00000000,1,False,-0.04761905,W,stage,binned,is_no_resp
711,4,R,A,A,43,47,pos,4,2,-208,3.00000000,1,False,0.14893617,W,stage,binned,is_no_resp
711,4,R,A,A,43,47,pos,4,3,-211,5.00000000,2,False,0.00928793,W,stage,binned,is_no_resp
711,4,R,A,A,43,47,pos,4,4,-250,3.00000000,0,False,0.07462687,W,stage,binned,is_no_resp
711,4,R,A,A,43,47,pos,4,5,-250,2.00000000,0,False,0.09090909,W,stage,binned,is_no_resp
711,4,R,A,A,43,47,pos,4,6,-250,2.00000000,0,False,0.28205128,W,stage,binned,is_no_resp
711,4,R,A,A,43,47,pos,5,1,-250,2.00000000,0,False,0.05000000,W,stage,binned,is_no_resp
711,4,R,A,A,43,47,pos,5,2,-250,2.00000000,0,False,0.05263158,W,stage,binned,is_no_resp
711,4,R,A,A,43,47,pos,5,3,-202,3.00000000,1,False,-0.06306306,W,stage,binned,is_no_resp
711,4,R,A,A,43,47,pos,5,4,-250,2.00000000,0,False,0.13333333,W,stage,binned,is_no_resp
711,4,R,A,A,43,47,pos,5,5,-250,1.00000000,0,False,0.07692308,W,stage,binned,is_no_resp
711,4,R,A,A,43,47,pos,5,6,-250,1.00000000,0,False,-0.23809524,W,stage,binned,is_no_resp
706,1,L,A,A,1,2,pos,3,2,-79,3.00000000,1,False,0.17948718,W,stage,binned,is_no_resp
706,1,L,A,A,1,3,pos,3,1,23,21.00000000,16,False,0.01139601,W,stage,binned,is_no_resp
706,1,L,A,A,1,3,pos,3,4,-250,2.00000000,0,False,-0.01960784,W,stage,binned,is_no_resp
706,1,L,A,A,1,5,pos,3,1,-130,21.00000000,17,False,-0.04502046,W,stage,binned,is_no_resp
706,1,L,A,A,1,5,pos,3,2,-199,5.00000000,2,False,-0.10084034,W,stage,binned,is_no_resp
706,1,L,A,A,1,5,pos,3,12,-250,1.00000000,0,False,-0.14285714,W,stage,binned,is_no_resp
706,1,L,A,A,1,6,pos,3,1,-64,16.00000000,10,False,0.02152642,W,stage,binned,is_no_resp
706,1,L,A,A,1,6,pos,3,2,-187,7.00000000,3,False,0.05470460,W,stage,binned,is_no_resp
706,1,L,A,A,1,6,pos,3,3,-121,7.00000000,4,False,-0.08865979,W,stage,binned,is_no_resp
706,1,L,A,A,1,6,pos,3,4,-250,4.00000000,1,False,0.00578035,W,stage,binned,is_no_resp
706,1,L,A,A,1,6,pos,3,5,-166,5.00000000,2,False,0.00769231,W,stage,binned,is_no_resp
706,1,L,A,A,1,8,pos,3,2,-250,3.00000000,0,False,0.09859155,W,stage,binned,is_no_resp
706,1,L,A,A,1,8,pos,3,3,-250,2.00000000,0,False,-0.03225806,W,stage,binned,is_no_resp
706,1,L,A,A,1,2,pos,4,2,-250,0.00000000,0,False,-1.00000000,W,stage,binned,is_no_resp
706,1,L,A,A,1,3,pos,4,1,-250,2.00000000,0,False,0.27659574,W,stage,binned,is_no_resp
706,1,L,A,A,1,3,pos,4,4,-250,0.00000000,0,False,0.00000000,W,stage,binned,is_no_resp
706,1,L,A,A,1,5,pos,4,1,-250,2.00000000,0,False,0.15555556,W,stage,binned,is_no_resp
706,1,L,A,A,1,5,pos,4,2,-250,0.00000000,0,False,1.00000000,W,stage,binned,is_no_resp
706,1,L,A,A,1,5,pos,4,12,-250,0.00000000,0,False,-1.00000000,W,stage,binned,is_no_resp
706,1,L,A,A,1,6,pos,4,1,-250,2.00000000,0,False,0.29411765,W,stage,binned,is_no_resp
706,1,L,A,A,1,6,pos,4,2,-250,1.00000000,0,False,-0.16666667,W,stage,binned,is_no_resp
706,1,L,A,A,1,6,pos,4,3,-250,1.00000000,0,False,0.50000000,W,stage,binned,is_no_resp
706,1,L,A,A,1,6,pos,4,4,-250,0.00000000,0,False,0.33333333,W,stage,binned,is_no_resp
706,1,L,A,A,1,6,pos,4,5,-250,1.00000000,0,False,0.60000000,W,stage,binned,is_no_resp
706,1,L,A,A,1,8,pos,4,2,-250,0.00000000,0,False,0.00000000,W,stage,binned,is_no_resp
706,1,L,A,A,1,8,pos,4,3,-250,0.00000000,0,False,0.00000000,W,stage,binned,is_no_resp
706,1,L,A,A,2,3,pos,2,1,-130,5.00000000,2,False,-0.02419355,W,stage,binned,is_no_resp
706,1,L,A,A,2,3,pos,2,4,-250,1.00000000,0,False,0.20000000,W,stage,binned,is_no_resp
706,1,L,A,A,2,5,pos,2,1,-79,5.00000000,2,False,-0.05116279,W,stage,binned,is_no_resp
706,1,L,A,A,2,5,pos,2,2,-250,2.00000000,0,False,-0.31578947,W,stage,binned,is_no_resp
706,1,L,A,A,2,5,pos,2,12,-250,0.00000000,0,False,0.00000000,W,stage,binned,is_no_resp
706,1,L,A,A,2,6,pos,2,1,-190,3.00000000,1,False,-0.03597122,W,stage,binned,is_no_resp
706,1,L,A,A,2,6,pos,2,2,-250,2.00000000,0,False,0.13513514,W,stage,binned,is_no_resp
706,1,L,A,A,2,6,pos,2,3,-250,2.00000000,0,False,-0.02702703,W,stage,binned,is_no_resp
706,1,L,A,A,2,6,pos,2,4,-250,1.00000000,0,False,0.36363636,W,stage,binned,is_no_resp
706,1,L,A,A,2,6,pos,2,5,-250,1.00000000,0,False,0.10344828,W,stage,binned,is_no_resp
706,1,L,A,A,2,8,pos,2,2,-250,1.00000000,0,False,-0.20000000,W,stage,binned,is_no_resp
706,1,L,A,A,2,8,pos,2,3,-250,1.00000000,0,False,0.33333333,W,stage,binned,is_no_resp
706,1,L,A,A,3,5,pos,1,1,-13,32.00000000,31,False,-0.07413793,W,stage,binned,is_no_resp
706,1,L,A,A,3,5,pos,1,2,-34,7.00000000,4,False,-0.09572301,W,stage,binned,is_no_resp
706,1,L,A,A,3,5,pos,1,12,-250,1.00000000,0,False,-0.50000000,W,stage,binned,is_no_resp
706,1,L,A,A,3,6,pos,1,1,-100,24.00000000,16,False,-0.00747508,W,stage,binned,is_no_resp
706,1,L,A,A,3,6,pos,1,2,83,9.00000000,5,False,0.04689864,W,stage,binned,is_no_resp
706,1,L,A,A,3,6,pos,1,3,-94,10.00000000,5,False,-0.02747253,W,stage,binned,is_no_resp
706,1,L,A,A,3,6,pos,1,4,26,6.00000000,3,False,0.05982906,W,stage,binned,is_no_resp
706,1,L,A,A,3,6,pos,1,5,-106,7.00000000,4,False,-0.05219207,W,stage,binned,is_no_resp
706,1,L,A,A,3,8,pos,1,2,-250,3.00000000,1,False,-0.07462687,W,stage,binned,is_no_resp
706,1,L,A,A,3,8,pos,1,3,-250,2.00000000,0,False,0.22222222,W,stage,binned,is_no_resp
706,1,L,A,A,3,5,pos,4,1,-250,2.00000000,0,False,0.20000000,W,stage,binned,is_no_resp
706,1,L,A,A,3,5,pos,4,2,-250,1.00000000,0,False,-0.28571429,W,stage,binned,is_no_resp
706,1,L,A,A,3,5,pos,4,12,-250,0.00000000,0,False,0.00000000,W,stage,binned,is_no_resp
706,1,L,A,A,3,6,pos,4,1,-250,2.00000000,0,False,-0.04347826,W,stage,binned,is_no_resp
706,1,L,A,A,3,6,pos,4,2,-250,1.00000000,0,False,-0.16666667,W,stage,binned,is_no_resp
706,1,L,A,A,3,6,pos,4,3,-250,1.00000000,0,False,0.33333333,W,stage,binned,is_no_resp
706,1,L,A,A,3,6,pos,4,4,-250,1.00000000,0,False,0.07692308,W,stage,binned,is_no_resp
706,1,L,A,A,3,6,pos,4,5,-250,1.00000000,0,False,-0.50000000,W,stage,binned,is_no_resp
706,1,L,A,A,3,8,pos,4,2,-250,0.00000000,0,False,1.00000000,W,stage,binned,is_no_resp
706,1,L,A,A,3,8,pos,4,3,-250,0.00000000,0,False,0.00000000,W,stage,binned,is_no_resp
706,1,L,A,A,5,6,pos,1,1,35,25.00000000,20,False,0.08333333,W,stage,binned,is_no_resp
706,1,L,A,A,5,6,pos,1,2,-28,9.00000000,5,False,0.00000000,W,stage,binned,is_no_resp
706,1,L,A,A,5,6,pos,1,3,-22,10.00000000,6,False,0.03841060,W,stage,binned,is_no_resp
706,1,L,A,A,5,6,pos,1,4,-196,5.00000000,2,False,0.06766917,W,stage,binned,is_no_resp
706,1,L,A,A,5,6,pos,1,5,-64,7.00000000,3,False,0.11255411,W,stage,binned,is_no_resp
706,1,L,A,A,5,8,pos,1,2,8,3.00000000,1,False,0.12500000,W,stage,binned,is_no_resp
706,1,L,A,A,5,8,pos,1,3,-250,2.00000000,0,False,0.18518519,W,stage,binned,is_no_resp
706,1,L,A,A,5,6,pos,2,1,-115,5.00000000,2,False,0.01529052,W,stage,binned,is_no_resp
706,1,L,A,A,5,6,pos,2,2,-178,3.00000000,1,False,-0.06666667,W,stage,binned,is_no_resp
706,1,L,A,A,5,6,pos,2,3,62,3.00000000,1,False,-0.04000000,W,stage,binned,is_no_resp
706,1,L,A,A,5,6,pos,2,4,-250,2.00000000,0,False,-0.03333333,W,stage,binned,is_no_resp
706,1,L,A,A,5,6,pos,2,5,-250,2.00000000,0,False,0.05084746,W,stage,binned,is_no_resp
706,1,L,A,A,5,8,pos,2,2,-250,1.00000000,0,False,-0.25000000,W,stage,binned,is_no_resp
706,1,L,A,A,5,8,pos,2,3,-250,1.00000000,0,False,-1.00000000,W,stage,binned,is_no_resp
706,1,L,A,A,5,6,pos,12,1,-250,1.00000000,0,False,0.80000000,W,stage,binned,is_no_resp
706,1,L,A,A,5,6,pos,12,2,-250,1.00000000,0,False,0.50000000,W,stage,binned,is_no_resp
706,1,L,A,A,5,6,pos,12,3,-250,0.00000000,0,False,0.66666667,W,stage,binned,is_no_resp
706,1,L,A,A,5,6,pos,12,4,-250,0.00000000,0,False,0.00000000,W,stage,binned,is_no_resp
706,1,L,A,A,5,6,pos,12,5,-250,0.00000000,0,False,1.00000000,W,stage,binned,is_no_resp
706,1,L,A,A,5,8,pos,12,2,-250,0.00000000,0,False,-1.00000000,W,stage,binned,is_no_resp
706,1,L,A,A,5,8,pos,12,3,-250,0.00000000,0,False,0.00000000,W,stage,binned,is_no_resp
706,1,L,A,A,6,8,pos,1,2,-250,2.00000000,0,False,0.16049383,W,stage,binned,is_no_resp
706,1,L,A,A,6,8,pos,1,3,-250,2.00000000,0,False,-0.06382979,W,stage,binned,is_no_resp
706,1,L,A,A,6,8,pos,2,2,-250,2.00000000,0,False,-0.06250000,W,stage,binned,is_no_resp
706,1,L,A,A,6,8,pos,2,3,-250,1.00000000,0,False,-0.10000000,W,stage,binned,is_no_resp
706,1,L,A,A,6,8,pos,3,2,-250,1.00000000,0,False,0.00000000,W,stage,binned,is_no_resp
706,1,L,A,A,6,8,pos,3,3,-250,1.00000000,0,False,0.25000000,W,stage,binned,is_no_resp
706,1,L,A,A,6,8,pos,4,2,-250,1.00000000,0,False,0.50000000,W,stage,binned,is_no_resp
706,1,L,A,A,6,8,pos,4,3,-250,1.00000000,0,False,-0.30000000,W,stage,binned,is_no_resp
706,1,L,A,A,6,8,pos,5,2,-250,1.00000000,0,False,0.00000000,W,stage,binned,is_no_resp
706,1,L,A,A,6,8,pos,5,3,-250,1.00000000,0,False,-0.20000000,W,stage,binned,is_no_resp
706,1,R,A,A,34,38,pos,2,2,-13,32.00000000,25,False,-0.02460850,W,stage,binned,is_no_resp
706,1,R,A,A,34,38,pos,2,3,-1,12.00000000,9,False,0.04814004,W,stage,binned,is_no_resp
706,1,R,A,A,34,38,pos,2,5,-115,10.00000000,5,False,0.03713893,W,stage,binned,is_no_resp
706,1,R,A,A,34,38,pos,2,6,-250,4.00000000,1,False,0.00000000,W,stage,binned,is_no_resp
706,1,R,A,A,34,38,pos,2,7,-7,7.00000000,4,False,0.03619910,W,stage,binned,is_no_resp
706,1,R,A,A,34,39,pos,2,1,-43,11.00000000,7,False,-0.01475596,W,stage,binned,is_no_resp
706,1,R,A,A,34,39,pos,2,3,-1,8.00000000,6,False,0.13879004,W,stage,binned,is_no_resp
706,1,R,A,A,34,39,pos,2,4,-94,4.00000000,1,False,-0.04054054,W,stage,binned,is_no_resp
706,1,R,A,A,34,39,pos,2,5,164,7.00000000,4,False,0.03734440,W,stage,binned,is_no_resp
706,1,R,A,A,34,40,pos,2,1,-43,46.00000000,38,False,-0.01393355,W,stage,binned,is_no_resp
706,1,R,A,A,34,40,pos,2,2,-250,25.00000000,20,False,0.00974377,W,stage,binned,is_no_resp
706,1,R,A,A,34,40,pos,2,3,2,16.00000000,10,False,0.01596517,W,stage,binned,is_no_resp
706,1,R,A,A,34,40,pos,2,4,-97,11.00000000,6,False,0.00243902,W,stage,binned,is_no_resp
706,1,R,A,A,34,40,pos,2,5,-4,8.00000000,5,False,-0.04000000,W,stage,binned,is_no_resp
706,1,R,A,A,34,38,pos,3,2,-1,18.00000000,15,False,0.01194743,W,stage,binned,is_no_resp
706,1,R,A,A,34,38,pos,3,3,-1,7.00000000,7,False,0.05309735,W,stage,binned,is_no_resp
706,1,R,A,A,34,38,pos,3,5,8,7.00000000,4,False,-0.01990050,W,stage,binned,is_no_resp
706,1,R,A,A,34,38,pos,3,6,-250,2.00000000,1,False,-0.01369863,W,stage,binned,is_no_resp
706,1,R,A,A,34,38,pos,3,7,-7,5.00000000,2,False,0.07258065,W,stage,binned,is_no_resp
706,1,R,A,A,34,39,pos,3,1,-205,7.00000000,3,False,-0.01525054,W,stage,binned,is_no_resp
706,1,R,A,A,34,39,pos,3,3,-4,6.00000000,5,False,0.16387960,W,stage,binned,is_no_resp
706,1,R,A,A,34,39,pos,3,4,-16,3.00000000,1,False,0.05494505,W,stage,binned,is_no_resp
706,1,R,A,A,34,39,pos,3,5,-4,5.00000000,2,False,0.12775330,W,stage,binned,is_no_resp
706,1,R,A,A,34,40,pos,3,1,20,24.00000000,19,False,0.02536510,W,stage,binned,is_no_resp
706,1,R,A,A,34,40,pos,3,2,23,14.00000000,11,False,0.02647975,W,stage,binned,is_no_resp
706,1,R,A,A,34,40,pos,3,3,-1,10.00000000,6,False,0.07213579,W,stage,binned,is_no_resp
706,1,R,A,A,34,40,pos,3,4,-250,6.00000000,4,False,-0.03809524,W,stage,binned,is_no_resp
706,1,R,A,A,34,40,pos,3,5,-4,6.00000000,5,False,0.08532423,W,stage,binned,is_no_resp
706,1,R,A,A,34,38,pos,4,2,-103,16.00000000,10,False,-0.02684102,W,stage,binned,is_no_resp
706,1,R,A,A,34,38,pos,4,3,-130,6.00000000,3,False,-0.02020202,W,stage,binned,is_no_resp
706,1,R,A,A,34,38,pos,4,5,-175,5.00000000,2,False,0.08750000,W,stage,binned,is_no_resp
706,1,R,A,A,34,38,pos,4,6,-250,2.00000000,0,False,0.08196721,W,stage,binned,is_no_resp
706,1,R,A,A,34,38,pos,4,7,-250,4.00000000,1,False,0.10059172,W,stage,binned,is_no_resp
706,1,R,A,A,34,39,pos,4,1,-250,6.00000000,2,False,-0.03389831,W,stage,binned,is_no_resp
706,1,R,A,A,34,39,pos,4,3,-115,5.00000000,2,False,-0.14159292,W,stage,binned,is_no_resp
706,1,R,A,A,34,39,pos,4,4,-250,2.00000000,0,False,-0.07407407,W,stage,binned,is_no_resp
706,1,R,A,A,34,39,pos,4,5,-109,4.00000000,1,False,0.11111111,W,stage,binned,is_no_resp
706,1,R,A,A,34,40,pos,4,1,-184,22.00000000,15,False,-0.01786492,W,stage,binned,is_no_resp
706,1,R,A,A,34,40,pos,4,2,-199,14.00000000,8,False,0.04487179,W,stage,binned,is_no_resp
706,1,R,A,A,34,40,pos,4,3,-223,9.00000000,4,False,-0.02791461,W,stage,binned,is_no_resp
706,1,R,A,A,34,40,pos,4,4,32,6.00000000,3,False,0.06285714,W,stage,binned,is_no_resp
706,1,R,A,A,34,40,pos,4,5,-250,4.00000000,1,False,0.02463054,W,stage,binned,is_no_resp
706,1,R,A,A,38,39,pos,2,1,-13,19.00000000,13,False,-0.00220751,W,stage,binned,is_no_resp
706,1,R,A,A,38,39,pos,2,3,-16,12.01000000,8,False,-0.00792079,W,stage,binned,is_no_resp
706,1,R,A,A,38,39,pos,2,4,116,6.00000000,3,False,-0.00800000,W,stage,binned,is_no_resp
706,1,R,A,A,38,39,pos,2,5,-76,12.00000000,7,False,-0.00699301,W,stage,binned,is_no_resp
706,1,R,A,A,38,40,pos,2,1,26,87.00000000,80,False,0.00420592,W,stage,binned,is_no_resp
706,1,R,A,A,38,40,pos,2,2,-151,48.00000000,38,False,0.00681461,W,stage,binned,is_no_resp
706,1,R,A,A,38,40,pos,2,3,236,30.00000000,21,False,0.04217252,W,stage,binned,is_no_resp
706,1,R,A,A,38,40,pos,2,4,203,18.00000000,12,False,0.02699460,W,stage,binned,is_no_resp
706,1,R,A,A,38,40,pos,2,5,-55,12.00000000,7,False,0.02136317,W,stage,binned,is_no_resp
706,1,R,A,A,38,39,pos,3,1,-7,7.00000000,3,False,0.04018913,W,stage,binned,is_no_resp
706,1,R,A,A,38,39,pos,3,3,-10,5.00000000,3,False,0.09848485,W,stage,binned,is_no_resp
706,1,R,A,A,38,39,pos,3,4,-10,2.00000000,1,False,0.05714286,W,stage,binned,is_no_resp
706,1,R,A,A,38,39,pos,3,5,-7,5.00000000,2,False,0.13537118,W,stage,binned,is_no_resp
706,1,R,A,A,38,40,pos,3,1,11,26.00000000,19,False,0.01324042,W,stage,binned,is_no_resp
706,1,R,A,A,38,40,pos,3,2,59,15.00000000,10,False,0.04335857,W,stage,binned,is_no_resp
706,1,R,A,A,38,40,pos,3,3,-139,10.00000000,6,False,0.04889976,W,stage,binned,is_no_resp
706,1,R,A,A,38,40,pos,3,4,-250,7.00000000,3,False,-0.01818182,W,stage,binned,is_no_resp
706,1,R,A,A,38,40,pos,3,5,-10,5.00000000,3,False,0.04827586,W,stage,binned,is_no_resp
706,1,R,A,A,38,39,pos,5,1,-235,6.00000000,2,False,0.03783784,W,stage,binned,is_no_resp
706,1,R,A,A,38,39,pos,5,3,-160,5.00000000,2,False,0.03703704,W,stage,binned,is_no_resp
706,1,R,A,A,38,39,pos,5,4,-250,2.01000000,0,False,-0.01369863,W,stage,binned,is_no_resp
706,1,R,A,A,38,39,pos,5,5,-181,4.00000000,2,False,0.10416667,W,stage,binned,is_no_resp
706,1,R,A,A,38,40,pos,5,1,-94,22.00000000,15,False,-0.00428816,W,stage,binned,is_no_resp
706,1,R,A,A,38,40,pos,5,2,-100,14.00000000,10,False,-0.02144559,W,stage,binned,is_no_resp
706,1,R,A,A,38,40,pos,5,3,-37,9.00000000,5,False,0.01624815,W,stage,binned,is_no_resp
706,1,R,A,A,38,40,pos,5,4,-172,6.00000000,3,False,-0.05027933,W,stage,binned,is_no_resp
706,1,R,A,A,38,40,pos,5,5,-31,5.00000000,2,False,0.02272727,W,stage,binned,is_no_resp
706,1,R,A,A,38,39,pos,6,1,-13,3.00000000,1,False,-0.06172840,W,stage,binned,is_no_resp
706,1,R,A,A,38,39,pos,6,3,-250,2.00000000,0,False,-0.05555556,W,stage,binned,is_no_resp
706,1,R,A,A,38,39,pos,6,4,-250,1.00000000,0,False,-0.57142857,W,stage,binned,is_no_resp
706,1,R,A,A,38,39,pos,6,5,-250,2.00000000,0,False,-0.26315789,W,stage,binned,is_no_resp
706,1,R,A,A,38,40,pos,6,1,-196,7.00000000,4,False,-0.02362205,W,stage,binned,is_no_resp
706,1,R,A,A,38,40,pos,6,2,-40,5.00000000,2,False,0.09677419,W,stage,binned,is_no_resp
706,1,R,A,A,38,40,pos,6,3,-229,3.00000000,1,False,0.19018405,W,stage,binned,is_no_resp
706,1,R,A,A,38,40,pos,6,4,-250,2.00000000,0,False,0.01587302,W,stage,binned,is_no_resp
706,1,R,A,A,38,40,pos,6,5,-250,2.00000000,0,False,-0.20000000,W,stage,binned,is_no_resp
706,1,R,A,A,38,39,pos,7,1,227,4.00000000,2,False,0.07843137,W,stage,binned,is_no_resp
706,1,R,A,A,38,39,pos,7,3,-193,3.00000000,1,False,0.05785124,W,stage,binned,is_no_resp
706,1,R,A,A,38,39,pos,7,4,-250,2.00000000,0,False,-0.22727273,W,stage,binned,is_no_resp
706,1,R,A,A,38,39,pos,7,5,-232,3.00000000,1,False,0.06896552,W,stage,binned,is_no_resp
706,1,R,A,A,38,40,pos,7,1,-250,13.01000000,9,False,-0.04138450,W,stage,binned,is_no_resp
706,1,R,A,A,38,40,pos,7,2,-106,9.00000000,5,False,0.02898551,W,stage,binned,is_no_resp
706,1,R,A,A,38,40,pos,7,3,14,6.00000000,3,False,0.02020202,W,stage,binned,is_no_resp
706,1,R,A,A,38,40,pos,7,4,68,5.00000000,2,False,0.09401709,W,stage,binned,is_no_resp
706,1,R,A,A,38,40,pos,7,5,-250,3.00000000,1,False,0.06870229,W,stage,binned,is_no_resp
706,1,R,A,A,39,40,pos,1,1,8,28.00000000,22,False,0.03634609,W,stage,binned,is_no_resp
706,1,R,A,A,39,40,pos,1,2,-250,14.00000000,11,False,0.01373626,W,stage,binned,is_no_resp
706,1,R,A,A,39,40,pos,1,3,11,10.00000000,6,False,0.09293680,W,stage,binned,is_no_resp
706,1,R,A,A,39,40,pos,1,4,-103,7.00000000,4,False,-0.01818182,W,stage,binned,is_no_resp
706,1,R,A,A,39,40,pos,1,5,-250,5.00000000,2,False,0.02142857,W,stage,binned,is_no_resp
706,1,R,A,A,39,40,pos,3,1,-199,15.00000000,10,False,0.01978302,W,stage,binned,is_no_resp
706,1,R,A,A,39,40,pos,3,2,-22,10.00000000,5,False,0.04229195,W,stage,binned,is_no_resp
706,1,R,A,A,39,40,pos,3,3,-13,7.00000000,4,False,0.10024450,W,stage,binned,is_no_resp
706,1,R,A,A,39,40,pos,3,4,71,5.00000000,2,False,0.14545455,W,stage,binned,is_no_resp
706,1,R,A,A,39,40,pos,3,5,-7,4.00000000,3,False,0.03370787,W,stage,binned,is_no_resp
706,1,R,A,A,39,40,pos,4,1,-250,7.00000000,3,False,-0.01855670,W,stage,binned,is_no_resp
706,1,R,A,A,39,40,pos,4,2,-109,5.00000000,2,False,-0.02745098,W,stage,binned,is_no_resp
706,1,R,A,A,39,40,pos,4,3,-121,3.00000000,1,False,-0.04166667,W,stage,binned,is_no_resp
706,1,R,A,A,39,40,pos,4,4,-250,3.00000000,0,False,-0.08823529,W,stage,binned,is_no_resp
706,1,R,A,A,39,40,pos,4,5,-250,2.00000000,0,False,-0.18518519,W,stage,binned,is_no_resp
706,1,R,A,A,39,40,pos,5,1,-121,16.00000000,11,False,0.01918159,W,stage,binned,is_no_resp
706,1,R,A,A,39,40,pos,5,2,-46,9.00000000,5,False,0.01139601,W,stage,binned,is_no_resp
706,1,R,A,A,39,40,pos,5,3,11,6.00000000,3,False,0.04060914,W,stage,binned,is_no_resp
706,1,R,A,A,39,40,pos,5,4,17,5.00000000,2,False,0.00000000,W,stage,binned,is_no_resp
706,1,R,A,A,39,40,pos,5,5,-169,3.00000000,1,False,0.06250000,W,stage,binned,is_no_resp
706,2,L,A,A,2,6,pos,2,1,-250,3.00000000,1,False,0.00000000,W,stage,binned,is_no_resp
706,2,L,A,A,2,6,pos,2,2,-136,3.00000000,1,False,0.16788321,W,stage,binned,is_no_resp
706,2,L,A,A,2,6,pos,2,3,-10,3.00000000,1,False,0.04651163,W,stage,binned,is_no_resp
706,2,L,A,A,2,6,pos,2,4,-250,1.00000000,0,False,0.00000000,W,stage,binned,is_no_resp
707,2,L,A,A,1,4,pos,1,3,-4,13.00000000,9,False,-0.07610619,W,stage,binned,is_no_resp
707,2,L,A,A,1,4,pos,1,4,-13,12.00000000,8,False,-0.00691017,W,stage,binned,is_no_resp
707,2,L,A,A,1,7,pos,1,1,-22,23.00000000,18,False,-0.02577320,W,stage,binned,is_no_resp
707,2,L,A,A,1,7,pos,1,2,-106,25.00000000,19,False,-0.01193685,W,stage,binned,is_no_resp
707,2,L,A,A,1,7,pos,1,3,-19,25.00000000,17,False,0.03582555,W,stage,binned,is_no_resp
707,2,L,A,A,1,7,pos,1,4,-19,16.00000000,11,False,-0.03862661,W,stage,binned,is_no_resp
707,2,L,A,A,1,8,pos,1,4,-1,17.00000000,15,False,0.00880503,W,stage,binned,is_no_resp
707,2,L,A,A,1,4,pos,2,3,-250,4.00000000,1,False,0.00606061,W,stage,binned,is_no_resp
707,2,L,A,A,1,4,pos,2,4,-25,4.00000000,2,False,-0.06250000,W,stage,binned,is_no_resp
707,2,L,A,A,1,7,pos,2,1,-16,6.00000000,3,False,0.02089552,W,stage,binned,is_no_resp
707,2,L,A,A,1,7,pos,2,2,-190,6.00000000,3,False,-0.04020101,W,stage,binned,is_no_resp
707,2,L,A,A,1,7,pos,2,3,-250,6.01000000,4,False,0.06008584,W,stage,binned,is_no_resp
707,2,L,A,A,1,7,pos,2,4,-103,5.00000000,3,False,-0.15503876,W,stage,binned,is_no_resp
707,2,L,A,A,1,8,pos,2,4,-25,7.00000000,5,False,0.01287554,W,stage,binned,is_no_resp
707,2,L,A,A,4,7,pos,3,1,-250,8.00000000,5,False,0.00162075,W,stage,binned,is_no_resp
707,2,L,A,A,4,7,pos,3,2,140,10.00000000,6,False,-0.02716688,W,stage,binned,is_no_resp
707,2,L,A,A,4,7,pos,3,3,-19,10.00000000,6,False,-0.00268817,W,stage,binned,is_no_resp
707,2,L,A,A,4,7,pos,3,4,-118,6.00000000,3,False,-0.03937008,W,stage,binned,is_no_resp
707,2,L,A,A,4,8,pos,3,4,5,6.00000000,3,False,-0.01081081,W,stage,binned,is_no_resp
707,2,L,A,A,4,7,pos,4,1,-217,8.00000000,4,False,-0.02936097,W,stage,binned,is_no_resp
707,2,L,A,A,4,7,pos,4,2,-184,10.00000000,5,False,-0.02679831,W,stage,binned,is_no_resp
707,2,L,A,A,4,7,pos,4,3,-109,10.00000000,5,False,-0.02649930,W,stage,binned,is_no_resp
707,2,L,A,A,4,7,pos,4,4,-70,6.00000000,3,False,-0.10714286,W,stage,binned,is_no_resp
707,2,L,A,A,4,8,pos,4,4,26,6.00000000,4,False,-0.02387268,W,stage,binned,is_no_resp
707,2,L,A,A,7,8,pos,1,4,125,13.00000000,8,False,0.05894106,W,stage,binned,is_no_resp
707,2,L,A,A,7,8,pos,2,4,-118,13.00000000,7,False,-0.02213667,W,stage,binned,is_no_resp
707,2,L,A,A,7,8,pos,3,4,5,14.00000000,9,False,-0.02207686,W,stage,binned,is_no_resp
707,2,L,A,A,7,8,pos,4,4,-49,9.00000000,5,False,-0.02635659,W,stage,binned,is_no_resp
704,1,R,A,A,41,42,pos,4,2,-250,1.00000000,0,False,0.09090909,W,stage,binned,is_no_resp
704,1,R,A,A,41,42,pos,4,3,-250,1.00000000,0,False,0.00000000,W,stage,binned,is_no_resp
704,1,R,A,A,41,44,pos,4,2,-250,1.00000000,0,False,0.16666667,W,stage,binned,is_no_resp
704,1,R,A,A,42,44,pos,2,2,-232,3.00000000,1,False,-0.02739726,W,stage,binned,is_no_resp
704,1,R,A,A,42,44,pos,3,2,-250,2.00000000,0,False,-0.08000000,W,stage,binned,is_no_resp
716,3,R,A,A,45,46,pos,1,2,-151,118.00000000,101,False,-0.01739185,W,stage,binned,is_no_resp
716,3,R,A,A,45,46,pos,1,3,-22,342.00000000,325,False,0.00189182,W,stage,binned,is_no_resp
716,3,R,A,A,45,46,pos,1,4,-100,72.01000000,58,False,-0.00142559,W,stage,binned,is_no_resp
716,3,R,A,A,45,46,pos,1,5,-40,29.00000000,23,False,0.02000635,W,stage,binned,is_no_resp
716,3,R,A,A,45,46,pos,1,6,-250,11.00000000,7,False,0.02654867,W,stage,binned,is_no_resp
716,3,R,A,A,45,46,pos,2,2,-250,8.00000000,4,False,-0.03119869,W,stage,binned,is_no_resp
716,3,R,A,A,45,46,pos,2,3,-229,25.00000000,21,False,0.00628141,W,stage,binned,is_no_resp
716,3,R,A,A,45,46,pos,2,4,-28,7.00000000,4,False,0.06122449,W,stage,binned,is_no_resp
716,3,R,A,A,45,46,pos,2,5,35,4.00000000,2,False,0.01435407,W,stage,binned,is_no_resp
716,3,R,A,A,45,46,pos,2,6,-205,3.00000000,1,False,-0.16883117,W,stage,binned,is_no_resp
716,3,R,A,A,45,46,pos,3,2,-250,6.00000000,2,False,-0.01117318,W,stage,binned,is_no_resp
716,3,R,A,A,45,46,pos,3,3,-217,17.00000000,12,False,0.00056721,W,stage,binned,is_no_resp
716,3,R,A,A,45,46,pos,3,4,2,5.00000000,2,False,0.15789474,W,stage,binned,is_no_resp
716,3,R,A,A,45,46,pos,3,5,-250,2.00000000,0,False,0.00000000,W,stage,binned,is_no_resp
716,3,R,A,A,45,46,pos,3,6,-250,1.00000000,0,False,0.25000000,W,stage,binned,is_no_resp
716,3,R,A,A,45,46,pos,4,2,-196,5.00000000,3,False,-0.03311258,W,stage,binned,is_no_resp
716,3,R,A,A,45,46,pos,4,3,-220,15.00000000,10,False,-0.00939597,W,stage,binned,is_no_resp
716,3,R,A,A,45,46,pos,4,4,-250,4.00000000,2,False,-0.01818182,W,stage,binned,is_no_resp
716,3,R,A,A,45,46,pos,4,5,-250,2.00000000,0,False,-0.10447761,W,stage,binned,is_no_resp
716,3,R,A,A,45,46,pos,4,6,-250,1.00000000,0,False,-0.22222222,W,stage,binned,is_no_resp
708,1,L,A,A,1,2,pos,2,2,-10,10.00000000,6,False,-0.02384292,W,stage,binned,is_no_resp
708,1,L,A,A,1,3,pos,2,1,-118,46.00000000,37,False,-0.01524334,W,stage,binned,is_no_resp
708,1,L,A,A,1,3,pos,2,2,137,51.00000000,39,False,-0.00544644,W,stage,binned,is_no_resp
708,1,L,A,A,1,3,pos,2,3,-205,46.00000000,34,False,-0.00831758,W,stage,binned,is_no_resp
708,1,L,A,A,1,3,pos,2,4,-238,22.00000000,15,False,-0.02453724,W,stage,binned,is_no_resp
708,1,L,A,A,1,4,pos,2,1,83,179.00000000,174,False,0.00669296,W,stage,binned,is_no_resp
708,1,L,A,A,1,4,pos,2,2,-88,69.01000000,56,False,-0.00334757,W,stage,binned,is_no_resp
708,1,L,A,A,1,4,pos,2,3,-34,58.00000000,47,False,0.00535966,W,stage,binned,is_no_resp
708,1,L,A,A,1,4,pos,2,4,-79,48.00000000,39,False,-0.00674857,W,stage,binned,is_no_resp
708,1,L,A,A,1,4,pos,2,5,53,26.00000000,18,False,0.01350338,W,stage,binned,is_no_resp
708,1,L,A,A,1,5,pos,2,2,2,29.00000000,21,False,0.05636605,W,stage,binned,is_no_resp
708,1,L,A,A,1,5,pos,2,3,-34,11.00000000,6,False,0.04750305,W,stage,binned,is_no_resp
708,1,L,A,A,1,7,pos,2,2,17,54.00000000,42,False,0.00728795,W,stage,binned,is_no_resp
708,1,L,A,A,1,7,pos,2,4,32,80.00000000,68,False,0.01747350,W,stage,binned,is_no_resp
708,1,L,A,A,1,7,pos,2,5,14,35.00000000,26,False,-0.00413650,W,stage,binned,is_no_resp
708,1,L,A,A,1,7,pos,2,6,-250,23.00000000,17,False,-0.02017544,W,stage,binned,is_no_resp
708,1,L,A,A,1,7,pos,2,7,11,24.00000000,18,False,-0.01959150,W,stage,binned,is_no_resp
708,1,L,A,A,1,8,pos,2,3,125,26.00000000,19,False,0.02784048,W,stage,binned,is_no_resp
708,1,L,A,A,1,8,pos,2,4,-7,9.00000000,5,False,0.09970674,W,stage,binned,is_no_resp
708,1,L,A,A,1,2,pos,3,2,53,8.00000000,4,False,0.11192661,W,stage,binned,is_no_resp
708,1,L,A,A,1,3,pos,3,1,-250,28.00000000,21,False,-0.03535690,W,stage,binned,is_no_resp
708,1,L,A,A,1,3,pos,3,2,26,36.00000000,26,False,0.02592781,W,stage,binned,is_no_resp
708,1,L,A,A,1,3,pos,3,3,-187,30.00000000,22,False,-0.03579209,W,stage,binned,is_no_resp
708,1,L,A,A,1,3,pos,3,4,20,15.00000000,10,False,0.15657312,W,stage,binned,is_no_resp
708,1,L,A,A,1,4,pos,3,1,-55,143.00000000,138,False,0.01258993,W,stage,binned,is_no_resp
708,1,L,A,A,1,4,pos,3,2,44,46.00000000,36,False,0.00307692,W,stage,binned,is_no_resp
708,1,L,A,A,1,4,pos,3,3,248,31.00000000,37,True,-0.00237342,W,stage,binned,is_no_resp
708,1,L,A,A,1,4,pos,3,4,230,34.00000000,28,False,0.01970443,W,stage,binned,is_no_resp
708,1,L,A,A,1,4,pos,3,5,-247,20.00000000,13,False,-0.00153296,W,stage,binned,is_no_resp
708,1,L,A,A,1,5,pos,3,2,-190,22.00000000,15,False,-0.01816530,W,stage,binned,is_no_resp
708,1,L,A,A,1,5,pos,3,3,-79,9.00000000,5,False,-0.06836248,W,stage,binned,is_no_resp
708,1,L,A,A,1,7,pos,3,2,-55,42.00000000,34,False,0.00142248,W,stage,binned,is_no_resp
708,1,L,A,A,1,7,pos,3,4,-232,57.00000000,49,False,-0.00517997,W,stage,binned,is_no_resp
708,1,L,A,A,1,7,pos,3,5,-91,29.00000000,20,False,-0.01993355,W,stage,binned,is_no_resp
708,1,L,A,A,1,7,pos,3,6,-46,18.00000000,13,False,-0.04252874,W,stage,binned,is_no_resp
708,1,L,A,A,1,7,pos,3,7,-250,19.00000000,14,False,-0.02625298,W,stage,binned,is_no_resp
708,1,L,A,A,1,8,pos,3,3,-22,19.00000000,13,False,0.00165837,W,stage,binned,is_no_resp
708,1,L,A,A,1,8,pos,3,4,-58,8.00000000,4,False,0.02119461,W,stage,binned,is_no_resp
708,1,L,A,A,1,2,pos,4,2,-250,2.00000000,0,False,0.17391304,W,stage,binned,is_no_resp
708,1,L,A,A,1,3,pos,4,1,-160,6.00000000,2,False,0.03409091,W,stage,binned,is_no_resp
708,1,L,A,A,1,3,pos,4,2,-148,8.00000000,4,False,0.00584795,W,stage,binned,is_no_resp
708,1,L,A,A,1,3,pos,4,3,212,6.00000000,3,False,0.12299465,W,stage,binned,is_no_resp
708,1,L,A,A,1,3,pos,4,4,-235,4.00000000,1,False,0.00751880,W,stage,binned,is_no_resp
708,1,L,A,A,1,4,pos,4,1,68,21.00000000,16,False,0.01574449,W,stage,binned,is_no_resp
708,1,L,A,A,1,4,pos,4,2,-250,8.00000000,4,False,-0.02970297,W,stage,binned,is_no_resp
708,1,L,A,A,1,4,pos,4,3,98,7.00000000,4,False,0.01408451,W,stage,binned,is_no_resp
708,1,L,A,A,1,4,pos,4,4,-235,5.00000000,2,False,0.05050505,W,stage,binned,is_no_resp
708,1,L,A,A,1,4,pos,4,5,68,4.00000000,2,False,-0.01369863,W,stage,binned,is_no_resp
708,1,L,A,A,1,5,pos,4,2,-226,5.00000000,2,False,-0.02304147,W,stage,binned,is_no_resp
708,1,L,A,A,1,5,pos,4,3,-250,2.00000000,0,False,-0.05263158,W,stage,binned,is_no_resp
708,1,L,A,A,1,7,pos,4,2,-250,7.00000000,3,False,0.00763359,W,stage,binned,is_no_resp
708,1,L,A,A,1,7,pos,4,4,-250,9.00000000,5,False,-0.00754148,W,stage,binned,is_no_resp
708,1,L,A,A,1,7,pos,4,5,-250,6.00000000,2,False,0.02209945,W,stage,binned,is_no_resp
708,1,L,A,A,1,7,pos,4,6,-25,4.00000000,2,False,0.08133971,W,stage,binned,is_no_resp
708,1,L,A,A,1,7,pos,4,7,-250,4.00000000,1,False,-0.10552764,W,stage,binned,is_no_resp
708,1,L,A,A,1,8,pos,4,3,-208,4.00000000,1,False,-0.12222222,W,stage,binned,is_no_resp
708,1,L,A,A,1,8,pos,4,4,-250,2.00000000,0,False,0.05263158,W,stage,binned,is_no_resp
708,1,L,A,A,1,2,pos,5,2,-250,2.00000000,0,False,0.00000000,W,stage,binned,is_no_resp
708,1,L,A,A,1,3,pos,5,1,-250,3.00000000,1,False,-0.02857143,W,stage,binned,is_no_resp
708,1,L,A,A,1,3,pos,5,2,-229,4.00000000,1,False,0.02380952,W,stage,binned,is_no_resp
708,1,L,A,A,1,3,pos,5,3,-250,4.00000000,1,False,-0.02352941,W,stage,binned,is_no_resp
708,1,L,A,A,1,3,pos,5,4,-238,3.00000000,1,False,-0.14285714,W,stage,binned,is_no_resp
708,1,L,A,A,1,4,pos,5,1,-160,10.00000000,6,False,0.01369863,W,stage,binned,is_no_resp
708,1,L,A,A,1,4,pos,5,2,-232,4.00000000,1,False,0.01176471,W,stage,binned,is_no_resp
708,1,L,A,A,1,4,pos,5,3,-250,4.00000000,1,False,-0.02590674,W,stage,binned,is_no_resp
708,1,L,A,A,1,4,pos,5,4,80,3.00000000,1,False,0.14285714,W,stage,binned,is_no_resp
708,1,L,A,A,1,4,pos,5,5,65,3.00000000,1,False,0.13636364,W,stage,binned,is_no_resp
708,1,L,A,A,1,5,pos,5,2,26,3.00000000,1,False,0.20430108,W,stage,binned,is_no_resp
708,1,L,A,A,1,5,pos,5,3,-250,1.00000000,0,False,0.40000000,W,stage,binned,is_no_resp
708,1,L,A,A,1,7,pos,5,2,-142,4.00000000,2,False,-0.10101010,W,stage,binned,is_no_resp
708,1,L,A,A,1,7,pos,5,4,-250,6.00000000,3,False,-0.02933333,W,stage,binned,is_no_resp
708,1,L,A,A,1,7,pos,5,5,-112,3.00000000,1,False,0.00709220,W,stage,binned,is_no_resp
708,1,L,A,A,1,7,pos,5,6,-250,2.00000000,0,False,-0.08823529,W,stage,binned,is_no_resp
708,1,L,A,A,1,7,pos,5,7,-193,3.00000000,1,False,-0.03370787,W,stage,binned,is_no_resp
708,1,L,A,A,1,8,pos,5,3,-250,2.00000000,0,False,0.15254237,W,stage,binned,is_no_resp
708,1,L,A,A,1,8,pos,5,4,-250,1.00000000,0,False,0.06666667,W,stage,binned,is_no_resp
708,1,L,A,A,2,3,pos,2,1,-202,5.00000000,2,False,0.10273973,W,stage,binned,is_no_resp
708,1,L,A,A,2,3,pos,2,2,-4,6.00000000,3,False,0.02549575,W,stage,binned,is_no_resp
708,1,L,A,A,2,3,pos,2,3,-244,5.00000000,2,False,0.00000000,W,stage,binned,is_no_resp
708,1,L,A,A,2,3,pos,2,4,80,3.00000000,1,False,0.11926606,W,stage,binned,is_no_resp
708,1,L,A,A,2,4,pos,2,1,-190,16.00000000,11,False,-0.00800915,W,stage,binned,is_no_resp
708,1,L,A,A,2,4,pos,2,2,-169,7.00000000,4,False,-0.07101727,W,stage,binned,is_no_resp
708,1,L,A,A,2,4,pos,2,3,-250,6.00000000,3,False,0.01769912,W,stage,binned,is_no_resp
708,1,L,A,A,2,4,pos,2,4,-157,5.00000000,2,False,0.13414634,W,stage,binned,is_no_resp
708,1,L,A,A,2,4,pos,2,5,-250,3.00000000,1,False,0.01298701,W,stage,binned,is_no_resp
708,1,L,A,A,2,5,pos,2,2,-229,4.00000000,1,False,0.05213270,W,stage,binned,is_no_resp
708,1,L,A,A,2,5,pos,2,3,-250,2.00000000,0,False,0.11111111,W,stage,binned,is_no_resp
708,1,L,A,A,2,7,pos,2,2,-196,7.00000000,3,False,-0.11694511,W,stage,binned,is_no_resp
708,1,L,A,A,2,7,pos,2,4,-100,8.00000000,4,False,0.04729730,W,stage,binned,is_no_resp
708,1,L,A,A,2,7,pos,2,5,-103,5.00000000,2,False,-0.04721030,W,stage,binned,is_no_resp
708,1,L,A,A,2,7,pos,2,6,-250,3.00000000,1,False,0.17318436,W,stage,binned,is_no_resp
708,1,L,A,A,2,7,pos,2,7,-250,3.00000000,1,False,0.12121212,W,stage,binned,is_no_resp
708,1,L,A,A,2,8,pos,2,3,-40,3.00000000,1,False,0.11764706,W,stage,binned,is_no_resp
708,1,L,A,A,2,8,pos,2,4,-73,2.00000000,1,False,-0.18750000,W,stage,binned,is_no_resp
708,1,L,A,A,3,4,pos,1,1,-25,66.00000000,57,False,0.00549451,W,stage,binned,is_no_resp
708,1,L,A,A,3,4,pos,1,2,-151,31.00000000,23,False,0.00056754,W,stage,binned,is_no_resp
708,1,L,A,A,3,4,pos,1,3,-250,25.00000000,18,False,-0.00890869,W,stage,binned,is_no_resp
708,1,L,A,A,3,4,pos,1,4,29,26.00000000,20,False,0.03093552,W,stage,binned,is_no_resp
708,1,L,A,A,3,4,pos,1,5,-211,11.01000000,6,False,0.04464286,W,stage,binned,is_no_resp
708,1,L,A,A,3,5,pos,1,2,-238,13.00000000,7,False,-0.00673725,W,stage,binned,is_no_resp
708,1,L,A,A,3,5,pos,1,3,-250,6.00000000,3,False,-0.12538226,W,stage,binned,is_no_resp
708,1,L,A,A,3,7,pos,1,2,-163,23.00000000,16,False,0.01790281,W,stage,binned,is_no_resp
708,1,L,A,A,3,7,pos,1,4,-235,27.00000000,23,False,0.00398406,W,stage,binned,is_no_resp
708,1,L,A,A,3,7,pos,1,5,-151,14.00000000,8,False,0.01916376,W,stage,binned,is_no_resp
708,1,L,A,A,3,7,pos,1,6,-250,11.00000000,5,False,0.06700379,W,stage,binned,is_no_resp
708,1,L,A,A,3,7,pos,1,7,-250,10.00000000,5,False,-0.01522843,W,stage,binned,is_no_resp
708,1,L,A,A,3,8,pos,1,3,-250,13.00000000,8,False,-0.05747126,W,stage,binned,is_no_resp
708,1,L,A,A,3,8,pos,1,4,-232,4.00000000,1,False,0.06593407,W,stage,binned,is_no_resp
708,1,L,A,A,3,4,pos,2,1,68,86.00000000,82,False,0.02446634,W,stage,binned,is_no_resp
708,1,L,A,A,3,4,pos,2,2,113,34.00000000,26,False,0.01539238,W,stage,binned,is_no_resp
708,1,L,A,A,3,4,pos,2,3,26,30.00000000,22,False,0.03174114,W,stage,binned,is_no_resp
708,1,L,A,A,3,4,pos,2,4,5,25.00000000,18,False,0.01196449,W,stage,binned,is_no_resp
708,1,L,A,A,3,4,pos,2,5,-235,14.00000000,9,False,-0.00941915,W,stage,binned,is_no_resp
708,1,L,A,A,3,5,pos,2,2,-247,15.00000000,8,False,-0.02644628,W,stage,binned,is_no_resp
708,1,L,A,A,3,5,pos,2,3,134,6.00000000,3,False,0.09090909,W,stage,binned,is_no_resp
708,1,L,A,A,3,7,pos,2,2,50,28.00000000,21,False,0.00659196,W,stage,binned,is_no_resp
708,1,L,A,A,3,7,pos,2,4,98,39.00000000,31,False,0.00324324,W,stage,binned,is_no_resp
708,1,L,A,A,3,7,pos,2,5,-184,18.00000000,11,False,-0.00176367,W,stage,binned,is_no_resp
708,1,L,A,A,3,7,pos,2,6,194,12.00000000,7,False,0.02769819,W,stage,binned,is_no_resp
708,1,L,A,A,3,7,pos,2,7,-250,12.00000000,8,False,-0.04209542,W,stage,binned,is_no_resp
708,1,L,A,A,3,8,pos,2,3,-223,14.00000000,8,False,0.02887139,W,stage,binned,is_no_resp
708,1,L,A,A,3,8,pos,2,4,-250,6.00000000,2,False,-0.11538462,W,stage,binned,is_no_resp
708,1,L,A,A,3,4,pos,3,1,-250,63.00000000,64,True,-0.00494336,W,stage,binned,is_no_resp
708,1,L,A,A,3,4,pos,3,2,-166,30.00000000,21,False,-0.01359703,W,stage,binned,is_no_resp
708,1,L,A,A,3,4,pos,3,3,-184,24.00000000,17,False,0.01489028,W,stage,binned,is_no_resp
708,1,L,A,A,3,4,pos,3,4,-250,21.00000000,14,False,-0.01280228,W,stage,binned,is_no_resp
708,1,L,A,A,3,4,pos,3,5,80,12.00000000,7,False,0.07028112,W,stage,binned,is_no_resp
708,1,L,A,A,3,5,pos,3,2,-151,13.00000000,7,False,-0.02766798,W,stage,binned,is_no_resp
708,1,L,A,A,3,5,pos,3,3,-250,6.00000000,2,False,0.01538462,W,stage,binned,is_no_resp
708,1,L,A,A,3,7,pos,3,2,212,24.00000000,19,False,0.00691244,W,stage,binned,is_no_resp
708,1,L,A,A,3,7,pos,3,4,53,31.00000000,23,False,0.04044225,W,stage,binned,is_no_resp
708,1,L,A,A,3,7,pos,3,5,-250,14.00000000,9,False,0.04038772,W,stage,binned,is_no_resp
708,1,L,A,A,3,7,pos,3,6,-217,11.00000000,6,False,-0.01513388,W,stage,binned,is_no_resp
708,1,L,A,A,3,7,pos,3,7,-226,10.00000000,5,False,-0.02702703,W,stage,binned,is_no_resp
708,1,L,A,A,3,8,pos,3,3,-118,12.00000000,7,False,-0.03611971,W,stage,binned,is_no_resp
708,1,L,A,A,3,8,pos,3,4,-187,6.00000000,3,False,-0.05817175,W,stage,binned,is_no_resp
708,1,L,A,A,3,4,pos,4,1,-250,29.00000000,26,False,0.01487086,W,stage,binned,is_no_resp
708,1,L,A,A,3,4,pos,4,2,32,15.00000000,9,False,0.05173745,W,stage,binned,is_no_resp
708,1,L,A,A,3,4,pos,4,3,-229,11.00000000,7,False,0.03329970,W,stage,binned,is_no_resp
708,1,L,A,A,3,4,pos,4,4,59,11.00000000,7,False,-0.00327869,W,stage,binned,is_no_resp
708,1,L,A,A,3,4,pos,4,5,-40,7.00000000,3,False,-0.02189781,W,stage,binned,is_no_resp
708,1,L,A,A,3,5,pos,4,2,-100,6.00000000,3,False,-0.06951872,W,stage,binned,is_no_resp
708,1,L,A,A,3,5,pos,4,3,-148,3.00000000,1,False,-0.10843373,W,stage,binned,is_no_resp
708,1,L,A,A,3,7,pos,4,2,83,14.00000000,10,False,0.03598326,W,stage,binned,is_no_resp
708,1,L,A,A,3,7,pos,4,4,-250,14.00000000,11,False,0.05822416,W,stage,binned,is_no_resp
708,1,L,A,A,3,7,pos,4,5,-220,8.00000000,4,False,0.04109589,W,stage,binned,is_no_resp
708,1,L,A,A,3,7,pos,4,6,-70,7.00000000,3,False,0.01980198,W,stage,binned,is_no_resp
708,1,L,A,A,3,7,pos,4,7,-238,6.00000000,3,False,-0.09904153,W,stage,binned,is_no_resp
708,1,L,A,A,3,8,pos,4,3,-241,6.00000000,3,False,-0.00454545,W,stage,binned,is_no_resp
708,1,L,A,A,3,8,pos,4,4,-229,3.00000000,1,False,0.01052632,W,stage,binned,is_no_resp
708,1,L,A,A,4,5,pos,1,2,50,52.00000000,41,False,0.01540957,W,stage,binned,is_no_resp
708,1,L,A,A,4,5,pos,1,3,2,15.00000000,10,False,0.03529412,W,stage,binned,is_no_resp
708,1,L,A,A,4,7,pos,1,2,65,110.00000000,96,False,0.00849082,W,stage,binned,is_no_resp
708,1,L,A,A,4,7,pos,1,4,128,164.00000000,144,False,0.00941043,W,stage,binned,is_no_resp
708,1,L,A,A,4,7,pos,1,5,8,72.00000000,61,False,0.00928657,W,stage,binned,is_no_resp
708,1,L,A,A,4,7,pos,1,6,-85,43.00000000,33,False,0.02507404,W,stage,binned,is_no_resp
708,1,L,A,A,4,7,pos,1,7,113,44.00000000,35,False,0.02744793,W,stage,binned,is_no_resp
708,1,L,A,A,4,8,pos,1,3,20,46.00000000,37,False,0.02093756,W,stage,binned,is_no_resp
708,1,L,A,A,4,8,pos,1,4,-205,18.00000000,13,False,-0.02441794,W,stage,binned,is_no_resp
708,1,L,A,A,4,5,pos,2,2,-181,19.00000000,13,False,0.02313354,W,stage,binned,is_no_resp
708,1,L,A,A,4,5,pos,2,3,-25,7.00000000,4,False,-0.04862579,W,stage,binned,is_no_resp
708,1,L,A,A,4,7,pos,2,2,-127,37.00000000,29,False,-0.01362007,W,stage,binned,is_no_resp
708,1,L,A,A,4,7,pos,2,4,44,49.00000000,39,False,0.03857167,W,stage,binned,is_no_resp
708,1,L,A,A,4,7,pos,2,5,-25,24.00000000,16,False,0.04895105,W,stage,binned,is_no_resp
708,1,L,A,A,4,7,pos,2,6,185,17.00000000,11,False,0.06755853,W,stage,binned,is_no_resp
708,1,L,A,A,4,7,pos,2,7,-22,15.00000000,10,False,0.01972243,W,stage,binned,is_no_resp
708,1,L,A,A,4,8,pos,2,3,-130,19.00000000,12,False,0.02933038,W,stage,binned,is_no_resp
708,1,L,A,A,4,8,pos,2,4,-55,10.00000000,5,False,0.04761905,W,stage,binned,is_no_resp
708,1,L,A,A,4,5,pos,3,2,-250,16.00000000,10,False,-0.00534045,W,stage,binned,is_no_resp
708,1,L,A,A,4,5,pos,3,3,-124,6.00000000,3,False,-0.03013699,W,stage,binned,is_no_resp
708,1,L,A,A,4,7,pos,3,2,-22,33.00000000,25,False,0.01766004,W,stage,binned,is_no_resp
708,1,L,A,A,4,7,pos,3,4,17,48.00000000,39,False,0.02434900,W,stage,binned,is_no_resp
708,1,L,A,A,4,7,pos,3,5,-58,21.00000000,14,False,-0.00047733,W,stage,binned,is_no_resp
708,1,L,A,A,4,7,pos,3,6,-28,14.00000000,9,False,0.00165837,W,stage,binned,is_no_resp
708,1,L,A,A,4,7,pos,3,7,-241,15.00000000,9,False,-0.05808477,W,stage,binned,is_no_resp
708,1,L,A,A,4,8,pos,3,3,74,16.00000000,10,False,0.05839942,W,stage,binned,is_no_resp
708,1,L,A,A,4,8,pos,3,4,-250,6.00000000,2,False,0.00303951,W,stage,binned,is_no_resp
708,1,L,A,A,4,5,pos,4,2,-205,14.00000000,9,False,0.00917431,W,stage,binned,is_no_resp
708,1,L,A,A,4,5,pos,4,3,-238,6.00000000,3,False,0.00317460,W,stage,binned,is_no_resp
708,1,L,A,A,4,7,pos,4,2,-184,24.00000000,18,False,0.01848875,W,stage,binned,is_no_resp
708,1,L,A,A,4,7,pos,4,4,23,37.00000000,31,False,0.02925046,W,stage,binned,is_no_resp
708,1,L,A,A,4,7,pos,4,5,-217,15.00000000,10,False,-0.02439024,W,stage,binned,is_no_resp
708,1,L,A,A,4,7,pos,4,6,-58,11.00000000,6,False,0.07574094,W,stage,binned,is_no_resp
708,1,L,A,A,4,7,pos,4,7,-250,12.00000000,7,False,-0.00312826,W,stage,binned,is_no_resp
708,1,L,A,A,4,8,pos,4,3,-205,14.00000000,8,False,0.00082988,W,stage,binned,is_no_resp
708,1,L,A,A,4,8,pos,4,4,-229,4.00000000,1,False,0.00512821,W,stage,binned,is_no_resp
708,1,L,A,A,4,5,pos,5,2,-58,8.00000000,4,False,-0.00186220,W,stage,binned,is_no_resp
708,1,L,A,A,4,5,pos,5,3,-241,3.00000000,1,False,-0.04142012,W,stage,binned,is_no_resp
708,1,L,A,A,4,7,pos,5,2,-13,15.00000000,10,False,-0.01313869,W,stage,binned,is_no_resp
708,1,L,A,A,4,7,pos,5,4,-181,21.00000000,15,False,0.01668922,W,stage,binned,is_no_resp
708,1,L,A,A,4,7,pos,5,5,-64,11.00000000,6,False,-0.00488998,W,stage,binned,is_no_resp
708,1,L,A,A,4,7,pos,5,6,-154,7.00000000,3,False,0.07511737,W,stage,binned,is_no_resp
708,1,L,A,A,4,7,pos,5,7,50,8.00000000,5,False,0.08118812,W,stage,binned,is_no_resp
708,1,L,A,A,4,8,pos,5,3,29,8.00000000,4,False,0.06640625,W,stage,binned,is_no_resp
708,1,L,A,A,4,8,pos,5,4,-241,3.00000000,1,False,0.08396947,W,stage,binned,is_no_resp
708,1,L,A,A,5,7,pos,2,2,-13,16.00000000,11,False,-0.04433498,W,stage,binned,is_no_resp
708,1,L,A,A,5,7,pos,2,4,-34,20.00000000,16,False,-0.01065891,W,stage,binned,is_no_resp
708,1,L,A,A,5,7,pos,2,5,-22,11.00000000,7,False,0.02616610,W,stage,binned,is_no_resp
708,1,L,A,A,5,7,pos,2,6,-34,8.00000000,4,False,-0.05058366,W,stage,binned,is_no_resp
708,1,L,A,A,5,7,pos,2,7,-1,8.00000000,4,False,-0.00187617,W,stage,binned,is_no_resp
708,1,L,A,A,5,8,pos,2,3,-37,8.00000000,4,False,0.00194175,W,stage,binned,is_no_resp
708,1,L,A,A,5,8,pos,2,4,-7,4.00000000,2,False,0.12222222,W,stage,binned,is_no_resp
708,1,L,A,A,5,7,pos,3,2,11,7.00000000,4,False,0.03736264,W,stage,binned,is_no_resp
708,1,L,A,A,5,7,pos,3,4,-16,8.00000000,4,False,-0.00584795,W,stage,binned,is_no_resp
708,1,L,A,A,5,7,pos,3,5,50,4.00000000,2,False,0.00507614,W,stage,binned,is_no_resp
708,1,L,A,A,5,7,pos,3,6,-181,4.00000000,1,False,-0.15328467,W,stage,binned,is_no_resp
708,1,L,A,A,5,7,pos,3,7,-250,3.00000000,1,False,0.13043478,W,stage,binned,is_no_resp
708,1,L,A,A,5,8,pos,3,3,-163,4.00000000,1,False,0.00000000,W,stage,binned,is_no_resp
708,1,L,A,A,5,8,pos,3,4,5,2.00000000,1,False,0.33333333,W,stage,binned,is_no_resp
708,1,L,A,A,7,8,pos,2,3,8,14.00000000,9,False,0.03793382,W,stage,binned,is_no_resp
708,1,L,A,A,7,8,pos,2,4,5,6.00000000,3,False,0.08256881,W,stage,binned,is_no_resp
708,1,L,A,A,7,8,pos,4,3,5,19.00000000,13,False,-0.00804598,W,stage,binned,is_no_resp
708,1,L,A,A,7,8,pos,4,4,-250,5.00000000,2,False,-0.06060606,W,stage,binned,is_no_resp
708,1,L,A,A,7,8,pos,5,3,32,10.00000000,6,False,0.03287671,W,stage,binned,is_no_resp
708,1,L,A,A,7,8,pos,5,4,-223,4.00000000,1,False,0.03482587,W,stage,binned,is_no_resp
708,1,L,A,A,7,8,pos,6,3,-205,7.00000000,3,False,-0.02192982,W,stage,binned,is_no_resp
708,1,L,A,A,7,8,pos,6,4,-16,3.00000000,1,False,0.04347826,W,stage,binned,is_no_resp
708,1,L,A,A,7,8,pos,7,3,-160,7.00000000,3,False,-0.01719902,W,stage,binned,is_no_resp
708,1,L,A,A,7,8,pos,7,4,-250,2.00000000,0,False,0.00000000,W,stage,binned,is_no_resp
713,2,L,A,A,1,3,pos,1,3,221,14.00000000,10,False,-0.00355872,W,stage,binned,is_no_resp
713,2,L,A,A,1,3,pos,1,4,-250,12.00000000,8,False,-0.00529101,W,stage,binned,is_no_resp
713,2,L,A,A,1,3,pos,1,5,2,9.00000000,5,False,0.00634921,W,stage,binned,is_no_resp
713,2,L,A,A,1,3,pos,1,7,-244,5.00000000,2,False,0.02950820,W,stage,binned,is_no_resp
713,2,L,A,A,1,3,pos,1,8,-82,2.00000000,1,False,-0.58620690,W,stage,binned,is_no_resp
713,2,L,A,A,1,4,pos,1,3,5,4.00000000,3,False,-0.17730496,W,stage,binned,is_no_resp
713,2,L,A,A,1,4,pos,1,4,2,2.00000000,1,False,-0.09090909,W,stage,binned,is_no_resp
713,2,L,A,A,1,4,pos,1,5,-250,2.00000000,0,False,-0.15151515,W,stage,binned,is_no_resp
713,2,L,A,A,1,5,pos,1,3,-250,2.00000000,0,False,-0.37931034,W,stage,binned,is_no_resp
713,2,L,A,A,1,8,pos,1,1,-43,15.00000000,10,False,-0.00828937,W,stage,binned,is_no_resp
713,2,L,A,A,1,8,pos,1,2,-7,12.00000000,8,False,0.05120167,W,stage,binned,is_no_resp
713,2,L,A,A,1,8,pos,1,3,-7,10.00000000,10,False,-0.03761349,W,stage,binned,is_no_resp
713,2,L,A,A,1,8,pos,1,4,-226,5.00000000,2,False,-0.10273973,W,stage,binned,is_no_resp
713,2,L,A,A,1,8,pos,1,5,-7,3.00000000,3,False,-0.23076923,W,stage,binned,is_no_resp
713,2,L,A,A,1,8,pos,1,6,-250,2.00000000,0,False,-0.04225352,W,stage,binned,is_no_resp
713,2,L,A,A,1,3,pos,2,3,-184,7.00000000,3,False,-0.05263158,W,stage,binned,is_no_resp
713,2,L,A,A,1,3,pos,2,4,-250,6.00000000,2,False,0.00313480,W,stage,binned,is_no_resp
713,2,L,A,A,1,3,pos,2,5,-190,4.00000000,1,False,0.14619883,W,stage,binned,is_no_resp
713,2,L,A,A,1,3,pos,2,7,-250,3.00000000,0,False,-0.19480519,W,stage,binned,is_no_resp
713,2,L,A,A,1,3,pos,2,8,-250,1.00000000,0,False,-0.17647059,W,stage,binned,is_no_resp
713,2,L,A,A,1,4,pos,2,3,-22,2.00000000,1,False,-0.05263158,W,stage,binned,is_no_resp
713,2,L,A,A,1,4,pos,2,4,-250,1.00000000,0,False,-0.17241379,W,stage,binned,is_no_resp
713,2,L,A,A,1,4,pos,2,5,-250,1.00000000,0,False,-0.33333333,W,stage,binned,is_no_resp
713,2,L,A,A,1,5,pos,2,3,-250,1.00000000,0,False,-0.20000000,W,stage,binned,is_no_resp
713,2,L,A,A,1,8,pos,2,1,-13,7.00000000,4,False,0.05500000,W,stage,binned,is_no_resp
713,2,L,A,A,1,8,pos,2,2,-16,6.00000000,3,False,0.01886792,W,stage,binned,is_no_resp
713,2,L,A,A,1,8,pos,2,3,-4,5.00000000,3,False,0.08571429,W,stage,binned,is_no_resp
713,2,L,A,A,1,8,pos,2,4,-169,3.00000000,1,False,0.02912621,W,stage,binned,is_no_resp
713,2,L,A,A,1,8,pos,2,5,-25,2.00000000,1,False,-0.33333333,W,stage,binned,is_no_resp
713,2,L,A,A,1,8,pos,2,6,-250,1.00000000,0,False,0.10000000,W,stage,binned,is_no_resp
713,2,L,A,A,1,3,pos,3,3,-235,6.00000000,3,False,-0.00748130,W,stage,binned,is_no_resp
713,2,L,A,A,1,3,pos,3,4,-235,5.00000000,2,False,-0.03780069,W,stage,binned,is_no_resp
713,2,L,A,A,1,3,pos,3,5,-250,4.00000000,2,False,0.02150538,W,stage,binned,is_no_resp
713,2,L,A,A,1,3,pos,3,7,-49,3.00000000,1,False,0.00000000,W,stage,binned,is_no_resp
713,2,L,A,A,1,3,pos,3,8,-250,1.00000000,0,False,-0.40000000,W,stage,binned,is_no_resp
713,2,L,A,A,1,4,pos,3,3,-250,2.00000000,0,False,0.20000000,W,stage,binned,is_no_resp
713,2,L,A,A,1,4,pos,3,4,-250,1.00000000,0,False,-0.57142857,W,stage,binned,is_no_resp
713,2,L,A,A,1,4,pos,3,5,-250,1.00000000,0,False,-0.20000000,W,stage,binned,is_no_resp
713,2,L,A,A,1,5,pos,3,3,-250,1.00000000,0,False,-1.00000000,W,stage,binned,is_no_resp
713,2,L,A,A,1,8,pos,3,1,-106,6.00000000,3,False,-0.02017291,W,stage,binned,is_no_resp
713,2,L,A,A,1,8,pos,3,2,-67,5.00000000,2,False,0.00000000,W,stage,binned,is_no_resp
713,2,L,A,A,1,8,pos,3,3,-1,4.00000000,2,False,0.14720812,W,stage,binned,is_no_resp
713,2,L,A,A,1,8,pos,3,4,-250,2.00000000,0,False,-0.04347826,W,stage,binned,is_no_resp
713,2,L,A,A,1,8,pos,3,5,-250,2.00000000,0,False,-0.33333333,W,stage,binned,is_no_resp
713,2,L,A,A,1,8,pos,3,6,-250,1.00000000,0,False,0.30000000,W,stage,binned,is_no_resp
713,2,L,A,A,1,3,pos,4,3,-250,4.00000000,1,False,-0.01086957,W,stage,binned,is_no_resp
713,2,L,A,A,1,3,pos,4,4,-43,4.00000000,2,False,-0.05494505,W,stage,binned,is_no_resp
713,2,L,A,A,1,3,pos,4,5,-40,3.00000000,1,False,-0.06122449,W,stage,binned,is_no_resp
713,2,L,A,A,1,3,pos,4,7,-250,2.00000000,0,False,-0.33333333,W,stage,binned,is_no_resp
713,2,L,A,A,1,3,pos,4,8,-7,3.00000000,6,True,-0.30693069,W,stage,binned,is_no_resp
713,2,L,A,A,1,4,pos,4,3,-10,3.00000000,5,True,-0.31914894,W,stage,binned,is_no_resp
713,2,L,A,A,1,4,pos,4,4,-250,1.00000000,0,False,-0.53846154,W,stage,binned,is_no_resp
713,2,L,A,A,1,4,pos,4,5,-250,1.00000000,0,False,0.00000000,W,stage,binned,is_no_resp
713,2,L,A,A,1,5,pos,4,3,-7,3.00000000,6,True,-0.23287671,W,stage,binned,is_no_resp
713,2,L,A,A,1,8,pos,4,1,-4,4.00000000,4,False,0.42657343,W,stage,binned,is_no_resp
713,2,L,A,A,1,8,pos,4,2,-16,3.00000000,1,False,0.45054945,W,stage,binned,is_no_resp
713,2,L,A,A,1,8,pos,4,3,-13,3.00000000,3,False,0.22772277,W,stage,binned,is_no_resp
713,2,L,A,A,1,8,pos,4,4,-250,1.00000000,0,False,0.50000000,W,stage,binned,is_no_resp
713,2,L,A,A,1,8,pos,4,5,-7,3.00000000,7,True,0.09734513,W,stage,binned,is_no_resp
713,2,L,A,A,1,8,pos,4,6,-4,1.00000000,1,False,0.41176471,W,stage,binned,is_no_resp
713,2,L,A,A,3,4,pos,3,3,-58,3.00000000,1,False,-0.03174603,W,stage,binned,is_no_resp
713,2,L,A,A,3,4,pos,3,4,-250,3.00000000,0,False,0.01010101,W,stage,binned,is_no_resp
713,2,L,A,A,3,4,pos,3,5,-250,2.00000000,0,False,-0.09859155,W,stage,binned,is_no_resp
713,2,L,A,A,3,5,pos,3,3,245,2.00000000,1,False,-0.20689655,W,stage,binned,is_no_resp
713,2,L,A,A,3,8,pos,3,1,161,22.00000000,15,False,0.01548270,W,stage,binned,is_no_resp
713,2,L,A,A,3,8,pos,3,2,35,17.00000000,11,False,0.03800786,W,stage,binned,is_no_resp
713,2,L,A,A,3,8,pos,3,3,-55,14.00000000,10,False,-0.01689461,W,stage,binned,is_no_resp
713,2,L,A,A,3,8,pos,3,4,-208,7.00000000,3,False,0.00432900,W,stage,binned,is_no_resp
713,2,L,A,A,3,8,pos,3,5,-214,3.00000000,1,False,0.05185185,W,stage,binned,is_no_resp
713,2,L,A,A,3,8,pos,3,6,-148,3.00000000,1,False,0.00000000,W,stage,binned,is_no_resp
713,2,L,A,A,3,4,pos,4,3,-1,4.00000000,2,False,0.05555556,W,stage,binned,is_no_resp
713,2,L,A,A,3,4,pos,4,4,-112,3.00000000,1,False,-0.02127660,W,stage,binned,is_no_resp
713,2,L,A,A,3,4,pos,4,5,-250,2.00000000,0,False,-0.25806452,W,stage,binned,is_no_resp
713,2,L,A,A,3,5,pos,4,3,-250,2.00000000,0,False,-0.18367347,W,stage,binned,is_no_resp
713,2,L,A,A,3,8,pos,4,1,38,18.00000000,12,False,-0.00986651,W,stage,binned,is_no_resp
713,2,L,A,A,3,8,pos,4,2,-130,14.00000000,9,False,-0.02815768,W,stage,binned,is_no_resp
713,2,L,A,A,3,8,pos,4,3,-7,12.00000000,7,False,0.07600000,W,stage,binned,is_no_resp
713,2,L,A,A,3,8,pos,4,4,-163,7.00000000,3,False,-0.02716049,W,stage,binned,is_no_resp
713,2,L,A,A,3,8,pos,4,5,-73,3.00000000,1,False,-0.09401709,W,stage,binned,is_no_resp
713,2,L,A,A,3,8,pos,4,6,14,3.00000000,1,False,0.16326531,W,stage,binned,is_no_resp
713,2,L,A,A,3,4,pos,5,3,-250,2.00000000,0,False,-0.47619048,W,stage,binned,is_no_resp
713,2,L,A,A,3,4,pos,5,4,-250,2.00000000,0,False,0.01886792,W,stage,binned,is_no_resp
713,2,L,A,A,3,4,pos,5,5,-250,2.00000000,0,False,-0.03030303,W,stage,binned,is_no_resp
713,2,L,A,A,3,5,pos,5,3,-250,1.00000000,0,False,0.14285714,W,stage,binned,is_no_resp
713,2,L,A,A,3,8,pos,5,1,-160,12.00000000,6,False,0.00926880,W,stage,binned,is_no_resp
713,2,L,A,A,3,8,pos,5,2,-223,10.00000000,5,False,0.04394141,W,stage,binned,is_no_resp
713,2,L,A,A,3,8,pos,5,3,-211,8.00000000,4,False,0.08239095,W,stage,binned,is_no_resp
713,2,L,A,A,3,8,pos,5,4,-250,4.00000000,2,False,0.05418719,W,stage,binned,is_no_resp
713,2,L,A,A,3,8,pos,5,5,-250,2.00000000,0,False,0.37254902,W,stage,binned,is_no_resp
713,2,L,A,A,3,8,pos,5,6,-250,2.00000000,0,False,0.16981132,W,stage,binned,is_no_resp
713,2,L,A,A,3,4,pos,7,3,-250,2.00000000,0,False,-0.20000000,W,stage,binned,is_no_resp
713,2,L,A,A,3,4,pos,7,4,-250,1.00000000,0,False,0.15789474,W,stage,binned,is_no_resp
713,2,L,A,A,3,4,pos,7,5,-250,1.00000000,0,False,0.53846154,W,stage,binned,is_no_resp
713,2,L,A,A,3,5,pos,7,3,-250,1.00000000,0,False,0.14285714,W,stage,binned,is_no_resp
713,2,L,A,A,3,8,pos,7,1,239,7.00000000,4,False,0.09853249,W,stage,binned,is_no_resp
713,2,L,A,A,3,8,pos,7,2,-250,6.00000000,3,False,0.01197605,W,stage,binned,is_no_resp
713,2,L,A,A,3,8,pos,7,3,-178,5.00000000,2,False,0.06273063,W,stage,binned,is_no_resp
713,2,L,A,A,3,8,pos,7,4,-220,3.00000000,1,False,0.10476190,W,stage,binned,is_no_resp
713,2,L,A,A,3,8,pos,7,5,-250,1.00000000,0,False,0.30434783,W,stage,binned,is_no_resp
713,2,L,A,A,3,8,pos,7,6,-250,1.00000000,0,False,-0.06666667,W,stage,binned,is_no_resp
713,2,L,A,A,3,4,pos,8,3,-4,2.00000000,3,True,0.09433962,W,stage,binned,is_no_resp
713,2,L,A,A,3,4,pos,8,4,-250,1.00000000,0,False,0.00000000,W,stage,binned,is_no_resp
713,2,L,A,A,3,4,pos,8,5,-250,0.00000000,0,False,1.00000000,W,stage,binned,is_no_resp
713,2,L,A,A,3,5,pos,8,3,-4,2.00000000,2,False,0.38888889,W,stage,binned,is_no_resp
713,2,L,A,A,3,8,pos,8,1,2,2.00000000,1,False,0.65079365,W,stage,binned,is_no_resp
713,2,L,A,A,3,8,pos,8,2,-250,2.00000000,0,False,0.47368421,W,stage,binned,is_no_resp
713,2,L,A,A,3,8,pos,8,3,-250,1.00000000,0,False,0.37500000,W,stage,binned,is_no_resp
713,2,L,A,A,3,8,pos,8,4,-250,1.00000000,0,False,0.44444444,W,stage,binned,is_no_resp
713,2,L,A,A,3,8,pos,8,5,-1,2.00000000,2,False,0.40540541,W,stage,binned,is_no_resp
713,2,L,A,A,3,8,pos,8,6,-250,0.00000000,0,False,1.00000000,W,stage,binned,is_no_resp
713,2,L,A,A,4,5,pos,3,3,-16,2.00000000,1,False,0.37500000,W,stage,binned,is_no_resp
713,2,L,A,A,4,8,pos,3,1,-7,3.00000000,1,False,0.33333333,W,stage,binned,is_no_resp
713,2,L,A,A,4,8,pos,3,2,26,3.00000000,1,False,0.44578313,W,stage,binned,is_no_resp
713,2,L,A,A,4,8,pos,3,3,-10,2.00000000,1,False,0.56250000,W,stage,binned,is_no_resp
713,2,L,A,A,4,8,pos,3,4,-250,1.00000000,0,False,0.26315789,W,stage,binned,is_no_resp
713,2,L,A,A,4,8,pos,3,5,-1,2.00000000,3,True,0.38461538,W,stage,binned,is_no_resp
713,2,L,A,A,4,8,pos,3,6,-250,0.00000000,0,False,1.00000000,W,stage,binned,is_no_resp
713,2,L,A,A,4,5,pos,4,3,-250,1.00000000,0,False,0.71428571,W,stage,binned,is_no_resp
713,2,L,A,A,4,8,pos,4,1,-250,2.00000000,0,False,0.04761905,W,stage,binned,is_no_resp
713,2,L,A,A,4,8,pos,4,2,-250,2.00000000,0,False,0.22388060,W,stage,binned,is_no_resp
713,2,L,A,A,4,8,pos,4,3,-250,2.00000000,0,False,0.12500000,W,stage,binned,is_no_resp
713,2,L,A,A,4,8,pos,4,4,-250,1.00000000,0,False,0.25000000,W,stage,binned,is_no_resp
713,2,L,A,A,4,8,pos,4,5,-250,1.00000000,0,False,0.55555556,W,stage,binned,is_no_resp
713,2,L,A,A,4,8,pos,4,6,-250,0.00000000,0,False,0.50000000,W,stage,binned,is_no_resp
713,2,L,A,A,4,5,pos,5,3,-250,1.00000000,0,False,0.00000000,W,stage,binned,is_no_resp
713,2,L,A,A,4,8,pos,5,1,-250,2.00000000,0,False,0.07246377,W,stage,binned,is_no_resp
713,2,L,A,A,4,8,pos,5,2,-250,2.00000000,0,False,0.01960784,W,stage,binned,is_no_resp
713,2,L,A,A,4,8,pos,5,3,-250,1.00000000,0,False,0.33333333,W,stage,binned,is_no_resp
713,2,L,A,A,4,8,pos,5,4,-250,1.00000000,0,False,0.45454545,W,stage,binned,is_no_resp
713,2,L,A,A,4,8,pos,5,5,-250,1.00000000,0,False,0.11111111,W,stage,binned,is_no_resp
713,2,L,A,A,4,8,pos,5,6,-250,1.00000000,0,False,0.33333333,W,stage,binned,is_no_resp
713,2,L,A,A,5,8,pos,3,1,5,2.00000000,1,False,0.47619048,W,stage,binned,is_no_resp
713,2,L,A,A,5,8,pos,3,2,-250,1.00000000,0,False,0.54545455,W,stage,binned,is_no_resp
713,2,L,A,A,5,8,pos,3,3,-250,1.00000000,0,False,0.44000000,W,stage,binned,is_no_resp
713,2,L,A,A,5,8,pos,3,4,-250,0.00000000,0,False,1.00000000,W,stage,binned,is_no_resp
713,2,L,A,A,5,8,pos,3,5,-10,2.00000000,2,False,0.29729730,W,stage,binned,is_no_resp
713,2,L,A,A,5,8,pos,3,6,-250,0.00000000,0,False,1.00000000,W,stage,binned,is_no_resp
713,2,R,A,A,54,55,pos,1,1,-13,66.01000000,57,False,0.00364149,W,stage,binned,is_no_resp
713,2,R,A,A,54,55,pos,1,3,2,41.00000000,33,False,0.01904558,W,stage,binned,is_no_resp
713,2,R,A,A,54,55,pos,1,4,-10,12.00000000,8,False,-0.00888450,W,stage,binned,is_no_resp
713,2,R,A,A,54,55,pos,1,5,125,5.00000000,2,False,0.12796209,W,stage,binned,is_no_resp
713,2,R,A,A,54,55,pos,2,1,-58,35.00000000,27,False,0.03570524,W,stage,binned,is_no_resp
713,2,R,A,A,54,55,pos,2,3,-196,21.00000000,15,False,0.00505747,W,stage,binned,is_no_resp
713,2,R,A,A,54,55,pos,2,4,-238,7.00000000,3,False,0.04048583,W,stage,binned,is_no_resp
713,2,R,A,A,54,55,pos,2,5,-250,3.00000000,1,False,0.12621359,W,stage,binned,is_no_resp
712,2,R,A,A,49,50,pos,1,2,-7,6.00000000,4,False,0.06779661,W,stage,binned,is_no_resp
712,2,R,A,A,49,50,pos,1,4,-178,3.00000000,1,False,-0.16949153,W,stage,binned,is_no_resp
712,2,R,A,A,49,52,pos,1,1,-10,11.00000000,7,False,-0.00114286,W,stage,binned,is_no_resp
712,2,R,A,A,49,52,pos,1,2,-31,7.00000000,4,False,-0.02941176,W,stage,binned,is_no_resp
712,2,R,A,A,49,52,pos,1,3,-43,6.00000000,3,False,-0.06301370,W,stage,binned,is_no_resp
712,2,R,A,A,49,52,pos,1,4,-208,4.00000000,1,False,0.04142012,W,stage,binned,is_no_resp
712,2,R,A,A,49,56,pos,1,1,-61,6.00000000,3,False,0.01305483,W,stage,binned,is_no_resp
712,2,R,A,A,49,56,pos,1,2,-250,3.00000000,1,False,0.12903226,W,stage,binned,is_no_resp
712,2,R,A,A,49,56,pos,1,3,-49,3.00000000,1,False,0.08955224,W,stage,binned,is_no_resp
712,2,R,A,A,49,56,pos,1,4,-250,2.00000000,0,False,0.13043478,W,stage,binned,is_no_resp
712,2,R,A,A,49,50,pos,2,2,-64,10.00000000,6,False,-0.03285151,W,stage,binned,is_no_resp
712,2,R,A,A,49,50,pos,2,4,-205,4.00000000,1,False,0.11702128,W,stage,binned,is_no_resp
712,2,R,A,A,49,52,pos,2,1,-40,19.00000000,13,False,-0.06864989,W,stage,binned,is_no_resp
712,2,R,A,A,49,52,pos,2,2,-112,11.00000000,7,False,-0.07110092,W,stage,binned,is_no_resp
712,2,R,A,A,49,52,pos,2,3,176,12.00000000,7,False,-0.01209677,W,stage,binned,is_no_resp
712,2,R,A,A,49,52,pos,2,4,-31,7.00000000,3,False,0.04326923,W,stage,binned,is_no_resp
712,2,R,A,A,49,56,pos,2,1,5,9.00000000,5,False,0.06623586,W,stage,binned,is_no_resp
712,2,R,A,A,49,56,pos,2,2,-94,5.00000000,2,False,0.07949791,W,stage,binned,is_no_resp
712,2,R,A,A,49,56,pos,2,3,-25,6.00000000,3,False,0.03363914,W,stage,binned,is_no_resp
712,2,R,A,A,49,56,pos,2,4,125,2.00000000,1,False,0.18918919,W,stage,binned,is_no_resp
712,2,R,A,A,50,52,pos,2,1,-55,14.00000000,10,False,-0.04437401,W,stage,binned,is_no_resp
712,2,R,A,A,50,52,pos,2,2,-49,9.00000000,5,False,0.04132231,W,stage,binned,is_no_resp
712,2,R,A,A,50,52,pos,2,3,-13,9.00000000,7,False,-0.05214724,W,stage,binned,is_no_resp
712,2,R,A,A,50,52,pos,2,4,-139,5.00000000,2,False,-0.01992032,W,stage,binned,is_no_resp
712,2,R,A,A,50,56,pos,2,1,-58,7.00000000,3,False,-0.06666667,W,stage,binned,is_no_resp
712,2,R,A,A,50,56,pos,2,2,-250,3.00000000,1,False,0.04827586,W,stage,binned,is_no_resp
712,2,R,A,A,50,56,pos,2,3,233,4.00000000,2,False,-0.04123711,W,stage,binned,is_no_resp
712,2,R,A,A,50,56,pos,2,4,245,3.00000000,1,False,0.11363636,W,stage,binned,is_no_resp
712,2,R,A,A,50,52,pos,4,1,-40,6.00000000,4,False,-0.12727273,W,stage,binned,is_no_resp
712,2,R,A,A,50,52,pos,4,2,-64,4.00000000,2,False,-0.12765957,W,stage,binned,is_no_resp
712,2,R,A,A,50,52,pos,4,3,-214,4.00000000,1,False,0.02564103,W,stage,binned,is_no_resp
712,2,R,A,A,50,52,pos,4,4,-1,2.00000000,1,False,0.18032787,W,stage,binned,is_no_resp
712,2,R,A,A,50,56,pos,4,1,-121,4.00000000,1,False,-0.10294118,W,stage,binned,is_no_resp
712,2,R,A,A,50,56,pos,4,2,-250,2.00000000,0,False,-0.24324324,W,stage,binned,is_no_resp
712,2,R,A,A,50,56,pos,4,3,-37,2.00000000,1,False,-0.29824561,W,stage,binned,is_no_resp
712,2,R,A,A,50,56,pos,4,4,-250,1.00000000,0,False,0.15789474,W,stage,binned,is_no_resp
712,2,R,A,A,52,56,pos,1,1,5,13.00000000,10,False,0.03497758,W,stage,binned,is_no_resp
712,2,R,A,A,52,56,pos,1,2,-52,7.00000000,4,False,0.02870813,W,stage,binned,is_no_resp
712,2,R,A,A,52,56,pos,1,3,-34,8.00000000,5,False,-0.00701754,W,stage,binned,is_no_resp
712,2,R,A,A,52,56,pos,1,4,-121,4.00000000,2,False,-0.12195122,W,stage,binned,is_no_resp
712,2,R,A,A,52,56,pos,2,1,-136,8.00000000,4,False,-0.01913043,W,stage,binned,is_no_resp
712,2,R,A,A,52,56,pos,2,2,-49,5.00000000,2,False,0.01449275,W,stage,binned,is_no_resp
712,2,R,A,A,52,56,pos,2,3,-193,5.00000000,2,False,-0.09722222,W,stage,binned,is_no_resp
712,2,R,A,A,52,56,pos,2,4,-214,3.00000000,1,False,-0.21212121,W,stage,binned,is_no_resp
712,2,R,A,A,52,56,pos,3,1,-16,8.00000000,5,False,-0.04119850,W,stage,binned,is_no_resp
712,2,R,A,A,52,56,pos,3,2,-34,4.00000000,2,False,0.03414634,W,stage,binned,is_no_resp
712,2,R,A,A,52,56,pos,3,3,44,6.00000000,4,False,0.08761329,W,stage,binned,is_no_resp
712,2,R,A,A,52,56,pos,3,4,-229,3.00000000,1,False,-0.10828025,W,stage,binned,is_no_resp
712,2,R,A,A,52,56,pos,4,1,-58,4.00000000,2,False,0.06046512,W,stage,binned,is_no_resp
712,2,R,A,A,52,56,pos,4,2,-250,2.00000000,0,False,0.18421053,W,stage,binned,is_no_resp
712,2,R,A,A,52,56,pos,4,3,-241,3.00000000,1,False,0.15555556,W,stage,binned,is_no_resp
712,2,R,A,A,52,56,pos,4,4,-250,2.00000000,0,False,-0.27777778,W,stage,binned,is_no_resp
704,2,R,A,A,41,42,pos,2,2,-250,1.00000000,0,False,-0.50000000,W,stage,binned,is_no_resp
704,2,R,A,A,41,42,pos,2,3,-250,1.00000000,0,False,1.00000000,W,stage,binned,is_no_resp
704,2,R,A,A,41,42,pos,2,4,-250,1.00000000,0,False,0.00000000,W,stage,binned,is_no_resp
704,2,R,A,A,41,42,pos,3,2,-250,1.00000000,0,False,0.50000000,W,stage,binned,is_no_resp
704,2,R,A,A,41,42,pos,3,3,-250,1.00000000,0,False,-1.00000000,W,stage,binned,is_no_resp
704,2,R,A,A,41,42,pos,3,4,-250,1.00000000,0,False,-0.28571429,W,stage,binned,is_no_resp
704,2,R,A,A,41,42,pos,4,2,-250,1.00000000,0,False,-1.00000000,W,stage,binned,is_no_resp
704,2,R,A,A,41,42,pos,4,3,-250,1.00000000,0,False,0.00000000,W,stage,binned,is_no_resp
704,2,R,A,A,41,42,pos,4,4,-250,1.00000000,0,False,0.20000000,W,stage,binned,is_no_resp
704,2,R,A,A,41,42,pos,5,2,-250,1.00000000,0,False,-0.50000000,W,stage,binned,is_no_resp
704,2,R,A,A,41,42,pos,5,3,-250,1.00000000,0,False,-1.00000000,W,stage,binned,is_no_resp
704,2,R,A,A,41,42,pos,5,4,-250,1.00000000,0,False,0.61538462,W,stage,binned,is_no_resp
709,1,L,A,A,1,4,pos,2,1,-13,30.00000000,25,False,0.00030166,W,stage,binned,is_no_resp
709,1,L,A,A,1,4,pos,2,3,-22,38.00000000,32,False,-0.00277393,W,stage,binned,is_no_resp
709,1,L,A,A,1,4,pos,2,4,11,26.00000000,20,False,0.04440367,W,stage,binned,is_no_resp
709,1,L,A,A,1,5,pos,2,1,-40,30.00000000,26,False,-0.00398651,W,stage,binned,is_no_resp
709,1,L,A,A,1,5,pos,2,2,-7,14.00000000,12,False,0.04948805,W,stage,binned,is_no_resp
709,1,L,A,A,1,5,pos,2,3,-25,14.00000000,10,False,-0.02033599,W,stage,binned,is_no_resp
709,1,L,A,A,1,5,pos,2,4,-4,14.00000000,12,False,0.03476821,W,stage,binned,is_no_resp
709,1,L,A,A,1,7,pos,2,2,224,23.00000000,17,False,0.01713331,W,stage,binned,is_no_resp
709,1,L,A,A,1,7,pos,2,3,-28,39.00000000,30,False,-0.01255605,W,stage,binned,is_no_resp
709,1,L,A,A,1,7,pos,2,4,-136,13.00000000,8,False,-0.02702703,W,stage,binned,is_no_resp
709,1,L,A,A,1,8,pos,2,1,44,195.00000000,183,False,0.01803553,W,stage,binned,is_no_resp
709,1,L,A,A,1,8,pos,2,5,-238,5.00000000,2,False,-0.13043478,W,stage,binned,is_no_resp
709,1,L,A,A,1,4,pos,3,1,-19,18.00000000,12,False,0.01741742,W,stage,binned,is_no_resp
709,1,L,A,A,1,4,pos,3,3,-121,23.00000000,18,False,-0.02730375,W,stage,binned,is_no_resp
709,1,L,A,A,1,4,pos,3,4,62,15.00000000,9,False,-0.01584786,W,stage,binned,is_no_resp
709,1,L,A,A,1,5,pos,3,1,17,14.00000000,10,False,-0.00078678,W,stage,binned,is_no_resp
709,1,L,A,A,1,5,pos,3,2,-217,7.00000000,3,False,-0.02512563,W,stage,binned,is_no_resp
709,1,L,A,A,1,5,pos,3,3,-148,8.00000000,4,False,-0.04030710,W,stage,binned,is_no_resp
709,1,L,A,A,1,5,pos,3,4,-49,9.00000000,5,False,-0.04545455,W,stage,binned,is_no_resp
709,1,L,A,A,1,7,pos,3,2,32,12.00000000,8,False,0.03258656,W,stage,binned,is_no_resp
709,1,L,A,A,1,7,pos,3,3,-40,16.00000000,11,False,-0.04273504,W,stage,binned,is_no_resp
709,1,L,A,A,1,7,pos,3,4,-250,8.00000000,3,False,-0.03118503,W,stage,binned,is_no_resp
709,1,L,A,A,1,8,pos,3,1,56,102.00000000,92,False,0.01996244,W,stage,binned,is_no_resp
709,1,L,A,A,1,8,pos,3,5,-118,4.00000000,2,False,0.06306306,W,stage,binned,is_no_resp
709,1,L,A,A,1,4,pos,5,1,-250,31.01000000,23,False,-0.00665702,W,stage,binned,is_no_resp
709,1,L,A,A,1,4,pos,5,3,-43,41.00000000,32,False,-0.00355277,W,stage,binned,is_no_resp
709,1,L,A,A,1,4,pos,5,4,-67,30.00000000,23,False,0.00427350,W,stage,binned,is_no_resp
709,1,L,A,A,1,5,pos,5,1,-250,26.00000000,19,False,0.00894855,W,stage,binned,is_no_resp
709,1,L,A,A,1,5,pos,5,2,-238,8.00000000,4,False,0.00680272,W,stage,binned,is_no_resp
709,1,L,A,A,1,5,pos,5,3,-217,10.00000000,5,False,0.03125000,W,stage,binned,is_no_resp
709,1,L,A,A,1,5,pos,5,4,-49,9.00000000,5,False,0.04932735,W,stage,binned,is_no_resp
709,1,L,A,A,1,7,pos,5,2,-100,26.00000000,19,False,-0.01754386,W,stage,binned,is_no_resp
709,1,L,A,A,1,7,pos,5,3,-133,52.00000000,40,False,-0.00867609,W,stage,binned,is_no_resp
709,1,L,A,A,1,7,pos,5,4,-199,13.00000000,9,False,-0.04189435,W,stage,binned,is_no_resp
709,1,L,A,A,1,8,pos,5,1,-55,264.00000000,252,False,0.00901123,W,stage,binned,is_no_resp
709,1,L,A,A,1,8,pos,5,5,-211,5.00000000,2,False,0.03678930,W,stage,binned,is_no_resp
709,1,L,A,A,1,4,pos,6,1,-7,17.00000000,14,False,-0.00985222,W,stage,binned,is_no_resp
709,1,L,A,A,1,4,pos,6,3,-7,20.00000000,16,False,0.01443299,W,stage,binned,is_no_resp
709,1,L,A,A,1,4,pos,6,4,29,13.00000000,9,False,0.00269542,W,stage,binned,is_no_resp
709,1,L,A,A,1,5,pos,6,1,-10,17.00000000,13,False,-0.00985222,W,stage,binned,is_no_resp
709,1,L,A,A,1,5,pos,6,2,-13,10.00000000,8,False,0.03047091,W,stage,binned,is_no_resp
709,1,L,A,A,1,5,pos,6,3,-1,10.00000000,8,False,-0.02122016,W,stage,binned,is_no_resp
709,1,L,A,A,1,5,pos,6,4,2,10.00000000,9,False,0.08847185,W,stage,binned,is_no_resp
709,1,L,A,A,1,7,pos,6,2,-22,12.00000000,7,False,0.02045210,W,stage,binned,is_no_resp
709,1,L,A,A,1,7,pos,6,3,-7,17.00000000,12,False,0.01112485,W,stage,binned,is_no_resp
709,1,L,A,A,1,7,pos,6,4,-7,8.00000000,5,False,0.04347826,W,stage,binned,is_no_resp
709,1,L,A,A,1,8,pos,6,1,-13,70.00000000,63,False,0.01625066,W,stage,binned,is_no_resp
709,1,L,A,A,1,8,pos,6,5,-250,3.00000000,1,False,-0.27927928,W,stage,binned,is_no_resp
709,1,L,A,A,1,4,pos,7,1,-16,10.00000000,6,False,-0.03856749,W,stage,binned,is_no_resp
709,1,L,A,A,1,4,pos,7,3,-43,12.00000000,7,False,-0.02874743,W,stage,binned,is_no_resp
709,1,L,A,A,1,4,pos,7,4,14,8.00000000,5,False,-0.01666667,W,stage,binned,is_no_resp
709,1,L,A,A,1,5,pos,7,1,-16,10.00000000,6,False,-0.00568182,W,stage,binned,is_no_resp
709,1,L,A,A,1,5,pos,7,2,-31,5.00000000,3,False,0.00366300,W,stage,binned,is_no_resp
709,1,L,A,A,1,5,pos,7,3,-70,5.00000000,2,False,-0.04411765,W,stage,binned,is_no_resp
709,1,L,A,A,1,5,pos,7,4,-28,5.00000000,2,False,0.06329114,W,stage,binned,is_no_resp
709,1,L,A,A,1,7,pos,7,2,53,7.00000000,4,False,0.01190476,W,stage,binned,is_no_resp
709,1,L,A,A,1,7,pos,7,3,-25,12.00000000,7,False,-0.01768991,W,stage,binned,is_no_resp
709,1,L,A,A,1,7,pos,7,4,-10,5.00000000,2,False,0.15348837,W,stage,binned,is_no_resp
709,1,L,A,A,1,8,pos,7,1,-112,51.00000000,43,False,-0.00871918,W,stage,binned,is_no_resp
709,1,L,A,A,1,8,pos,7,5,-250,2.00000000,0,False,-0.04761905,W,stage,binned,is_no_resp
709,1,L,A,A,4,5,pos,1,1,-4,20.00000000,19,False,-0.03979849,W,stage,binned,is_no_resp
709,1,L,A,A,4,5,pos,1,2,-13,12.00000000,13,True,-0.03265306,W,stage,binned,is_no_resp
709,1,L,A,A,4,5,pos,1,3,-7,11.00000000,8,False,0.04814004,W,stage,binned,is_no_resp
709,1,L,A,A,4,5,pos,1,4,-1,13.00000000,10,False,0.11267606,W,stage,binned,is_no_resp
709,1,L,A,A,4,7,pos,1,2,-4,14.00000000,10,False,0.01446945,W,stage,binned,is_no_resp
709,1,L,A,A,4,7,pos,1,3,-7,18.00000000,13,False,-0.00584112,W,stage,binned,is_no_resp
709,1,L,A,A,4,7,pos,1,4,-13,9.00000000,6,False,0.07479224,W,stage,binned,is_no_resp
709,1,L,A,A,4,8,pos,1,1,-112,68.00000000,61,False,-0.00259740,W,stage,binned,is_no_resp
709,1,L,A,A,4,8,pos,1,5,-250,4.00000000,1,False,-0.17721519,W,stage,binned,is_no_resp
709,1,L,A,A,4,5,pos,3,1,-4,23.00000000,22,False,0.00251678,W,stage,binned,is_no_resp
709,1,L,A,A,4,5,pos,3,2,-13,12.00000000,10,False,0.04347826,W,stage,binned,is_no_resp
709,1,L,A,A,4,5,pos,3,3,38,12.00000000,10,False,0.06940371,W,stage,binned,is_no_resp
709,1,L,A,A,4,5,pos,3,4,-1,13.00000000,15,True,0.13277623,W,stage,binned,is_no_resp
709,1,L,A,A,4,7,pos,3,2,26,18.00000000,13,False,0.03740037,W,stage,binned,is_no_resp
709,1,L,A,A,4,7,pos,3,3,-1,22.00000000,17,False,0.03019378,W,stage,binned,is_no_resp
709,1,L,A,A,4,7,pos,3,4,-4,12.00000000,8,False,0.05805038,W,stage,binned,is_no_resp
709,1,L,A,A,4,8,pos,3,1,-19,98.00000000,90,False,-0.00963590,W,stage,binned,is_no_resp
709,1,L,A,A,4,8,pos,3,5,104,4.00000000,2,False,0.05154639,W,stage,binned,is_no_resp
709,1,L,A,A,4,5,pos,4,1,-1,14.00000000,11,False,0.00239808,W,stage,binned,is_no_resp
709,1,L,A,A,4,5,pos,4,2,-49,8.00000000,5,False,0.06283662,W,stage,binned,is_no_resp
709,1,L,A,A,4,5,pos,4,3,-13,8.00000000,5,False,0.01503759,W,stage,binned,is_no_resp
709,1,L,A,A,4,5,pos,4,4,-34,8.00000000,5,False,0.07853403,W,stage,binned,is_no_resp
709,1,L,A,A,4,7,pos,4,2,152,11.00000000,7,False,0.05320304,W,stage,binned,is_no_resp
709,1,L,A,A,4,7,pos,4,3,-34,15.00000000,9,False,0.00842912,W,stage,binned,is_no_resp
709,1,L,A,A,4,7,pos,4,4,-16,7.00000000,4,False,-0.01455301,W,stage,binned,is_no_resp
709,1,L,A,A,4,8,pos,4,1,-40,64.00000000,56,False,-0.01175906,W,stage,binned,is_no_resp
709,1,L,A,A,4,8,pos,4,5,-133,3.00000000,1,False,0.09352518,W,stage,binned,is_no_resp
709,1,L,A,A,5,7,pos,1,2,-7,13.00000000,9,False,0.00735294,W,stage,binned,is_no_resp
709,1,L,A,A,5,7,pos,1,3,-19,16.00000000,11,False,0.00742741,W,stage,binned,is_no_resp
709,1,L,A,A,5,7,pos,1,4,-10,9.00000000,6,False,0.05555556,W,stage,binned,is_no_resp
709,1,L,A,A,5,8,pos,1,1,-16,55.00000000,50,False,-0.01190131,W,stage,binned,is_no_resp
709,1,L,A,A,5,8,pos,1,5,-34,4.00000000,2,False,-0.16756757,W,stage,binned,is_no_resp
709,1,L,A,A,5,7,pos,2,2,-13,7.00000000,5,False,0.01810865,W,stage,binned,is_no_resp
709,1,L,A,A,5,7,pos,2,3,-7,8.00000000,6,False,0.06451613,W,stage,binned,is_no_resp
709,1,L,A,A,5,7,pos,2,4,-73,6.00000000,3,False,0.04761905,W,stage,binned,is_no_resp
709,1,L,A,A,5,8,pos,2,1,-7,16.00000000,13,False,-0.02351314,W,stage,binned,is_no_resp
709,1,L,A,A,5,8,pos,2,5,-16,2.00000000,1,False,-0.22388060,W,stage,binned,is_no_resp
709,1,L,A,A,5,7,pos,3,2,-4,7.00000000,5,False,-0.01694915,W,stage,binned,is_no_resp
709,1,L,A,A,5,7,pos,3,3,-49,8.00000000,4,False,0.10166359,W,stage,binned,is_no_resp
709,1,L,A,A,5,7,pos,3,4,-109,5.00000000,2,False,0.15000000,W,stage,binned,is_no_resp
709,1,L,A,A,5,8,pos,3,1,-22,21.00000000,17,False,-0.04796056,W,stage,binned,is_no_resp
709,1,L,A,A,5,8,pos,3,5,-55,3.00000000,1,False,-0.02564103,W,stage,binned,is_no_resp
709,1,L,A,A,5,7,pos,4,2,-7,8.00000000,6,False,-0.04972376,W,stage,binned,is_no_resp
709,1,L,A,A,5,7,pos,4,3,-40,8.00000000,4,False,0.07240705,W,stage,binned,is_no_resp
709,1,L,A,A,5,7,pos,4,4,-4,7.00000000,8,True,-0.02415459,W,stage,binned,is_no_resp
709,1,L,A,A,5,8,pos,4,1,-49,18.00000000,12,False,0.00057904,W,stage,binned,is_no_resp
709,1,L,A,A,5,8,pos,4,5,-55,3.00000000,1,False,-0.13274336,W,stage,binned,is_no_resp
709,1,L,A,A,7,8,pos,2,1,-136,54.00000000,46,False,0.00607399,W,stage,binned,is_no_resp
709,1,L,A,A,7,8,pos,2,5,-28,3.00000000,1,False,0.27083333,W,stage,binned,is_no_resp
709,1,L,A,A,7,8,pos,3,1,-43,94.00000000,81,False,0.01140040,W,stage,binned,is_no_resp
709,1,L,A,A,7,8,pos,3,5,-7,3.00000000,2,False,-0.00787402,W,stage,binned,is_no_resp
709,1,L,A,A,7,8,pos,4,1,-208,23.00000000,18,False,0.03315118,W,stage,binned,is_no_resp
709,1,L,A,A,7,8,pos,4,5,-250,2.00000000,0,False,-0.23636364,W,stage,binned,is_no_resp
702,1,L,A,A,1,7,pos,1,1,-7,10.00000000,6,False,0.04287690,W,stage,binned,is_no_resp
702,1,L,A,A,1,7,pos,1,2,-10,5.00000000,4,False,0.02508961,W,stage,binned,is_no_resp
702,1,L,A,A,1,7,pos,1,3,-16,4.00000000,2,False,0.12574850,W,stage,binned,is_no_resp
702,1,L,A,A,1,7,pos,1,4,-7,3.00000000,2,False,-0.07692308,W,stage,binned,is_no_resp
702,1,L,A,A,1,7,pos,2,1,-1,5.00000000,5,False,0.02222222,W,stage,binned,is_no_resp
702,1,L,A,A,1,7,pos,2,2,-7,3.00000000,4,True,0.20338983,W,stage,binned,is_no_resp
702,1,L,A,A,1,7,pos,2,3,-10,3.00000000,3,False,-0.09803922,W,stage,binned,is_no_resp
702,1,L,A,A,1,7,pos,2,4,-13,2.00000000,1,False,0.02222222,W,stage,binned,is_no_resp
702,1,L,A,A,1,7,pos,3,1,-31,7.01000000,5,False,-0.13490364,W,stage,binned,is_no_resp
702,1,L,A,A,1,7,pos,3,2,-7,5.00000000,12,True,-0.04467354,W,stage,binned,is_no_resp
702,1,L,A,A,1,7,pos,3,3,-7,5.00000000,10,True,-0.17796610,W,stage,binned,is_no_resp
702,1,L,A,A,1,7,pos,3,4,-10,3.00000000,4,True,-0.02189781,W,stage,binned,is_no_resp
702,1,L,A,A,1,7,pos,4,1,-1,6.00000000,3,False,0.06344411,W,stage,binned,is_no_resp
702,1,L,A,A,1,7,pos,4,2,-7,3.00000000,2,False,0.02325581,W,stage,binned,is_no_resp
702,1,L,A,A,1,7,pos,4,3,-4,3.00000000,2,False,0.11904762,W,stage,binned,is_no_resp
702,1,L,A,A,1,7,pos,4,4,-10,2.00000000,1,False,-0.12280702,W,stage,binned,is_no_resp
714,1,L,A,A,6,7,pos,1,1,56,165.00000000,151,False,0.00847636,W,stage,binned,is_no_resp
714,1,L,A,A,6,7,pos,1,3,-190,85.00000000,70,False,0.00780031,W,stage,binned,is_no_resp
714,1,L,A,A,6,7,pos,1,4,26,58.00000000,48,False,0.03151290,W,stage,binned,is_no_resp
714,1,L,A,A,6,7,pos,1,5,197,11.00000000,7,False,0.01925255,W,stage,binned,is_no_resp
714,1,L,A,A,6,8,pos,1,1,8,106.00000000,95,False,0.00862371,W,stage,binned,is_no_resp
714,1,L,A,A,6,8,pos,1,3,-1,58.00000000,56,False,0.03051810,W,stage,binned,is_no_resp
714,1,L,A,A,6,7,pos,2,1,140,66.00000000,57,False,0.00259975,W,stage,binned,is_no_resp
714,1,L,A,A,6,7,pos,2,3,5,36.00000000,27,False,0.02548726,W,stage,binned,is_no_resp
714,1,L,A,A,6,7,pos,2,4,-238,25.00000000,17,False,-0.04600865,W,stage,binned,is_no_resp
714,1,L,A,A,6,7,pos,2,5,-238,6.00000000,2,False,-0.01290323,W,stage,binned,is_no_resp
714,1,L,A,A,6,8,pos,2,1,98,43.00000000,35,False,0.01271186,W,stage,binned,is_no_resp
714,1,L,A,A,6,8,pos,2,3,-10,24.00000000,18,False,-0.02189178,W,stage,binned,is_no_resp
714,1,L,A,A,7,8,pos,1,1,-31,125.00000000,107,False,-0.01473535,W,stage,binned,is_no_resp
714,1,L,A,A,7,8,pos,1,3,-127,58.00000000,47,False,0.00385569,W,stage,binned,is_no_resp
714,1,L,A,A,7,8,pos,3,1,155,59.00000000,49,False,0.00227242,W,stage,binned,is_no_resp
714,1,L,A,A,7,8,pos,3,3,-64,31.00000000,24,False,-0.03652695,W,stage,binned,is_no_resp
714,1,L,A,A,7,8,pos,4,1,-250,40.00000000,34,False,0.00950495,W,stage,binned,is_no_resp
714,1,L,A,A,7,8,pos,4,3,-22,27.00000000,24,False,0.01265823,W,stage,binned,is_no_resp
714,1,L,A,A,7,8,pos,5,1,38,9.00000000,5,False,-0.00949367,W,stage,binned,is_no_resp
714,1,L,A,A,7,8,pos,5,3,-67,5.00000000,2,False,0.10231023,W,stage,binned,is_no_resp
709,3,L,A,A,5,7,pos,2,1,56,6.00000000,3,False,0.05263158,W,stage,binned,is_no_resp
709,3,L,A,A,5,7,pos,2,2,-250,3.00000000,0,False,-0.09589041,W,stage,binned,is_no_resp
709,3,L,A,A,5,7,pos,2,3,-250,1.00000000,0,False,0.00000000,W,stage,binned,is_no_resp
709,3,L,A,A,5,8,pos,2,1,-229,7.00000000,3,False,-0.00194932,W,stage,binned,is_no_resp
709,3,L,A,A,5,8,pos,2,5,-250,2.00000000,0,False,0.00000000,W,stage,binned,is_no_resp
709,3,L,A,A,5,7,pos,3,1,-193,3.00000000,1,False,0.17948718,W,stage,binned,is_no_resp
709,3,L,A,A,5,7,pos,3,2,-250,1.00000000,0,False,0.09090909,W,stage,binned,is_no_resp
709,3,L,A,A,5,7,pos,3,3,-250,1.00000000,0,False,0.11111111,W,stage,binned,is_no_resp
709,3,L,A,A,5,8,pos,3,1,-250,2.00000000,0,False,0.20833333,W,stage,binned,is_no_resp
709,3,L,A,A,5,8,pos,3,5,-250,1.00000000,0,False,-0.14285714,W,stage,binned,is_no_resp
709,3,L,A,A,7,8,pos,1,1,-205,44.00000000,38,False,0.01015597,W,stage,binned,is_no_resp
709,3,L,A,A,7,8,pos,1,5,14,10.00000000,5,False,0.06084656,W,stage,binned,is_no_resp
709,3,L,A,A,7,8,pos,2,1,-181,13.00000000,9,False,-0.00341880,W,stage,binned,is_no_resp
709,3,L,A,A,7,8,pos,2,5,-250,3.01000000,1,False,0.04687500,W,stage,binned,is_no_resp
709,3,L,A,A,7,8,pos,3,1,-250,8.00000000,4,False,-0.02956522,W,stage,binned,is_no_resp
709,3,L,A,A,7,8,pos,3,5,14,3.00000000,1,False,0.18279570,W,stage,binned,is_no_resp
707,1,L,A,A,2,4,pos,1,2,-7,10.00000000,6,False,0.01694915,W,stage,binned,is_selective
707,1,L,A,A,2,4,pos,1,5,-184,3.00000000,1,False,0.01515152,W,stage,binned,is_selective
707,1,L,A,A,2,7,pos,1,1,-22,9.00000000,5,False,0.03148426,W,stage,binned,is_selective
707,1,L,A,A,2,7,pos,1,2,-40,10.00000000,7,False,0.00000000,W,stage,binned,is_selective
707,1,L,A,A,2,4,pos,4,2,-217,4.00000000,1,False,-0.08602151,W,stage,binned,is_selective
707,1,L,A,A,2,4,pos,4,5,-250,1.00000000,0,False,-0.16666667,W,stage,binned,is_selective
707,1,L,A,A,2,7,pos,4,1,-217,3.00000000,1,False,0.08609272,W,stage,binned,is_selective
707,1,L,A,A,2,7,pos,4,2,-184,3.00000000,1,False,0.09433962,W,stage,binned,is_selective
707,1,L,A,A,4,7,pos,2,1,-10,16.00000000,12,False,-0.03672316,W,stage,binned,is_selective
707,1,L,A,A,4,7,pos,2,2,-106,17.00000000,11,False,0.01343101,W,stage,binned,is_selective
707,1,L,A,A,4,7,pos,5,1,-247,4.00000000,1,False,-0.06250000,W,stage,binned,is_selective
707,1,L,A,A,4,7,pos,5,2,-241,5.00000000,2,False,0.00361011,W,stage,binned,is_selective
715,1,R,A,A,41,47,pos,1,4,-250,0.00000000,0,False,0.00000000,W,stage,binned,is_selective
704,2,R,A,A,41,42,pos,1,1,-1,2.00000000,1,False,0.05263158,W,stage,binned,is_selective
711,4,L,A,A,1,3,pos,1,2,-13,83.00000000,78,False,0.03338867,W,stage,binned,is_selective
711,4,L,A,A,1,3,pos,1,6,-7,12.00000000,7,False,0.03108253,W,stage,binned,is_selective
711,4,L,A,A,1,4,pos,1,1,-7,26.00000000,32,True,-0.01672727,W,stage,binned,is_selective
711,4,L,A,A,3,4,pos,2,1,-55,16.00000000,11,False,-0.03888889,W,stage,binned,is_selective
711,4,L,A,A,3,4,pos,6,1,-7,4.00000000,2,False,0.02105263,W,stage,binned,is_selective
716,1,R,A,A,42,47,pos,1,2,-1,57.00000000,54,False,0.05431223,W,stage,binned,is_selective
712,2,R,A,A,49,50,pos,3,1,221,9.00000000,6,False,-0.06685237,W,stage,binned,is_selective
712,2,R,A,A,49,50,pos,3,3,-109,5.00000000,3,False,-0.14285714,W,stage,binned,is_selective
712,2,R,A,A,49,50,pos,3,5,-250,2.00000000,0,False,-0.08695652,W,stage,binned,is_selective
712,2,R,A,A,49,50,pos,4,1,-19,6.00000000,4,False,-0.11873351,W,stage,binned,is_selective
712,2,R,A,A,49,50,pos,4,3,-217,3.00000000,1,False,0.02752294,W,stage,binned,is_selective
712,2,R,A,A,49,50,pos,4,5,-250,2.00000000,0,False,-0.33333333,W,stage,binned,is_selective
709,3,L,A,A,3,5,pos,1,1,-7,22.00000000,20,False,0.01659937,W,stage,binned,is_selective
710,1,R,A,A,42,46,pos,1,1,-88,19.00000000,13,False,-0.05633803,W,stage,binned,is_selective
710,1,R,A,A,42,46,pos,1,3,-73,6.00000000,3,False,-0.06818182,W,stage,binned,is_selective
708,1,L,A,A,1,2,pos,1,1,-202,13.00000000,7,False,0.02304147,W,stage,binned,is_selective
708,1,L,A,A,1,2,pos,1,3,68,23.00000000,16,False,0.07358916,W,stage,binned,is_selective
708,1,L,A,A,1,5,pos,1,1,56,109.00000000,101,False,0.00771208,W,stage,binned,is_selective
708,1,L,A,A,1,7,pos,1,3,35,67.00000000,55,False,0.00395636,W,stage,binned,is_selective
708,1,L,A,A,1,8,pos,1,1,23,89.00000000,84,False,0.01421405,W,stage,binned,is_selective
708,1,L,A,A,1,8,pos,1,2,5,54.01000000,44,False,0.00967937,W,stage,binned,is_selective
708,1,L,A,A,2,5,pos,1,1,-16,13.00000000,8,False,-0.02325581,W,stage,binned,is_selective
708,1,L,A,A,2,7,pos,1,3,-214,8.00000000,4,False,-0.00172712,W,stage,binned,is_selective
708,1,L,A,A,2,8,pos,1,1,2,10.00000000,6,False,0.06342780,W,stage,binned,is_selective
708,1,L,A,A,2,8,pos,1,2,-154,7.00000000,3,False,0.01170960,W,stage,binned,is_selective
708,1,L,A,A,2,5,pos,3,1,20,23.00000000,16,False,0.00084034,W,stage,binned,is_selective
708,1,L,A,A,2,7,pos,3,3,-208,14.00000000,9,False,0.00681302,W,stage,binned,is_selective
708,1,L,A,A,2,8,pos,3,1,-22,19.00000000,13,False,0.03975219,W,stage,binned,is_selective
708,1,L,A,A,2,8,pos,3,2,-124,12.00000000,8,False,-0.04228122,W,stage,binned,is_selective
708,1,L,A,A,5,7,pos,1,3,-13,74.00000000,67,False,0.00330737,W,stage,binned,is_selective
708,1,L,A,A,5,8,pos,1,1,-7,95.00000000,94,False,-0.00594248,W,stage,binned,is_selective
708,1,L,A,A,5,8,pos,1,2,-28,55.00000000,53,False,-0.01008005,W,stage,binned,is_selective
708,1,L,A,A,7,8,pos,3,1,-25,53.00000000,43,False,-0.01086301,W,stage,binned,is_selective
708,1,L,A,A,7,8,pos,3,2,-40,32.00000000,26,False,-0.00686892,W,stage,binned,is_selective
704,1,R,A,A,41,42,pos,1,1,-10,35.00000000,32,False,0.02731707,W,stage,binned,is_selective
704,1,R,A,A,41,42,pos,1,4,-250,4.00000000,1,False,0.06862745,W,stage,binned,is_selective
704,1,R,A,A,41,44,pos,1,1,-223,10.00000000,6,False,0.01550388,W,stage,binned,is_selective
704,1,R,A,A,41,42,pos,2,1,-1,35.00000000,133,True,0.16092239,W,stage,binned,is_selective
704,1,R,A,A,41,42,pos,2,4,-232,3.00000000,1,False,-0.02362205,W,stage,binned,is_selective
704,1,R,A,A,41,44,pos,2,1,-250,8.00000000,4,False,-0.03486239,W,stage,binned,is_selective
704,1,R,A,A,41,42,pos,3,1,-1,31.00000000,117,True,0.29145152,W,stage,binned,is_selective
704,1,R,A,A,41,42,pos,3,4,-25,3.00000000,1,False,-0.12643678,W,stage,binned,is_selective
704,1,R,A,A,41,44,pos,3,1,-16,7.00000000,4,False,0.00961538,W,stage,binned,is_selective
704,1,R,A,A,42,44,pos,1,1,95,48.00000000,37,False,0.02239742,W,stage,binned,is_selective
704,1,R,A,A,42,44,pos,4,1,-250,4.00000000,2,False,0.04166667,W,stage,binned,is_selective
716,2,R,A,A,41,42,pos,2,2,77,78.00000000,69,False,0.02492241,W,stage,binned,is_selective
716,2,R,A,A,41,45,pos,2,7,-91,28.00000000,20,False,0.01827850,W,stage,binned,is_selective
716,2,R,A,A,41,45,pos,2,8,-139,21.00000000,14,False,-0.01613692,W,stage,binned,is_selective
716,2,R,A,A,41,48,pos,2,1,110,78.00000000,68,False,0.02096713,W,stage,binned,is_selective
716,2,R,A,A,41,48,pos,2,2,203,32.00000000,24,False,-0.00829987,W,stage,binned,is_selective
716,2,R,A,A,42,45,pos,2,7,-205,100.00000000,84,False,-0.01337565,W,stage,binned,is_selective
716,2,R,A,A,42,45,pos,2,8,32,84.00000000,70,False,0.01263022,W,stage,binned,is_selective
716,2,R,A,A,42,48,pos,2,1,-178,292.00000000,273,False,0.00631142,W,stage,binned,is_selective
716,2,R,A,A,42,48,pos,2,2,-37,125.00000000,110,False,0.01069171,W,stage,binned,is_selective
716,2,R,A,A,45,48,pos,7,1,-250,79.00000000,76,False,0.00025439,W,stage,binned,is_selective
716,2,R,A,A,45,48,pos,7,2,95,40.00000000,30,False,0.01978892,W,stage,binned,is_selective
716,2,R,A,A,45,48,pos,8,1,-250,67.00000000,64,False,-0.01349542,W,stage,binned,is_selective
716,2,R,A,A,45,48,pos,8,2,-91,33.00000000,25,False,-0.02398275,W,stage,binned,is_selective
709,1,L,A,A,1,6,pos,1,1,-19,383.00000000,383,False,0.01231389,W,stage,binned,is_selective
709,1,L,A,A,1,7,pos,1,1,-7,120.00000000,107,False,-0.01244245,W,stage,binned,is_selective
709,1,L,A,A,1,8,pos,1,2,-130,58.00000000,45,False,0.00874471,W,stage,binned,is_selective
709,1,L,A,A,6,7,pos,1,1,-19,138.00000000,139,True,-0.00381477,W,stage,binned,is_selective
709,1,L,A,A,6,8,pos,1,2,-40,62.00000000,50,False,-0.02491846,W,stage,binned,is_selective
709,1,L,A,A,7,8,pos,1,2,-250,19.00000000,12,False,-0.01604870,W,stage,binned,is_selective
711,1,L,A,A,2,4,pos,2,1,-91,7.00000000,4,False,-0.03883495,W,stage,binned,is_selective
711,1,L,A,A,2,6,pos,2,2,-157,6.00000000,3,False,-0.08620690,W,stage,binned,is_selective
711,1,L,A,A,2,6,pos,2,4,-85,6.00000000,3,False,-0.09604520,W,stage,binned,is_selective
711,1,L,A,A,2,7,pos,2,1,-58,9.00000000,5,False,-0.00150376,W,stage,binned,is_selective
711,1,L,A,A,2,8,pos,2,3,-196,3.00000000,1,False,-0.23364486,W,stage,binned,is_selective
711,1,L,A,A,2,8,pos,2,4,-79,2.00000000,1,False,-0.20634921,W,stage,binned,is_selective
711,1,L,A,A,4,6,pos,1,2,-79,29.00000000,22,False,-0.03072100,W,stage,binned,is_selective
711,1,L,A,A,4,6,pos,1,4,-58,32.00000000,24,False,0.03679297,W,stage,binned,is_selective
711,1,L,A,A,4,7,pos,1,1,11,41.00000000,36,False,0.00270439,W,stage,binned,is_selective
711,1,L,A,A,4,8,pos,1,3,152,11.00000000,6,False,0.01339829,W,stage,binned,is_selective
711,1,L,A,A,4,8,pos,1,4,128,7.00000000,4,False,-0.02961276,W,stage,binned,is_selective
711,1,L,A,A,6,7,pos,2,1,8,64.00000000,52,False,0.01292889,W,stage,binned,is_selective
711,1,L,A,A,6,8,pos,2,3,-7,14.00000000,10,False,0.01049233,W,stage,binned,is_selective
711,1,L,A,A,6,8,pos,2,4,-1,8.00000000,6,False,0.06412478,W,stage,binned,is_selective
711,1,L,A,A,6,7,pos,4,1,-217,55.01000000,46,False,0.01490419,W,stage,binned,is_selective
711,1,L,A,A,6,8,pos,4,3,-1,23.00000000,23,False,-0.00547830,W,stage,binned,is_selective
711,1,L,A,A,6,8,pos,4,4,-10,15.00000000,11,False,-0.00630915,W,stage,binned,is_selective
711,1,L,A,A,7,8,pos,1,3,-1,18.00000000,13,False,0.01633606,W,stage,binned,is_selective
711,1,L,A,A,7,8,pos,1,4,-127,11.00000000,7,False,0.01171459,W,stage,binned,is_selective
706,4,L,A,A,4,6,pos,1,1,5,85.00000000,83,False,0.00323625,W,stage,binned,is_selective
709,4,L,A,A,3,8,pos,1,2,-40,19.00000000,13,False,-0.02330623,W,stage,binned,is_selective
709,4,L,A,A,3,8,pos,2,2,-82,6.00000000,3,False,-0.05524862,W,stage,binned,is_selective
707,2,L,A,A,3,4,pos,1,1,-1,75.00000000,76,True,0.00333907,W,stage,binned,is_selective
707,2,L,A,A,3,4,pos,1,2,-250,11.00000000,6,False,-0.04000000,W,stage,binned,is_selective
707,2,L,A,A,3,8,pos,1,1,5,51.00000000,42,False,0.01923693,W,stage,binned,is_selective
707,2,L,A,A,4,8,pos,1,1,59,91.00000000,80,False,-0.01046164,W,stage,binned,is_selective
707,2,L,A,A,4,8,pos,2,1,-34,17.00000000,13,False,-0.05371153,W,stage,binned,is_selective
706,1,L,A,A,1,2,pos,1,1,-7,43.00000000,36,False,-0.02135375,W,stage,binned,is_selective
706,1,L,A,A,1,2,pos,1,4,-13,4.01000000,2,False,0.00909091,W,stage,binned,is_selective
706,1,L,A,A,1,3,pos,1,2,-40,19.00000000,13,False,-0.03991252,W,stage,binned,is_selective
706,1,L,A,A,1,5,pos,1,3,-217,13.00000000,8,False,-0.07326007,W,stage,binned,is_selective
706,1,L,A,A,1,8,pos,1,1,-22,27.00000000,21,False,0.00034928,W,stage,binned,is_selective
706,1,L,A,A,1,2,pos,2,1,-4,25.00000000,24,False,-0.01230517,W,stage,binned,is_selective
706,1,L,A,A,1,2,pos,2,4,-85,3.00000000,1,False,-0.04587156,W,stage,binned,is_selective
706,1,L,A,A,1,3,pos,2,2,-79,12.00000000,7,False,-0.02258727,W,stage,binned,is_selective
706,1,L,A,A,1,5,pos,2,3,-250,7.00000000,3,False,0.06262626,W,stage,binned,is_selective
706,1,L,A,A,1,8,pos,2,1,89,15.00000000,9,False,0.02555911,W,stage,binned,is_selective
706,1,L,A,A,2,3,pos,1,2,-250,3.00000000,1,False,0.24615385,W,stage,binned,is_selective
706,1,L,A,A,2,5,pos,1,3,-16,4.00000000,2,False,-0.14285714,W,stage,binned,is_selective
706,1,L,A,A,2,8,pos,1,1,-10,6.00000000,4,False,0.11884058,W,stage,binned,is_selective
706,1,L,A,A,2,3,pos,4,2,-250,1.00000000,0,False,-0.63636364,W,stage,binned,is_selective
706,1,L,A,A,2,5,pos,4,3,-250,1.00000000,0,False,0.50000000,W,stage,binned,is_selective
706,1,L,A,A,2,8,pos,4,1,-250,1.00000000,0,False,-0.33333333,W,stage,binned,is_selective
706,1,L,A,A,3,5,pos,2,3,-250,2.00000000,0,False,-0.17647059,W,stage,binned,is_selective
706,1,L,A,A,3,8,pos,2,1,-250,3.00000000,1,False,-0.15596330,W,stage,binned,is_selective
706,1,L,A,A,5,8,pos,3,1,-7,2.00000000,1,False,0.36666667,W,stage,binned,is_selective
706,1,R,A,A,34,38,pos,1,1,20,139.00000000,131,False,0.00078663,W,stage,binned,is_selective
706,1,R,A,A,34,39,pos,1,2,-250,20.00000000,14,False,-0.03937008,W,stage,binned,is_selective
706,1,R,A,A,38,39,pos,1,2,-232,64.00000000,50,False,0.00504668,W,stage,binned,is_selective
713,2,L,A,A,3,4,pos,1,1,-16,55.00000000,46,False,-0.03390086,W,stage,binned,is_selective
713,2,L,A,A,3,5,pos,1,1,11,25.00000000,18,False,0.00980777,W,stage,binned,is_selective
713,2,L,A,A,3,4,pos,2,1,-4,29.00000000,24,False,-0.02184236,W,stage,binned,is_selective
713,2,L,A,A,3,5,pos,2,1,20,14.00000000,9,False,0.05412157,W,stage,binned,is_selective
713,2,L,A,A,4,5,pos,1,1,-1,14.00000000,11,False,0.01954397,W,stage,binned,is_selective
713,2,R,A,A,54,55,pos,3,2,-250,43.00000000,33,False,-0.01037663,W,stage,binned,is_selective
717,1,R,A,A,42,46,pos,1,1,5,218.00000000,207,False,-0.00337922,W,stage,binned,is_selective
707,2,L,A,A,4,8,pos,2,1,-34,17.00000000,13,False,-0.05371153,W,stage,binned,is_inv
709,3,L,A,A,3,5,pos,1,1,-7,22.00000000,20,False,0.01659937,W,stage,binned,is_inv
709,4,L,A,A,3,8,pos,1,2,-40,19.00000000,13,False,-0.02330623,W,stage,binned,is_inv
707,1,L,A,A,2,7,pos,1,1,-22,9.00000000,5,False,0.03148426,W,stage,binned,is_inv
707,1,L,A,A,2,7,pos,1,2,-40,10.00000000,7,False,0.00000000,W,stage,binned,is_inv
704,1,R,A,A,41,42,pos,1,1,-10,35.00000000,32,False,0.02731707,W,stage,binned,is_inv
704,1,R,A,A,41,42,pos,1,4,-250,4.00000000,1,False,0.06862745,W,stage,binned,is_inv
704,1,R,A,A,41,44,pos,1,1,-223,10.00000000,6,False,0.01550388,W,stage,binned,is_inv
704,1,R,A,A,41,42,pos,3,1,-1,31.00000000,117,True,0.29145152,W,stage,binned,is_inv
704,1,R,A,A,41,42,pos,3,4,-25,3.00000000,1,False,-0.12643678,W,stage,binned,is_inv
704,1,R,A,A,41,44,pos,3,1,-16,7.00000000,4,False,0.00961538,W,stage,binned,is_inv
704,1,R,A,A,42,44,pos,1,1,95,48.00000000,37,False,0.02239742,W,stage,binned,is_inv
704,1,R,A,A,42,44,pos,4,1,-250,4.00000000,2,False,0.04166667,W,stage,binned,is_inv
711,4,L,A,A,1,3,pos,1,6,-7,12.00000000,7,False,0.03108253,W,stage,binned,is_inv
711,4,L,A,A,1,4,pos,1,1,-7,26.00000000,32,True,-0.01672727,W,stage,binned,is_inv
711,4,L,A,A,3,4,pos,6,1,-7,4.00000000,2,False,0.02105263,W,stage,binned,is_inv
710,1,R,A,A,42,46,pos,1,1,-88,19.00000000,13,False,-0.05633803,W,stage,binned,is_inv
708,1,L,A,A,2,5,pos,3,1,20,23.00000000,16,False,0.00084034,W,stage,binned,is_inv
716,1,R,A,A,42,47,pos,1,2,-1,57.00000000,54,False,0.05431223,W,stage,binned,is_inv
716,2,R,A,A,41,45,pos,2,7,-91,28.00000000,20,False,0.01827850,W,stage,binned,is_inv
716,2,R,A,A,41,48,pos,2,1,110,78.00000000,68,False,0.02096713,W,stage,binned,is_inv
716,2,R,A,A,41,48,pos,2,2,203,32.00000000,24,False,-0.00829987,W,stage,binned,is_inv
716,2,R,A,A,45,48,pos,7,1,-250,79.00000000,76,False,0.00025439,W,stage,binned,is_inv
716,2,R,A,A,45,48,pos,7,2,95,40.00000000,30,False,0.01978892,W,stage,binned,is_inv
711,1,L,A,A,6,7,pos,2,1,8,64.00000000,52,False,0.01292889,W,stage,binned,is_inv
