ident,Stim-Num,recall_selectivity
701_01_004_sort_pos_joh_01,0,-0.7863867486193525
701_01_004_sort_pos_joh_01,1,-0.1291873573419727
701_01_004_sort_pos_joh_01,2,0.6187184335382293
701_01_004_sort_pos_joh_01,3,-0.3531866972632235
701_01_004_sort_pos_joh_01,4,0.08784104611578801
701_01_004_sort_pos_joh_01,5,0.2974683956618521
701_01_004_sort_pos_joh_02,0,1.721457125271014
701_01_004_sort_pos_joh_02,1,-0.19078890022466793
701_01_004_sort_pos_joh_02,2,0.20353605946582748
701_01_004_sort_pos_joh_02,3,-0.38810773641189034
701_01_004_sort_pos_joh_02,4,-0.6974858324629154
701_01_004_sort_pos_joh_02,5,0.19151645682511098
701_01_004_sort_pos_joh_03,0,0.7557421816064581
701_01_004_sort_pos_joh_03,1,0.5930802526189113
701_01_004_sort_pos_joh_03,2,-0.31118795713207115
701_01_004_sort_pos_joh_03,3,-0.6087807775281012
701_01_004_sort_pos_joh_03,4,-0.8820528563409964
701_01_004_sort_pos_joh_03,5,0.5106621799868926
701_01_004_sort_pos_joh_05,0,inf
701_01_004_sort_pos_joh_05,1,-0.2672612419124244
701_01_004_sort_pos_joh_05,2,-0.2672612419124244
701_01_004_sort_pos_joh_05,3,-0.2672612419124244
701_01_004_sort_pos_joh_05,4,-0.2672612419124244
701_01_004_sort_pos_joh_05,5,-0.2672612419124244
701_01_018_sort_pos_joh_01,0,0.38852449833168673
701_01_018_sort_pos_joh_01,1,0.3986550136932548
701_01_018_sort_pos_joh_01,2,0.5988705441385306
701_01_018_sort_pos_joh_01,3,-1.4017850802578173
701_01_018_sort_pos_joh_01,4,-0.561393219885962
701_01_018_sort_pos_joh_01,5,0.36595933645742806
701_01_018_sort_pos_joh_05,0,0.5796736197002109
701_01_018_sort_pos_joh_05,1,1.7879416643696748
701_01_018_sort_pos_joh_05,2,0.0220647890820349
701_01_018_sort_pos_joh_05,3,-0.9159918645328742
701_01_018_sort_pos_joh_05,4,-0.24572187838482376
701_01_018_sort_pos_joh_05,5,-0.9874502542611305
701_01_018_sort_pos_joh_06,0,-0.0668153104781061
701_01_018_sort_pos_joh_06,1,1.4069300106240252
701_01_018_sort_pos_joh_06,2,-0.0668153104781061
701_01_018_sort_pos_joh_06,3,-0.0668153104781061
701_01_018_sort_pos_joh_06,4,-0.8462279213753553
701_01_018_sort_pos_joh_06,5,-0.06274558051381586
702_01_001_sort_pos_joh_01,0,-0.694298307124369
702_01_001_sort_pos_joh_01,1,0.7312412967141423
702_01_001_sort_pos_joh_01,2,1.3722889481532548
702_01_001_sort_pos_joh_01,3,-0.03168820105504817
702_01_001_sort_pos_joh_01,4,0.5965828034700819
702_01_001_sort_pos_joh_01,5,-0.7751305475947142
702_01_001_sort_pos_joh_01,6,-0.5761365657251174
702_01_001_sort_pos_joh_01,7,-0.29355835470442565
702_01_001_sort_pos_joh_02,0,-0.47376783190632815
702_01_001_sort_pos_joh_02,1,0.4759858191164943
702_01_001_sort_pos_joh_02,2,-0.057249406438050515
702_01_001_sort_pos_joh_02,3,0.10062716630259284
702_01_001_sort_pos_joh_02,4,-0.5409038155624064
702_01_001_sort_pos_joh_02,5,-0.2208856673173122
702_01_001_sort_pos_joh_02,6,-0.23437499999999997
702_01_001_sort_pos_joh_02,7,1.202788447010757
702_01_001_sort_pos_joh_03,0,-0.16470905960363877
702_01_001_sort_pos_joh_03,1,-0.215786046310506
702_01_001_sort_pos_joh_03,2,-0.4867923835112357
702_01_001_sort_pos_joh_03,3,-0.47952454735668043
702_01_001_sort_pos_joh_03,4,0.3450381808934544
702_01_001_sort_pos_joh_03,5,-0.47952454735668043
702_01_001_sort_pos_joh_03,6,2.3817737587209526
702_01_001_sort_pos_joh_03,7,-0.08489856734010111
702_01_001_sort_pos_joh_04,0,0.04969039949999534
702_01_001_sort_pos_joh_04,1,0.14382928220892102
702_01_001_sort_pos_joh_04,2,0.7681631775122195
702_01_001_sort_pos_joh_04,3,-0.7440238091428449
702_01_001_sort_pos_joh_04,4,0.048001536073732025
702_01_001_sort_pos_joh_04,5,0.3021246801047709
702_01_001_sort_pos_joh_04,6,0.04969039949999522
702_01_001_sort_pos_joh_04,7,-0.5548780487804877
702_01_001_sort_pos_joh_05,0,0.22280266075840655
702_01_001_sort_pos_joh_05,1,2.6179220051407186
702_01_001_sort_pos_joh_05,2,-0.6753679245673271
702_01_001_sort_pos_joh_05,3,-1.1197705168304322
702_01_001_sort_pos_joh_05,4,-0.2663196256842874
702_01_001_sort_pos_joh_05,5,0.5493137863828146
702_01_001_sort_pos_joh_05,6,-0.2663196256842874
702_01_001_sort_pos_joh_05,7,-0.49085426184552133
702_01_007_sort_pos_joh_01,0,-0.5803224909896111
702_01_007_sort_pos_joh_01,1,0.3146776205737796
702_01_007_sort_pos_joh_01,2,0.023957871187497794
702_01_007_sort_pos_joh_01,3,0.35464968280759523
702_01_007_sort_pos_joh_01,4,-0.7861461384965021
702_01_007_sort_pos_joh_01,5,-0.24130854453292014
702_01_007_sort_pos_joh_01,6,0.2944889959516599
702_01_007_sort_pos_joh_01,7,0.9142192927121453
702_01_007_sort_pos_joh_02,0,-0.23586475766431483
702_01_007_sort_pos_joh_02,1,-0.14413916504926375
702_01_007_sort_pos_joh_02,2,-0.5703234321017341
702_01_007_sort_pos_joh_02,3,-0.14413916504926375
702_01_007_sort_pos_joh_02,4,-0.14413916504926375
702_01_007_sort_pos_joh_02,5,0.319681006545503
702_01_007_sort_pos_joh_02,6,0.8159123900082744
702_01_007_sort_pos_joh_02,7,0.3196810065455031
702_01_007_sort_pos_joh_03,0,0.4992301766027062
702_01_007_sort_pos_joh_03,1,-0.3396831102433788
702_01_007_sort_pos_joh_03,2,-0.3396831102433788
702_01_007_sort_pos_joh_03,3,-0.3396831102433788
702_01_007_sort_pos_joh_03,4,-0.3396831102433788
702_01_007_sort_pos_joh_03,5,0.7144345083117604
702_01_007_sort_pos_joh_03,6,-0.3396831102433788
702_01_007_sort_pos_joh_03,7,0.7144345083117603
702_01_007_sort_pos_joh_04,0,-0.2773500981126145
702_01_007_sort_pos_joh_04,1,1.181138978153835
702_01_007_sort_pos_joh_04,2,-0.2721655269759087
702_01_007_sort_pos_joh_04,3,-0.2721655269759087
702_01_007_sort_pos_joh_04,4,-0.2721655269759087
702_01_007_sort_pos_joh_04,5,-0.2721655269759087
702_01_007_sort_pos_joh_04,6,1.181138978153835
702_01_007_sort_pos_joh_04,7,-0.2721655269759087
702_01_015_sort_pos_joh_01,0,-0.006372529878770747
702_01_015_sort_pos_joh_01,1,-0.678372272965913
702_01_015_sort_pos_joh_01,2,0.5764347529386352
702_01_015_sort_pos_joh_01,3,-0.167944857496518
702_01_015_sort_pos_joh_01,4,0.08133792486928228
702_01_015_sort_pos_joh_01,5,0.5818367154290222
702_01_015_sort_pos_joh_01,6,-0.14962486028140154
702_01_015_sort_pos_joh_01,7,-0.1791763921428074
702_01_015_sort_pos_joh_02,0,-0.4657843203645506
702_01_015_sort_pos_joh_02,1,-0.2117287357675769
702_01_015_sort_pos_joh_02,2,0.001339409581229822
702_01_015_sort_pos_joh_02,3,-0.7460965351490594
702_01_015_sort_pos_joh_02,4,0.23472940791237698
702_01_015_sort_pos_joh_02,5,0.8306487107502737
702_01_015_sort_pos_joh_02,6,0.04427804063225371
702_01_015_sort_pos_joh_02,7,0.5434461961075815
702_01_015_sort_pos_joh_03,0,-0.0619869001101487
702_01_015_sort_pos_joh_03,1,0.1269687857106083
702_01_015_sort_pos_joh_03,2,-0.3930133971535277
702_01_015_sort_pos_joh_03,3,-0.5028439783664425
702_01_015_sort_pos_joh_03,4,0.2088856595257515
702_01_015_sort_pos_joh_03,5,0.27532279265700704
702_01_015_sort_pos_joh_03,6,0.3954905313868665
702_01_015_sort_pos_joh_03,7,-0.023536775285013578
702_01_015_sort_pos_joh_04,0,-0.0635142932063801
702_01_015_sort_pos_joh_04,1,-0.8419891173358599
702_01_015_sort_pos_joh_04,2,0.5614396786048031
702_01_015_sort_pos_joh_04,3,0.18975244767056038
702_01_015_sort_pos_joh_04,4,-0.14117909584096852
702_01_015_sort_pos_joh_04,5,0.8768388330324343
702_01_015_sort_pos_joh_04,6,-0.2515890980717705
702_01_015_sort_pos_joh_04,7,-0.3060042349385981
702_01_015_sort_pos_joh_05,0,0.39671677073862954
702_01_015_sort_pos_joh_05,1,0.41372429460691246
702_01_015_sort_pos_joh_05,2,-0.045818274437514524
702_01_015_sort_pos_joh_05,3,0.756767812612719
702_01_015_sort_pos_joh_05,4,-0.04644878092997192
702_01_015_sort_pos_joh_05,5,-0.13229179895853152
702_01_015_sort_pos_joh_05,6,-0.39740257572550014
702_01_015_sort_pos_joh_05,7,-0.9406039414903794
702_01_015_sort_pos_joh_06,0,-0.7275202324564637
702_01_015_sort_pos_joh_06,1,-0.5502648310450554
702_01_015_sort_pos_joh_06,2,-0.7237410566395697
702_01_015_sort_pos_joh_06,3,-0.6482832061630678
702_01_015_sort_pos_joh_06,4,-0.26020612240629576
702_01_015_sort_pos_joh_06,5,0.4398393367460237
702_01_015_sort_pos_joh_06,6,3.5048463421137765
702_01_015_sort_pos_joh_06,7,0.4968212448664976
702_01_015_sort_pos_joh_07,0,0.1376839313656501
702_01_015_sort_pos_joh_07,1,0.5124047295174801
702_01_015_sort_pos_joh_07,2,0.19438547858755864
702_01_015_sort_pos_joh_07,3,-0.492560470283563
702_01_015_sort_pos_joh_07,4,-0.3624854195181852
702_01_015_sort_pos_joh_07,5,-0.7822147932873227
702_01_015_sort_pos_joh_07,6,1.1100958911333163
702_01_015_sort_pos_joh_07,7,-0.08267004114290526
702_01_016_sort_pos_joh_01,0,-0.5092315417734725
702_01_016_sort_pos_joh_01,1,-0.4641464179566636
702_01_016_sort_pos_joh_01,2,-0.2037924347800835
702_01_016_sort_pos_joh_01,3,0.22272917419976224
702_01_016_sort_pos_joh_01,4,-0.033351318512223706
702_01_016_sort_pos_joh_01,5,-0.12115335490652102
702_01_016_sort_pos_joh_01,6,3.6052631578947367
702_01_016_sort_pos_joh_01,7,-0.2050627277056762
702_01_019_sort_pos_joh_01,0,0.9461818618040282
702_01_019_sort_pos_joh_01,1,-0.23935677693908428
702_01_019_sort_pos_joh_01,2,-0.3217720966624373
702_01_019_sort_pos_joh_01,3,0.4837794468468966
702_01_019_sort_pos_joh_01,4,-0.14278058347804448
702_01_019_sort_pos_joh_01,5,-0.41266847049916205
702_01_019_sort_pos_joh_01,6,-0.506776928701534
702_01_019_sort_pos_joh_01,7,0.22040700421986772
702_01_019_sort_pos_joh_02,0,0.8777793226499147
702_01_019_sort_pos_joh_02,1,0.730095642759969
702_01_019_sort_pos_joh_02,2,0.904092905644065
702_01_019_sort_pos_joh_02,3,0.46390795016524866
702_01_019_sort_pos_joh_02,4,-0.4989277130952442
702_01_019_sort_pos_joh_02,5,-1.091166165710098
702_01_019_sort_pos_joh_02,6,-0.22765399887055474
702_01_019_sort_pos_joh_02,7,-1.5786663675393857
702_01_019_sort_pos_joh_03,0,-0.09826073688810344
702_01_019_sort_pos_joh_03,1,-0.5321520841901914
702_01_019_sort_pos_joh_03,2,0.01717007049358616
702_01_019_sort_pos_joh_03,3,0.01717007049358616
702_01_019_sort_pos_joh_03,4,0.6071428571428571
702_01_019_sort_pos_joh_03,5,-0.5321520841901914
702_01_019_sort_pos_joh_03,6,0.01717007049358616
702_01_019_sort_pos_joh_03,7,0.7235680511449363
702_01_019_sort_pos_joh_04,0,-0.1272413358279909
702_01_019_sort_pos_joh_04,1,-0.3911876412095921
702_01_019_sort_pos_joh_04,2,1.7064970582057408
702_01_019_sort_pos_joh_04,3,-0.568706434117739
702_01_019_sort_pos_joh_04,4,0.34892472864167795
702_01_019_sort_pos_joh_04,5,-0.017862206558608016
702_01_019_sort_pos_joh_04,6,-0.29206356588329285
702_01_019_sort_pos_joh_04,7,-0.2849895777145902
702_01_019_sort_pos_joh_05,0,-0.2575246449007879
702_01_019_sort_pos_joh_05,1,-0.7970062597634907
702_01_019_sort_pos_joh_05,2,0.4363668605921452
702_01_019_sort_pos_joh_05,3,0.6383034615803472
702_01_019_sort_pos_joh_05,4,-0.23576722758557242
702_01_019_sort_pos_joh_05,5,0.09207338730881506
702_01_019_sort_pos_joh_05,6,0.561766725646324
702_01_019_sort_pos_joh_05,7,-0.36321919154762344
702_01_019_sort_pos_joh_06,0,1.1283671922707965
702_01_019_sort_pos_joh_06,1,0.4312516901304321
702_01_019_sort_pos_joh_06,2,-0.1397542485937366
702_01_019_sort_pos_joh_06,3,-0.2893433649671641
702_01_019_sort_pos_joh_06,4,-0.40993284740060176
702_01_019_sort_pos_joh_06,5,-0.007812500000000016
702_01_019_sort_pos_joh_06,6,-0.5486644924923505
702_01_019_sort_pos_joh_06,7,-0.1367521408296588
702_01_020_sort_pos_joh_02,0,0.080314268217978
702_01_020_sort_pos_joh_02,1,0.7080667567629163
702_01_020_sort_pos_joh_02,2,-0.3103371680452031
702_01_020_sort_pos_joh_02,3,-0.25393725009168544
702_01_020_sort_pos_joh_02,4,0.0040359344972504835
702_01_020_sort_pos_joh_02,5,0.12791721079854923
702_01_020_sort_pos_joh_02,6,0.13280439451038326
702_01_020_sort_pos_joh_02,7,-0.5389531968630825
702_01_020_sort_pos_joh_05,0,-0.37687237479715285
702_01_020_sort_pos_joh_05,1,1.2140967520527124
702_01_020_sort_pos_joh_05,2,0.20678881562019516
702_01_020_sort_pos_joh_05,3,0.21905657258005615
702_01_020_sort_pos_joh_05,4,-0.04730425657595561
702_01_020_sort_pos_joh_05,5,-0.05444655064804661
702_01_020_sort_pos_joh_05,6,-0.45063905045775643
702_01_020_sort_pos_joh_05,7,-0.574695771132691
702_01_021_sort_pos_joh_01,0,-0.24497134302630075
702_01_021_sort_pos_joh_01,1,-0.22864493526860166
702_01_021_sort_pos_joh_01,2,0.01284336649444736
702_01_021_sort_pos_joh_01,3,0.5948766268738698
702_01_021_sort_pos_joh_01,4,-0.5028439577209706
702_01_021_sort_pos_joh_01,5,-0.6816372070443469
702_01_021_sort_pos_joh_01,6,0.6886131684522924
702_01_021_sort_pos_joh_01,7,0.39474497333401587
702_01_021_sort_pos_joh_02,0,-1.0403920101828907
702_01_021_sort_pos_joh_02,1,-0.06407024837258285
702_01_021_sort_pos_joh_02,2,-0.14765768199746623
702_01_021_sort_pos_joh_02,3,-0.18939019833506718
702_01_021_sort_pos_joh_02,4,0.10382090472852434
702_01_021_sort_pos_joh_02,5,1.1360089199695216
702_01_021_sort_pos_joh_02,6,0.5643045734133423
702_01_021_sort_pos_joh_02,7,-0.026515592836657068
702_01_021_sort_pos_joh_03,0,0.09903673293395789
702_01_021_sort_pos_joh_03,1,-0.2912514598566549
702_01_021_sort_pos_joh_03,2,-0.15226780313305807
702_01_021_sort_pos_joh_03,3,0.9570006959602022
702_01_021_sort_pos_joh_03,4,-0.29000154031405506
702_01_021_sort_pos_joh_03,5,-0.9765062320284086
702_01_021_sort_pos_joh_03,6,-0.29842726924221424
702_01_021_sort_pos_joh_03,7,1.2166209960097083
702_01_021_sort_pos_joh_04,0,-0.3080387838839156
702_01_021_sort_pos_joh_04,1,-0.39889102892037687
702_01_021_sort_pos_joh_04,2,1.364414618894217
702_01_021_sort_pos_joh_04,3,0.12843225981358697
702_01_021_sort_pos_joh_04,4,0.40126209152425596
702_01_021_sort_pos_joh_04,5,-0.39889102892037687
702_01_021_sort_pos_joh_04,6,-0.39889102892037676
702_01_021_sort_pos_joh_04,7,0.1284322598135871
702_01_021_sort_pos_joh_05,0,0.1905618617749581
702_01_021_sort_pos_joh_05,1,-0.1511804566537641
702_01_021_sort_pos_joh_05,2,-0.7144345083117605
702_01_021_sort_pos_joh_05,3,0.12541876164199722
702_01_021_sort_pos_joh_05,4,-0.43078257872967224
702_01_021_sort_pos_joh_05,5,-0.43078257872967224
702_01_021_sort_pos_joh_05,6,-0.1511804566537641
702_01_021_sort_pos_joh_05,7,2.7591270276823456
702_01_024_sort_pos_joh_01,0,0.5176583948784507
702_01_024_sort_pos_joh_01,1,-0.14261346741228398
702_01_024_sort_pos_joh_01,2,-0.4607500016837549
702_01_024_sort_pos_joh_01,3,-1.5143904690675754
702_01_024_sort_pos_joh_01,4,-0.14174763351405423
702_01_024_sort_pos_joh_01,5,1.6609539570751228
702_01_024_sort_pos_joh_01,6,-0.4205329316581845
702_01_024_sort_pos_joh_01,7,0.5226645748640972
702_01_024_sort_pos_joh_03,0,-0.19857892188909418
702_01_024_sort_pos_joh_03,1,0.14050231556310186
702_01_024_sort_pos_joh_03,2,-0.4112198093498558
702_01_024_sort_pos_joh_03,3,-1.1678655904213646
702_01_024_sort_pos_joh_03,4,-0.14246032367022304
702_01_024_sort_pos_joh_03,5,2.6795080730450342
702_01_024_sort_pos_joh_03,6,-0.552939274978871
702_01_024_sort_pos_joh_03,7,0.40442039799029295
702_01_024_sort_pos_joh_05,0,0.22514000821298621
702_01_024_sort_pos_joh_05,1,-0.4780999777537158
702_01_024_sort_pos_joh_05,2,0.5652695395576683
702_01_024_sort_pos_joh_05,3,-0.15022315323773594
702_01_024_sort_pos_joh_05,4,-0.6245179959558628
702_01_024_sort_pos_joh_05,5,0.33513408045363774
702_01_024_sort_pos_joh_05,6,0.004612263523780546
702_01_024_sort_pos_joh_05,7,0.16568224981190838
702_01_034_sort_pos_joh_01,0,0.44455292700153265
702_01_034_sort_pos_joh_01,1,0.5552182068071095
702_01_034_sort_pos_joh_01,2,-0.5608397511396879
702_01_034_sort_pos_joh_01,3,-0.4647789723452044
702_01_034_sort_pos_joh_01,4,-0.057674597445684456
702_01_034_sort_pos_joh_01,5,0.47791272906285626
702_01_034_sort_pos_joh_01,6,-0.1016831541372177
702_01_034_sort_pos_joh_01,7,-0.46521730583028936
702_01_034_sort_pos_joh_02,0,-0.4587837921454607
702_01_034_sort_pos_joh_02,1,0.5476540635322488
702_01_034_sort_pos_joh_02,2,0.36134525803002904
702_01_034_sort_pos_joh_02,3,0.3756620856111312
702_01_034_sort_pos_joh_02,4,0.13534186900256903
702_01_034_sort_pos_joh_02,5,-0.18777307133549706
702_01_034_sort_pos_joh_02,6,0.11215136954372353
702_01_034_sort_pos_joh_02,7,-0.8036561568642089
702_01_034_sort_pos_joh_03,0,-0.017422862059440557
702_01_034_sort_pos_joh_03,1,0.6187233314656279
702_01_034_sort_pos_joh_03,2,-0.1731204488824141
702_01_034_sort_pos_joh_03,3,0.4485723482026422
702_01_034_sort_pos_joh_03,4,-0.1402889656613035
702_01_034_sort_pos_joh_03,5,-0.5538406501378579
702_01_034_sort_pos_joh_03,6,0.12489252856752611
702_01_034_sort_pos_joh_03,7,-0.2665371699641136
702_01_034_sort_pos_joh_04,0,0.8316393037993886
702_01_034_sort_pos_joh_04,1,1.3661603132002211
702_01_034_sort_pos_joh_04,2,0.26860421449358546
702_01_034_sort_pos_joh_04,3,-1.0992421631894096
702_01_034_sort_pos_joh_04,4,-1.3574654630596439
702_01_034_sort_pos_joh_04,5,-0.42836865711728933
702_01_034_sort_pos_joh_04,6,0.5532599785645786
702_01_034_sort_pos_joh_04,7,-0.42836865711728933
702_01_044_sort_pos_joh_01,0,0.0722287487726678
702_01_044_sort_pos_joh_01,1,0.8166806572031099
702_01_044_sort_pos_joh_01,2,0.1697850134007982
702_01_044_sort_pos_joh_01,3,-0.21760197512982266
702_01_044_sort_pos_joh_01,4,-0.14236500365105098
702_01_044_sort_pos_joh_01,5,-0.34410475556058295
702_01_044_sort_pos_joh_01,6,-0.17829508269282981
702_01_044_sort_pos_joh_01,7,-0.23923027030533148
702_01_044_sort_pos_joh_02,0,-0.10182224827275571
702_01_044_sort_pos_joh_02,1,-0.3399095175997411
702_01_044_sort_pos_joh_02,2,-0.04924746040434782
702_01_044_sort_pos_joh_02,3,-0.4829306031496236
702_01_044_sort_pos_joh_02,4,0.9993349042461888
702_01_044_sort_pos_joh_02,5,-0.23197410955725417
702_01_044_sort_pos_joh_02,6,0.22876723258250145
702_01_044_sort_pos_joh_02,7,0.22717820955433798
702_01_044_sort_pos_joh_03,0,0.5269601401575804
702_01_044_sort_pos_joh_03,1,1.5556186855876655
702_01_044_sort_pos_joh_03,2,-0.9335587642052139
702_01_044_sort_pos_joh_03,3,-0.20021085931001317
702_01_044_sort_pos_joh_03,4,0.066581972213709
702_01_044_sort_pos_joh_03,5,-1.1394001410380075
702_01_044_sort_pos_joh_03,6,0.0613230864203404
702_01_044_sort_pos_joh_03,7,-0.02693627733961471
702_01_044_sort_pos_joh_04,0,1.2441587858497496
702_01_044_sort_pos_joh_04,1,0.11512172709003639
702_01_044_sort_pos_joh_04,2,-0.05224135477111884
702_01_044_sort_pos_joh_04,3,-0.43655380016612355
702_01_044_sort_pos_joh_04,4,0.10228244267996857
702_01_044_sort_pos_joh_04,5,-0.34962457186274276
702_01_044_sort_pos_joh_04,6,-0.19998347312313797
702_01_044_sort_pos_joh_04,7,-0.361029179205472
702_01_044_sort_pos_joh_05,0,0.9289990336968323
702_01_044_sort_pos_joh_05,1,0.030900573081125836
702_01_044_sort_pos_joh_05,2,-0.12812851371837233
702_01_044_sort_pos_joh_05,3,-0.12882913681586472
702_01_044_sort_pos_joh_05,4,0.5301377024290564
702_01_044_sort_pos_joh_05,5,-0.4723816564772318
702_01_044_sort_pos_joh_05,6,-0.3707714113192083
702_01_044_sort_pos_joh_05,7,-0.45611351121173843
702_01_044_sort_pos_joh_06,0,0.8432740427115677
702_01_044_sort_pos_joh_06,1,-0.021166687833365123
702_01_044_sort_pos_joh_06,2,0.3280836614171589
702_01_044_sort_pos_joh_06,3,-0.3531212616186771
702_01_044_sort_pos_joh_06,4,-0.020145574100634462
702_01_044_sort_pos_joh_06,5,0.3280836614171589
702_01_044_sort_pos_joh_06,6,-0.6883098806520787
702_01_044_sort_pos_joh_06,7,-0.3531212616186771
702_01_048_sort_pos_joh_01,0,0.688878792394082
702_01_048_sort_pos_joh_01,1,-0.3037250537853983
702_01_048_sort_pos_joh_01,2,-0.8819708292614459
702_01_048_sort_pos_joh_01,3,-0.4885380204886842
702_01_048_sort_pos_joh_01,4,0.07950439882424472
702_01_048_sort_pos_joh_01,5,0.08072148070252723
702_01_048_sort_pos_joh_01,6,1.270814604127807
702_01_048_sort_pos_joh_01,7,-0.29454311537913846
702_01_048_sort_pos_joh_02,0,2.3074941287711104
702_01_048_sort_pos_joh_02,1,0.05783260018991517
702_01_048_sort_pos_joh_02,2,-0.5520854132405446
702_01_048_sort_pos_joh_02,3,-0.6790442073621642
702_01_048_sort_pos_joh_02,4,-0.30264749642787725
702_01_048_sort_pos_joh_02,5,0.25393725009168494
702_01_048_sort_pos_joh_02,6,-0.4251485056594682
702_01_048_sort_pos_joh_02,7,-0.12334394677546469
702_01_048_sort_pos_joh_03,0,0.1962015532684449
702_01_048_sort_pos_joh_03,1,-0.2251912640115202
702_01_048_sort_pos_joh_03,2,0.3843496021581557
702_01_048_sort_pos_joh_03,3,0.5157295891052613
702_01_048_sort_pos_joh_03,4,-0.15211690074624787
702_01_048_sort_pos_joh_03,5,-0.29054241276794907
702_01_048_sort_pos_joh_03,6,-0.08137441713976844
702_01_048_sort_pos_joh_03,7,-0.31178659175432577
702_01_048_sort_pos_joh_04,0,0.25298221281347044
702_01_048_sort_pos_joh_04,1,-0.49095119472445997
702_01_048_sort_pos_joh_04,2,0.24830834209768032
702_01_048_sort_pos_joh_04,3,0.2721655269759085
702_01_048_sort_pos_joh_04,4,-0.00740436097198867
702_01_048_sort_pos_joh_04,5,-0.2535337441655548
702_01_048_sort_pos_joh_04,6,0.24830834209768032
702_01_048_sort_pos_joh_04,7,-0.2535337441655547
702_01_048_sort_pos_joh_05,0,-0.42211588240886905
702_01_048_sort_pos_joh_05,1,-0.6233012628622812
702_01_048_sort_pos_joh_05,2,0.4564354645876384
702_01_048_sort_pos_joh_05,3,0.07615897448061795
702_01_048_sort_pos_joh_05,4,0.07229183366755255
702_01_048_sort_pos_joh_05,5,0.07615897448061795
702_01_048_sort_pos_joh_05,6,0.07229183366755255
702_01_048_sort_pos_joh_05,7,0.4867923835112353
702_01_048_sort_pos_joh_06,0,0.474125849999161
702_01_048_sort_pos_joh_06,1,-0.4807619738204115
702_01_048_sort_pos_joh_06,2,0.08928571428571432
702_01_048_sort_pos_joh_06,3,-0.4807619738204115
702_01_048_sort_pos_joh_06,4,0.867227382716513
702_01_048_sort_pos_joh_06,5,-0.4807619738204114
702_01_048_sort_pos_joh_06,6,0.08928571428571432
702_01_048_sort_pos_joh_06,7,0.08928571428571432
702_01_076_sort_pos_joh_01,0,0.5381334675208187
702_01_076_sort_pos_joh_01,1,0.0890392964039945
702_01_076_sort_pos_joh_01,2,0.17976393395652954
702_01_076_sort_pos_joh_01,3,0.9175838595566541
702_01_076_sort_pos_joh_01,4,-0.28704303925383495
702_01_076_sort_pos_joh_01,5,0.19541278749841343
702_01_076_sort_pos_joh_01,6,-0.9719742563562054
702_01_076_sort_pos_joh_01,7,-0.6823257287467397
702_01_076_sort_pos_joh_02,0,2.4638454397841274
702_01_076_sort_pos_joh_02,1,0.692661108887099
702_01_076_sort_pos_joh_02,2,0.1544117647058823
702_01_076_sort_pos_joh_02,3,-1.1250000000000002
702_01_076_sort_pos_joh_02,4,-0.586350159841157
702_01_076_sort_pos_joh_02,5,0.1544117647058823
702_01_076_sort_pos_joh_02,6,-0.586350159841157
702_01_076_sort_pos_joh_02,7,-0.8499323999164684
702_01_076_sort_pos_joh_03,0,0.41433372259490764
702_01_076_sort_pos_joh_03,1,0.7578929549487156
702_01_076_sort_pos_joh_03,2,-0.02974820586543666
702_01_076_sort_pos_joh_03,3,-0.02974820586543666
702_01_076_sort_pos_joh_03,4,0.5348008084903245
702_01_076_sort_pos_joh_03,5,-0.7813800536317959
702_01_076_sort_pos_joh_03,6,-0.5224462547732157
702_01_076_sort_pos_joh_03,7,-0.2791518836310989
702_01_076_sort_pos_joh_04,0,-0.2256659259439905
702_01_076_sort_pos_joh_04,1,-0.11343565162162872
702_01_076_sort_pos_joh_04,2,1.188588871937436
702_01_076_sort_pos_joh_04,3,-0.11343565162162872
702_01_076_sort_pos_joh_04,4,-0.11343565162162872
702_01_076_sort_pos_joh_04,5,-0.11343565162162872
702_01_076_sort_pos_joh_04,6,-0.11343565162162872
702_01_076_sort_pos_joh_04,7,-0.11343565162162872
702_01_081_sort_pos_joh_01,0,0.5441027346963988
702_01_081_sort_pos_joh_01,1,0.16357492704187945
702_01_081_sort_pos_joh_01,2,-0.21002771854486987
702_01_081_sort_pos_joh_01,3,-0.23281811346640857
702_01_081_sort_pos_joh_01,4,-0.2000495317093222
702_01_081_sort_pos_joh_01,5,0.37302610229504884
702_01_081_sort_pos_joh_01,6,-0.11589232863533352
702_01_081_sort_pos_joh_01,7,-0.4222437699531982
702_01_081_sort_pos_joh_02,0,-0.202008485813677
702_01_081_sort_pos_joh_02,1,-0.34074043060405645
702_01_081_sort_pos_joh_02,2,-1.0637460835455803
702_01_081_sort_pos_joh_02,3,0.6061163023547719
702_01_081_sort_pos_joh_02,4,0.2844866827266192
702_01_081_sort_pos_joh_02,5,0.7475552474828984
702_01_081_sort_pos_joh_02,6,0.7072328035771775
702_01_081_sort_pos_joh_02,7,-0.7613718901781094
702_01_081_sort_pos_joh_03,0,0.06056089312835671
702_01_081_sort_pos_joh_03,1,-0.7345557587040065
702_01_081_sort_pos_joh_03,2,-0.6833458301537764
702_01_081_sort_pos_joh_03,3,0.8666075978147496
702_01_081_sort_pos_joh_03,4,0.11519319581385451
702_01_081_sort_pos_joh_03,5,0.11735069850954484
702_01_081_sort_pos_joh_03,6,0.11847592519367883
702_01_081_sort_pos_joh_03,7,-0.030678157614831683
702_01_081_sort_pos_joh_04,0,0.1023586790902415
702_01_081_sort_pos_joh_04,1,0.09458499916791492
702_01_081_sort_pos_joh_04,2,-0.7373940601876311
702_01_081_sort_pos_joh_04,3,-0.7373940601876311
702_01_081_sort_pos_joh_04,4,0.9609039134769162
702_01_081_sort_pos_joh_04,5,0.36121573072571367
702_01_081_sort_pos_joh_04,6,0.10783277320343863
702_01_081_sort_pos_joh_04,7,-0.18469435549170227
702_01_081_sort_pos_joh_05,0,1.287382077712586
702_01_081_sort_pos_joh_05,1,0.19432039693935008
702_01_081_sort_pos_joh_05,2,-1.1727065937427423
702_01_081_sort_pos_joh_05,3,0.39549053138686774
702_01_081_sort_pos_joh_05,4,0.41132729163656334
702_01_081_sort_pos_joh_05,5,-0.025047007249281668
702_01_081_sort_pos_joh_05,6,-0.9295031380834738
702_01_081_sort_pos_joh_05,7,-0.23404599720828143
702_01_081_sort_pos_joh_06,0,0.49923017660270613
702_01_081_sort_pos_joh_06,1,-0.33968311024337877
702_01_081_sort_pos_joh_06,2,0.7144345083117603
702_01_081_sort_pos_joh_06,3,-0.33968311024337877
702_01_081_sort_pos_joh_06,4,0.7144345083117603
702_01_081_sort_pos_joh_06,5,-0.33968311024337877
702_01_081_sort_pos_joh_06,6,-0.33968311024337877
702_01_081_sort_pos_joh_06,7,-0.33968311024337877
702_01_089_sort_pos_joh_01,0,-0.33761709439948656
702_01_089_sort_pos_joh_01,1,-0.5448123106393458
702_01_089_sort_pos_joh_01,2,0.462180695792188
702_01_089_sort_pos_joh_01,3,0.06734851229749261
702_01_089_sort_pos_joh_01,4,-0.023127956682672535
702_01_089_sort_pos_joh_01,5,0.4430011286667338
702_01_089_sort_pos_joh_01,6,0.16149036098370556
702_01_089_sort_pos_joh_01,7,-0.20774717877756627
702_01_089_sort_pos_joh_02,0,-0.8106022596759849
702_01_089_sort_pos_joh_02,1,-0.4772364692267672
702_01_089_sort_pos_joh_02,2,0.00932018664419868
702_01_089_sort_pos_joh_02,3,0.639751159683636
702_01_089_sort_pos_joh_02,4,0.6686640066467316
702_01_089_sort_pos_joh_02,5,0.16833149505656786
702_01_089_sort_pos_joh_02,6,-0.14446289298507706
702_01_089_sort_pos_joh_02,7,0.16655340354338025
702_01_089_sort_pos_joh_03,0,0.10490170071179519
702_01_089_sort_pos_joh_03,1,-0.5402348382239702
702_01_089_sort_pos_joh_03,2,0.15445051580380387
702_01_089_sort_pos_joh_03,3,-0.1889822365046138
702_01_089_sort_pos_joh_03,4,-0.18661117792964327
702_01_089_sort_pos_joh_03,5,0.325452125897293
702_01_089_sort_pos_joh_03,6,0.14737077972972362
702_01_089_sort_pos_joh_03,7,0.14737077972972362
702_01_089_sort_pos_joh_04,0,-0.2773500981126145
702_01_089_sort_pos_joh_04,1,1.181138978153835
702_01_089_sort_pos_joh_04,2,-0.2721655269759087
702_01_089_sort_pos_joh_04,3,-0.2721655269759087
702_01_089_sort_pos_joh_04,4,-0.2721655269759087
702_01_089_sort_pos_joh_04,5,-0.2721655269759087
702_01_089_sort_pos_joh_04,6,-0.2721655269759087
702_01_089_sort_pos_joh_04,7,1.181138978153835
702_01_089_sort_pos_joh_05,0,-0.2773500981126145
702_01_089_sort_pos_joh_05,1,-0.2721655269759087
702_01_089_sort_pos_joh_05,2,-0.2721655269759087
702_01_089_sort_pos_joh_05,3,-0.2721655269759087
702_01_089_sort_pos_joh_05,4,1.181138978153835
702_01_089_sort_pos_joh_05,5,-0.2721655269759087
702_01_089_sort_pos_joh_05,6,-0.2721655269759087
702_01_089_sort_pos_joh_05,7,1.181138978153835
702_01_090_sort_pos_joh_01,0,-0.3417621553669571
702_01_090_sort_pos_joh_01,1,1.145365550773184
702_01_090_sort_pos_joh_01,2,0.22383720930232556
702_01_090_sort_pos_joh_01,3,0.11661287010655685
702_01_090_sort_pos_joh_01,4,-0.24444444444444421
702_01_090_sort_pos_joh_01,5,-0.06016050956187282
702_01_090_sort_pos_joh_01,6,-0.35473042880152217
702_01_090_sort_pos_joh_01,7,-0.3328801816064894
702_01_090_sort_pos_joh_02,0,-0.5556282915268665
702_01_090_sort_pos_joh_02,1,1.4376171779102747
702_01_090_sort_pos_joh_02,2,0.13163263721789684
702_01_090_sort_pos_joh_02,3,0.19375611101857004
702_01_090_sort_pos_joh_02,4,-0.10478135818846424
702_01_090_sort_pos_joh_02,5,-0.3408628009067423
702_01_090_sort_pos_joh_02,6,-1.164853927264121
702_01_090_sort_pos_joh_02,7,0.7487976382270553
702_01_090_sort_pos_joh_03,0,-0.6416889479197478
702_01_090_sort_pos_joh_03,1,0.11248031766646192
702_01_090_sort_pos_joh_03,2,0.11972828565264397
702_01_090_sort_pos_joh_03,3,0.11972828565264397
702_01_090_sort_pos_joh_03,4,0.11248031766646192
702_01_090_sort_pos_joh_03,5,-0.2576636610952269
702_01_090_sort_pos_joh_03,6,-0.2576636610952269
702_01_090_sort_pos_joh_03,7,1.086157705902556
702_01_090_sort_pos_joh_04,0,
702_01_090_sort_pos_joh_04,1,
702_01_090_sort_pos_joh_04,2,
702_01_090_sort_pos_joh_04,3,
702_01_090_sort_pos_joh_04,4,
702_01_090_sort_pos_joh_04,5,
702_01_090_sort_pos_joh_04,6,
702_01_090_sort_pos_joh_04,7,
702_01_090_sort_pos_joh_05,0,-0.4489988864128729
702_01_090_sort_pos_joh_05,1,0.08526306342048073
702_01_090_sort_pos_joh_05,2,-0.34445949507888446
702_01_090_sort_pos_joh_05,3,-0.34445949507888446
702_01_090_sort_pos_joh_05,4,0.31693284552319356
702_01_090_sort_pos_joh_05,5,-0.5600909953542575
702_01_090_sort_pos_joh_05,6,-0.34445949507888446
702_01_090_sort_pos_joh_05,7,2.236302846254967
702_01_095_sort_pos_joh_02,0,-0.256907120896213
702_01_095_sort_pos_joh_02,1,-0.12623856382574947
702_01_095_sort_pos_joh_02,2,1.0322837412462014
702_01_095_sort_pos_joh_02,3,0.13854639604683583
702_01_095_sort_pos_joh_02,4,-0.7468943965979535
702_01_095_sort_pos_joh_02,5,0.3449582907282386
702_01_095_sort_pos_joh_02,6,-0.7352391550074441
702_01_095_sort_pos_joh_02,7,0.47220433617825985
702_01_095_sort_pos_joh_03,0,-0.6255432421712245
702_01_095_sort_pos_joh_03,1,-0.010386656040584313
702_01_095_sort_pos_joh_03,2,0.23663484456309386
702_01_095_sort_pos_joh_03,3,0.10400628679223067
702_01_095_sort_pos_joh_03,4,-0.2497116946149975
702_01_095_sort_pos_joh_03,5,0.23212018105610452
702_01_095_sort_pos_joh_03,6,-0.35812628759953175
702_01_095_sort_pos_joh_03,7,0.8791105703277807
702_01_095_sort_pos_joh_04,0,
702_01_095_sort_pos_joh_04,1,
702_01_095_sort_pos_joh_04,2,
702_01_095_sort_pos_joh_04,3,
702_01_095_sort_pos_joh_04,4,
702_01_095_sort_pos_joh_04,5,
702_01_095_sort_pos_joh_04,6,
702_01_095_sort_pos_joh_04,7,
702_01_095_sort_pos_joh_06,0,0.0674370179470498
702_01_095_sort_pos_joh_06,1,-0.9734084968116962
702_01_095_sort_pos_joh_06,2,0.5806506782546789
702_01_095_sort_pos_joh_06,3,-0.2857502857504285
702_01_095_sort_pos_joh_06,4,-0.2688197837400651
702_01_095_sort_pos_joh_06,5,-0.2752237810869738
702_01_095_sort_pos_joh_06,6,0.8830534488363687
702_01_095_sort_pos_joh_06,7,0.3901560936624438
702_03_001_sort_pos_joh_01,0,-0.21664123020337248
702_03_001_sort_pos_joh_01,1,-0.5923267041531076
702_03_001_sort_pos_joh_01,2,-0.7574952656693847
702_03_001_sort_pos_joh_01,3,0.229634354664963
702_03_001_sort_pos_joh_01,4,0.1711409482495708
702_03_001_sort_pos_joh_01,5,0.05573091201049815
702_03_001_sort_pos_joh_01,6,0.5529143957544883
702_03_001_sort_pos_joh_01,7,0.6504701935422588
702_03_015_sort_pos_joh_01,0,0.18587272043322914
702_03_015_sort_pos_joh_01,1,0.22404164955237385
702_03_015_sort_pos_joh_01,2,-0.5173169735447419
702_03_015_sort_pos_joh_01,3,-0.5169568443343365
702_03_015_sort_pos_joh_01,4,-0.45362080227446094
702_03_015_sort_pos_joh_01,5,0.16354011763397236
702_03_015_sort_pos_joh_01,6,0.1597424151592901
702_03_015_sort_pos_joh_01,7,0.7441309754473607
702_03_015_sort_pos_joh_02,0,0.2868478442521796
702_03_015_sort_pos_joh_02,1,-0.40819552621602195
702_03_015_sort_pos_joh_02,2,-0.2779351658269774
702_03_015_sort_pos_joh_02,3,-0.17683301820003344
702_03_015_sort_pos_joh_02,4,0.004416830153753729
702_03_015_sort_pos_joh_02,5,-0.0629829717063645
702_03_015_sort_pos_joh_02,6,-0.031544014893825474
702_03_015_sort_pos_joh_02,7,0.7388545948048054
702_03_015_sort_pos_joh_03,0,1.0864938647074325
702_03_015_sort_pos_joh_03,1,0.6289718010683979
702_03_015_sort_pos_joh_03,2,0.039063333560384585
702_03_015_sort_pos_joh_03,3,-0.16397701504392753
702_03_015_sort_pos_joh_03,4,0.12944966871735744
702_03_015_sort_pos_joh_03,5,-0.06220456170552927
702_03_015_sort_pos_joh_03,6,-0.6694120298637163
702_03_015_sort_pos_joh_03,7,-0.9407979608539894
702_03_052_sort_pos_joh_01,0,0.5767386986042788
702_03_052_sort_pos_joh_01,1,0.06227048132616743
702_03_052_sort_pos_joh_01,2,0.12135149359484253
702_03_052_sort_pos_joh_01,3,-1.7308642421063434e-16
702_03_052_sort_pos_joh_01,4,0.05946188912883823
702_03_052_sort_pos_joh_01,5,0.3793784864512072
702_03_052_sort_pos_joh_01,6,-0.5350978818542189
702_03_052_sort_pos_joh_01,7,-0.5955573348776584
702_03_052_sort_pos_joh_03,0,0.3139929128113796
702_03_052_sort_pos_joh_03,1,0.3139929128113796
702_03_052_sort_pos_joh_03,2,0.3139929128113796
702_03_052_sort_pos_joh_03,3,0.6933752452815366
702_03_052_sort_pos_joh_03,4,-0.35771788508272395
702_03_052_sort_pos_joh_03,5,-0.35771788508272395
702_03_052_sort_pos_joh_03,6,-0.35771788508272395
702_03_052_sort_pos_joh_03,7,-0.35771788508272395
702_03_052_sort_pos_joh_04,0,-0.3175003175004762
702_03_052_sort_pos_joh_04,1,0.204598301841142
702_03_052_sort_pos_joh_04,2,0.204598301841142
702_03_052_sort_pos_joh_04,3,0.5428967140306368
702_03_052_sort_pos_joh_04,4,0.5428967140306368
702_03_052_sort_pos_joh_04,5,-0.3175003175004762
702_03_052_sort_pos_joh_04,6,-0.3175003175004762
702_03_052_sort_pos_joh_04,7,-0.3175003175004762
702_03_082_sort_pos_joh_01,0,0.6267158614723951
702_03_082_sort_pos_joh_01,1,0.7009651926150555
702_03_082_sort_pos_joh_01,2,-0.28478394571077426
702_03_082_sort_pos_joh_01,3,0.28391550633903634
702_03_082_sort_pos_joh_01,4,0.15071298075205034
702_03_082_sort_pos_joh_01,5,-0.22291210818698534
702_03_082_sort_pos_joh_01,6,-0.35215407581116676
702_03_082_sort_pos_joh_01,7,-0.6654448638911697
702_03_082_sort_pos_joh_02,0,-1.704756196215878e-16
702_03_082_sort_pos_joh_02,1,0.22360679774997883
702_03_082_sort_pos_joh_02,2,0.22360679774997885
702_03_082_sort_pos_joh_02,3,-0.43370149585767426
702_03_082_sort_pos_joh_02,4,-0.6585855599381422
702_03_082_sort_pos_joh_02,5,0.9661546858226695
702_03_082_sort_pos_joh_02,6,-1.646622318982703e-16
702_03_082_sort_pos_joh_02,7,-0.21442250696755916
702_03_082_sort_pos_joh_03,0,-0.15617376188860604
702_03_082_sort_pos_joh_03,1,0.6928587096149991
702_03_082_sort_pos_joh_03,2,0.39874968847692754
702_03_082_sort_pos_joh_03,3,-0.40545886000867365
702_03_082_sort_pos_joh_03,4,-0.4054588600086735
702_03_082_sort_pos_joh_03,5,-0.4054588600086734
702_03_082_sort_pos_joh_03,6,0.09805806756909216
702_03_082_sort_pos_joh_03,7,0.3456113229836822
702_03_082_sort_pos_joh_04,0,0.6095514542075673
702_03_082_sort_pos_joh_04,1,1.3140824997650906
702_03_082_sort_pos_joh_04,2,0.6095514542075673
702_03_082_sort_pos_joh_04,3,-0.8660254037844385
702_03_082_sort_pos_joh_04,4,-0.5754800010124851
702_03_082_sort_pos_joh_04,5,-0.5754800010124851
702_03_082_sort_pos_joh_04,6,-0.5754800010124851
702_03_082_sort_pos_joh_04,7,0.28718326344709527
702_03_083_sort_pos_joh_01,0,0.4678899679221382
702_03_083_sort_pos_joh_01,1,0.9905357401546923
702_03_083_sort_pos_joh_01,2,0.19402436889531127
702_03_083_sort_pos_joh_01,3,-0.09876007165920661
702_03_083_sort_pos_joh_01,4,-0.15672974405483672
702_03_083_sort_pos_joh_01,5,-0.5159200602189761
702_03_083_sort_pos_joh_01,6,-0.7913318245548489
702_03_083_sort_pos_joh_01,7,0.009872000216078002
702_03_083_sort_pos_joh_02,0,0.55573402287651
702_03_083_sort_pos_joh_02,1,0.8208986279743793
702_03_083_sort_pos_joh_02,2,0.7455192253126707
702_03_083_sort_pos_joh_02,3,-0.7554017476223304
702_03_083_sort_pos_joh_02,4,-0.2932236992177596
702_03_083_sort_pos_joh_02,5,-0.28786500050393976
702_03_083_sort_pos_joh_02,6,-0.6885743879459499
702_03_083_sort_pos_joh_02,7,0.08820139006486091
702_03_083_sort_pos_joh_04,0,-0.20978508038251975
702_03_083_sort_pos_joh_04,1,-0.3458055304256205
702_03_083_sort_pos_joh_04,2,0.06804138174397692
702_03_083_sort_pos_joh_04,3,-0.0689552690033791
702_03_083_sort_pos_joh_04,4,-0.07478268644706809
702_03_083_sort_pos_joh_04,5,0.4181210050035459
702_03_083_sort_pos_joh_04,6,-0.06811039424772869
702_03_083_sort_pos_joh_04,7,0.35759926992607577
702_03_083_sort_pos_joh_05,0,0.2758386421836852
702_03_083_sort_pos_joh_05,1,-0.03673591791853223
702_03_083_sort_pos_joh_05,2,-0.3281962308702628
702_03_083_sort_pos_joh_05,3,1.0009465217452624
702_03_083_sort_pos_joh_05,4,-0.03673591791853233
702_03_083_sort_pos_joh_05,5,-0.6162495185552517
702_03_083_sort_pos_joh_05,6,0.27583864218368526
702_03_083_sort_pos_joh_05,7,-0.3281962308702627
702_03_068_sort_neg_joh_01,0,0.5843179554752039
702_03_068_sort_neg_joh_01,1,-0.1182716692727573
702_03_068_sort_neg_joh_01,2,0.8795314880701408
702_03_068_sort_neg_joh_01,3,-0.48737732496649344
702_03_068_sort_neg_joh_01,4,-0.3852329606795778
702_03_068_sort_neg_joh_01,5,-0.24259503000324778
702_03_068_sort_neg_joh_01,6,-0.5601850327493005
702_03_068_sort_neg_joh_01,7,0.3910501197619675
702_03_082_sort_neg_joh_01,0,-0.02325426133011224
702_03_082_sort_neg_joh_01,1,-0.002636549988201377
702_03_082_sort_neg_joh_01,2,-0.19848025046109372
702_03_082_sort_neg_joh_01,3,0.7919644346604771
702_03_082_sort_neg_joh_01,4,0.2904883394058957
702_03_082_sort_neg_joh_01,5,-0.3744333248286062
702_03_082_sort_neg_joh_01,6,-0.28819404662114445
702_03_082_sort_neg_joh_01,7,-0.10266922283571772
702_03_082_sort_neg_joh_02,0,-0.506556797217013
702_03_082_sort_neg_joh_02,1,0.2460286283339512
702_03_082_sort_neg_joh_02,2,0.09613607115671591
702_03_082_sort_neg_joh_02,3,-0.05601852652299535
702_03_082_sort_neg_joh_02,4,1.1116706808203987
702_03_082_sort_neg_joh_02,5,0.5754149478460954
702_03_082_sort_neg_joh_02,6,-0.8231266971406168
702_03_082_sort_neg_joh_02,7,-0.5065567972170132
702_04_021_sort_pos_joh_01,0,0.09451043817742973
702_04_021_sort_pos_joh_01,1,1.1507625008900797
702_04_021_sort_pos_joh_01,2,0.09609920237993061
702_04_021_sort_pos_joh_01,3,0.30510840965621167
702_04_021_sort_pos_joh_01,4,-0.2686860557812845
702_04_021_sort_pos_joh_01,5,0.1991239554909193
702_04_021_sort_pos_joh_01,6,-0.5918018402982967
702_04_021_sort_pos_joh_01,7,-0.8088162148638752
702_04_021_sort_pos_joh_02,0,0.08228850233457904
702_04_021_sort_pos_joh_02,1,-0.049313032718471116
702_04_021_sort_pos_joh_02,2,-0.048762763800069844
702_04_021_sort_pos_joh_02,3,0.4137579632755275
702_04_021_sort_pos_joh_02,4,0.0804778474974562
702_04_021_sort_pos_joh_02,5,-0.5806779640046101
702_04_021_sort_pos_joh_02,6,0.21186580232281726
702_04_021_sort_pos_joh_02,7,-0.04988236091928636
702_04_021_sort_pos_joh_03,0,0.7129608280152808
702_04_021_sort_pos_joh_03,1,1.039478008776
702_04_021_sort_pos_joh_03,2,-0.01585056781218241
702_04_021_sort_pos_joh_03,3,-0.9042778845123027
702_04_021_sort_pos_joh_03,4,-0.5809687210447285
702_04_021_sort_pos_joh_03,5,-0.07898785734014677
702_04_021_sort_pos_joh_03,6,0.3618459503728759
702_04_021_sort_pos_joh_03,7,-0.3898524375909802
702_04_021_sort_pos_joh_04,0,-0.09467727448197115
702_04_021_sort_pos_joh_04,1,-0.3934350706166835
702_04_021_sort_pos_joh_04,2,-0.24123762618319192
702_04_021_sort_pos_joh_04,3,0.05547950410914798
702_04_021_sort_pos_joh_04,4,-0.3934350706166836
702_04_021_sort_pos_joh_04,5,-0.09613607115671592
702_04_021_sort_pos_joh_04,6,1.0365207972640749
702_04_021_sort_pos_joh_04,7,0.3787898058437278
702_04_042_sort_pos_joh_02,0,-0.46494147168438454
702_04_042_sort_pos_joh_02,1,-0.46087315559334474
702_04_042_sort_pos_joh_02,2,0.234257853002758
702_04_042_sort_pos_joh_02,3,-0.5887448094094636
702_04_042_sort_pos_joh_02,4,-0.5733036497128157
702_04_042_sort_pos_joh_02,5,0.46221737181846134
702_04_042_sort_pos_joh_02,6,1.413483645647118
702_04_042_sort_pos_joh_02,7,0.11744404390294064
702_04_042_sort_pos_joh_03,0,-0.44563193326672995
702_04_042_sort_pos_joh_03,1,0.27285257816587427
702_04_042_sort_pos_joh_03,2,-0.21459876881973805
702_04_042_sort_pos_joh_03,3,0.5848177787307142
702_04_042_sort_pos_joh_03,4,-0.2065984676353342
702_04_042_sort_pos_joh_03,5,-0.21459876881973786
702_04_042_sort_pos_joh_03,6,0.27285257816587427
702_04_042_sort_pos_joh_03,7,0.03047138176680015
702_04_061_sort_pos_joh_01,0,1.3617105112358354
702_04_061_sort_pos_joh_01,1,0.1443375672974068
702_04_061_sort_pos_joh_01,2,-0.7539568761565495
702_04_061_sort_pos_joh_01,3,0.05290246337790053
702_04_061_sort_pos_joh_01,4,-0.6350915593698409
702_04_061_sort_pos_joh_01,5,0.2402673259824711
702_04_061_sort_pos_joh_01,6,-0.1432535878198442
702_04_061_sort_pos_joh_01,7,-0.15268361902382568
702_04_061_sort_pos_joh_02,0,0.3859224924939797
702_04_061_sort_pos_joh_02,1,0.3859224924939797
702_04_061_sort_pos_joh_02,2,-0.047673129462279654
702_04_061_sort_pos_joh_02,3,-0.4173650061841515
702_04_061_sort_pos_joh_02,4,-0.4173650061841515
702_04_061_sort_pos_joh_02,5,0.7654655446197433
702_04_061_sort_pos_joh_02,6,-0.047673129462279654
702_04_061_sort_pos_joh_02,7,-0.4173650061841515
702_04_076_sort_pos_joh_01,0,-0.7197811176034178
702_04_076_sort_pos_joh_01,1,-0.8730533902472531
702_04_076_sort_pos_joh_01,2,0.2964123903532926
702_04_076_sort_pos_joh_01,3,0.7161088379816781
702_04_076_sort_pos_joh_01,4,-0.049374355166881254
702_04_076_sort_pos_joh_01,5,0.25390016971680435
702_04_076_sort_pos_joh_01,6,0.2552475186693944
702_04_076_sort_pos_joh_01,7,0.08647319754355468
702_04_042_sort_neg_joh_01,0,-0.13888198285750114
702_04_042_sort_neg_joh_01,1,1.5037208752252642
702_04_042_sort_neg_joh_01,2,0.1247436294145583
702_04_042_sort_neg_joh_01,3,0.1264068632362803
702_04_042_sort_neg_joh_01,4,-0.10435793540895581
702_04_042_sort_neg_joh_01,5,-0.4082730891451595
702_04_042_sort_neg_joh_01,6,-0.4633801782457669
702_04_042_sort_neg_joh_01,7,-0.3957763076758736
702_04_084_sort_neg_joh_01,0,0.49164029815264737
702_04_084_sort_neg_joh_01,1,0.625438564290276
702_04_084_sort_neg_joh_01,2,0.3105473950972282
702_04_084_sort_neg_joh_01,3,-0.09735620156216979
702_04_084_sort_neg_joh_01,4,0.16309228500253542
702_04_084_sort_neg_joh_01,5,-0.26262097509237015
702_04_084_sort_neg_joh_01,6,-0.36767364876647063
702_04_084_sort_neg_joh_01,7,-0.7433337600890021
703_01_009_sort_pos_joh_01,0,-0.7438782769143053
703_01_009_sort_pos_joh_01,1,-0.5661298868461968
703_01_009_sort_pos_joh_01,2,0.9339003219405996
703_01_009_sort_pos_joh_01,3,0.5417363388859617
703_01_009_sort_pos_joh_01,4,-0.09727552820512023
703_01_009_sort_pos_joh_01,5,0.6270597128624563
703_01_009_sort_pos_joh_01,6,-0.575414947846095
703_01_009_sort_pos_joh_01,7,0.06170175523422954
703_01_009_sort_pos_joh_02,0,-0.3244428422615251
703_01_009_sort_pos_joh_02,1,-0.3244428422615251
703_01_009_sort_pos_joh_02,2,1.3416407864998734
703_01_009_sort_pos_joh_02,3,1.3416407864998734
703_01_009_sort_pos_joh_02,4,-0.3244428422615251
703_01_009_sort_pos_joh_02,5,-0.3244428422615251
703_01_009_sort_pos_joh_02,6,-0.3244428422615251
703_01_009_sort_pos_joh_02,7,-0.3244428422615251
703_01_009_sort_pos_joh_03,0,3.833887983288493
703_01_009_sort_pos_joh_03,1,0.7798896384112733
703_01_009_sort_pos_joh_03,2,-1.2719766225453542
703_01_009_sort_pos_joh_03,3,-0.6052718765551984
703_01_009_sort_pos_joh_03,4,-0.4066101422496985
703_01_009_sort_pos_joh_03,5,-0.02367568619051856
703_01_009_sort_pos_joh_03,6,-0.21538744758532122
703_01_009_sort_pos_joh_03,7,-0.6052718765551984
703_01_009_sort_pos_joh_04,0,0.8758557459257963
703_01_009_sort_pos_joh_04,1,3.1187527483011492
703_01_009_sort_pos_joh_04,2,-0.3569784703852379
703_01_009_sort_pos_joh_04,3,-0.3569784703852379
703_01_009_sort_pos_joh_04,4,-0.5997601439040673
703_01_009_sort_pos_joh_04,5,-0.11815923825347828
703_01_009_sort_pos_joh_04,6,-0.3569784703852378
703_01_009_sort_pos_joh_04,7,-0.5997601439040671
703_01_009_sort_pos_joh_05,0,-0.22360679774997894
703_01_009_sort_pos_joh_05,1,-0.22360679774997894
703_01_009_sort_pos_joh_05,2,inf
703_01_009_sort_pos_joh_05,3,-0.22360679774997894
703_01_009_sort_pos_joh_05,4,-0.22360679774997894
703_01_009_sort_pos_joh_05,5,-0.22360679774997894
703_01_009_sort_pos_joh_05,6,-0.22360679774997894
703_01_009_sort_pos_joh_05,7,-0.22360679774997894
703_01_010_sort_pos_joh_01,0,1.7288964600091914
703_01_010_sort_pos_joh_01,1,-0.9522165814091077
703_01_010_sort_pos_joh_01,2,-0.3737952163168219
703_01_010_sort_pos_joh_01,3,-0.1027783064741297
703_01_010_sort_pos_joh_01,4,-0.10825317547305498
703_01_010_sort_pos_joh_01,5,-0.6571287406727709
703_01_010_sort_pos_joh_01,6,1.0410393299957201
703_01_010_sort_pos_joh_01,7,-0.10277830647412958
703_01_010_sort_pos_joh_02,0,0.10540925533894598
703_01_010_sort_pos_joh_02,1,-0.7071067811865476
703_01_010_sort_pos_joh_02,2,0.10540925533894598
703_01_010_sort_pos_joh_02,3,-0.7071067811865476
703_01_010_sort_pos_joh_02,4,1.0062305898749053
703_01_010_sort_pos_joh_02,5,1.0062305898749053
703_01_010_sort_pos_joh_02,6,-0.7071067811865475
703_01_010_sort_pos_joh_02,7,0.10540925533894596
703_01_010_sort_pos_joh_03,0,0.8111071056538126
703_01_010_sort_pos_joh_03,1,-0.4082482904638631
703_01_010_sort_pos_joh_03,2,0.8111071056538126
703_01_010_sort_pos_joh_03,3,-0.4082482904638631
703_01_010_sort_pos_joh_03,4,0.8111071056538126
703_01_010_sort_pos_joh_03,5,-0.4082482904638631
703_01_010_sort_pos_joh_03,6,-0.4082482904638631
703_01_010_sort_pos_joh_03,7,-0.4082482904638631
703_01_010_sort_pos_joh_04,0,
703_01_010_sort_pos_joh_04,1,
703_01_010_sort_pos_joh_04,2,
703_01_010_sort_pos_joh_04,3,
703_01_010_sort_pos_joh_04,4,
703_01_010_sort_pos_joh_04,5,
703_01_010_sort_pos_joh_04,6,
703_01_010_sort_pos_joh_04,7,
703_01_014_sort_pos_joh_01,0,-0.3191661411162262
703_01_014_sort_pos_joh_01,1,0.22412308834431538
703_01_014_sort_pos_joh_01,2,-0.3314083792712582
703_01_014_sort_pos_joh_01,3,-0.8916590867203498
703_01_014_sort_pos_joh_01,4,1.145542462020452
703_01_014_sort_pos_joh_01,5,0.44402719395977486
703_01_014_sort_pos_joh_01,6,0.22551754216646047
703_01_014_sort_pos_joh_01,7,-0.4178937741312038
703_01_014_sort_pos_joh_02,0,0.6115385291073037
703_01_014_sort_pos_joh_02,1,-0.21167892162564836
703_01_014_sort_pos_joh_02,2,0.8823430793896393
703_01_014_sort_pos_joh_02,3,-0.3178953257219072
703_01_014_sort_pos_joh_02,4,0.030157227442471967
703_01_014_sort_pos_joh_02,5,0.10919492538753892
703_01_014_sort_pos_joh_02,6,-0.1354019754090518
703_01_014_sort_pos_joh_02,7,-0.7992266246733322
703_01_014_sort_pos_joh_03,0,0.5272196186749782
703_01_014_sort_pos_joh_03,1,1.3405254742109698
703_01_014_sort_pos_joh_03,2,-0.1254363015010639
703_01_014_sort_pos_joh_03,3,-0.4439238717491941
703_01_014_sort_pos_joh_03,4,0.2094269541458475
703_01_014_sort_pos_joh_03,5,-0.11713032141645506
703_01_014_sort_pos_joh_03,6,-0.4439238717491941
703_01_014_sort_pos_joh_03,7,-0.7958224257542217
703_01_014_sort_pos_joh_04,0,0.05643326479831
703_01_014_sort_pos_joh_04,1,0.06063390625908321
703_01_014_sort_pos_joh_04,2,-0.3988620176087329
703_01_014_sort_pos_joh_04,3,-0.3988620176087329
703_01_014_sort_pos_joh_04,4,-0.398862017608733
703_01_014_sort_pos_joh_04,5,-0.398862017608733
703_01_014_sort_pos_joh_04,6,1.2205288696501546
703_01_014_sort_pos_joh_04,7,0.5417363388859616
703_01_026_sort_pos_joh_01,0,0.127127774514503
703_01_026_sort_pos_joh_01,1,-0.8702096620292037
703_01_026_sort_pos_joh_01,2,-0.4020870116879576
703_01_026_sort_pos_joh_01,3,-0.06300025200151048
703_01_026_sort_pos_joh_01,4,0.6978129518162157
703_01_026_sort_pos_joh_01,5,0.7612315378566906
703_01_026_sort_pos_joh_01,6,-0.06345900912178747
703_01_026_sort_pos_joh_01,7,-0.20552650986124513
703_01_026_sort_pos_joh_02,0,-0.46770717334674206
703_01_026_sort_pos_joh_02,1,0.08023570427399139
703_01_026_sort_pos_joh_02,2,-0.4885042104591965
703_01_026_sort_pos_joh_02,3,-0.29112585386455303
703_01_026_sort_pos_joh_02,4,0.06463956203828553
703_01_026_sort_pos_joh_02,5,0.42807561360636637
703_01_026_sort_pos_joh_02,6,0.6342853307421689
703_01_026_sort_pos_joh_02,7,0.06463956203828554
703_01_026_sort_pos_joh_03,0,-0.07207874146311125
703_01_026_sort_pos_joh_03,1,-0.9464476318764017
703_01_026_sort_pos_joh_03,2,0.4241593509345186
703_01_026_sort_pos_joh_03,3,-0.42445589950610385
703_01_026_sort_pos_joh_03,4,0.39459180320633197
703_01_026_sort_pos_joh_03,5,0.514150224323792
703_01_026_sort_pos_joh_03,6,0.9075849075490344
703_01_026_sort_pos_joh_03,7,-0.7717719167172503
703_01_026_sort_pos_joh_04,0,0.40101110494827236
703_01_026_sort_pos_joh_04,1,-0.4274554021244443
703_01_026_sort_pos_joh_04,2,-0.012142863338197116
703_01_026_sort_pos_joh_04,3,-0.3953300877757774
703_01_026_sort_pos_joh_04,4,0.16949423051458767
703_01_026_sort_pos_joh_04,5,-0.49683284726395877
703_01_026_sort_pos_joh_04,6,0.2653335945987192
703_01_026_sort_pos_joh_04,7,0.4428959497277799
703_01_026_sort_pos_joh_06,0,-0.496563533161421
703_01_026_sort_pos_joh_06,1,0.16329931618554513
703_01_026_sort_pos_joh_06,2,-0.49656353316142093
703_01_026_sort_pos_joh_06,3,-0.496563533161421
703_01_026_sort_pos_joh_06,4,0.811107105653813
703_01_026_sort_pos_joh_06,5,0.9534625892455927
703_01_026_sort_pos_joh_06,6,-0.49656353316142093
703_01_026_sort_pos_joh_06,7,0.1632993161855451
703_01_027_sort_pos_joh_01,0,-0.1129339864387391
703_01_027_sort_pos_joh_01,1,-1.2011416270764077
703_01_027_sort_pos_joh_01,2,0.10933288385462518
703_01_027_sort_pos_joh_01,3,-1.3673434824277733
703_01_027_sort_pos_joh_01,4,1.7060646588044455
703_01_027_sort_pos_joh_01,5,0.9111301151564658
703_01_027_sort_pos_joh_01,6,0.22269526474000656
703_01_027_sort_pos_joh_01,7,-0.2264100567920498
703_01_027_sort_pos_joh_03,0,-0.3089987475519932
703_01_027_sort_pos_joh_03,1,-0.6786527469413177
703_01_027_sort_pos_joh_03,2,0.27796928264559806
703_01_027_sort_pos_joh_03,3,0.7948054927027763
703_01_027_sort_pos_joh_03,4,-0.1138718796685691
703_01_027_sort_pos_joh_03,5,0.06930051490473864
703_01_027_sort_pos_joh_03,6,0.447585705059968
703_01_027_sort_pos_joh_03,7,-0.3019176395263677
703_01_028_sort_pos_joh_01,0,0.41488690933914013
703_01_028_sort_pos_joh_01,1,1.18441957976582
703_01_028_sort_pos_joh_01,2,1.4273146865276094
703_01_028_sort_pos_joh_01,3,0.38868899738820467
703_01_028_sort_pos_joh_01,4,-0.5028534602619325
703_01_028_sort_pos_joh_01,5,-1.1692915520518918
703_01_028_sort_pos_joh_01,6,-0.9908985592379714
703_01_028_sort_pos_joh_01,7,-0.6118553467357927
703_01_028_sort_pos_joh_02,0,-1.1292554771849368
703_01_028_sort_pos_joh_02,1,0.6861961926681424
703_01_028_sort_pos_joh_02,2,-0.546549588548124
703_01_028_sort_pos_joh_02,3,1.5238786355189191
703_01_028_sort_pos_joh_02,4,0.13123574298495763
703_01_028_sort_pos_joh_02,5,0.15140223282089327
703_01_028_sort_pos_joh_02,6,-0.13274466231999413
703_01_028_sort_pos_joh_02,7,-0.533629876772056
703_01_028_sort_pos_joh_03,0,-0.14433756729740646
703_01_028_sort_pos_joh_03,1,-0.14433756729740646
703_01_028_sort_pos_joh_03,2,-0.7179581586177382
703_01_028_sort_pos_joh_03,3,1.1832159566199232
703_01_028_sort_pos_joh_03,4,-0.14433756729740646
703_01_028_sort_pos_joh_03,5,-0.14433756729740646
703_01_028_sort_pos_joh_03,6,1.1832159566199234
703_01_028_sort_pos_joh_03,7,-0.7179581586177382
703_01_030_sort_pos_joh_01,0,-0.797588653892916
703_01_030_sort_pos_joh_01,1,1.3387185762661686
703_01_030_sort_pos_joh_01,2,-0.03652566118893744
703_01_030_sort_pos_joh_01,3,0.5210064502284256
703_01_030_sort_pos_joh_01,4,-0.3209739981966949
703_01_030_sort_pos_joh_01,5,-0.7891642694478387
703_01_030_sort_pos_joh_01,6,0.14945490878338635
703_01_030_sort_pos_joh_01,7,0.05689169482837897
703_01_030_sort_pos_joh_02,0,-0.380489313861068
703_01_030_sort_pos_joh_02,1,0.7989354619369611
703_01_030_sort_pos_joh_02,2,-0.214768389793779
703_01_030_sort_pos_joh_02,3,-0.7312250691528782
703_01_030_sort_pos_joh_02,4,0.6446025638903099
703_01_030_sort_pos_joh_02,5,0.45993310550390026
703_01_030_sort_pos_joh_02,6,-0.551570868558433
703_01_030_sort_pos_joh_02,7,0.13074409009212246
703_01_030_sort_pos_joh_03,0,-0.5857876817771326
703_01_030_sort_pos_joh_03,1,0.15123380755942092
703_01_030_sort_pos_joh_03,2,0.4926745219246286
703_01_030_sort_pos_joh_03,3,-0.42544751332235825
703_01_030_sort_pos_joh_03,4,0.5271067837010371
703_01_030_sort_pos_joh_03,5,0.1372886285868827
703_01_030_sort_pos_joh_03,6,-0.24310831916315728
703_01_030_sort_pos_joh_03,7,-0.0450605909059334
703_01_031_sort_pos_joh_01,0,-0.7302686182741657
703_01_031_sort_pos_joh_01,1,-0.767430079037468
703_01_031_sort_pos_joh_01,2,-0.7001667203744725
703_01_031_sort_pos_joh_01,3,-0.6795850714179118
703_01_031_sort_pos_joh_01,4,1.685947754677708
703_01_031_sort_pos_joh_01,5,1.4709795242036507
703_01_031_sort_pos_joh_01,6,0.41854705595060016
703_01_031_sort_pos_joh_01,7,-0.3632985961487813
703_01_031_sort_pos_joh_02,0,-1.3553373432412206
703_01_031_sort_pos_joh_02,1,-0.6779297261030782
703_01_031_sort_pos_joh_02,2,0.021051465325084513
703_01_031_sort_pos_joh_02,3,-0.6599480165480165
703_01_031_sort_pos_joh_02,4,0.8021709673564388
703_01_031_sort_pos_joh_02,5,1.4627834700190627
703_01_031_sort_pos_joh_02,6,0.5421985834147928
703_01_031_sort_pos_joh_02,7,-0.061793310618269356
703_01_031_sort_pos_joh_03,0,-0.8571946154145231
703_01_031_sort_pos_joh_03,1,-0.32686022523030683
703_01_031_sort_pos_joh_03,2,-0.32686022523030683
703_01_031_sort_pos_joh_03,3,0.7160390103945313
703_01_031_sort_pos_joh_03,4,1.5513435037626797
703_01_031_sort_pos_joh_03,5,-0.32686022523030683
703_01_031_sort_pos_joh_03,6,0.2153874475853212
703_01_031_sort_pos_joh_03,7,-0.32686022523030683
703_01_031_sort_pos_joh_04,0,-0.8695427828248536
703_01_031_sort_pos_joh_04,1,-1.1396931442116176
703_01_031_sort_pos_joh_04,2,-0.4309120278564998
703_01_031_sort_pos_joh_04,3,-0.7365778630645963
703_01_031_sort_pos_joh_04,4,0.8855499825735176
703_01_031_sort_pos_joh_04,5,0.9015483081076974
703_01_031_sort_pos_joh_04,6,0.21571007626999109
703_01_031_sort_pos_joh_04,7,1.2593421714781987
703_01_037_sort_pos_joh_01,0,0.3396958694925245
703_01_037_sort_pos_joh_01,1,-0.22428927048767902
703_01_037_sort_pos_joh_01,2,1.3487403589409939
703_01_037_sort_pos_joh_01,3,-0.22266171799625378
703_01_037_sort_pos_joh_01,4,0.07323133818414633
703_01_037_sort_pos_joh_01,5,-0.37180759102210603
703_01_037_sort_pos_joh_01,6,0.0
703_01_037_sort_pos_joh_01,7,-0.7013800348682756
703_01_037_sort_pos_joh_02,0,0.16329931618554513
703_01_037_sort_pos_joh_02,1,0.9109750373485537
703_01_037_sort_pos_joh_02,2,-1.1832159566199234
703_01_037_sort_pos_joh_02,3,-0.8206099398622183
703_01_037_sort_pos_joh_02,4,0.47961646018645876
703_01_037_sort_pos_joh_02,5,1.639755067227397
703_01_037_sort_pos_joh_02,6,-0.8206099398622185
703_01_037_sort_pos_joh_02,7,-0.16142686245425236
703_01_037_sort_pos_joh_03,0,-0.49043182897567594
703_01_037_sort_pos_joh_03,1,-2.1560320448462162
703_01_037_sort_pos_joh_03,2,0.5141028823783693
703_01_037_sort_pos_joh_03,3,0.4014930829927239
703_01_037_sort_pos_joh_03,4,0.29579988085183184
703_01_037_sort_pos_joh_03,5,0.9551149022835483
703_01_037_sort_pos_joh_03,6,-0.09734002536564572
703_01_037_sort_pos_joh_03,7,0.29459941256935773
703_01_037_sort_pos_joh_04,0,-0.10107973914385371
703_01_037_sort_pos_joh_04,1,-0.08703882797784937
703_01_037_sort_pos_joh_04,2,0.2703635454355998
703_01_037_sort_pos_joh_04,3,0.2647774689844128
703_01_037_sort_pos_joh_04,4,-0.25952392190900375
703_01_037_sort_pos_joh_04,5,-0.08791739645277155
703_01_037_sort_pos_joh_04,6,-0.09847319278346613
703_01_037_sort_pos_joh_04,7,0.09931950957140476
703_01_037_sort_pos_joh_05,0,-0.45267873021259286
703_01_037_sort_pos_joh_05,1,-0.26299099819135074
703_01_037_sort_pos_joh_05,2,0.25537695922762416
703_01_037_sort_pos_joh_05,3,-0.0956729746469882
703_01_037_sort_pos_joh_05,4,-1.1879703222008802
703_01_037_sort_pos_joh_05,5,0.25537695922762416
703_01_037_sort_pos_joh_05,6,0.8660254037844374
703_01_037_sort_pos_joh_05,7,0.6347264748233892
703_01_047_sort_pos_joh_01,0,0.7814408047409076
703_01_047_sort_pos_joh_01,1,0.41181740798723443
703_01_047_sort_pos_joh_01,2,-0.2135476664896914
703_01_047_sort_pos_joh_01,3,0.028421021140160124
703_01_047_sort_pos_joh_01,4,-0.3259348680202781
703_01_047_sort_pos_joh_01,5,-0.6748670569485936
703_01_047_sort_pos_joh_01,6,-0.3715495374191946
703_01_047_sort_pos_joh_01,7,0.3710501418128116
703_01_047_sort_pos_joh_02,0,-0.18107149208503706
703_01_047_sort_pos_joh_02,1,0.17609018126512466
703_01_047_sort_pos_joh_02,2,-0.924500327042049
703_01_047_sort_pos_joh_02,3,1.1286652959662011
703_01_047_sort_pos_joh_02,4,0.9534625892455921
703_01_047_sort_pos_joh_02,5,-0.5366563145999498
703_01_047_sort_pos_joh_02,6,-0.18107149208503706
703_01_047_sort_pos_joh_02,7,-0.18107149208503706
703_01_053_sort_pos_joh_01,0,0.13934660285832354
703_01_053_sort_pos_joh_01,1,-0.408248290463863
703_01_053_sort_pos_joh_01,2,-0.408248290463863
703_01_053_sort_pos_joh_01,3,-0.408248290463863
703_01_053_sort_pos_joh_01,4,-0.408248290463863
703_01_053_sort_pos_joh_01,5,2.449489742783178
703_01_053_sort_pos_joh_01,6,0.13934660285832354
703_01_053_sort_pos_joh_01,7,0.13934660285832354
703_01_053_sort_pos_joh_02,0,-0.22360679774997894
703_01_053_sort_pos_joh_02,1,-0.22360679774997894
703_01_053_sort_pos_joh_02,2,-0.22360679774997894
703_01_053_sort_pos_joh_02,3,inf
703_01_053_sort_pos_joh_02,4,-0.22360679774997894
703_01_053_sort_pos_joh_02,5,-0.22360679774997894
703_01_053_sort_pos_joh_02,6,-0.22360679774997894
703_01_053_sort_pos_joh_02,7,-0.22360679774997894
703_01_053_sort_pos_joh_03,0,
703_01_053_sort_pos_joh_03,1,
703_01_053_sort_pos_joh_03,2,
703_01_053_sort_pos_joh_03,3,
703_01_053_sort_pos_joh_03,4,
703_01_053_sort_pos_joh_03,5,
703_01_053_sort_pos_joh_03,6,
703_01_053_sort_pos_joh_03,7,
703_01_054_sort_pos_joh_01,0,-0.6046460041802256
703_01_054_sort_pos_joh_01,1,-0.6046460041802256
703_01_054_sort_pos_joh_01,2,-0.24426357542637991
703_01_054_sort_pos_joh_01,3,-0.06638858096588643
703_01_054_sort_pos_joh_01,4,0.10921300708262961
703_01_054_sort_pos_joh_01,5,2.4086033012959396
703_01_054_sort_pos_joh_01,6,0.11918282365569889
703_01_054_sort_pos_joh_01,7,-0.4327131427405627
703_01_054_sort_pos_joh_02,0,-0.3826841261161513
703_01_054_sort_pos_joh_02,1,-0.6197954029060034
703_01_054_sort_pos_joh_02,2,0.6993996651406942
703_01_054_sort_pos_joh_02,3,-0.14967108502231255
703_01_054_sort_pos_joh_02,4,-0.14433756729740657
703_01_054_sort_pos_joh_02,5,1.2613124477737823
703_01_054_sort_pos_joh_02,6,-0.1469317748460585
703_01_054_sort_pos_joh_02,7,-0.1443375672974066
703_01_054_sort_pos_joh_03,0,0.4653789209955171
703_01_054_sort_pos_joh_03,1,-0.7518820606756281
703_01_054_sort_pos_joh_03,2,0.8608284620211164
703_01_054_sort_pos_joh_03,3,0.0501254707117088
703_01_054_sort_pos_joh_03,4,-1.189301686988544
703_01_054_sort_pos_joh_03,5,-0.7518820606756281
703_01_054_sort_pos_joh_03,6,0.0501254707117088
703_01_054_sort_pos_joh_03,7,1.3975424859373686
703_01_054_sort_pos_joh_04,0,0.18107149208503706
703_01_054_sort_pos_joh_04,1,0.18107149208503706
703_01_054_sort_pos_joh_04,2,2.4494897427831788
703_01_054_sort_pos_joh_04,3,0.18107149208503706
703_01_054_sort_pos_joh_04,4,-0.5222329678670935
703_01_054_sort_pos_joh_04,5,-0.5222329678670935
703_01_054_sort_pos_joh_04,6,-0.5222329678670935
703_01_054_sort_pos_joh_04,7,-0.5222329678670935
703_01_054_sort_pos_joh_05,0,-0.784464540552736
703_01_054_sort_pos_joh_05,1,0.8432740427115678
703_01_054_sort_pos_joh_05,2,-0.784464540552736
703_01_054_sort_pos_joh_05,3,0.0
703_01_054_sort_pos_joh_05,4,0.0
703_01_054_sort_pos_joh_05,5,0.0
703_01_054_sort_pos_joh_05,6,0.0
703_01_054_sort_pos_joh_05,7,0.8432740427115678
703_01_056_sort_pos_joh_01,0,0.27809983907757563
703_01_056_sort_pos_joh_01,1,0.484455956040373
703_01_056_sort_pos_joh_01,2,-0.8260357754663326
703_01_056_sort_pos_joh_01,3,1.1817437857851343
703_01_056_sort_pos_joh_01,4,-0.4978914991361194
703_01_056_sort_pos_joh_01,5,-0.7505553499465132
703_01_056_sort_pos_joh_01,6,0.9718253158075506
703_01_056_sort_pos_joh_01,7,-0.7505553499465132
703_01_056_sort_pos_joh_02,0,0.6394003499928497
703_01_056_sort_pos_joh_02,1,0.5201263317369963
703_01_056_sort_pos_joh_02,2,1.1630222279093854
703_01_056_sort_pos_joh_02,3,-1.0771975458475636
703_01_056_sort_pos_joh_02,4,0.40258031002693667
703_01_056_sort_pos_joh_02,5,-0.8401037067023387
703_01_056_sort_pos_joh_02,6,3.844095286833019e-16
703_01_056_sort_pos_joh_02,7,-0.6738171205292094
703_01_056_sort_pos_joh_03,0,0.48448139512495403
703_01_056_sort_pos_joh_03,1,-0.10194414990458815
703_01_056_sort_pos_joh_03,2,-0.09955849673999582
703_01_056_sort_pos_joh_03,3,-0.3595462477533378
703_01_056_sort_pos_joh_03,4,-0.3678950341498586
703_01_056_sort_pos_joh_03,5,-0.3595462477533379
703_01_056_sort_pos_joh_03,6,1.7032751192350444
703_01_056_sort_pos_joh_03,7,-0.6928587096149991
703_01_056_sort_pos_joh_04,0,0.9770084209183945
703_01_056_sort_pos_joh_04,1,0.23363465675799872
703_01_056_sort_pos_joh_04,2,-0.4294778451936669
703_01_056_sort_pos_joh_04,3,-0.7593927286285601
703_01_056_sort_pos_joh_04,4,0.19345580813353408
703_01_056_sort_pos_joh_04,5,0.5099019513592784
703_01_056_sort_pos_joh_04,6,-0.7593927286285601
703_01_056_sort_pos_joh_04,7,0.19984019174435774
703_01_057_sort_pos_joh_04,0,-0.22360679774997894
703_01_057_sort_pos_joh_04,1,-0.22360679774997894
703_01_057_sort_pos_joh_04,2,-0.22360679774997894
703_01_057_sort_pos_joh_04,3,-0.22360679774997894
703_01_057_sort_pos_joh_04,4,-0.22360679774997894
703_01_057_sort_pos_joh_04,5,-0.22360679774997894
703_01_057_sort_pos_joh_04,6,inf
703_01_057_sort_pos_joh_04,7,-0.22360679774997894
703_01_057_sort_pos_joh_06,0,-0.32444284226152503
703_01_057_sort_pos_joh_06,1,-2.560970957088039e-16
703_01_057_sort_pos_joh_06,2,0.35424595421603816
703_01_057_sort_pos_joh_06,3,-1.0424933826313665
703_01_057_sort_pos_joh_06,4,0.0
703_01_057_sort_pos_joh_06,5,0.3405026123034995
703_01_057_sort_pos_joh_06,6,0.0
703_01_057_sort_pos_joh_06,7,0.7476309016255958
703_01_058_sort_pos_joh_01,0,-0.45485882614734213
703_01_058_sort_pos_joh_01,1,0.15617376188860607
703_01_058_sort_pos_joh_01,2,-0.45485882614734213
703_01_058_sort_pos_joh_01,3,4.217756949399826
703_01_058_sort_pos_joh_01,4,0.1561737618886061
703_01_058_sort_pos_joh_01,5,-0.4548588261473421
703_01_058_sort_pos_joh_01,6,-0.4548588261473421
703_01_058_sort_pos_joh_01,7,-0.4548588261473421
703_01_059_sort_pos_joh_01,0,-0.23330891939598603
703_01_059_sort_pos_joh_01,1,0.9240295694193398
703_01_059_sort_pos_joh_01,2,-0.780125274994642
703_01_059_sort_pos_joh_01,3,-0.9966061208382537
703_01_059_sort_pos_joh_01,4,2.1733883733186286
703_01_059_sort_pos_joh_01,5,0.05800635784524864
703_01_059_sort_pos_joh_01,6,-0.5008811773934301
703_01_059_sort_pos_joh_01,7,-0.21502239685098232
703_01_064_sort_neg_joh_01,0,-0.21921766844796287
703_01_064_sort_neg_joh_01,1,0.014838036499774714
703_01_064_sort_neg_joh_01,2,0.12682347497449672
703_01_064_sort_neg_joh_01,3,-0.10729938440986901
703_01_064_sort_neg_joh_01,4,-1.3450035006742564
703_01_064_sort_neg_joh_01,5,0.13893919224624887
703_01_064_sort_neg_joh_01,6,0.13012085969240425
703_01_064_sort_neg_joh_01,7,1.2650074712977089
703_02_025_sort_pos_joh_01,0,-0.8069465847859292
703_02_025_sort_pos_joh_01,1,-2.2244270606877836
703_02_025_sort_pos_joh_01,2,0.4107309282656334
703_02_025_sort_pos_joh_01,3,-0.18340135728510645
703_02_025_sort_pos_joh_01,4,0.43237109792288597
703_02_025_sort_pos_joh_01,5,0.561754414704854
703_02_025_sort_pos_joh_01,6,-0.18881372801233898
703_02_025_sort_pos_joh_01,7,1.6510016510024759
703_02_025_sort_pos_joh_02,0,-0.4667459049506485
703_02_025_sort_pos_joh_02,1,-1.397070946271399
703_02_025_sort_pos_joh_02,2,-0.41677722698831293
703_02_025_sort_pos_joh_02,3,-0.7053456158585985
703_02_025_sort_pos_joh_02,4,1.103354568734741
703_02_025_sort_pos_joh_02,5,0.14240377090178066
703_02_025_sort_pos_joh_02,6,0.7084363469758141
703_02_025_sort_pos_joh_02,7,1.0377490433255416
703_02_025_sort_pos_joh_03,0,-0.4850712500726663
703_02_025_sort_pos_joh_03,1,2.239726695179936e-16
703_02_025_sort_pos_joh_03,2,0.5834599659915783
703_02_025_sort_pos_joh_03,3,-0.9755372173595082
703_02_025_sort_pos_joh_03,4,-0.9755372173595082
703_02_025_sort_pos_joh_03,5,0.9755372173595077
703_02_025_sort_pos_joh_03,6,0.4850712500726661
703_02_025_sort_pos_joh_03,7,0.46188021535170076
703_02_025_sort_pos_joh_04,0,-0.4850712500726663
703_02_025_sort_pos_joh_04,1,-0.9755372173595082
703_02_025_sort_pos_joh_04,2,-0.461880215351701
703_02_025_sort_pos_joh_04,3,-0.4850712500726663
703_02_025_sort_pos_joh_04,4,-2.239726695179936e-16
703_02_025_sort_pos_joh_04,5,1.664100588675687
703_02_025_sort_pos_joh_04,6,1.0963019357240504
703_02_025_sort_pos_joh_04,7,-2.239726695179936e-16
703_02_025_sort_pos_joh_05,0,0.6963106238227914
703_02_025_sort_pos_joh_05,1,0.6963106238227914
703_02_025_sort_pos_joh_05,2,-0.632455532033676
703_02_025_sort_pos_joh_05,3,0.6963106238227914
703_02_025_sort_pos_joh_05,4,-0.632455532033676
703_02_025_sort_pos_joh_05,5,-0.632455532033676
703_02_025_sort_pos_joh_05,6,-0.632455532033676
703_02_025_sort_pos_joh_05,7,0.6963106238227914
703_02_025_sort_pos_joh_06,0,1.2126781251816645
703_02_025_sort_pos_joh_06,1,0.23408229439226116
703_02_025_sort_pos_joh_06,2,-0.6882472016116853
703_02_025_sort_pos_joh_06,3,-0.6882472016116853
703_02_025_sort_pos_joh_06,4,1.5811388300841898
703_02_025_sort_pos_joh_06,5,0.2340822943922612
703_02_025_sort_pos_joh_06,6,-0.6882472016116853
703_02_025_sort_pos_joh_06,7,-0.6882472016116853
703_02_026_sort_pos_joh_01,0,0.3368488236446454
703_02_026_sort_pos_joh_01,1,-0.46645616103765286
703_02_026_sort_pos_joh_01,2,-0.06576626075935792
703_02_026_sort_pos_joh_01,3,0.7481035259886081
703_02_026_sort_pos_joh_01,4,1.135458763546346
703_02_026_sort_pos_joh_01,5,0.3975231959999632
703_02_026_sort_pos_joh_01,6,-4.005200435565576
703_02_026_sort_pos_joh_01,7,0.2767685636441811
703_02_026_sort_pos_joh_02,0,0.7196673863344131
703_02_026_sort_pos_joh_02,1,-0.6191162575597469
703_02_026_sort_pos_joh_02,2,-0.8020019494669413
703_02_026_sort_pos_joh_02,3,0.20357354481251771
703_02_026_sort_pos_joh_02,4,0.6589144651004123
703_02_026_sort_pos_joh_02,5,-0.13703774196550655
703_02_026_sort_pos_joh_02,6,0.36590203268178373
703_02_026_sort_pos_joh_02,7,-0.29767027889379316
703_02_026_sort_pos_joh_03,0,0.14433756729740646
703_02_026_sort_pos_joh_03,1,0.14433756729740646
703_02_026_sort_pos_joh_03,2,0.14433756729740646
703_02_026_sort_pos_joh_03,3,0.14433756729740646
703_02_026_sort_pos_joh_03,4,-0.9999999999999999
703_02_026_sort_pos_joh_03,5,-0.9999999999999999
703_02_026_sort_pos_joh_03,6,0.14433756729740646
703_02_026_sort_pos_joh_03,7,1.3416407864998738
703_02_026_sort_pos_joh_04,0,1.7350552344714174
703_02_026_sort_pos_joh_04,1,-0.6069769786668838
703_02_026_sort_pos_joh_04,2,-0.6069769786668838
703_02_026_sort_pos_joh_04,3,-0.6831300510639731
703_02_026_sort_pos_joh_04,4,0.08703882797784895
703_02_026_sort_pos_joh_04,5,0.08703882797784895
703_02_026_sort_pos_joh_04,6,-0.6069769786668838
703_02_026_sort_pos_joh_04,7,0.8955334711889902
703_02_027_sort_pos_joh_01,0,-1.2034629476609913
703_02_027_sort_pos_joh_01,1,-0.5380275868489702
703_02_027_sort_pos_joh_01,2,0.2493773340269085
703_02_027_sort_pos_joh_01,3,0.8550922732073564
703_02_027_sort_pos_joh_01,4,2.2704690233074785
703_02_027_sort_pos_joh_01,5,-0.7469715670684391
703_02_027_sort_pos_joh_01,6,-0.1443375672974063
703_02_027_sort_pos_joh_01,7,-0.15617376188860593
703_02_027_sort_pos_joh_02,0,-0.806946584785929
703_02_027_sort_pos_joh_02,1,0.11094003924504588
703_02_027_sort_pos_joh_02,2,-0.806946584785929
703_02_027_sort_pos_joh_02,3,0.5852057359806527
703_02_027_sort_pos_joh_02,4,1.1894734808191614
703_02_027_sort_pos_joh_02,5,0.1219421521699383
703_02_027_sort_pos_joh_02,6,-0.806946584785929
703_02_027_sort_pos_joh_02,7,0.5852057359806527
703_02_027_sort_pos_joh_03,0,-0.5397956190493097
703_02_027_sort_pos_joh_03,1,-1.302138439694118
703_02_027_sort_pos_joh_03,2,-0.8930108366813806
703_02_027_sort_pos_joh_03,3,-0.22518867455552238
703_02_027_sort_pos_joh_03,4,0.12862393885688148
703_02_027_sort_pos_joh_03,5,0.46277347810283886
703_02_027_sort_pos_joh_03,6,1.2209822054445636
703_02_027_sort_pos_joh_03,7,1.2209822054445636
703_02_027_sort_pos_joh_04,0,
703_02_027_sort_pos_joh_04,1,
703_02_027_sort_pos_joh_04,2,
703_02_027_sort_pos_joh_04,3,
703_02_027_sort_pos_joh_04,4,
703_02_027_sort_pos_joh_04,5,
703_02_027_sort_pos_joh_04,6,
703_02_027_sort_pos_joh_04,7,
703_02_029_sort_pos_joh_01,0,0.3504891433324411
703_02_029_sort_pos_joh_01,1,-0.9201068858241473
703_02_029_sort_pos_joh_01,2,-0.8366600265340763
703_02_029_sort_pos_joh_01,3,0.6437904401931127
703_02_029_sort_pos_joh_01,4,0.3568871264876773
703_02_029_sort_pos_joh_01,5,0.09491579957524955
703_02_029_sort_pos_joh_01,6,-0.15670978520180662
703_02_029_sort_pos_joh_01,7,0.22380671446201586
703_02_029_sort_pos_joh_02,0,-0.049834162063881984
703_02_029_sort_pos_joh_02,1,-0.4537334535599203
703_02_029_sort_pos_joh_02,2,-0.45553808237279897
703_02_029_sort_pos_joh_02,3,-1.0434717443233072
703_02_029_sort_pos_joh_02,4,0.08431091841445965
703_02_029_sort_pos_joh_02,5,7.107056064337702
703_02_029_sort_pos_joh_02,6,-0.3200631322513745
703_02_029_sort_pos_joh_02,7,-0.45373345355992056
703_02_029_sort_pos_joh_03,0,0.07293249574894758
703_02_029_sort_pos_joh_03,1,-0.5091750772173155
703_02_029_sort_pos_joh_03,2,1.7350552344714174
703_02_029_sort_pos_joh_03,3,-0.5091750772173155
703_02_029_sort_pos_joh_03,4,0.07293249574894758
703_02_029_sort_pos_joh_03,5,0.7182781960208598
703_02_029_sort_pos_joh_03,6,0.0729324957489476
703_02_029_sort_pos_joh_03,7,-1.1858541225631425
703_02_029_sort_pos_joh_04,0,-0.4082482904638631
703_02_029_sort_pos_joh_04,1,-0.4082482904638631
703_02_029_sort_pos_joh_04,2,-0.4082482904638631
703_02_029_sort_pos_joh_04,3,-0.4082482904638631
703_02_029_sort_pos_joh_04,4,-0.4082482904638631
703_02_029_sort_pos_joh_04,5,1.664100588675687
703_02_029_sort_pos_joh_04,6,1.664100588675687
703_02_029_sort_pos_joh_04,7,-0.408248290463863
703_02_029_sort_pos_joh_05,0,-0.09805806756909191
703_02_029_sort_pos_joh_05,1,-0.8955334711889901
703_02_029_sort_pos_joh_05,2,-1.20761472884912
703_02_029_sort_pos_joh_05,3,-0.8955334711889902
703_02_029_sort_pos_joh_05,4,0.16062314155080903
703_02_029_sort_pos_joh_05,5,1.6542328997110676
703_02_029_sort_pos_joh_05,6,0.16807316136320352
703_02_029_sort_pos_joh_05,7,1.381790320900551
703_02_029_sort_pos_joh_17,0,-0.6324555320336758
703_02_029_sort_pos_joh_17,1,0.6963106238227912
703_02_029_sort_pos_joh_17,2,0.6963106238227912
703_02_029_sort_pos_joh_17,3,-0.658585559938142
703_02_029_sort_pos_joh_17,4,-1.1162911443718952
703_02_029_sort_pos_joh_17,5,-0.6324555320336758
703_02_029_sort_pos_joh_17,6,0.6386955544948193
703_02_029_sort_pos_joh_17,7,1.1547005383792515
703_02_037_sort_pos_joh_01,0,2.730194398958211
703_02_037_sort_pos_joh_01,1,0.3636487826990072
703_02_037_sort_pos_joh_01,2,0.09879973829081727
703_02_037_sort_pos_joh_01,3,-1.0139612218488459
703_02_037_sort_pos_joh_01,4,0.23593644054309043
703_02_037_sort_pos_joh_01,5,-0.30403843889424514
703_02_037_sort_pos_joh_01,6,0.23227118560184434
703_02_037_sort_pos_joh_01,7,-1.9770766067180883
703_02_037_sort_pos_joh_02,0,0.07233642332556174
703_02_037_sort_pos_joh_02,1,0.27491410276223355
703_02_037_sort_pos_joh_02,2,-0.5134182762230352
703_02_037_sort_pos_joh_02,3,-0.7214019629022421
703_02_037_sort_pos_joh_02,4,-0.12449526117807319
703_02_037_sort_pos_joh_02,5,0.27491410276223355
703_02_037_sort_pos_joh_02,6,-0.9376859695659703
703_02_037_sort_pos_joh_02,7,2.735263546107882
703_02_037_sort_pos_joh_03,0,4.0347935232422697e-16
703_02_037_sort_pos_joh_03,1,-0.64028463421465
703_02_037_sort_pos_joh_03,2,0.42399915200254457
703_02_037_sort_pos_joh_03,3,-2.0461954666772337
703_02_037_sort_pos_joh_03,4,0.6534393241407965
703_02_037_sort_pos_joh_03,5,1.2011416270764088
703_02_037_sort_pos_joh_03,6,-0.20872722011421982
703_02_037_sort_pos_joh_03,7,0.22179478920057108
703_02_037_sort_pos_joh_04,0,1.0756876057371918
703_02_037_sort_pos_joh_04,1,-0.04209101499497338
703_02_037_sort_pos_joh_04,2,-0.04209101499497338
703_02_037_sort_pos_joh_04,3,-0.5935129087652795
703_02_037_sort_pos_joh_04,4,0.18275450606254856
703_02_037_sort_pos_joh_04,5,-0.6851967489980852
703_02_037_sort_pos_joh_04,6,0.7400473708707939
703_02_037_sort_pos_joh_04,7,-0.6082943475061435
703_02_037_sort_pos_joh_05,0,0.0
703_02_037_sort_pos_joh_05,1,0.0
703_02_037_sort_pos_joh_05,2,1.8246862110472926
703_02_037_sort_pos_joh_05,3,0.0
703_02_037_sort_pos_joh_05,4,-1.0787197799411872
703_02_037_sort_pos_joh_05,5,0.0
703_02_037_sort_pos_joh_05,6,0.5196558419693046
703_02_037_sort_pos_joh_05,7,-1.1547005383792515
703_02_039_sort_pos_joh_01,0,-0.47902166587111467
703_02_039_sort_pos_joh_01,1,0.38592249249397953
703_02_039_sort_pos_joh_01,2,0.4472135954999576
703_02_039_sort_pos_joh_01,3,-0.49923017660270663
703_02_039_sort_pos_joh_01,4,-0.05299989400031822
703_02_039_sort_pos_joh_01,5,-0.9503288904374109
703_02_039_sort_pos_joh_01,6,2.017928120202769
703_02_039_sort_pos_joh_01,7,-0.4790216658711148
703_02_039_sort_pos_joh_02,0,-0.9534625892455925
703_02_039_sort_pos_joh_02,1,-0.18650096164806262
703_02_039_sort_pos_joh_02,2,-0.556486674912202
703_02_039_sort_pos_joh_02,3,-0.18107149208503714
703_02_039_sort_pos_joh_02,4,0.18238430103502132
703_02_039_sort_pos_joh_02,5,0.5694947974514994
703_02_039_sort_pos_joh_02,6,-0.556486674912202
703_02_039_sort_pos_joh_02,7,2.910427500435995
703_02_039_sort_pos_joh_03,0,0.7061294389348075
703_02_039_sort_pos_joh_03,1,1.6535945694153695
703_02_039_sort_pos_joh_03,2,-0.16547584808037344
703_02_039_sort_pos_joh_03,3,-0.4432963206558077
703_02_039_sort_pos_joh_03,4,-0.16547584808037344
703_02_039_sort_pos_joh_03,5,0.09805806756909194
703_02_039_sort_pos_joh_03,6,-1.0053941056582276
703_02_039_sort_pos_joh_03,7,-0.16299534165970228
703_02_039_sort_pos_joh_04,0,
703_02_039_sort_pos_joh_04,1,
703_02_039_sort_pos_joh_04,2,
703_02_039_sort_pos_joh_04,3,
703_02_039_sort_pos_joh_04,4,
703_02_039_sort_pos_joh_04,5,
703_02_039_sort_pos_joh_04,6,
703_02_039_sort_pos_joh_04,7,
703_02_056_sort_pos_joh_01,0,0.10464895197052061
703_02_056_sort_pos_joh_01,1,0.11123993563102948
703_02_056_sort_pos_joh_01,2,0.32781501882489156
703_02_056_sort_pos_joh_01,3,0.5668202012651355
703_02_056_sort_pos_joh_01,4,0.7637626158259732
703_02_056_sort_pos_joh_01,5,0.3464101615137752
703_02_056_sort_pos_joh_01,6,-1.5455395755221857
703_02_056_sort_pos_joh_01,7,-0.8093026382225128
703_02_056_sort_pos_joh_02,0,-2.6498437362654768
703_02_056_sort_pos_joh_02,1,-0.47643061260321334
703_02_056_sort_pos_joh_02,2,0.5345885517422663
703_02_056_sort_pos_joh_02,3,0.03090116233045471
703_02_056_sort_pos_joh_02,4,1.8270740306243731
703_02_056_sort_pos_joh_02,5,0.5309260472898341
703_02_056_sort_pos_joh_02,6,0.6708203932499355
703_02_056_sort_pos_joh_02,7,-0.8660254037844395
703_02_056_sort_pos_joh_03,0,-0.5860080815322174
703_02_056_sort_pos_joh_03,1,-0.9381109482564373
703_02_056_sort_pos_joh_03,2,0.23325195566199183
703_02_056_sort_pos_joh_03,3,0.5417363388859613
703_02_056_sort_pos_joh_03,4,1.0180545061923139
703_02_056_sort_pos_joh_03,5,0.26523355219372685
703_02_056_sort_pos_joh_03,6,-0.42305705611332445
703_02_056_sort_pos_joh_03,7,0.059373936999576035
703_02_056_sort_pos_joh_04,0,-0.4082482904638631
703_02_056_sort_pos_joh_04,1,1.664100588675687
703_02_056_sort_pos_joh_04,2,-0.4082482904638631
703_02_056_sort_pos_joh_04,3,-0.4082482904638631
703_02_056_sort_pos_joh_04,4,-0.4082482904638631
703_02_056_sort_pos_joh_04,5,1.6641005886756868
703_02_056_sort_pos_joh_04,6,-0.408248290463863
703_02_056_sort_pos_joh_04,7,-0.408248290463863
703_02_059_sort_pos_joh_01,0,0.3125829202412344
703_02_059_sort_pos_joh_01,1,-1.1617741179435854
703_02_059_sort_pos_joh_01,2,-0.8426548012644082
703_02_059_sort_pos_joh_01,3,-0.24253562503633294
703_02_059_sort_pos_joh_01,4,2.111607430760879
703_02_059_sort_pos_joh_01,5,1.2508617719051902
703_02_059_sort_pos_joh_01,6,-0.8272525014554473
703_02_059_sort_pos_joh_01,7,0.0346687622640767
703_03_009_sort_pos_joh_01,0,-0.49785739686608355
703_03_009_sort_pos_joh_01,1,-0.9157970808855612
703_03_009_sort_pos_joh_01,2,-0.3000528139432902
703_03_009_sort_pos_joh_01,3,1.3786128068565702
703_03_009_sort_pos_joh_01,4,0.8063680039523928
703_03_009_sort_pos_joh_01,5,0.8767436771655855
703_03_009_sort_pos_joh_01,6,0.2758103077399805
703_03_009_sort_pos_joh_01,7,-1.7003507676410123
703_03_009_sort_pos_joh_02,0,-0.22409147012053177
703_03_009_sort_pos_joh_02,1,-0.6338770103797818
703_03_009_sort_pos_joh_02,2,-0.7409153889460143
703_03_009_sort_pos_joh_02,3,-0.5268140465549269
703_03_009_sort_pos_joh_02,4,0.6805521340173942
703_03_009_sort_pos_joh_02,5,0.8311858262661639
703_03_009_sort_pos_joh_02,6,0.5072531649411727
703_03_009_sort_pos_joh_02,7,0.1870828693386967
703_03_028_sort_pos_joh_01,0,-0.9370063618239572
703_03_028_sort_pos_joh_01,1,-0.9370063618239572
703_03_028_sort_pos_joh_01,2,-1.2875926129184279
703_03_028_sort_pos_joh_01,3,-0.43388503979511317
703_03_028_sort_pos_joh_01,4,1.184419579765821
703_03_028_sort_pos_joh_01,5,1.552840048812037
703_03_028_sort_pos_joh_01,6,1.153458638385803
703_03_028_sort_pos_joh_01,7,-0.13466519604525437
703_03_038_sort_pos_joh_01,0,1.1766968108291032
703_03_038_sort_pos_joh_01,1,0.8009260499071136
703_03_038_sort_pos_joh_01,2,1.346549750157293
703_03_038_sort_pos_joh_01,3,-0.15225288212675883
703_03_038_sort_pos_joh_01,4,-0.15225288212675883
703_03_038_sort_pos_joh_01,5,-0.3600411499115471
703_03_038_sort_pos_joh_01,6,-0.8069882906848534
703_03_038_sort_pos_joh_01,7,-2.0330600909302525
703_03_053_sort_pos_joh_01,0,-1.0949945926326472
703_03_053_sort_pos_joh_01,1,-0.4294778451936669
703_03_053_sort_pos_joh_01,2,0.1895245108947256
703_03_053_sort_pos_joh_01,3,0.5464307572219579
703_03_053_sort_pos_joh_01,4,-0.4294778451936667
703_03_053_sort_pos_joh_01,5,0.21759706994462202
703_03_053_sort_pos_joh_01,6,1.1898844128002157
703_03_053_sort_pos_joh_01,7,-0.11713032141645459
703_03_053_sort_pos_joh_02,0,0.22360679774997894
703_03_053_sort_pos_joh_02,1,1.2126781251816647
703_03_053_sort_pos_joh_02,2,0.22360679774997894
703_03_053_sort_pos_joh_02,3,-0.6324555320336759
703_03_053_sort_pos_joh_02,4,0.22360679774997894
703_03_053_sort_pos_joh_02,5,0.22360679774997894
703_03_053_sort_pos_joh_02,6,-0.6324555320336758
703_03_053_sort_pos_joh_02,7,-0.6324555320336758
703_03_053_sort_pos_joh_03,0,-1.1912624709994214e-16
703_03_053_sort_pos_joh_03,1,-0.1628251002026611
703_03_053_sort_pos_joh_03,2,1.760209037235494
703_03_053_sort_pos_joh_03,3,-0.16573415809300834
703_03_053_sort_pos_joh_03,4,1.2018516789897273e-16
703_03_053_sort_pos_joh_03,5,-1.2981481815797577e-16
703_03_053_sort_pos_joh_03,6,-0.6620847108818941
703_03_053_sort_pos_joh_03,7,-0.32728117989169053
703_03_063_sort_pos_joh_01,0,0.1761877651912981
703_03_063_sort_pos_joh_01,1,0.6307883520580734
703_03_063_sort_pos_joh_01,2,0.8530244589991117
703_03_063_sort_pos_joh_01,3,1.2319462305406512
703_03_063_sort_pos_joh_01,4,-0.7144721196181729
703_03_063_sort_pos_joh_01,5,-0.7011912025985344
703_03_063_sort_pos_joh_01,6,-0.7969759116024402
703_03_063_sort_pos_joh_01,7,-0.4955946277833522
703_03_063_sort_pos_joh_02,0,-0.07097734409876777
703_03_063_sort_pos_joh_02,1,0.21160368475757974
703_03_063_sort_pos_joh_02,2,1.1730928305086623
703_03_063_sort_pos_joh_02,3,0.21735706680066536
703_03_063_sort_pos_joh_02,4,-0.9757626125530422
703_03_063_sort_pos_joh_02,5,0.23791547571544377
703_03_063_sort_pos_joh_02,6,-0.0799360766977431
703_03_063_sort_pos_joh_02,7,-0.7104033341674727
703_03_063_sort_pos_joh_03,0,-0.9210625981170079
703_03_063_sort_pos_joh_03,1,-1.1409184524996678
703_03_063_sort_pos_joh_03,2,0.9314928656652443
703_03_063_sort_pos_joh_03,3,0.3530366253125506
703_03_063_sort_pos_joh_03,4,-0.731058659815926
703_03_063_sort_pos_joh_03,5,-0.576350527713689
703_03_063_sort_pos_joh_03,6,0.5503082015736659
703_03_063_sort_pos_joh_03,7,1.7068183906005283
703_03_063_sort_pos_joh_04,0,-0.588348405414552
703_03_063_sort_pos_joh_04,1,0.03922322702763701
703_03_063_sort_pos_joh_04,2,0.420542382164398
703_03_063_sort_pos_joh_04,3,0.042033135170919826
703_03_063_sort_pos_joh_04,4,0.3724226498710656
703_03_063_sort_pos_joh_04,5,0.03922322702763701
703_03_063_sort_pos_joh_04,6,-0.27888667551135854
703_03_063_sort_pos_joh_04,7,0.03922322702763701
703_03_063_sort_pos_joh_05,0,0.5443310539518174
703_03_063_sort_pos_joh_05,1,-0.48507125007266594
703_03_063_sort_pos_joh_05,2,0.5443310539518174
703_03_063_sort_pos_joh_05,3,0.5443310539518174
703_03_063_sort_pos_joh_05,4,-0.48507125007266594
703_03_063_sort_pos_joh_05,5,-0.48507125007266594
703_03_063_sort_pos_joh_05,6,0.5443310539518174
703_03_063_sort_pos_joh_05,7,-0.48507125007266594
704_01_009_sort_pos_joh_01,0,-0.3994682837345487
704_01_009_sort_pos_joh_01,1,-0.07769309688655045
704_01_009_sort_pos_joh_01,2,0.13570534734927372
704_01_009_sort_pos_joh_01,3,-0.551212324857802
704_01_009_sort_pos_joh_01,4,-0.6841429656293548
704_01_009_sort_pos_joh_01,5,4.812361683561038
704_01_009_sort_pos_joh_01,6,-0.20611301634331608
704_01_009_sort_pos_joh_01,7,0.029812279319780432
704_01_009_sort_pos_joh_01,8,-0.11994542500806282
704_01_009_sort_pos_joh_01,9,-0.4221158824088692
704_01_009_sort_pos_joh_02,0,0.861901658761241
704_01_009_sort_pos_joh_02,1,0.6687111478395652
704_01_009_sort_pos_joh_02,2,0.18801244472996592
704_01_009_sort_pos_joh_02,3,-0.28652932663712094
704_01_009_sort_pos_joh_02,4,-0.3444864091309692
704_01_009_sort_pos_joh_02,5,-0.8177212986529965
704_01_009_sort_pos_joh_02,6,-0.3423265984407292
704_01_009_sort_pos_joh_02,7,0.26815396852093926
704_01_009_sort_pos_joh_02,8,0.1885893024499991
704_01_009_sort_pos_joh_02,9,-0.34448640913096895
704_01_009_sort_pos_joh_03,0,-0.588595435595054
704_01_009_sort_pos_joh_03,1,-0.530498031972126
704_01_009_sort_pos_joh_03,2,-0.322704528386776
704_01_009_sort_pos_joh_03,3,5.419314071736428
704_01_009_sort_pos_joh_03,4,0.5150494851053787
704_01_009_sort_pos_joh_03,5,-0.34136009304884646
704_01_009_sort_pos_joh_03,6,-0.1345599307106244
704_01_009_sort_pos_joh_03,7,-0.43399450098650083
704_01_009_sort_pos_joh_03,8,-0.0978994492360472
704_01_009_sort_pos_joh_03,9,-0.5691178207047968
704_01_009_sort_pos_joh_04,0,0.34020690871988596
704_01_009_sort_pos_joh_04,1,0.5224972344820152
704_01_009_sort_pos_joh_04,2,0.17112052443543543
704_01_009_sort_pos_joh_04,3,-0.6617036624141648
704_01_009_sort_pos_joh_04,4,-0.3757265378057545
704_01_009_sort_pos_joh_04,5,-0.5883374436798169
704_01_009_sort_pos_joh_04,6,-0.4525141536725438
704_01_009_sort_pos_joh_04,7,0.03426265279292764
704_01_009_sort_pos_joh_04,8,0.735198109631724
704_01_009_sort_pos_joh_04,9,0.45221836769564805
704_01_009_sort_pos_joh_05,0,-0.34595393038617234
704_01_009_sort_pos_joh_05,1,-0.025086383169282415
704_01_009_sort_pos_joh_05,2,0.29416077346791364
704_01_009_sort_pos_joh_05,3,-0.751860437612632
704_01_009_sort_pos_joh_05,4,-0.4350697809383162
704_01_009_sort_pos_joh_05,5,-0.6716960506938016
704_01_009_sort_pos_joh_05,6,-0.583198070802796
704_01_009_sort_pos_joh_05,7,0.5375330804372572
704_01_009_sort_pos_joh_05,8,0.7994108773089585
704_01_009_sort_pos_joh_05,9,1.4030726034715995
704_01_009_sort_pos_joh_06,0,-0.40551913380882415
704_01_009_sort_pos_joh_06,1,0.19573227630131695
704_01_009_sort_pos_joh_06,2,-0.7475319302283774
704_01_009_sort_pos_joh_06,3,0.5443996397334735
704_01_009_sort_pos_joh_06,4,0.3842350034124078
704_01_009_sort_pos_joh_06,5,-0.3196313174651031
704_01_009_sort_pos_joh_06,6,-0.14846170746863546
704_01_009_sort_pos_joh_06,7,-1.1290338605685317
704_01_009_sort_pos_joh_06,8,1.105285925335243
704_01_009_sort_pos_joh_06,9,0.5860528507952448
704_01_009_sort_pos_joh_07,0,-0.6116316409806677
704_01_009_sort_pos_joh_07,1,-0.28347335475692026
704_01_009_sort_pos_joh_07,2,0.033690856026460506
704_01_009_sort_pos_joh_07,3,0.8071350523084954
704_01_009_sort_pos_joh_07,4,1.2947015766342085
704_01_009_sort_pos_joh_07,5,-0.2834733547569205
704_01_009_sort_pos_joh_07,6,0.03179815003744471
704_01_009_sort_pos_joh_07,7,-0.5005668293397084
704_01_009_sort_pos_joh_07,8,0.03141921118033479
704_01_009_sort_pos_joh_07,9,-0.2960782627318959
704_01_016_sort_pos_joh_01,0,-0.7176040581988653
704_01_016_sort_pos_joh_01,1,-0.7267398447422809
704_01_016_sort_pos_joh_01,2,-0.6794069695949472
704_01_016_sort_pos_joh_01,3,-0.03733041228286658
704_01_016_sort_pos_joh_01,4,-0.07003853179164321
704_01_016_sort_pos_joh_01,5,1.8766650436634043
704_01_016_sort_pos_joh_01,6,0.3032759669387269
704_01_016_sort_pos_joh_01,7,0.17104868477674062
704_01_016_sort_pos_joh_01,8,0.3107711639583535
704_01_016_sort_pos_joh_01,9,-0.20108809542346792
704_01_016_sort_pos_joh_02,0,-0.2253379729928776
704_01_016_sort_pos_joh_02,1,-0.33243131557784533
704_01_016_sort_pos_joh_02,2,-0.5533028716685013
704_01_016_sort_pos_joh_02,3,-0.010815393906387957
704_01_016_sort_pos_joh_02,4,-0.33663848814137887
704_01_016_sort_pos_joh_02,5,1.1748311099396922
704_01_016_sort_pos_joh_02,6,1.0503499084471826
704_01_016_sort_pos_joh_02,7,0.5588424560990455
704_01_016_sort_pos_joh_02,8,-0.774858022311412
704_01_016_sort_pos_joh_02,9,-0.22819347832358286
704_01_016_sort_pos_joh_03,0,-0.7088099714046784
704_01_016_sort_pos_joh_03,1,0.046763703305191466
704_01_016_sort_pos_joh_03,2,-0.1507556722888816
704_01_016_sort_pos_joh_03,3,-0.2393139037050538
704_01_016_sort_pos_joh_03,4,0.45899254602157846
704_01_016_sort_pos_joh_03,5,0.3393582915063394
704_01_016_sort_pos_joh_03,6,0.63193225451081
704_01_016_sort_pos_joh_03,7,0.8628663481138534
704_01_016_sort_pos_joh_03,8,-0.7122536028727373
704_01_016_sort_pos_joh_03,9,-0.431397981407288
704_01_016_sort_pos_joh_04,0,-0.3396831102433786
704_01_016_sort_pos_joh_04,1,-0.7041868508280462
704_01_016_sort_pos_joh_04,2,0.4246502900652008
704_01_016_sort_pos_joh_04,3,-0.5138696077104851
704_01_016_sort_pos_joh_04,4,0.037062465833055246
704_01_016_sort_pos_joh_04,5,0.7977240352174654
704_01_016_sort_pos_joh_04,6,-0.3273268353539885
704_01_016_sort_pos_joh_04,7,1.1175691204708649
704_01_016_sort_pos_joh_04,8,0.037062465833054975
704_01_016_sort_pos_joh_04,9,-0.33333333333333337
704_01_027_sort_pos_joh_01,0,0.09671598381675812
704_01_027_sort_pos_joh_01,1,-0.6648462759692698
704_01_027_sort_pos_joh_01,2,-0.632274622662063
704_01_027_sort_pos_joh_01,3,0.355139671022998
704_01_027_sort_pos_joh_01,4,-0.8519570503904339
704_01_027_sort_pos_joh_01,5,0.8135461220850997
704_01_027_sort_pos_joh_01,6,1.0067466718854454
704_01_027_sort_pos_joh_01,7,0.32753624796486114
704_01_027_sort_pos_joh_01,8,-0.28517878647408723
704_01_027_sort_pos_joh_01,9,-0.11415813139501986
704_01_027_sort_pos_joh_02,0,-0.504593792045993
704_01_027_sort_pos_joh_02,1,-0.6388765649999395
704_01_027_sort_pos_joh_02,2,-0.8544512158916739
704_01_027_sort_pos_joh_02,3,0.1231568187398635
704_01_027_sort_pos_joh_02,4,-0.45533530245162224
704_01_027_sort_pos_joh_02,5,1.607081447557085
704_01_027_sort_pos_joh_02,6,0.20854161691175638
704_01_027_sort_pos_joh_02,7,0.932670336742237
704_01_027_sort_pos_joh_02,8,-0.3759115158309712
704_01_027_sort_pos_joh_02,9,0.20992658471655193
704_01_027_sort_pos_joh_03,0,-0.6228671290934403
704_01_027_sort_pos_joh_03,1,-0.04872255371340966
704_01_027_sort_pos_joh_03,2,-0.13107710728304642
704_01_027_sort_pos_joh_03,3,-0.46044162495868224
704_01_027_sort_pos_joh_03,4,-0.6206201563766145
704_01_027_sort_pos_joh_03,5,0.439547661454954
704_01_027_sort_pos_joh_03,6,-0.1296748024398291
704_01_027_sort_pos_joh_03,7,1.8925874963212361
704_01_027_sort_pos_joh_03,8,0.03243148484993214
704_01_027_sort_pos_joh_03,9,0.032203655805494724
704_01_027_sort_pos_joh_04,0,-0.3486675205076861
704_01_027_sort_pos_joh_04,1,-0.45029432259193014
704_01_027_sort_pos_joh_04,2,-0.652517912228949
704_01_027_sort_pos_joh_04,3,-0.139491780813509
704_01_027_sort_pos_joh_04,4,-0.13801981853377435
704_01_027_sort_pos_joh_04,5,-0.23132597278649614
704_01_027_sort_pos_joh_04,6,0.3554093266554554
704_01_027_sort_pos_joh_04,7,1.1696473840623738
704_01_027_sort_pos_joh_04,8,0.060717674071891416
704_01_027_sort_pos_joh_04,9,0.4653116030754179
704_01_027_sort_pos_joh_05,0,-0.5466081666101215
704_01_027_sort_pos_joh_05,1,0.23354968324845674
704_01_027_sort_pos_joh_05,2,-0.2858348351841087
704_01_027_sort_pos_joh_05,3,-0.026958193300859544
704_01_027_sort_pos_joh_05,4,-0.5466081666101213
704_01_027_sort_pos_joh_05,5,0.5335731584866438
704_01_027_sort_pos_joh_05,6,-0.026958193300859544
704_01_027_sort_pos_joh_05,7,1.448082605185577
704_01_027_sort_pos_joh_05,8,-0.025958706582558198
704_01_027_sort_pos_joh_05,9,-0.5466081666101215
704_01_034_sort_pos_joh_01,0,-0.7784727023825448
704_01_034_sort_pos_joh_01,1,-0.08061349663727821
704_01_034_sort_pos_joh_01,2,0.01178092499085164
704_01_034_sort_pos_joh_01,3,0.7018698557230613
704_01_034_sort_pos_joh_01,4,-0.26960860243138035
704_01_034_sort_pos_joh_01,5,0.6651735648881276
704_01_034_sort_pos_joh_01,6,0.13431864512587618
704_01_034_sort_pos_joh_01,7,1.6097030750439756
704_01_034_sort_pos_joh_01,8,-0.7323082201622173
704_01_034_sort_pos_joh_01,9,-1.1297594213747262
704_01_034_sort_pos_joh_02,0,0.3637525559545929
704_01_034_sort_pos_joh_02,1,-0.3830957715628965
704_01_034_sort_pos_joh_02,2,0.359369157895042
704_01_034_sort_pos_joh_02,3,-0.0535092708885287
704_01_034_sort_pos_joh_02,4,-0.2544193274646847
704_01_034_sort_pos_joh_02,5,-0.05355829284591127
704_01_034_sort_pos_joh_02,6,-0.2985092159211062
704_01_034_sort_pos_joh_02,7,2.468709153966467
704_01_034_sort_pos_joh_02,8,-0.5465527792963879
704_01_034_sort_pos_joh_02,9,-0.6306396927076097
704_01_034_sort_pos_joh_03,0,0.11361106672061551
704_01_034_sort_pos_joh_03,1,-0.300375704593055
704_01_034_sort_pos_joh_03,2,0.6677514719837424
704_01_034_sort_pos_joh_03,3,-0.541766756935637
704_01_034_sort_pos_joh_03,4,-0.5398061952931079
704_01_034_sort_pos_joh_03,5,0.3661077619790856
704_01_034_sort_pos_joh_03,6,-0.05114771692875627
704_01_034_sort_pos_joh_03,7,0.28507082954221624
704_01_034_sort_pos_joh_03,8,-0.13187609467915762
704_01_034_sort_pos_joh_03,9,0.19541278749841243
704_01_034_sort_pos_joh_04,0,0.3442067958753636
704_01_034_sort_pos_joh_04,1,-0.18421251962340143
704_01_034_sort_pos_joh_04,2,-0.07199712017278871
704_01_034_sort_pos_joh_04,3,0.9113604586749858
704_01_034_sort_pos_joh_04,4,-0.7933402905720806
704_01_034_sort_pos_joh_04,5,-0.5502376598610587
704_01_034_sort_pos_joh_04,6,-0.11529762849335183
704_01_034_sort_pos_joh_04,7,-0.11100976900632703
704_01_034_sort_pos_joh_04,8,0.41571751164008985
704_01_034_sort_pos_joh_04,9,0.2107007949247938
704_01_034_sort_pos_joh_05,0,0.04226931873811117
704_01_034_sort_pos_joh_05,1,-0.20006040653736465
704_01_034_sort_pos_joh_05,2,-0.2870433640350639
704_01_034_sort_pos_joh_05,3,-0.1991786176353615
704_01_034_sort_pos_joh_05,4,-0.3755204721449952
704_01_034_sort_pos_joh_05,5,0.3517966023876143
704_01_034_sort_pos_joh_05,6,0.22331477238860278
704_01_034_sort_pos_joh_05,7,2.6994239317528237
704_01_034_sort_pos_joh_05,8,-0.35345369283237343
704_01_034_sort_pos_joh_05,9,-0.37552047214499495
704_01_034_sort_pos_joh_06,0,-0.09683170882665466
704_01_034_sort_pos_joh_06,1,-0.13085155921373176
704_01_034_sort_pos_joh_06,2,-0.0797004075223225
704_01_034_sort_pos_joh_06,3,-0.20085755514795645
704_01_034_sort_pos_joh_06,4,-0.8024153109597432
704_01_034_sort_pos_joh_06,5,2.146197302806019
704_01_034_sort_pos_joh_06,6,0.25434654956921654
704_01_034_sort_pos_joh_06,7,1.0354166757825265
704_01_034_sort_pos_joh_06,8,-0.6690497004064381
704_01_034_sort_pos_joh_06,9,-1.0193948538904094
704_01_034_sort_pos_joh_07,0,0.25555062599997597
704_01_034_sort_pos_joh_07,1,0.25555062599997597
704_01_034_sort_pos_joh_07,2,0.25555062599997597
704_01_034_sort_pos_joh_07,3,-0.3535533905932739
704_01_034_sort_pos_joh_07,4,0.25555062599997597
704_01_034_sort_pos_joh_07,5,0.25555062599997597
704_01_034_sort_pos_joh_07,6,0.25555062599997597
704_01_034_sort_pos_joh_07,7,-0.35355339059327384
704_01_034_sort_pos_joh_07,8,-0.35355339059327384
704_01_034_sort_pos_joh_07,9,-0.35355339059327384
704_01_037_sort_pos_joh_01,0,-0.5589042645181291
704_01_037_sort_pos_joh_01,1,-0.5313244986502307
704_01_037_sort_pos_joh_01,2,-0.43537755905581005
704_01_037_sort_pos_joh_01,3,0.9153575342013651
704_01_037_sort_pos_joh_01,4,-0.36566891710967214
704_01_037_sort_pos_joh_01,5,0.324558833215631
704_01_037_sort_pos_joh_01,6,0.4774793068512398
704_01_037_sort_pos_joh_01,7,-0.29019686029411706
704_01_037_sort_pos_joh_01,8,0.4039621967153394
704_01_037_sort_pos_joh_01,9,0.13505099511953536
704_01_037_sort_pos_joh_02,0,0.8150853987290837
704_01_037_sort_pos_joh_02,1,-0.0692958928675238
704_01_037_sort_pos_joh_02,2,0.6432675209026768
704_01_037_sort_pos_joh_02,3,-0.6597624892159548
704_01_037_sort_pos_joh_02,4,0.09950371902099855
704_01_037_sort_pos_joh_02,5,0.7218298672304168
704_01_037_sort_pos_joh_02,6,-0.7466211440471445
704_01_037_sort_pos_joh_02,7,0.2733944504693634
704_01_037_sort_pos_joh_02,8,-0.6756096104351658
704_01_037_sort_pos_joh_02,9,-0.33053477044141344
704_01_037_sort_pos_joh_03,0,-0.21984660059051037
704_01_037_sort_pos_joh_03,1,-0.22581937608857258
704_01_037_sort_pos_joh_03,2,0.11741975267363358
704_01_037_sort_pos_joh_03,3,0.0
704_01_037_sort_pos_joh_03,4,-0.3324112476572668
704_01_037_sort_pos_joh_03,5,0.23459704442429402
704_01_037_sort_pos_joh_03,6,-0.22129526988628817
704_01_037_sort_pos_joh_03,7,0.3569153051241246
704_01_037_sort_pos_joh_03,8,0.34401045807689085
704_01_037_sort_pos_joh_03,9,0.0
704_01_037_sort_pos_joh_04,0,0.5939851611004402
704_01_037_sort_pos_joh_04,1,-0.5240974256643348
704_01_037_sort_pos_joh_04,2,-0.5240974256643347
704_01_037_sort_pos_joh_04,3,-0.08693598163686224
704_01_037_sort_pos_joh_04,4,-0.30492478930832256
704_01_037_sort_pos_joh_04,5,1.7844356324383874
704_01_037_sort_pos_joh_04,6,-0.08693598163686224
704_01_037_sort_pos_joh_04,7,-0.3130495168499707
704_01_037_sort_pos_joh_04,8,-0.3130495168499707
704_01_037_sort_pos_joh_04,9,0.13736056394868884
704_01_038_sort_pos_joh_02,0,0.10446005062452765
704_01_038_sort_pos_joh_02,1,-0.32529915314596414
704_01_038_sort_pos_joh_02,2,-0.06431689584994506
704_01_038_sort_pos_joh_02,3,1.6561177828943003
704_01_038_sort_pos_joh_02,4,-0.9868784676540335
704_01_038_sort_pos_joh_02,5,0.18061949349071482
704_01_038_sort_pos_joh_02,6,-0.6189387707248212
704_01_038_sort_pos_joh_02,7,0.4092171999718544
704_01_038_sort_pos_joh_02,8,-0.5623551393830952
704_01_038_sort_pos_joh_02,9,0.4535096634176357
704_01_038_sort_pos_joh_03,0,0.3664813635057203
704_01_038_sort_pos_joh_03,1,-0.31697005996151056
704_01_038_sort_pos_joh_03,2,0.3089357142587697
704_01_038_sort_pos_joh_03,3,0.8713384349125421
704_01_038_sort_pos_joh_03,4,0.018352485989660716
704_01_038_sort_pos_joh_03,5,-0.4237200697947533
704_01_038_sort_pos_joh_03,6,-0.8730378697119727
704_01_038_sort_pos_joh_03,7,0.4076110298574698
704_01_038_sort_pos_joh_03,8,-0.2806156050591207
704_01_038_sort_pos_joh_03,9,-0.018173769434850513
704_01_038_sort_pos_joh_04,0,-0.6358107573397422
704_01_038_sort_pos_joh_04,1,-0.389646418971967
704_01_038_sort_pos_joh_04,2,-0.28690952087850213
704_01_038_sort_pos_joh_04,3,1.2979077947987954
704_01_038_sort_pos_joh_04,4,-0.3968413188225978
704_01_038_sort_pos_joh_04,5,0.5872959245107655
704_01_038_sort_pos_joh_04,6,0.03141921118033463
704_01_038_sort_pos_joh_04,7,0.14655855577019675
704_01_038_sort_pos_joh_04,8,-0.6315813705488074
704_01_038_sort_pos_joh_04,9,0.3860243234889784
704_01_038_sort_pos_joh_05,0,-0.4472135954999578
704_01_038_sort_pos_joh_05,1,0.6064496310619684
704_01_038_sort_pos_joh_05,2,0.6064496310619684
704_01_038_sort_pos_joh_05,3,0.052128603514268713
704_01_038_sort_pos_joh_05,4,-0.4472135954999578
704_01_038_sort_pos_joh_05,5,-0.4472135954999578
704_01_038_sort_pos_joh_05,6,0.052128603514268713
704_01_038_sort_pos_joh_05,7,0.6064496310619684
704_01_038_sort_pos_joh_05,8,-0.4472135954999578
704_01_038_sort_pos_joh_05,9,0.052128603514268665
704_01_038_sort_pos_joh_06,0,-0.5499266813300748
704_01_038_sort_pos_joh_06,1,0.4743610110943314
704_01_038_sort_pos_joh_06,2,0.19007148031742646
704_01_038_sort_pos_joh_06,3,-0.0655628471971719
704_01_038_sort_pos_joh_06,4,0.18233123937236828
704_01_038_sort_pos_joh_06,5,0.6546536707079772
704_01_038_sort_pos_joh_06,6,-0.06167671393643095
704_01_038_sort_pos_joh_06,7,-0.30560611679942556
704_01_038_sort_pos_joh_06,8,-0.18269602381046743
704_01_038_sort_pos_joh_06,9,-0.18269602381046743
704_01_041_sort_pos_joh_01,0,-0.32601373630548053
704_01_041_sort_pos_joh_01,1,-0.2796209342295784
704_01_041_sort_pos_joh_01,2,-0.5788686461706046
704_01_041_sort_pos_joh_01,3,-0.6254866119358062
704_01_041_sort_pos_joh_01,4,0.2322574054597062
704_01_041_sort_pos_joh_01,5,0.6553018428179448
704_01_041_sort_pos_joh_01,6,0.09691278878491168
704_01_041_sort_pos_joh_01,7,-0.48949261953033457
704_01_041_sort_pos_joh_01,8,1.3387046706031083
704_01_041_sort_pos_joh_01,9,0.3609378018758847
704_01_041_sort_pos_joh_02,0,0.8071350523084947
704_01_041_sort_pos_joh_02,1,0.3626592603676832
704_01_041_sort_pos_joh_02,2,-0.2694079530401623
704_01_041_sort_pos_joh_02,3,-0.3675637745920853
704_01_041_sort_pos_joh_02,4,-0.17133301648940888
704_01_041_sort_pos_joh_02,5,-0.06759578833420161
704_01_041_sort_pos_joh_02,6,-0.17522049062133455
704_01_041_sort_pos_joh_02,7,-0.06828699596587501
704_01_041_sort_pos_joh_02,8,0.02909879809896617
704_01_041_sort_pos_joh_02,9,0.02939905160189264
704_01_041_sort_pos_joh_03,0,0.0
704_01_041_sort_pos_joh_03,1,0.0
704_01_041_sort_pos_joh_03,2,-0.3617873026462109
704_01_041_sort_pos_joh_03,3,0.38014296063485264
704_01_041_sort_pos_joh_03,4,-0.36178730264621084
704_01_041_sort_pos_joh_03,5,0.38014296063485264
704_01_041_sort_pos_joh_03,6,-0.3617873026462109
704_01_041_sort_pos_joh_03,7,0.0
704_01_041_sort_pos_joh_03,8,1.1026356928399423
704_01_041_sort_pos_joh_03,9,-0.36178730264621084
704_01_041_sort_pos_joh_04,0,-0.1373605639486891
704_01_041_sort_pos_joh_04,1,-0.1373605639486891
704_01_041_sort_pos_joh_04,2,-0.1373605639486891
704_01_041_sort_pos_joh_04,3,-0.1373605639486891
704_01_041_sort_pos_joh_04,4,inf
704_01_041_sort_pos_joh_04,5,-0.1373605639486891
704_01_041_sort_pos_joh_04,6,-0.1373605639486891
704_01_041_sort_pos_joh_04,7,-0.1373605639486891
704_01_041_sort_pos_joh_04,8,-0.1373605639486891
704_01_041_sort_pos_joh_04,9,-0.1373605639486891
704_01_042_sort_pos_joh_01,0,0.8247083445260822
704_01_042_sort_pos_joh_01,1,0.39533344492429323
704_01_042_sort_pos_joh_01,2,0.9954501826941674
704_01_042_sort_pos_joh_01,3,-0.20635893309955863
704_01_042_sort_pos_joh_01,4,-0.6005845672441034
704_01_042_sort_pos_joh_01,5,-0.7347302121087192
704_01_042_sort_pos_joh_01,6,-0.3788087840156899
704_01_042_sort_pos_joh_01,7,0.8419514987309877
704_01_042_sort_pos_joh_01,8,-0.2689819426992001
704_01_042_sort_pos_joh_01,9,-0.6793135986314089
704_01_042_sort_pos_joh_02,0,-0.528455397781027
704_01_042_sort_pos_joh_02,1,1.006710017584829
704_01_042_sort_pos_joh_02,2,0.3459867633174419
704_01_042_sort_pos_joh_02,3,-0.32282314136452767
704_01_042_sort_pos_joh_02,4,0.17823262312029878
704_01_042_sort_pos_joh_02,5,-0.3121893704528673
704_01_042_sort_pos_joh_02,6,-0.3777601581290048
704_01_042_sort_pos_joh_02,7,0.4695639830141957
704_01_042_sort_pos_joh_02,8,-0.430040111869339
704_01_042_sort_pos_joh_02,9,0.07199040419085417
704_01_042_sort_pos_joh_03,0,-0.3119922618242233
704_01_042_sort_pos_joh_03,1,0.05616559563017299
704_01_042_sort_pos_joh_03,2,0.05513178464199706
704_01_042_sort_pos_joh_03,3,-0.49099025303098265
704_01_042_sort_pos_joh_03,4,0.8267702119477578
704_01_042_sort_pos_joh_03,5,-0.49099025303098265
704_01_042_sort_pos_joh_03,6,-0.13481496275998536
704_01_042_sort_pos_joh_03,7,1.1022546883202062
704_01_042_sort_pos_joh_03,8,-0.12737804191819688
704_01_042_sort_pos_joh_03,9,-0.3119922618242233
704_01_042_sort_pos_joh_04,0,-0.3862299233863269
704_01_042_sort_pos_joh_04,1,-0.1856953381770517
704_01_042_sort_pos_joh_04,2,0.022032632461961618
704_01_042_sort_pos_joh_04,3,-0.39514790713365844
704_01_042_sort_pos_joh_04,4,0.9516886081573909
704_01_042_sort_pos_joh_04,5,-0.1815682598006407
704_01_042_sort_pos_joh_04,6,0.900718289085681
704_01_042_sort_pos_joh_04,7,-0.38622992338632683
704_01_042_sort_pos_joh_04,8,0.020032077005375126
704_01_042_sort_pos_joh_04,9,-0.18569533817705153
704_01_044_sort_pos_joh_01,0,-0.48120545660756003
704_01_044_sort_pos_joh_01,1,0.025351006328169595
704_01_044_sort_pos_joh_01,2,-0.0613280512825674
704_01_044_sort_pos_joh_01,3,-0.01706707688827117
704_01_044_sort_pos_joh_01,4,-0.9843420272496859
704_01_044_sort_pos_joh_01,5,0.15283214398017347
704_01_044_sort_pos_joh_01,6,-0.10439026175621838
704_01_044_sort_pos_joh_01,7,1.2331212359146526
704_01_044_sort_pos_joh_01,8,0.1492440347302097
704_01_044_sort_pos_joh_01,9,0.15717527120227592
704_01_044_sort_pos_joh_02,0,0.25028985516981717
704_01_044_sort_pos_joh_02,1,-0.29982659674039464
704_01_044_sort_pos_joh_02,2,-0.17134117475124713
704_01_044_sort_pos_joh_02,3,0.33870913032951266
704_01_044_sort_pos_joh_02,4,-0.5568370643085415
704_01_044_sort_pos_joh_02,5,0.16257710528764419
704_01_044_sort_pos_joh_02,6,-0.21622233692116538
704_01_044_sort_pos_joh_02,7,0.6303666643623741
704_01_044_sort_pos_joh_02,8,0.2084652623494165
704_01_044_sort_pos_joh_02,9,-0.3470898636502415
704_01_049_sort_pos_joh_01,0,-0.7807507850864432
704_01_049_sort_pos_joh_01,1,-0.46715984613546657
704_01_049_sort_pos_joh_01,2,1.4173160455805303
704_01_049_sort_pos_joh_01,3,0.6418856341919289
704_01_049_sort_pos_joh_01,4,0.6568566618047685
704_01_049_sort_pos_joh_01,5,-0.20284797730311452
704_01_049_sort_pos_joh_01,6,-0.16311817434811102
704_01_049_sort_pos_joh_01,7,-0.3434030925204855
704_01_049_sort_pos_joh_01,8,-0.1602995055435794
704_01_049_sort_pos_joh_01,9,-0.47213810841040105
704_01_049_sort_pos_joh_02,0,0.0672490242237378
704_01_049_sort_pos_joh_02,1,-0.6078306738548309
704_01_049_sort_pos_joh_02,2,-0.20480798012976043
704_01_049_sort_pos_joh_02,3,0.07004147683506583
704_01_049_sort_pos_joh_02,4,0.07004147683506583
704_01_049_sort_pos_joh_02,5,-0.2236067977499793
704_01_049_sort_pos_joh_02,6,-0.7529303075159162
704_01_049_sort_pos_joh_02,7,0.8908289726161204
704_01_049_sort_pos_joh_02,8,0.33159881817330655
704_01_049_sort_pos_joh_02,9,0.3347947400034875
704_01_052_sort_pos_joh_01,0,-0.4572449586286526
704_01_052_sort_pos_joh_01,1,-0.06901809217339423
704_01_052_sort_pos_joh_01,2,0.19880217574694312
704_01_052_sort_pos_joh_01,3,0.29307267596077713
704_01_052_sort_pos_joh_01,4,0.3417474318280359
704_01_052_sort_pos_joh_01,5,0.016300255943194727
704_01_052_sort_pos_joh_01,6,0.43246988446369006
704_01_052_sort_pos_joh_01,7,-0.6647679205410392
704_01_052_sort_pos_joh_01,8,-0.47026802451125344
704_01_052_sort_pos_joh_01,9,0.39043665192404947
704_01_052_sort_pos_joh_02,0,-0.3990143840106499
704_01_052_sort_pos_joh_02,1,-0.07923500845833788
704_01_052_sort_pos_joh_02,2,-0.1802168654834447
704_01_052_sort_pos_joh_02,3,-0.08167951491615846
704_01_052_sort_pos_joh_02,4,0.23568621834102826
704_01_052_sort_pos_joh_02,5,-0.188521395498225
704_01_052_sort_pos_joh_02,6,-0.08224152223383424
704_01_052_sort_pos_joh_02,7,-0.1530762933942779
704_01_052_sort_pos_joh_02,8,-0.04490748688684148
704_01_052_sort_pos_joh_02,9,1.0262075029659263
704_01_052_sort_pos_joh_03,0,-0.275220741276435
704_01_052_sort_pos_joh_03,1,0.1134833437202773
704_01_052_sort_pos_joh_03,2,0.1172728399369907
704_01_052_sort_pos_joh_03,3,-0.08206475191948992
704_01_052_sort_pos_joh_03,4,0.4159624375591655
704_01_052_sort_pos_joh_03,5,-0.08829568580018536
704_01_052_sort_pos_joh_03,6,-0.37231649064333433
704_01_052_sort_pos_joh_03,7,0.11387187966857015
704_01_052_sort_pos_joh_03,8,-0.14949258634816315
704_01_052_sort_pos_joh_03,9,0.21087785875535614
704_01_052_sort_pos_joh_04,0,-0.6876374079395162
704_01_052_sort_pos_joh_04,1,0.05657824245369882
704_01_052_sort_pos_joh_04,2,-0.8500234547400357
704_01_052_sort_pos_joh_04,3,0.5572074799195056
704_01_052_sort_pos_joh_04,4,0.058191563066552016
704_01_052_sort_pos_joh_04,5,0.10415112878465976
704_01_052_sort_pos_joh_04,6,-0.3904762596507036
704_01_052_sort_pos_joh_04,7,-0.06456443606165975
704_01_052_sort_pos_joh_04,8,0.2214137712577686
704_01_052_sort_pos_joh_04,9,1.0467205868970169
704_01_052_sort_pos_joh_05,0,-0.6651078266361261
704_01_052_sort_pos_joh_05,1,-0.674765719143549
704_01_052_sort_pos_joh_05,2,0.14095229572048182
704_01_052_sort_pos_joh_05,3,0.8570153876870207
704_01_052_sort_pos_joh_05,4,0.47137338340067525
704_01_052_sort_pos_joh_05,5,0.47137338340067525
704_01_052_sort_pos_joh_05,6,-0.015803488531025135
704_01_052_sort_pos_joh_05,7,-0.17548971584256862
704_01_052_sort_pos_joh_05,8,0.14095229572048254
704_01_052_sort_pos_joh_05,9,-0.4976108857947418
704_01_056_sort_pos_joh_01,0,0.33918173268560686
704_01_056_sort_pos_joh_01,1,-0.5846128222154678
704_01_056_sort_pos_joh_01,2,0.7608859102526823
704_01_056_sort_pos_joh_01,3,0.06681531047810618
704_01_056_sort_pos_joh_01,4,0.5445407823819349
704_01_056_sort_pos_joh_01,5,-0.15170860303506878
704_01_056_sort_pos_joh_01,6,-0.36817586955057857
704_01_056_sort_pos_joh_01,7,-0.15170860303506878
704_01_056_sort_pos_joh_01,8,-0.36817586955057857
704_01_056_sort_pos_joh_01,9,0.06681531047810611
704_01_067_sort_pos_joh_01,0,-0.24821152532358834
704_01_067_sort_pos_joh_01,1,0.5093915672507024
704_01_067_sort_pos_joh_01,2,-0.17146522197687644
704_01_067_sort_pos_joh_01,3,-0.7518604376126325
704_01_067_sort_pos_joh_01,4,-0.482662977574167
704_01_067_sort_pos_joh_01,5,0.6688351258209425
704_01_067_sort_pos_joh_01,6,-0.17250377356132057
704_01_067_sort_pos_joh_01,7,-0.025573858464377625
704_01_067_sort_pos_joh_01,8,0.5226088217113667
704_01_067_sort_pos_joh_01,9,0.1276752748278134
704_01_067_sort_pos_joh_02,0,-0.3591346423816788
704_01_067_sort_pos_joh_02,1,-0.0678001100680064
704_01_067_sort_pos_joh_02,2,-0.06745757629096742
704_01_067_sort_pos_joh_02,3,0.0766515478200541
704_01_067_sort_pos_joh_02,4,-1.0659918718429648
704_01_067_sort_pos_joh_02,5,0.36442982076448244
704_01_067_sort_pos_joh_02,6,-0.004143460652256931
704_01_067_sort_pos_joh_02,7,0.43754193666218577
704_01_067_sort_pos_joh_02,8,0.9424241429983214
704_01_067_sort_pos_joh_02,9,-0.21323425693889836
704_01_067_sort_pos_joh_03,0,-0.30574906422158304
704_01_067_sort_pos_joh_03,1,-0.10551589093054314
704_01_067_sort_pos_joh_03,2,0.18337171616451856
704_01_067_sort_pos_joh_03,3,0.03791809885693412
704_01_067_sort_pos_joh_03,4,0.498342307911303
704_01_067_sort_pos_joh_03,5,-0.46547237669904634
704_01_067_sort_pos_joh_03,6,0.5346993316324405
704_01_067_sort_pos_joh_03,7,-0.4591685099319647
704_01_067_sort_pos_joh_03,8,-0.15825109860005557
704_01_067_sort_pos_joh_03,9,0.23712162224941488
704_01_067_sort_pos_joh_05,0,0.19402850002906635
704_01_067_sort_pos_joh_05,1,-0.5359480908475055
704_01_067_sort_pos_joh_05,2,0.20050188284683415
704_01_067_sort_pos_joh_05,3,0.20050188284683415
704_01_067_sort_pos_joh_05,4,0.726843784311631
704_01_067_sort_pos_joh_05,5,-0.5359480908475055
704_01_067_sort_pos_joh_05,6,-0.5359480908475055
704_01_067_sort_pos_joh_05,7,0.20766965266046591
704_01_067_sort_pos_joh_05,8,0.20766965266046591
704_01_067_sort_pos_joh_05,9,-0.05017276633856448
704_01_067_sort_pos_joh_06,0,-0.021984660059051746
704_01_067_sort_pos_joh_06,1,0.7380412673010694
704_01_067_sort_pos_joh_06,2,0.6143847179802016
704_01_067_sort_pos_joh_06,3,-0.13960096255195506
704_01_067_sort_pos_joh_06,4,-0.022277295967706015
704_01_067_sort_pos_joh_06,5,-0.12567684472133916
704_01_067_sort_pos_joh_06,6,-0.34657943108728456
704_01_067_sort_pos_joh_06,7,-0.3341136982686615
704_01_067_sort_pos_joh_06,8,-0.02156655464068836
704_01_067_sort_pos_joh_06,9,-0.35335933779528345
704_01_067_sort_pos_joh_07,0,0.275233726483458
704_01_067_sort_pos_joh_07,1,-0.04800153607373225
704_01_067_sort_pos_joh_07,2,-0.13072226995310093
704_01_067_sort_pos_joh_07,3,0.18956494415280603
704_01_067_sort_pos_joh_07,4,-0.28120709447580733
704_01_067_sort_pos_joh_07,5,0.2006910653542583
704_01_067_sort_pos_joh_07,6,-0.04920678313051211
704_01_067_sort_pos_joh_07,7,0.11364474977442374
704_01_067_sort_pos_joh_07,8,-0.13025360541309247
704_01_067_sort_pos_joh_07,9,-0.12582832115564774
704_01_067_sort_pos_joh_08,0,-0.03137279025690813
704_01_067_sort_pos_joh_08,1,-0.224115766840374
704_01_067_sort_pos_joh_08,2,-0.22185233658501843
704_01_067_sort_pos_joh_08,3,0.06745441054585921
704_01_067_sort_pos_joh_08,4,1.3428068514711042
704_01_067_sort_pos_joh_08,5,-0.6155209008485766
704_01_067_sort_pos_joh_08,6,0.3914084019960334
704_01_067_sort_pos_joh_08,7,-0.42164969054709556
704_01_067_sort_pos_joh_08,8,-0.13070113162535046
704_01_067_sort_pos_joh_08,9,-0.02936101097573536
704_01_070_sort_pos_joh_01,0,-0.7283450249164007
704_01_070_sort_pos_joh_01,1,0.5305482020466292
704_01_070_sort_pos_joh_01,2,0.3609782357312292
704_01_070_sort_pos_joh_01,3,0.2147367435521414
704_01_070_sort_pos_joh_01,4,-0.3109477227813555
704_01_070_sort_pos_joh_01,5,0.6694275316979158
704_01_070_sort_pos_joh_01,6,-0.3418255633467818
704_01_070_sort_pos_joh_01,7,0.44374296385369494
704_01_070_sort_pos_joh_01,8,0.21103784872400244
704_01_070_sort_pos_joh_01,9,-1.0450109101842937
704_01_070_sort_pos_joh_02,0,-0.04920678313051211
704_01_070_sort_pos_joh_02,1,0.1083741963889606
704_01_070_sort_pos_joh_02,2,0.25921742975604095
704_01_070_sort_pos_joh_02,3,0.6091824685770976
704_01_070_sort_pos_joh_02,4,0.25602293501254564
704_01_070_sort_pos_joh_02,5,-0.5106621799868928
704_01_070_sort_pos_joh_02,6,-0.5173964776109787
704_01_070_sort_pos_joh_02,7,-0.0448561304016255
704_01_070_sort_pos_joh_02,8,0.281270435276701
704_01_070_sort_pos_joh_02,9,-0.3546866447068633
704_01_070_sort_pos_joh_03,0,-0.7863540604491479
704_01_070_sort_pos_joh_03,1,-0.07750075321410535
704_01_070_sort_pos_joh_03,2,0.6221961058967499
704_01_070_sort_pos_joh_03,3,-0.39075619628478564
704_01_070_sort_pos_joh_03,4,-0.3169018995830212
704_01_070_sort_pos_joh_03,5,0.22792115291927598
704_01_070_sort_pos_joh_03,6,-0.7198157507486941
704_01_070_sort_pos_joh_03,7,0.7602859212697057
704_01_070_sort_pos_joh_03,8,0.24536645240595834
704_01_070_sort_pos_joh_03,9,0.48853196874603116
704_01_070_sort_pos_joh_04,0,-0.1640446787311968
704_01_070_sort_pos_joh_04,1,-0.1640446787311968
704_01_070_sort_pos_joh_04,2,0.16484511834894686
704_01_070_sort_pos_joh_04,3,-0.1640446787311968
704_01_070_sort_pos_joh_04,4,-0.16404467873119677
704_01_070_sort_pos_joh_04,5,0.16484511834894686
704_01_070_sort_pos_joh_04,6,-0.1640446787311968
704_01_070_sort_pos_joh_04,7,-0.17450120318994414
704_01_070_sort_pos_joh_04,8,0.4975185951049946
704_01_070_sort_pos_joh_04,9,0.17546560158589922
704_01_071_sort_pos_joh_01,0,-0.5307353915892888
704_01_071_sort_pos_joh_01,1,-0.3907829045185574
704_01_071_sort_pos_joh_01,2,-0.689991625403832
704_01_071_sort_pos_joh_01,3,-0.1956547916143024
704_01_071_sort_pos_joh_01,4,0.011369755518207694
704_01_071_sort_pos_joh_01,5,0.5192795474185932
704_01_071_sort_pos_joh_01,6,-0.10404334586584298
704_01_071_sort_pos_joh_01,7,0.40230385062618246
704_01_071_sort_pos_joh_01,8,0.3376709438764149
704_01_071_sort_pos_joh_01,9,0.5962567762698195
704_01_071_sort_pos_joh_02,0,-0.6060185568257095
704_01_071_sort_pos_joh_02,1,0.22381534235966716
704_01_071_sort_pos_joh_02,2,0.9047224586980963
704_01_071_sort_pos_joh_02,3,-0.4407751939773516
704_01_071_sort_pos_joh_02,4,0.0019787747294461597
704_01_071_sort_pos_joh_02,5,-0.8053277916968493
704_01_071_sort_pos_joh_02,6,-0.2507597705102963
704_01_071_sort_pos_joh_02,7,0.1352361326417943
704_01_071_sort_pos_joh_02,8,0.5353263345065088
704_01_071_sort_pos_joh_02,9,0.30842459120788845
704_01_071_sort_pos_joh_03,0,-0.29497066937231237
704_01_071_sort_pos_joh_03,1,-0.07230702586419895
704_01_071_sort_pos_joh_03,2,-0.22665452355324792
704_01_071_sort_pos_joh_03,3,-0.16727901322990688
704_01_071_sort_pos_joh_03,4,-0.1627874380975336
704_01_071_sort_pos_joh_03,5,0.25131747618642447
704_01_071_sort_pos_joh_03,6,-0.10775513794424148
704_01_071_sort_pos_joh_03,7,0.9802991500179304
704_01_071_sort_pos_joh_03,8,-0.1955541234351955
704_01_071_sort_pos_joh_03,9,0.118937249309766
704_01_071_sort_pos_joh_04,0,-0.12128632904391644
704_01_071_sort_pos_joh_04,1,-0.33580853092504037
704_01_071_sort_pos_joh_04,2,0.05445422310657461
704_01_071_sort_pos_joh_04,3,-0.11441651847185723
704_01_071_sort_pos_joh_04,4,-0.28623632942698435
704_01_071_sort_pos_joh_04,5,1.0042208076303623
704_01_071_sort_pos_joh_04,6,0.4221158824088691
704_01_071_sort_pos_joh_04,7,0.05821724043662656
704_01_071_sort_pos_joh_04,8,-0.5759635670881227
704_01_071_sort_pos_joh_04,9,-0.08413597897235986
704_01_071_sort_pos_joh_05,0,-0.24474992436422913
704_01_071_sort_pos_joh_05,1,-0.24019564726082165
704_01_071_sort_pos_joh_05,2,-0.618553712827087
704_01_071_sort_pos_joh_05,3,-0.24592955418263684
704_01_071_sort_pos_joh_05,4,0.4635947271571989
704_01_071_sort_pos_joh_05,5,0.6187113529892247
704_01_071_sort_pos_joh_05,6,0.03851856078856732
704_01_071_sort_pos_joh_05,7,-0.34469099377285545
704_01_071_sort_pos_joh_05,8,0.13192878306392516
704_01_071_sort_pos_joh_05,9,0.5310219714886147
704_01_071_sort_pos_joh_06,0,-0.9446296094240142
704_01_071_sort_pos_joh_06,1,0.23767036440892295
704_01_071_sort_pos_joh_06,2,-0.546764466904011
704_01_071_sort_pos_joh_06,3,0.7053588834623062
704_01_071_sort_pos_joh_06,4,-0.4676864528204198
704_01_071_sort_pos_joh_06,5,-0.7555552971665916
704_01_071_sort_pos_joh_06,6,-0.25156317140633555
704_01_071_sort_pos_joh_06,7,0.3449333322617984
704_01_071_sort_pos_joh_06,8,0.6908900943640842
704_01_071_sort_pos_joh_06,9,1.1060071860232024
704_02_003_sort_pos_joh_01,0,-0.7518360938178227
704_02_003_sort_pos_joh_01,1,-4.954071463964508e-16
704_02_003_sort_pos_joh_01,2,-0.1624689525985329
704_02_003_sort_pos_joh_01,3,0.39090758947632176
704_02_003_sort_pos_joh_01,4,0.0
704_02_003_sort_pos_joh_01,5,0.21185994278934855
704_02_003_sort_pos_joh_01,6,-0.08078849781865
704_02_003_sort_pos_joh_01,7,1.1301258494966184
704_02_003_sort_pos_joh_01,8,-0.044342223618839084
704_02_003_sort_pos_joh_01,9,-0.25775744294978203
704_02_003_sort_pos_joh_01,10,-0.37639864787371863
704_02_003_sort_pos_joh_02,0,-0.34554737023254406
704_02_003_sort_pos_joh_02,1,-0.34554737023254406
704_02_003_sort_pos_joh_02,2,0.13538810472195728
704_02_003_sort_pos_joh_02,3,0.6644105970267492
704_02_003_sort_pos_joh_02,4,0.7777777777777777
704_02_003_sort_pos_joh_02,5,0.13538810472195728
704_02_003_sort_pos_joh_02,6,0.13538810472195728
704_02_003_sort_pos_joh_02,7,0.13538810472195723
704_02_003_sort_pos_joh_02,8,-0.34554737023254406
704_02_003_sort_pos_joh_02,9,-0.34554737023254406
704_02_003_sort_pos_joh_02,10,-0.34554737023254406
704_02_003_sort_pos_joh_03,0,-0.209832285130428
704_02_003_sort_pos_joh_03,1,-0.11561170597113381
704_02_003_sort_pos_joh_03,2,0.9168255752061354
704_02_003_sort_pos_joh_03,3,-0.024887054756642758
704_02_003_sort_pos_joh_03,4,0.26393075365416974
704_02_003_sort_pos_joh_03,5,-0.02499045685596755
704_02_003_sort_pos_joh_03,6,-0.025095158621039153
704_02_003_sort_pos_joh_03,7,0.569186747192283
704_02_003_sort_pos_joh_03,8,-0.701107309399492
704_02_003_sort_pos_joh_03,9,-0.6885303726590964
704_02_003_sort_pos_joh_03,10,0.16329026988377998
704_02_003_sort_pos_joh_04,0,-0.7641140603571573
704_02_003_sort_pos_joh_04,1,-0.7641140603571573
704_02_003_sort_pos_joh_04,2,-0.7738257069169827
704_02_003_sort_pos_joh_04,3,0.029061909685955
704_02_003_sort_pos_joh_04,4,0.5378254348272379
704_02_003_sort_pos_joh_04,5,1.246143590930124
704_02_003_sort_pos_joh_04,6,-0.284555196612236
704_02_003_sort_pos_joh_04,7,0.19228160636229277
704_02_003_sort_pos_joh_04,8,0.3434182842192856
704_02_003_sort_pos_joh_04,9,0.18742420348383124
704_02_003_sort_pos_joh_04,10,0.18742420348383124
704_02_003_sort_pos_joh_05,0,-0.18569533817705186
704_02_003_sort_pos_joh_05,1,-0.18569533817705186
704_02_003_sort_pos_joh_05,2,-0.18569533817705186
704_02_003_sort_pos_joh_05,3,-0.18569533817705186
704_02_003_sort_pos_joh_05,4,1.1717001988274143
704_02_003_sort_pos_joh_05,5,1.1717001988274143
704_02_003_sort_pos_joh_05,6,-0.18569533817705186
704_02_003_sort_pos_joh_05,7,-0.18569533817705186
704_02_003_sort_pos_joh_05,8,-0.18569533817705186
704_02_003_sort_pos_joh_05,9,-0.18569533817705186
704_02_003_sort_pos_joh_05,10,-0.18569533817705186
704_02_009_sort_pos_joh_03,0,-0.42903094825677335
704_02_009_sort_pos_joh_03,1,-0.3698538364260338
704_02_009_sort_pos_joh_03,2,-0.24435395973120388
704_02_009_sort_pos_joh_03,3,-0.12200401510729243
704_02_009_sort_pos_joh_03,4,-0.42744149776824447
704_02_009_sort_pos_joh_03,5,-0.6174321276562549
704_02_009_sort_pos_joh_03,6,0.2541018879840415
704_02_009_sort_pos_joh_03,7,2.2335266159818956
704_02_009_sort_pos_joh_03,8,0.6926600565968549
704_02_009_sort_pos_joh_03,9,9.699240972271104e-17
704_02_009_sort_pos_joh_03,10,-0.3670974658547112
704_02_011_sort_pos_joh_04,0,-0.34968584232010963
704_02_011_sort_pos_joh_04,1,-0.47907013758040834
704_02_011_sort_pos_joh_04,2,-0.22660071028103962
704_02_011_sort_pos_joh_04,3,0.531116140258834
704_02_011_sort_pos_joh_04,4,-0.04065166776991812
704_02_011_sort_pos_joh_04,5,-0.4156121519251452
704_02_011_sort_pos_joh_04,6,1.2375752204267696
704_02_011_sort_pos_joh_04,7,0.21487310106956745
704_02_011_sort_pos_joh_04,8,0.15152173809233607
704_02_011_sort_pos_joh_04,9,-0.35035518353553863
704_02_011_sort_pos_joh_04,10,-0.0409847585948473
704_02_011_sort_pos_joh_05,0,0.7473603760032682
704_02_011_sort_pos_joh_05,1,0.07930515857181435
704_02_011_sort_pos_joh_05,2,0.08333333333333326
704_02_011_sort_pos_joh_05,3,0.5538186196949967
704_02_011_sort_pos_joh_05,4,-0.13913998988026371
704_02_011_sort_pos_joh_05,5,-0.5666700357018642
704_02_011_sort_pos_joh_05,6,-0.13913998988026363
704_02_011_sort_pos_joh_05,7,-0.5666700357018642
704_02_011_sort_pos_joh_05,8,0.525923706140778
704_02_011_sort_pos_joh_05,9,-0.350590224209229
704_02_011_sort_pos_joh_05,10,-0.13913998988026363
704_02_029_sort_pos_joh_01,0,0.3106549908572964
704_02_029_sort_pos_joh_01,1,0.028825432945684265
704_02_029_sort_pos_joh_01,2,-0.8357872726304694
704_02_029_sort_pos_joh_01,3,-0.44460867008314525
704_02_029_sort_pos_joh_01,4,0.3025258594057789
704_02_029_sort_pos_joh_01,5,0.2914652077820534
704_02_029_sort_pos_joh_01,6,-0.07501501915873668
704_02_029_sort_pos_joh_01,7,-0.05806173934863364
704_02_029_sort_pos_joh_01,8,-0.10951411996230602
704_02_029_sort_pos_joh_01,9,0.02801387618482859
704_02_029_sort_pos_joh_01,10,0.5269977932149967
704_02_029_sort_pos_joh_03,0,-0.25276950116986663
704_02_029_sort_pos_joh_03,1,-0.5216336365556558
704_02_029_sort_pos_joh_03,2,0.07805345869168194
704_02_029_sort_pos_joh_03,3,0.5811866345105808
704_02_029_sort_pos_joh_03,4,-0.1950177421563413
704_02_029_sort_pos_joh_03,5,-0.13899503983938355
704_02_029_sort_pos_joh_03,6,-0.23265835851800365
704_02_029_sort_pos_joh_03,7,-0.6045755969805026
704_02_029_sort_pos_joh_03,8,0.8239227081721284
704_02_029_sort_pos_joh_03,9,0.5078265568285159
704_02_029_sort_pos_joh_03,10,0.10344200060283788
704_02_029_sort_pos_joh_04,0,0.21682636450276888
704_02_029_sort_pos_joh_04,1,0.4023892374872817
704_02_029_sort_pos_joh_04,2,-0.03748184912418171
704_02_029_sort_pos_joh_04,3,-0.20231105384114875
704_02_029_sort_pos_joh_04,4,0.043824817132202154
704_02_029_sort_pos_joh_04,5,-0.36584486621413187
704_02_029_sort_pos_joh_04,6,-0.03686549827827147
704_02_029_sort_pos_joh_04,7,0.2122918549672711
704_02_029_sort_pos_joh_04,8,0.12421339710726853
704_02_029_sort_pos_joh_04,9,-0.27732055349488877
704_02_029_sort_pos_joh_04,10,-0.03748184912418171
704_02_029_sort_pos_joh_05,0,0.8168648200574952
704_02_029_sort_pos_joh_05,1,0.7875669223386835
704_02_029_sort_pos_joh_05,2,-0.3037741256219224
704_02_029_sort_pos_joh_05,3,-0.5951190357119046
704_02_029_sort_pos_joh_05,4,0.2969397698213405
704_02_029_sort_pos_joh_05,5,-0.01770813158168181
704_02_029_sort_pos_joh_05,6,0.07999131005808842
704_02_029_sort_pos_joh_05,7,-0.40153621494331343
704_02_029_sort_pos_joh_05,8,0.07816046314052083
704_02_029_sort_pos_joh_05,9,-0.30797881178659886
704_02_029_sort_pos_joh_05,10,-0.3094196561985804
704_02_029_sort_pos_joh_06,0,-0.05250447127426833
704_02_029_sort_pos_joh_06,1,0.24019223070763082
704_02_029_sort_pos_joh_06,2,-0.19841894753313613
704_02_029_sort_pos_joh_06,3,-0.7734421447864371
704_02_029_sort_pos_joh_06,4,0.4061210421085105
704_02_029_sort_pos_joh_06,5,0.42126428749134903
704_02_029_sort_pos_joh_06,6,0.23766647985893094
704_02_029_sort_pos_joh_06,7,-0.054212686982209095
704_02_029_sort_pos_joh_06,8,-0.33610699849676234
704_02_029_sort_pos_joh_06,9,0.23054198381035232
704_02_029_sort_pos_joh_06,10,-0.051451467175583875
704_02_029_sort_pos_joh_07,0,-0.20625716183134707
704_02_029_sort_pos_joh_07,1,0.18250660330975832
704_02_029_sort_pos_joh_07,2,0.3317017360018889
704_02_029_sort_pos_joh_07,3,0.49750780087627045
704_02_029_sort_pos_joh_07,4,0.31382295723042414
704_02_029_sort_pos_joh_07,5,0.04661257567175483
704_02_029_sort_pos_joh_07,6,-0.46188021535170043
704_02_029_sort_pos_joh_07,7,-0.4656201971797186
704_02_029_sort_pos_joh_07,8,-0.33488548257306056
704_02_029_sort_pos_joh_07,9,0.04551335586270321
704_02_029_sort_pos_joh_07,10,0.17077460671720715
704_02_031_sort_pos_joh_01,0,-0.06961838828380457
704_02_031_sort_pos_joh_01,1,0.2716936047903981
704_02_031_sort_pos_joh_01,2,0.3915917036014439
704_02_031_sort_pos_joh_01,3,0.21193684638387517
704_02_031_sort_pos_joh_01,4,-0.3811497213656282
704_02_031_sort_pos_joh_01,5,-0.04440608538284814
704_02_031_sort_pos_joh_01,6,0.06945175867810587
704_02_031_sort_pos_joh_01,7,0.015003563769642883
704_02_031_sort_pos_joh_01,8,0.12658430676687854
704_02_031_sort_pos_joh_01,9,-0.2866458141077389
704_02_031_sort_pos_joh_01,10,-0.2967754288284969
704_02_031_sort_pos_joh_02,0,1.5362244333092907
704_02_031_sort_pos_joh_02,1,0.9871247946648557
704_02_031_sort_pos_joh_02,2,-0.106625791043306
704_02_031_sort_pos_joh_02,3,-0.8374006435905104
704_02_031_sort_pos_joh_02,4,0.1772414279406619
704_02_031_sort_pos_joh_02,5,0.4851451335252074
704_02_031_sort_pos_joh_02,6,-0.354222104598716
704_02_031_sort_pos_joh_02,7,-0.4903919252752624
704_02_031_sort_pos_joh_02,8,-0.5822809481362808
704_02_031_sort_pos_joh_02,9,-0.5221523066970339
704_02_031_sort_pos_joh_02,10,-0.15470058493766345
704_02_031_sort_pos_joh_03,0,-0.035893571823779225
704_02_031_sort_pos_joh_03,1,-0.13664625560228322
704_02_031_sort_pos_joh_03,2,0.013129260007691757
704_02_031_sort_pos_joh_03,3,0.24946294245168432
704_02_031_sort_pos_joh_03,4,-0.1396330918751723
704_02_031_sort_pos_joh_03,5,0.06016623936509595
704_02_031_sort_pos_joh_03,6,0.25882542495934346
704_02_031_sort_pos_joh_03,7,-0.37522931375779733
704_02_031_sort_pos_joh_03,8,-0.03420052844499739
704_02_031_sort_pos_joh_03,9,0.15250404358770933
704_02_031_sort_pos_joh_03,10,-0.03394098973326653
704_02_031_sort_pos_joh_04,0,-0.20872226717208436
704_02_031_sort_pos_joh_04,1,-0.3605275339352928
704_02_031_sort_pos_joh_04,2,0.013653865341983415
704_02_031_sort_pos_joh_04,3,0.16135388136527656
704_02_031_sort_pos_joh_04,4,0.4001502847147571
704_02_031_sort_pos_joh_04,5,0.17141108139420186
704_02_031_sort_pos_joh_04,6,0.08818678225109987
704_02_031_sort_pos_joh_04,7,0.24459979523511527
704_02_031_sort_pos_joh_04,8,0.16268289157943017
704_02_031_sort_pos_joh_04,9,-0.20594029197120933
704_02_031_sort_pos_joh_04,10,-0.42418536974264903
704_02_031_sort_pos_joh_05,0,1.453687568623262
704_02_031_sort_pos_joh_05,1,0.251533084890191
704_02_031_sort_pos_joh_05,2,-0.20080483222562456
704_02_031_sort_pos_joh_05,3,0.02050230920261803
704_02_031_sort_pos_joh_05,4,0.4805242299551449
704_02_031_sort_pos_joh_05,5,-0.20080483222562456
704_02_031_sort_pos_joh_05,6,-0.42348694856863134
704_02_031_sort_pos_joh_05,7,-0.8757292392852913
704_02_031_sort_pos_joh_05,8,-0.20080483222562456
704_02_031_sort_pos_joh_05,9,0.020004001200400103
704_02_031_sort_pos_joh_05,10,0.020004001200400103
704_02_033_sort_pos_joh_02,0,-0.26107635372150384
704_02_033_sort_pos_joh_02,1,0.01769426568684364
704_02_033_sort_pos_joh_02,2,0.39881061896790493
704_02_033_sort_pos_joh_02,3,-0.07536990622635639
704_02_033_sort_pos_joh_02,4,-0.27044598447717144
704_02_033_sort_pos_joh_02,5,0.01888473936501273
704_02_033_sort_pos_joh_02,6,1.249339185552237
704_02_033_sort_pos_joh_02,7,-0.35629061899150133
704_02_033_sort_pos_joh_02,8,-0.8401181552258465
704_02_033_sort_pos_joh_02,9,-0.17087153154335216
704_02_033_sort_pos_joh_02,10,0.4140281548718294
704_02_033_sort_pos_joh_03,0,2.1488989830911183
704_02_033_sort_pos_joh_03,1,1.3076213866009694
704_02_033_sort_pos_joh_03,2,-0.22597505174759525
704_02_033_sort_pos_joh_03,3,-0.4452170128057023
704_02_033_sort_pos_joh_03,4,-0.40381567742122143
704_02_033_sort_pos_joh_03,5,-0.7726960784169888
704_02_033_sort_pos_joh_03,6,-0.4046409708989681
704_02_033_sort_pos_joh_03,7,-0.5425512182163709
704_02_033_sort_pos_joh_03,8,0.1847694841852948
704_02_033_sort_pos_joh_03,9,0.0491885905539915
704_02_033_sort_pos_joh_03,10,-0.3133015178247741
704_02_033_sort_pos_joh_04,0,0.5150009060209096
704_02_033_sort_pos_joh_04,1,0.7761890666491075
704_02_033_sort_pos_joh_04,2,0.01023878858543584
704_02_033_sort_pos_joh_04,3,-0.22015191230285333
704_02_033_sort_pos_joh_04,4,-0.10227536871615327
704_02_033_sort_pos_joh_04,5,-0.44137981558725464
704_02_033_sort_pos_joh_04,6,-0.21456516162059344
704_02_033_sort_pos_joh_04,7,-0.44137981558725464
704_02_033_sort_pos_joh_04,8,0.12540889870412264
704_02_033_sort_pos_joh_04,9,0.23608687810481047
704_02_033_sort_pos_joh_04,10,-0.10425720702853736
704_02_035_sort_pos_joh_01,0,-0.10119783641338585
704_02_035_sort_pos_joh_01,1,-0.3786206618244469
704_02_035_sort_pos_joh_01,2,0.17899669284852798
704_02_035_sort_pos_joh_01,3,0.47843302013395944
704_02_035_sort_pos_joh_01,4,-0.17621890634498585
704_02_035_sort_pos_joh_01,5,0.4563423524967902
704_02_035_sort_pos_joh_01,6,0.6553194741955186
704_02_035_sort_pos_joh_01,7,1.0739293180542069
704_02_035_sort_pos_joh_01,8,-0.28439587284347423
704_02_035_sort_pos_joh_01,9,-0.729137570686873
704_02_035_sort_pos_joh_01,10,-1.0106647663989385
704_02_035_sort_pos_joh_02,0,0.9362721202528994
704_02_035_sort_pos_joh_02,1,-0.33725326302541836
704_02_035_sort_pos_joh_02,2,-0.18174156549780277
704_02_035_sort_pos_joh_02,3,0.9259504917586404
704_02_035_sort_pos_joh_02,4,-0.2559427613774444
704_02_035_sort_pos_joh_02,5,-0.6948463669150643
704_02_035_sort_pos_joh_02,6,0.3935801514662894
704_02_035_sort_pos_joh_02,7,1.4031401409083932
704_02_035_sort_pos_joh_02,8,-0.538337169045997
704_02_035_sort_pos_joh_02,9,-1.001399264942266
704_02_035_sort_pos_joh_02,10,-0.5424604874663
704_02_035_sort_pos_joh_03,0,-0.45764304075318224
704_02_035_sort_pos_joh_03,1,-0.3651483716701102
704_02_035_sort_pos_joh_03,2,0.13741819372422598
704_02_035_sort_pos_joh_03,3,0.7413120212548987
704_02_035_sort_pos_joh_03,4,0.2438977171785616
704_02_035_sort_pos_joh_03,5,0.23535436019054598
704_02_035_sort_pos_joh_03,6,0.5260523355167989
704_02_035_sort_pos_joh_03,7,0.651621095417473
704_02_035_sort_pos_joh_03,8,-0.06136810341306593
704_02_035_sort_pos_joh_03,9,-0.6459671123956435
704_02_035_sort_pos_joh_03,10,-0.9595216223153041
704_02_035_sort_pos_joh_04,0,0.015487597464482823
704_02_035_sort_pos_joh_04,1,-0.17025130615174966
704_02_035_sort_pos_joh_04,2,-0.15541746804005172
704_02_035_sort_pos_joh_04,3,-0.15831189671532528
704_02_035_sort_pos_joh_04,4,0.934112084685614
704_02_035_sort_pos_joh_04,5,0.48086286404198586
704_02_035_sort_pos_joh_04,6,-0.07084418339452953
704_02_035_sort_pos_joh_04,7,-0.4220328471226772
704_02_035_sort_pos_joh_04,8,-0.32760553002802095
704_02_035_sort_pos_joh_04,9,-0.07084418339452953
704_02_035_sort_pos_joh_04,10,0.01749010995279674
704_02_035_sort_pos_joh_05,0,-0.5704233894255091
704_02_035_sort_pos_joh_05,1,0.06907969485877567
704_02_035_sort_pos_joh_05,2,0.6863470606270166
704_02_035_sort_pos_joh_05,3,0.9941010923350133
704_02_035_sort_pos_joh_05,4,-0.17795362132005166
704_02_035_sort_pos_joh_05,5,-0.29869376621757027
704_02_035_sort_pos_joh_05,6,0.3238347014414577
704_02_035_sort_pos_joh_05,7,0.20538652056253354
704_02_035_sort_pos_joh_05,8,-0.29869376621757027
704_02_035_sort_pos_joh_05,9,-0.556998026847844
704_02_035_sort_pos_joh_05,10,-0.3031794698638369
704_02_035_sort_pos_joh_06,0,0.8728715609439697
704_02_035_sort_pos_joh_06,1,0.3466670470971053
704_02_035_sort_pos_joh_06,2,0.58481530992811
704_02_035_sort_pos_joh_06,3,0.13805336653226055
704_02_035_sort_pos_joh_06,4,-0.4927637283262873
704_02_035_sort_pos_joh_06,5,-0.4927637283262873
704_02_035_sort_pos_joh_06,6,-0.07720914364821815
704_02_035_sort_pos_joh_06,7,-0.2900209467136991
704_02_035_sort_pos_joh_06,8,-0.4927637283262873
704_02_035_sort_pos_joh_06,9,-0.07720914364821815
704_02_035_sort_pos_joh_06,10,0.13494015079212268
704_02_036_sort_pos_joh_04,0,0.1054092553389456
704_02_036_sort_pos_joh_04,1,-0.010796467110271902
704_02_036_sort_pos_joh_04,2,-0.4934934434348339
704_02_036_sort_pos_joh_04,3,0.47804343127496723
704_02_036_sort_pos_joh_04,4,-0.7305517513304677
704_02_036_sort_pos_joh_04,5,-0.47342199948462027
704_02_036_sort_pos_joh_04,6,0.34434490502607334
704_02_036_sort_pos_joh_04,7,0.712823862739203
704_02_036_sort_pos_joh_04,8,-0.011111797045680723
704_02_036_sort_pos_joh_04,9,-0.12406124623524983
704_02_036_sort_pos_joh_04,10,0.23163799893408826
704_02_037_sort_pos_joh_03,0,-1.191992007908102
704_02_037_sort_pos_joh_03,1,-0.20110180686084436
704_02_037_sort_pos_joh_03,2,0.4000916058632258
704_02_037_sort_pos_joh_03,3,0.09503213744223124
704_02_037_sort_pos_joh_03,4,-0.2584382953523687
704_02_037_sort_pos_joh_03,5,0.2760226863677542
704_02_037_sort_pos_joh_03,6,0.6016127447130849
704_02_037_sort_pos_joh_03,7,0.22733144649015818
704_02_037_sort_pos_joh_03,8,0.03749647291476761
704_02_037_sort_pos_joh_03,9,0.03802382900752978
704_02_037_sort_pos_joh_03,10,-0.021157210918704303
704_02_037_sort_pos_joh_04,0,0.8061037527877987
704_02_037_sort_pos_joh_04,1,-0.2211328910434236
704_02_037_sort_pos_joh_04,2,-0.10075538733090197
704_02_037_sort_pos_joh_04,3,0.26893394094211687
704_02_037_sort_pos_joh_04,4,0.023414645289542308
704_02_037_sort_pos_joh_04,5,-0.10075538733090197
704_02_037_sort_pos_joh_04,6,-0.7320144173946842
704_02_037_sort_pos_joh_04,7,-0.5906782183810868
704_02_037_sort_pos_joh_04,8,-0.9901422929757836
704_02_037_sort_pos_joh_04,9,0.14381551706771925
704_02_037_sort_pos_joh_04,10,1.726483041300745
704_02_038_sort_pos_joh_01,0,0.151233807559421
704_02_038_sort_pos_joh_01,1,-0.4112037296347415
704_02_038_sort_pos_joh_01,2,-0.12720546282869608
704_02_038_sort_pos_joh_01,3,0.151233807559421
704_02_038_sort_pos_joh_01,4,0.012846934910327776
704_02_038_sort_pos_joh_01,5,-0.26715308714213737
704_02_038_sort_pos_joh_01,6,0.012976074710847465
704_02_038_sort_pos_joh_01,7,0.3115227335237508
704_02_038_sort_pos_joh_01,8,0.8062771972092698
704_02_038_sort_pos_joh_01,9,0.16070147520167422
704_02_038_sort_pos_joh_01,10,-0.6878004328521012
704_02_038_sort_pos_joh_02,0,-0.25956945375331036
704_02_038_sort_pos_joh_02,1,-0.021991304158467846
704_02_038_sort_pos_joh_02,2,-0.6231834706238681
704_02_038_sort_pos_joh_02,3,-0.5686270182356308
704_02_038_sort_pos_joh_02,4,-0.8737954412834456
704_02_038_sort_pos_joh_02,5,-0.38052470928117405
704_02_038_sort_pos_joh_02,6,0.47340662817395657
704_02_038_sort_pos_joh_02,7,1.1450659992759726
704_02_038_sort_pos_joh_02,8,0.6559899727123443
704_02_038_sort_pos_joh_02,9,0.2703792178449073
704_02_038_sort_pos_joh_02,10,0.276998063310007
704_02_038_sort_pos_joh_03,0,0.03729370703141016
704_02_038_sort_pos_joh_03,1,-0.16601323649658822
704_02_038_sort_pos_joh_03,2,0.03653920476209372
704_02_038_sort_pos_joh_03,3,-0.1660132364965882
704_02_038_sort_pos_joh_03,4,-0.5718233701549148
704_02_038_sort_pos_joh_03,5,0.9229582069908971
704_02_038_sort_pos_joh_03,6,0.0389544693565814
704_02_038_sort_pos_joh_03,7,-0.3726779962499648
704_02_038_sort_pos_joh_03,8,0.2451957450637499
704_02_038_sort_pos_joh_03,9,0.24012393024538975
704_02_038_sort_pos_joh_03,10,-0.17323716468431988
704_02_038_sort_pos_joh_04,0,-0.09468390381872252
704_02_038_sort_pos_joh_04,1,-0.257220860134766
704_02_038_sort_pos_joh_04,2,0.22767667567073935
704_02_038_sort_pos_joh_04,3,-0.17202643676049623
704_02_038_sort_pos_joh_04,4,-0.49156769217130464
704_02_038_sort_pos_joh_04,5,0.662637233023061
704_02_038_sort_pos_joh_04,6,1.1666105637064819
704_02_038_sort_pos_joh_04,7,0.7064875900320098
704_02_038_sort_pos_joh_04,8,-0.7515788059739544
704_02_038_sort_pos_joh_04,9,-0.49946021791454054
704_02_038_sort_pos_joh_04,10,-0.4108168125611901
704_02_038_sort_pos_joh_05,0,-0.33733664211763437
704_02_038_sort_pos_joh_05,1,0.07550665054113175
704_02_038_sort_pos_joh_05,2,0.23867308606453885
704_02_038_sort_pos_joh_05,3,0.07474350927519331
704_02_038_sort_pos_joh_05,4,-0.6854473493182015
704_02_038_sort_pos_joh_05,5,-0.26449734920529094
704_02_038_sort_pos_joh_05,6,0.5294009255439893
704_02_038_sort_pos_joh_05,7,0.40334464201905595
704_02_038_sort_pos_joh_05,8,-0.5955066065481791
704_02_038_sort_pos_joh_05,9,0.16173476781665383
704_02_038_sort_pos_joh_05,10,0.43173758329979417
704_02_038_sort_pos_joh_06,0,-0.16335983103519874
704_02_038_sort_pos_joh_06,1,-0.4582892861146131
704_02_038_sort_pos_joh_06,2,-0.30488323450252874
704_02_038_sort_pos_joh_06,3,0.28740170107118385
704_02_038_sort_pos_joh_06,4,-0.45337363500326505
704_02_038_sort_pos_joh_06,5,-0.013534538532380059
704_02_038_sort_pos_joh_06,6,0.5824120670226642
704_02_038_sort_pos_joh_06,7,1.4063283659292147
704_02_038_sort_pos_joh_06,8,0.2752929667883936
704_02_038_sort_pos_joh_06,9,-0.45337363500326466
704_02_038_sort_pos_joh_06,10,-0.5973509804399746
704_02_038_sort_pos_joh_07,0,-0.6786001317464128
704_02_038_sort_pos_joh_07,1,-1.0740397602747966
704_02_038_sort_pos_joh_07,2,-0.90077318456634
704_02_038_sort_pos_joh_07,3,-0.25597902617119217
704_02_038_sort_pos_joh_07,4,1.0760490497793243
704_02_038_sort_pos_joh_07,5,0.5774515809288027
704_02_038_sort_pos_joh_07,6,0.7574600691246834
704_02_038_sort_pos_joh_07,7,0.6839975297607177
704_02_038_sort_pos_joh_07,8,-0.25747164861779165
704_02_038_sort_pos_joh_07,9,0.2402358847198029
704_02_038_sort_pos_joh_07,10,-0.09425242328451847
704_02_041_sort_pos_joh_01,0,-0.32314108976377093
704_02_041_sort_pos_joh_01,1,-0.263351818680827
704_02_041_sort_pos_joh_01,2,0.4182460058881006
704_02_041_sort_pos_joh_01,3,0.35190039746813234
704_02_041_sort_pos_joh_01,4,-0.5501390858051349
704_02_041_sort_pos_joh_01,5,-0.6748305565559433
704_02_041_sort_pos_joh_01,6,0.04520712045619845
704_02_041_sort_pos_joh_01,7,0.48627034117481144
704_02_041_sort_pos_joh_01,8,0.22073977899426178
704_02_041_sort_pos_joh_01,9,0.10520061521266519
704_02_041_sort_pos_joh_01,10,0.2279925014621448
704_02_041_sort_pos_joh_02,0,0.5555641255712994
704_02_041_sort_pos_joh_02,1,0.41178049395232974
704_02_041_sort_pos_joh_02,2,0.2902890192808917
704_02_041_sort_pos_joh_02,3,-0.4240383095911804
704_02_041_sort_pos_joh_02,4,-0.3159055776845665
704_02_041_sort_pos_joh_02,5,0.41770854112197003
704_02_041_sort_pos_joh_02,6,-0.6728532349990177
704_02_041_sort_pos_joh_02,7,-0.563973543493677
704_02_041_sort_pos_joh_02,8,0.4337266557190001
704_02_041_sort_pos_joh_02,9,0.18088625265845404
704_02_041_sort_pos_joh_02,10,-0.3208444739598739
704_02_041_sort_pos_joh_03,0,0.7088103622026249
704_02_041_sort_pos_joh_03,1,1.002781646541593
704_02_041_sort_pos_joh_03,2,0.12519577145903377
704_02_041_sort_pos_joh_03,3,-0.40860190533350704
704_02_041_sort_pos_joh_03,4,-0.6720215050322471
704_02_041_sort_pos_joh_03,5,-0.6720215050322471
704_02_041_sort_pos_joh_03,6,0.12519577145903377
704_02_041_sort_pos_joh_03,7,0.12519577145903368
704_02_041_sort_pos_joh_03,8,0.12073632210407398
704_02_041_sort_pos_joh_03,9,-0.14450491525772655
704_02_041_sort_pos_joh_03,10,-0.14450491525772655
704_02_041_sort_pos_joh_04,0,-0.23735633163877068
704_02_041_sort_pos_joh_04,1,0.4175849903903255
704_02_041_sort_pos_joh_04,2,0.08481889296799718
704_02_041_sort_pos_joh_04,3,0.08481889296799718
704_02_041_sort_pos_joh_04,4,0.08481889296799705
704_02_041_sort_pos_joh_04,5,0.4175849903903253
704_02_041_sort_pos_joh_04,6,0.08481889296799718
704_02_041_sort_pos_joh_04,7,-0.22573305919324005
704_02_041_sort_pos_joh_04,8,-0.5354768943367647
704_02_041_sort_pos_joh_04,9,-0.22573305919324027
704_02_041_sort_pos_joh_04,10,0.08481889296799718
704_02_041_sort_pos_joh_05,0,-0.030729254193150295
704_02_041_sort_pos_joh_05,1,-0.030729254193150295
704_02_041_sort_pos_joh_05,2,-0.34698895917974415
704_02_041_sort_pos_joh_05,3,-0.6609304554087899
704_02_041_sort_pos_joh_05,4,-0.34698895917974415
704_02_041_sort_pos_joh_05,5,0.2936101097573518
704_02_041_sort_pos_joh_05,6,-0.029123468555368112
704_02_041_sort_pos_joh_05,7,-0.6609304554087899
704_02_041_sort_pos_joh_05,8,-0.3469889591797443
704_02_041_sort_pos_joh_05,9,0.9578949441427993
704_02_041_sort_pos_joh_05,10,1.3799356691822116
704_02_042_sort_pos_joh_01,0,1.116431167188254
704_02_042_sort_pos_joh_01,1,-0.16069987853809176
704_02_042_sort_pos_joh_01,2,-0.1525673851623643
704_02_042_sort_pos_joh_01,3,0.293216391869881
704_02_042_sort_pos_joh_01,4,0.527470681229137
704_02_042_sort_pos_joh_01,5,0.40798672596425645
704_02_042_sort_pos_joh_01,6,-0.9181590157509993
704_02_042_sort_pos_joh_01,7,-1.2076147288491201
704_02_042_sort_pos_joh_01,8,-0.06610441589148909
704_02_042_sort_pos_joh_01,9,0.2058816405491889
704_02_042_sort_pos_joh_01,10,-0.0663084633442408
704_02_042_sort_pos_joh_02,0,-0.1540742431542688
704_02_042_sort_pos_joh_02,1,0.05951397006436161
704_02_042_sort_pos_joh_02,2,-0.04830297908149632
704_02_042_sort_pos_joh_02,3,0.05951397006436128
704_02_042_sort_pos_joh_02,4,0.2942319461964395
704_02_042_sort_pos_joh_02,5,-0.048575751014239964
704_02_042_sort_pos_joh_02,6,0.39357814728483753
704_02_042_sort_pos_joh_02,7,-0.3785641790158991
704_02_042_sort_pos_joh_02,8,0.17233368916533404
704_02_042_sort_pos_joh_02,9,0.16171419079387392
704_02_042_sort_pos_joh_02,10,-0.4837751598652629
704_02_042_sort_pos_joh_03,0,0.01434585875105435
704_02_042_sort_pos_joh_03,1,-1.3406846342559608
704_02_042_sort_pos_joh_03,2,-0.6332437243276456
704_02_042_sort_pos_joh_03,3,-0.3089906326810738
704_02_042_sort_pos_joh_03,4,0.3578493548071583
704_02_042_sort_pos_joh_03,5,1.0042596314321302
704_02_042_sort_pos_joh_03,6,0.330226710728027
704_02_042_sort_pos_joh_03,7,0.330226710728027
704_02_042_sort_pos_joh_03,8,-0.31308430592790765
704_02_042_sort_pos_joh_03,9,0.3302267107280265
704_02_042_sort_pos_joh_03,10,0.17662344282283907
704_02_042_sort_pos_joh_04,0,-0.21711171769662937
704_02_042_sort_pos_joh_04,1,-0.359803263430399
704_02_042_sort_pos_joh_04,2,-0.7915405573617036
704_02_042_sort_pos_joh_04,3,-0.22149014630268207
704_02_042_sort_pos_joh_04,4,0.2205271385679884
704_02_042_sort_pos_joh_04,5,0.36174054197616334
704_02_042_sort_pos_joh_04,6,0.06373176934657855
704_02_042_sort_pos_joh_04,7,-0.3598032634303991
704_02_042_sort_pos_joh_04,8,0.06708539367853865
704_02_042_sort_pos_joh_04,9,0.5061719846747278
704_02_042_sort_pos_joh_04,10,0.8553989227683012
704_02_056_sort_pos_joh_05,0,0.628767713237013
704_02_056_sort_pos_joh_05,1,-0.5573864114332941
704_02_056_sort_pos_joh_05,2,-0.5573864114332941
704_02_056_sort_pos_joh_05,3,0.2364331218717301
704_02_056_sort_pos_joh_05,4,0.21707238158772638
704_02_056_sort_pos_joh_05,5,-0.1773317255329773
704_02_056_sort_pos_joh_05,6,0.2170723815877265
704_02_056_sort_pos_joh_05,7,0.21707238158772638
704_02_056_sort_pos_joh_05,8,-0.17733172553297727
704_02_056_sort_pos_joh_05,9,-0.557386411433294
704_02_056_sort_pos_joh_05,10,0.6287677132370131
704_02_067_sort_pos_joh_01,0,-0.24253476771250448
704_02_067_sort_pos_joh_01,1,-0.15803870945963558
704_02_067_sort_pos_joh_01,2,0.2796319194214931
704_02_067_sort_pos_joh_01,3,-0.29571301539529127
704_02_067_sort_pos_joh_01,4,0.4584808492338367
704_02_067_sort_pos_joh_01,5,0.025455218659312925
704_02_067_sort_pos_joh_01,6,-0.46853957049364614
704_02_067_sort_pos_joh_01,7,-0.5807733038685673
704_02_067_sort_pos_joh_01,8,0.08439666163821112
704_02_067_sort_pos_joh_01,9,0.4850921500583177
704_02_067_sort_pos_joh_01,10,0.4199251043149864
704_02_067_sort_pos_joh_02,0,0.23915646809559915
704_02_067_sort_pos_joh_02,1,-0.4837634702775803
704_02_067_sort_pos_joh_02,2,-0.7077561698352032
704_02_067_sort_pos_joh_02,3,-0.6821034778600759
704_02_067_sort_pos_joh_02,4,-0.5354445958116358
704_02_067_sort_pos_joh_02,5,-0.5641648148599747
704_02_067_sort_pos_joh_02,6,0.3773799770704427
704_02_067_sort_pos_joh_02,7,0.23620399775368797
704_02_067_sort_pos_joh_02,8,1.1339192465641366
704_02_067_sort_pos_joh_02,9,0.7652272722103287
704_02_067_sort_pos_joh_02,10,0.25617098953093853
704_02_067_sort_pos_joh_03,0,-0.02367568619051868
704_02_067_sort_pos_joh_03,1,-0.02347909530214624
704_02_067_sort_pos_joh_03,2,-0.3087088030535027
704_02_067_sort_pos_joh_03,3,-0.3027562752275963
704_02_067_sort_pos_joh_03,4,0.6384615451861363
704_02_067_sort_pos_joh_03,5,0.3668960218550495
704_02_067_sort_pos_joh_03,6,0.7851726476990666
704_02_067_sort_pos_joh_03,7,0.3798894093783894
704_02_067_sort_pos_joh_03,8,-0.1566037752343355
704_02_067_sort_pos_joh_03,9,-0.6947604061745436
704_02_067_sort_pos_joh_03,10,-0.6886489218861427
704_02_067_sort_pos_joh_04,0,-0.5072516219867195
704_02_067_sort_pos_joh_04,1,-0.16210786927627502
704_02_067_sort_pos_joh_04,2,-0.5916918725192155
704_02_067_sort_pos_joh_04,3,0.04398168588964519
704_02_067_sort_pos_joh_04,4,0.04722512628792631
704_02_067_sort_pos_joh_04,5,0.3912158594714983
704_02_067_sort_pos_joh_04,6,0.11477313988032979
704_02_067_sort_pos_joh_04,7,-0.4363085953372797
704_02_067_sort_pos_joh_04,8,0.6678393442073931
704_02_067_sort_pos_joh_04,9,0.2474989752016766
704_02_067_sort_pos_joh_04,10,0.24693239916239737
704_02_067_sort_pos_joh_05,0,0.11192487090173123
704_02_067_sort_pos_joh_05,1,0.5698640494801915
704_02_067_sort_pos_joh_05,2,-0.11766893303104121
704_02_067_sort_pos_joh_05,3,0.11334184730150937
704_02_067_sort_pos_joh_05,4,-0.45714439920786065
704_02_067_sort_pos_joh_05,5,-0.11310194472053343
704_02_067_sort_pos_joh_05,6,-0.46013425710131645
704_02_067_sort_pos_joh_05,7,-0.33453010249741255
704_02_067_sort_pos_joh_05,8,0.9684959969581863
704_02_067_sort_pos_joh_05,9,0.11713401068825477
704_02_067_sort_pos_joh_05,10,-0.343099116243662
704_02_067_sort_pos_joh_06,0,0.7098281771887516
704_02_067_sort_pos_joh_06,1,0.28547759635178993
704_02_067_sort_pos_joh_06,2,-0.6790438640176063
704_02_067_sort_pos_joh_06,3,-0.8128175689001466
704_02_067_sort_pos_joh_06,4,-0.42399915200254384
704_02_067_sort_pos_joh_06,5,0.012481486523729195
704_02_067_sort_pos_joh_06,6,0.012254497076722114
704_02_067_sort_pos_joh_06,7,0.15075567228888173
704_02_067_sort_pos_joh_06,8,0.4134063256229276
704_02_067_sort_pos_joh_06,9,-0.12519577145903357
704_02_067_sort_pos_joh_06,10,0.45097439271569717
704_02_067_sort_pos_joh_07,0,-0.14345587617184544
704_02_067_sort_pos_joh_07,1,-0.14256057383714021
704_02_067_sort_pos_joh_07,2,0.08091133940627368
704_02_067_sort_pos_joh_07,3,-0.030537613694769414
704_02_067_sort_pos_joh_07,4,-0.2665766382044461
704_02_067_sort_pos_joh_07,5,-0.2531199475389729
704_02_067_sort_pos_joh_07,6,-0.47941715385265243
704_02_067_sort_pos_joh_07,7,-0.5920833847294626
704_02_067_sort_pos_joh_07,8,0.546430757221958
704_02_067_sort_pos_joh_07,9,0.7460455276473924
704_02_067_sort_pos_joh_07,10,0.7460455276473924
704_02_071_sort_pos_joh_01,0,-0.17315443754501877
704_02_071_sort_pos_joh_01,1,0.3055885105700522
704_02_071_sort_pos_joh_01,2,-0.4909151016788773
704_02_071_sort_pos_joh_01,3,-0.5299576268457612
704_02_071_sort_pos_joh_01,4,0.10207684174600666
704_02_071_sort_pos_joh_01,5,-0.37931852206945516
704_02_071_sort_pos_joh_01,6,-0.047122023598547697
704_02_071_sort_pos_joh_01,7,0.008603380106111495
704_02_071_sort_pos_joh_01,8,0.008415612449315471
704_02_071_sort_pos_joh_01,9,0.37361448741602804
704_02_071_sort_pos_joh_01,10,0.7998098750493136
704_02_071_sort_pos_joh_02,0,0.08651022195184047
704_02_071_sort_pos_joh_02,1,0.8354133626985372
704_02_071_sort_pos_joh_02,2,-0.22700745334900443
704_02_071_sort_pos_joh_02,3,-0.2228410094962583
704_02_071_sort_pos_joh_02,4,0.006787816756616612
704_02_071_sort_pos_joh_02,5,-0.4839135971652703
704_02_071_sort_pos_joh_02,6,-0.2535245466743606
704_02_071_sort_pos_joh_02,7,-0.48667296006335375
704_02_071_sort_pos_joh_02,8,0.5567027814350498
704_02_071_sort_pos_joh_02,9,0.04624870461826435
704_02_071_sort_pos_joh_02,10,0.23446045666528145
704_02_071_sort_pos_joh_03,0,-0.6991050251016161
704_02_071_sort_pos_joh_03,1,0.0
704_02_071_sort_pos_joh_03,2,0.842269178469469
704_02_071_sort_pos_joh_03,3,-0.2962173907235656
704_02_071_sort_pos_joh_03,4,0.5959747561603854
704_02_071_sort_pos_joh_03,5,0.7364796955539405
704_02_071_sort_pos_joh_03,6,-0.09685335377453363
704_02_071_sort_pos_joh_03,7,-0.29339419177389814
704_02_071_sort_pos_joh_03,8,0.4916400594564336
704_02_071_sort_pos_joh_03,9,-0.6889570062526795
704_02_071_sort_pos_joh_03,10,-0.4824747031388394
704_02_071_sort_pos_joh_04,0,0.11624763874381966
704_02_071_sort_pos_joh_04,1,0.39764594517565344
704_02_071_sort_pos_joh_04,2,0.11918282365569902
704_02_071_sort_pos_joh_04,3,-0.01173712153986661
704_02_071_sort_pos_joh_04,4,0.11720180773462385
704_02_071_sort_pos_joh_04,5,0.1135191522966253
704_02_071_sort_pos_joh_04,6,-0.5411484533748779
704_02_071_sort_pos_joh_04,7,-0.258263992846972
704_02_071_sort_pos_joh_04,8,0.23995690956687118
704_02_071_sort_pos_joh_04,9,-0.011111797045680353
704_02_071_sort_pos_joh_04,10,-0.25826399284697155
704_02_071_sort_pos_joh_05,0,0.1455492154082698
704_02_071_sort_pos_joh_05,1,-0.3427345437081799
704_02_071_sort_pos_joh_05,2,0.07386049029125454
704_02_071_sort_pos_joh_05,3,0.28395264765781897
704_02_071_sort_pos_joh_05,4,0.4341961669207774
704_02_071_sort_pos_joh_05,5,0.21306671212090336
704_02_071_sort_pos_joh_05,6,-0.762924213071564
704_02_071_sort_pos_joh_05,7,0.21773409582088793
704_02_071_sort_pos_joh_05,8,-0.19418562550115365
704_02_071_sort_pos_joh_05,9,0.28811250108492353
704_02_071_sort_pos_joh_05,10,-0.3258456027488482
704_02_071_sort_pos_joh_06,0,-0.5456110088932558
704_02_071_sort_pos_joh_06,1,0.056241683624820085
704_02_071_sort_pos_joh_06,2,0.7778788732195225
704_02_071_sort_pos_joh_06,3,0.5842618079480835
704_02_071_sort_pos_joh_06,4,-0.12120841118591374
704_02_071_sort_pos_joh_06,5,0.3257311709922281
704_02_071_sort_pos_joh_06,6,-0.20177482792770887
704_02_071_sort_pos_joh_06,7,0.05457602347049295
704_02_071_sort_pos_joh_06,8,0.05646079366942429
704_02_071_sort_pos_joh_06,9,-0.3876012664892073
704_02_071_sort_pos_joh_06,10,-0.5436329564281746
704_03_036_sort_pos_joh_01,0,-0.33687776242456086
704_03_036_sort_pos_joh_01,1,-0.4111518335151322
704_03_036_sort_pos_joh_01,2,0.9960329731911998
704_03_036_sort_pos_joh_01,3,0.4504516086781802
704_03_036_sort_pos_joh_01,4,0.08049522744528795
704_03_036_sort_pos_joh_01,5,0.4948905126364211
704_03_036_sort_pos_joh_01,6,-0.22281535715188405
704_03_036_sort_pos_joh_01,7,-0.4803844614152616
704_03_036_sort_pos_joh_01,8,-0.5533724414798133
704_03_036_sort_pos_joh_02,0,0.0977764258167921
704_03_036_sort_pos_joh_02,1,-0.236755291373533
704_03_036_sort_pos_joh_02,2,0.6246950475544242
704_03_036_sort_pos_joh_02,3,0.6488856845230501
704_03_036_sort_pos_joh_02,4,-0.07352146220938087
704_03_036_sort_pos_joh_02,5,-0.905700732137308
704_03_036_sort_pos_joh_02,6,-0.3971869795707653
704_03_036_sort_pos_joh_02,7,0.09279968166051783
704_03_036_sort_pos_joh_02,8,0.25819888974716093
704_03_036_sort_pos_joh_04,0,-0.32293418744292934
704_03_036_sort_pos_joh_04,1,-0.6276233002572174
704_03_036_sort_pos_joh_04,2,0.14927443131214796
704_03_036_sort_pos_joh_04,3,0.2377459417389391
704_03_036_sort_pos_joh_04,4,0.05109761303075915
704_03_036_sort_pos_joh_04,5,1.0356107385989037
704_03_036_sort_pos_joh_04,6,-0.041702882811415085
704_03_036_sort_pos_joh_04,7,-0.4327423224079157
704_03_036_sort_pos_joh_04,8,-0.041702882811415085
704_03_037_sort_pos_joh_01,0,-1.006993092190457
704_03_037_sort_pos_joh_01,1,0.5400900356611126
704_03_037_sort_pos_joh_01,2,0.09836847895653107
704_03_037_sort_pos_joh_01,3,-0.3253884503256233
704_03_037_sort_pos_joh_01,4,0.05604784792072388
704_03_037_sort_pos_joh_01,5,0.22493850178522812
704_03_037_sort_pos_joh_01,6,-0.07056733678302844
704_03_037_sort_pos_joh_01,7,-0.1521545344698736
704_03_037_sort_pos_joh_01,8,0.6220426112849056
704_03_038_sort_pos_joh_01,0,-0.9223416986128877
704_03_038_sort_pos_joh_01,1,-0.35071971387787726
704_03_038_sort_pos_joh_01,2,0.010341200809295476
704_03_038_sort_pos_joh_01,3,0.8569608078115043
704_03_038_sort_pos_joh_01,4,2.0326936747623816
704_03_038_sort_pos_joh_01,5,-0.5313032915570308
704_03_038_sort_pos_joh_01,6,-0.4294778451936668
704_03_038_sort_pos_joh_01,7,-0.16377223729208987
704_03_038_sort_pos_joh_01,8,-0.16487767789784968
704_03_038_sort_pos_joh_02,0,-1.1526342691731295
704_03_038_sort_pos_joh_02,1,-1.0038672573501342
704_03_038_sort_pos_joh_02,2,1.017364365002252
704_03_038_sort_pos_joh_02,3,0.5409846859441826
704_03_038_sort_pos_joh_02,4,0.05270845953791201
704_03_038_sort_pos_joh_02,5,1.6628470895388667
704_03_038_sort_pos_joh_02,6,0.13898419721632144
704_03_038_sort_pos_joh_02,7,-0.685518545577546
704_03_038_sort_pos_joh_02,8,-0.2605263518734583
704_03_067_sort_pos_joh_02,0,0.04220123102786374
704_03_067_sort_pos_joh_02,1,0.5432719738908336
704_03_067_sort_pos_joh_02,2,-0.15135356252254376
704_03_067_sort_pos_joh_02,3,-0.005304834509316612
704_03_067_sort_pos_joh_02,4,0.18912841261296515
704_03_067_sort_pos_joh_02,5,-0.005617002561760665
704_03_067_sort_pos_joh_02,6,-0.29517466945239895
704_03_067_sort_pos_joh_02,7,-0.1546418586321014
704_03_067_sort_pos_joh_02,8,-0.15815423362359893
704_03_067_sort_pos_joh_03,0,0.10102060488669755
704_03_067_sort_pos_joh_03,1,0.23084124795966937
704_03_067_sort_pos_joh_03,2,0.20516305847335353
704_03_067_sort_pos_joh_03,3,0.04996877926639059
704_03_067_sort_pos_joh_03,4,0.04912507507890729
704_03_067_sort_pos_joh_03,5,-0.13638896075258367
704_03_067_sort_pos_joh_03,6,-0.7953352372018243
704_03_067_sort_pos_joh_03,7,0.1772843872169557
704_03_067_sort_pos_joh_03,8,0.12578100937058154
704_03_067_sort_pos_joh_05,0,0.14484136487557975
704_03_067_sort_pos_joh_05,1,-0.07334546803186252
704_03_067_sort_pos_joh_05,2,0.5219522728896163
704_03_067_sort_pos_joh_05,3,0.7068348902312941
704_03_067_sort_pos_joh_05,4,0.3036198412068644
704_03_067_sort_pos_joh_05,5,-0.01895585582337138
704_03_067_sort_pos_joh_05,6,-0.30718781102948295
704_03_067_sort_pos_joh_05,7,-1.0548248432276668
704_03_067_sort_pos_joh_05,8,-0.29851115706299736
704_03_067_sort_pos_joh_07,0,-0.22894889904462865
704_03_067_sort_pos_joh_07,1,0.2212649020278383
704_03_067_sort_pos_joh_07,2,0.3092609442453747
704_03_067_sort_pos_joh_07,3,0.43726093827495666
704_03_067_sort_pos_joh_07,4,-0.3504383220252306
704_03_067_sort_pos_joh_07,5,0.09345386270319984
704_03_067_sort_pos_joh_07,6,0.5298513559449973
704_03_067_sort_pos_joh_07,7,-0.1163420083754434
704_03_067_sort_pos_joh_07,8,-0.8781170578894306
704_03_067_sort_pos_joh_08,0,-0.27820744203732856
704_03_067_sort_pos_joh_08,1,0.3676868194962051
704_03_067_sort_pos_joh_08,2,-0.1576099460484965
704_03_067_sort_pos_joh_08,3,0.23017413505937415
704_03_067_sort_pos_joh_08,4,-0.16081115180276948
704_03_067_sort_pos_joh_08,5,0.48141065102030917
704_03_067_sort_pos_joh_08,6,0.4861112733455066
704_03_067_sort_pos_joh_08,7,-0.028409549486357086
704_03_067_sort_pos_joh_08,8,-0.9290455523851006
704_04_013_sort_pos_joh_03,0,-0.48191874977215526
704_04_013_sort_pos_joh_03,1,-0.3354894804451572
704_04_013_sort_pos_joh_03,2,0.241871917120401
704_04_013_sort_pos_joh_03,3,0.5647703225572143
704_04_013_sort_pos_joh_03,4,-0.0458349248514104
704_04_013_sort_pos_joh_03,5,-0.48756642789572957
704_04_013_sort_pos_joh_03,6,0.10556496479481738
704_04_013_sort_pos_joh_03,7,0.8708635721768011
704_04_013_sort_pos_joh_03,8,0.10073245936768854
704_04_013_sort_pos_joh_03,9,-0.46608495846773934
704_04_036_sort_pos_joh_01,0,0.6391596708754653
704_04_036_sort_pos_joh_01,1,0.8342788871998692
704_04_036_sort_pos_joh_01,2,-0.10526818562897848
704_04_036_sort_pos_joh_01,3,-0.29650677486050053
704_04_036_sort_pos_joh_01,4,0.04369864448726599
704_04_036_sort_pos_joh_01,5,0.5107488921165658
704_04_036_sort_pos_joh_01,6,0.5136688714608696
704_04_036_sort_pos_joh_01,7,-0.635711314389097
704_04_036_sort_pos_joh_01,8,-1.197593459100817
704_04_036_sort_pos_joh_01,9,-0.32528362006622596
704_04_036_sort_pos_joh_02,0,0.09508728264112046
704_04_036_sort_pos_joh_02,1,-0.09009374626955581
704_04_036_sort_pos_joh_02,2,1.4087227424684945
704_04_036_sort_pos_joh_02,3,0.7223023004863719
704_04_036_sort_pos_joh_02,4,0.2744106499742258
704_04_036_sort_pos_joh_02,5,-0.09171610478088157
704_04_036_sort_pos_joh_02,6,-0.2756589232099856
704_04_036_sort_pos_joh_02,7,-0.6346873380646871
704_04_036_sort_pos_joh_02,8,-0.45223412830776355
704_04_036_sort_pos_joh_02,9,-0.6346873380646871
704_04_037_sort_pos_joh_03,0,-0.0327560891040208
704_04_037_sort_pos_joh_03,1,0.294646772012243
704_04_037_sort_pos_joh_03,2,0.6390391542964972
704_04_037_sort_pos_joh_03,3,0.3046038495400857
704_04_037_sort_pos_joh_03,4,0.5255745291770185
704_04_037_sort_pos_joh_03,5,-0.9458727846149951
704_04_037_sort_pos_joh_03,6,-0.7047138579747256
704_04_037_sort_pos_joh_03,7,0.18879567946357906
704_04_037_sort_pos_joh_03,8,-0.0350931203171797
704_04_037_sort_pos_joh_03,9,-0.2762476288629363
704_04_037_sort_pos_joh_04,0,0.08245670146886286
704_04_037_sort_pos_joh_04,1,0.874474632195206
704_04_037_sort_pos_joh_04,2,0.9626257417993139
704_04_037_sort_pos_joh_04,3,0.38199154760464304
704_04_037_sort_pos_joh_04,4,0.6119178499040259
704_04_037_sort_pos_joh_04,5,-0.6333128309952141
704_04_037_sort_pos_joh_04,6,-0.6262945776223711
704_04_037_sort_pos_joh_04,7,-1.0604308646380696
704_04_037_sort_pos_joh_04,8,-0.3182701289202375
704_04_037_sort_pos_joh_04,9,-0.12280111196910323
704_05_034_sort_pos_joh_04,0,-0.4166666666666666
704_05_034_sort_pos_joh_04,1,-0.34199089372477404
704_05_034_sort_pos_joh_04,2,-0.22439708538128555
704_05_034_sort_pos_joh_04,3,1.0350663614315712
704_05_034_sort_pos_joh_04,4,0.35917632659709964
704_05_034_sort_pos_joh_04,5,0.07155280147939326
704_05_034_sort_pos_joh_04,6,-0.4454354031873742
704_05_036_sort_pos_joh_01,0,0.1404769349989449
704_05_036_sort_pos_joh_01,1,-0.6210344279375829
704_05_036_sort_pos_joh_01,2,-0.7835861842584901
704_05_036_sort_pos_joh_01,3,-0.914590839316906
704_05_036_sort_pos_joh_01,4,1.1379648627163228
704_05_036_sort_pos_joh_01,5,0.7319488567651847
704_05_036_sort_pos_joh_01,6,0.5198105114019367
704_05_040_sort_pos_joh_01,0,1.1998905834625584
704_05_040_sort_pos_joh_01,1,-0.06069533512323736
704_05_040_sort_pos_joh_01,2,-0.5544368421553928
704_05_040_sort_pos_joh_01,3,-0.4822887183539276
704_05_040_sort_pos_joh_01,4,-0.06280046676155934
704_05_040_sort_pos_joh_01,5,-0.02788556932665755
704_05_040_sort_pos_joh_01,6,0.168563268166292
704_05_040_sort_pos_joh_02,0,0.5163977794943228
704_05_040_sort_pos_joh_02,1,0.14173667737846032
704_05_040_sort_pos_joh_02,2,-0.1276105106994551
704_05_040_sort_pos_joh_02,3,-0.23757056241593247
704_05_040_sort_pos_joh_02,4,0.08435870568636013
704_05_040_sort_pos_joh_02,5,-0.19541278749841257
704_05_040_sort_pos_joh_02,6,-0.13554102196449264
704_05_040_sort_pos_joh_04,0,0.29057308491685924
704_05_040_sort_pos_joh_04,1,-0.21566554640687732
704_05_040_sort_pos_joh_04,2,0.2977291710259148
704_05_040_sort_pos_joh_04,3,-0.4504233036389044
704_05_040_sort_pos_joh_04,4,0.4094757190613293
704_05_040_sort_pos_joh_04,5,-0.2156655464068766
704_05_040_sort_pos_joh_04,6,-0.0900499014719539
704_05_040_sort_pos_joh_05,0,0.9045340337332907
704_05_040_sort_pos_joh_05,1,-0.33186165579998594
704_05_040_sort_pos_joh_05,2,-0.33186165579998594
704_05_040_sort_pos_joh_05,3,-0.33186165579998594
704_05_040_sort_pos_joh_05,4,-0.33186165579998594
704_05_040_sort_pos_joh_05,5,0.1414213562373095
704_05_040_sort_pos_joh_05,6,0.6882472016116853
705_01_076_sort_pos_joh_01,0,0.07907830041119841
705_01_076_sort_pos_joh_01,1,-0.6505007143607657
705_01_076_sort_pos_joh_01,2,-0.6622800080133648
705_01_076_sort_pos_joh_01,3,-0.49246710704297986
705_01_076_sort_pos_joh_01,4,-0.2736193706365377
705_01_076_sort_pos_joh_01,5,-0.06258737596884768
705_01_076_sort_pos_joh_01,6,1.0845348853148968
705_01_076_sort_pos_joh_01,7,1.119745299846303
705_01_076_sort_pos_joh_02,0,-0.38138503569823695
705_01_076_sort_pos_joh_02,1,0.4618802153517005
705_01_076_sort_pos_joh_02,2,1.5622669317698858
705_01_076_sort_pos_joh_02,3,-0.38138503569823695
705_01_076_sort_pos_joh_02,4,-7.170253597399131e-17
705_01_076_sort_pos_joh_02,5,-7.170253597399131e-17
705_01_076_sort_pos_joh_02,6,-0.38138503569823695
705_01_076_sort_pos_joh_02,7,-0.38138503569823695
705_01_076_sort_pos_joh_03,0,-0.16426031247063638
705_01_076_sort_pos_joh_03,1,0.5564866749122022
705_01_076_sort_pos_joh_03,2,0.18107149208503706
705_01_076_sort_pos_joh_03,3,-0.48507125007266594
705_01_076_sort_pos_joh_03,4,-0.48507125007266594
705_01_076_sort_pos_joh_03,5,-0.16426031247063635
705_01_076_sort_pos_joh_03,6,0.556486674912202
705_01_076_sort_pos_joh_03,7,0.16724840200141813
706_01_001_sort_pos_joh_01,0,-0.8958129223056346
706_01_001_sort_pos_joh_01,1,-0.8311502199877191
706_01_001_sort_pos_joh_01,2,-0.3724221277172903
706_01_001_sort_pos_joh_01,3,-0.12385756623161316
706_01_001_sort_pos_joh_01,4,0.16962422738696253
706_01_001_sort_pos_joh_01,5,0.3433832416642285
706_01_001_sort_pos_joh_01,6,-0.5231825339171524
706_01_001_sort_pos_joh_01,7,-0.546212074541938
706_01_001_sort_pos_joh_01,8,1.2881562677314409
706_01_001_sort_pos_joh_01,9,1.4906288286818945
706_01_001_sort_pos_joh_01,10,0.27532029309988143
706_01_001_sort_pos_joh_02,0,-0.8128124661100765
706_01_001_sort_pos_joh_02,1,-0.2321122987349511
706_01_001_sort_pos_joh_02,2,0.7952529748631573
706_01_001_sort_pos_joh_02,3,0.9792981452491298
706_01_001_sort_pos_joh_02,4,0.7519325967357235
706_01_001_sort_pos_joh_02,5,0.2864223767276439
706_01_001_sort_pos_joh_02,6,-0.4094757860467321
706_01_001_sort_pos_joh_02,7,-1.2649625096335655
706_01_001_sort_pos_joh_02,8,0.1497101111931617
706_01_001_sort_pos_joh_02,9,0.11172931725491926
706_01_001_sort_pos_joh_02,10,-0.4611011226486789
706_01_001_sort_pos_joh_03,0,-0.10622103597252167
706_01_001_sort_pos_joh_03,1,-0.5653660285487095
706_01_001_sort_pos_joh_03,2,-0.6280661344411507
706_01_001_sort_pos_joh_03,3,-0.9875442336315796
706_01_001_sort_pos_joh_03,4,0.025893357716831808
706_01_001_sort_pos_joh_03,5,0.22512897426063563
706_01_001_sort_pos_joh_03,6,0.0886426366068848
706_01_001_sort_pos_joh_03,7,-0.04090071881140763
706_01_001_sort_pos_joh_03,8,0.2246305515077406
706_01_001_sort_pos_joh_03,9,0.9250773418436637
706_01_001_sort_pos_joh_03,10,0.9207122008577305
706_01_001_sort_pos_joh_04,0,-0.15075567228888206
706_01_001_sort_pos_joh_04,1,-0.6292464030739823
706_01_001_sort_pos_joh_04,2,-0.032947145752237283
706_01_001_sort_pos_joh_04,3,-0.1528982099156815
706_01_001_sort_pos_joh_04,4,0.22118457957315635
706_01_001_sort_pos_joh_04,5,0.20658276621108793
706_01_001_sort_pos_joh_04,6,0.4613152374706178
706_01_001_sort_pos_joh_04,7,-0.4096202027643265
706_01_001_sort_pos_joh_04,8,0.7240422784442716
706_01_001_sort_pos_joh_04,9,0.20957723713084164
706_01_001_sort_pos_joh_04,10,-0.3890130507663093
706_01_002_sort_pos_joh_01,0,-0.7562449037944322
706_01_002_sort_pos_joh_01,1,0.045061991383244966
706_01_002_sort_pos_joh_01,2,0.39405010946629504
706_01_002_sort_pos_joh_01,3,-0.09442556769412097
706_01_002_sort_pos_joh_01,4,-0.5108707289584242
706_01_002_sort_pos_joh_01,5,0.11339834212835692
706_01_002_sort_pos_joh_01,6,-0.3071878110294825
706_01_002_sort_pos_joh_01,7,-0.5844834672378081
706_01_002_sort_pos_joh_01,8,0.4124543672490851
706_01_002_sort_pos_joh_01,9,1.0449479680587563
706_01_002_sort_pos_joh_01,10,0.2452557357939861
706_01_002_sort_pos_joh_02,0,-0.3307907078519828
706_01_002_sort_pos_joh_02,1,0.2795084971874739
706_01_002_sort_pos_joh_02,2,0.2795084971874739
706_01_002_sort_pos_joh_02,3,1.0811798054391772
706_01_002_sort_pos_joh_02,4,0.6222392934932577
706_01_002_sort_pos_joh_02,5,-0.027745683280893323
706_01_002_sort_pos_joh_02,6,-0.6304328113898696
706_01_002_sort_pos_joh_02,7,-0.6304328113898696
706_01_002_sort_pos_joh_02,8,-0.6304328113898696
706_01_002_sort_pos_joh_02,9,-0.027745683280893208
706_01_002_sort_pos_joh_02,10,0.2795084971874739
706_01_002_sort_pos_joh_04,0,-0.2515773027133138
706_01_002_sort_pos_joh_04,1,-0.2515773027133138
706_01_002_sort_pos_joh_04,2,-0.2515773027133138
706_01_002_sort_pos_joh_04,3,0.32349831961031517
706_01_002_sort_pos_joh_04,4,0.32349831961031517
706_01_002_sort_pos_joh_04,5,-0.2515773027133138
706_01_002_sort_pos_joh_04,6,-0.2515773027133138
706_01_002_sort_pos_joh_04,7,2.5997347344787265
706_01_002_sort_pos_joh_04,8,-0.2515773027133138
706_01_002_sort_pos_joh_04,9,-0.2515773027133138
706_01_002_sort_pos_joh_04,10,-0.2515773027133138
706_01_003_sort_pos_joh_01,0,-0.16988239714587572
706_01_003_sort_pos_joh_01,1,-0.0757963607578563
706_01_003_sort_pos_joh_01,2,-0.6489919609142596
706_01_003_sort_pos_joh_01,3,-0.6640809649645325
706_01_003_sort_pos_joh_01,4,0.10951470681997215
706_01_003_sort_pos_joh_01,5,0.20137516528896074
706_01_003_sort_pos_joh_01,6,-0.1698823971458754
706_01_003_sort_pos_joh_01,7,-0.28660734982210273
706_01_003_sort_pos_joh_01,8,-0.17775144618054026
706_01_003_sort_pos_joh_01,9,0.7809864013132011
706_01_003_sort_pos_joh_01,10,1.1005417112867475
706_01_003_sort_pos_joh_02,0,-0.7844108073147406
706_01_003_sort_pos_joh_02,1,-0.7844108073147406
706_01_003_sort_pos_joh_02,2,-0.6933837924667092
706_01_003_sort_pos_joh_02,3,-0.8153074639610197
706_01_003_sort_pos_joh_02,4,-0.6035119945029037
706_01_003_sort_pos_joh_02,5,-0.14291426141521893
706_01_003_sort_pos_joh_02,6,1.159619412780474
706_01_003_sort_pos_joh_02,7,3.0505050429484926
706_01_003_sort_pos_joh_02,8,0.7277872027457865
706_01_003_sort_pos_joh_02,9,-0.0523316402867914
706_01_003_sort_pos_joh_02,10,-0.19583179962578479
706_01_003_sort_pos_joh_04,0,-0.6815244618305828
706_01_003_sort_pos_joh_04,1,-0.6815244618305828
706_01_003_sort_pos_joh_04,2,-0.5584871552920571
706_01_003_sort_pos_joh_04,3,-0.5584871552920571
706_01_003_sort_pos_joh_04,4,-0.5584871552920571
706_01_003_sort_pos_joh_04,5,0.04432422071779354
706_01_003_sort_pos_joh_04,6,0.9586637990406122
706_01_003_sort_pos_joh_04,7,1.9187310031425409
706_01_003_sort_pos_joh_04,8,1.068323955247147
706_01_003_sort_pos_joh_04,9,0.04400123205174652
706_01_003_sort_pos_joh_04,10,-0.43958698226385806
706_01_005_sort_pos_joh_01,0,-0.2023883323274996
706_01_005_sort_pos_joh_01,1,0.42054111040450437
706_01_005_sort_pos_joh_01,2,0.4456342606241901
706_01_005_sort_pos_joh_01,3,-0.012228082538642196
706_01_005_sort_pos_joh_01,4,-0.4484555113794352
706_01_005_sort_pos_joh_01,5,-0.8118694520877557
706_01_005_sort_pos_joh_01,6,-0.9984258156316371
706_01_005_sort_pos_joh_01,7,-0.6399877241678769
706_01_005_sort_pos_joh_01,8,0.8675895977710961
706_01_005_sort_pos_joh_01,9,1.1355260125702886
706_01_005_sort_pos_joh_01,10,0.4020658952048663
706_01_005_sort_pos_joh_02,0,-0.6282642391460916
706_01_005_sort_pos_joh_02,1,-0.5244727192503175
706_01_005_sort_pos_joh_02,2,0.319881046147074
706_01_005_sort_pos_joh_02,3,0.19324698792024925
706_01_005_sort_pos_joh_02,4,1.362770287738494
706_01_005_sort_pos_joh_02,5,0.195976600339204
706_01_005_sort_pos_joh_02,6,-0.6240329805036243
706_01_005_sort_pos_joh_02,7,-0.2733965759638985
706_01_005_sort_pos_joh_02,8,-0.38720642289425694
706_01_005_sort_pos_joh_02,9,0.07578758512345035
706_01_005_sort_pos_joh_02,10,0.43437224276306985
706_01_005_sort_pos_joh_03,0,-0.2534897002097912
706_01_005_sort_pos_joh_03,1,-0.2534897002097912
706_01_005_sort_pos_joh_03,2,0.09627458157085193
706_01_005_sort_pos_joh_03,3,0.8866586276648858
706_01_005_sort_pos_joh_03,4,0.8866586276648858
706_01_005_sort_pos_joh_03,5,0.09627458157085193
706_01_005_sort_pos_joh_03,6,-0.25348970020979117
706_01_005_sort_pos_joh_03,7,-0.2534897002097912
706_01_005_sort_pos_joh_03,8,-0.5952049151928067
706_01_005_sort_pos_joh_03,9,-0.2534897002097912
706_01_005_sort_pos_joh_03,10,0.09627458157085193
706_01_005_sort_pos_joh_12,0,-0.1301889109808238
706_01_005_sort_pos_joh_12,1,-0.1301889109808238
706_01_005_sort_pos_joh_12,2,inf
706_01_005_sort_pos_joh_12,3,-0.1301889109808238
706_01_005_sort_pos_joh_12,4,-0.1301889109808238
706_01_005_sort_pos_joh_12,5,-0.1301889109808238
706_01_005_sort_pos_joh_12,6,-0.1301889109808238
706_01_005_sort_pos_joh_12,7,-0.1301889109808238
706_01_005_sort_pos_joh_12,8,-0.1301889109808238
706_01_005_sort_pos_joh_12,9,-0.1301889109808238
706_01_005_sort_pos_joh_12,10,-0.1301889109808238
706_01_006_sort_pos_joh_01,0,-0.9723758093313224
706_01_006_sort_pos_joh_01,1,-0.951959940982504
706_01_006_sort_pos_joh_01,2,-0.9448568830914277
706_01_006_sort_pos_joh_01,3,-0.8268960039161796
706_01_006_sort_pos_joh_01,4,-0.3973457951822791
706_01_006_sort_pos_joh_01,5,0.25256428552226723
706_01_006_sort_pos_joh_01,6,0.9516112532528119
706_01_006_sort_pos_joh_01,7,1.5107451617385945
706_01_006_sort_pos_joh_01,8,1.305875469016988
706_01_006_sort_pos_joh_01,9,0.30000695824989093
706_01_006_sort_pos_joh_01,10,0.016654821784966634
706_01_006_sort_pos_joh_02,0,-0.4016096644512494
706_01_006_sort_pos_joh_02,1,-0.4016096644512494
706_01_006_sort_pos_joh_02,2,0.041558581746169054
706_01_006_sort_pos_joh_02,3,0.041558581746169054
706_01_006_sort_pos_joh_02,4,0.041558581746169054
706_01_006_sort_pos_joh_02,5,-0.4016096644512494
706_01_006_sort_pos_joh_02,6,1.0379754695350059
706_01_006_sort_pos_joh_02,7,0.5883484054145519
706_01_006_sort_pos_joh_02,8,0.041558581746169096
706_01_006_sort_pos_joh_02,9,0.041558581746169096
706_01_006_sort_pos_joh_02,10,-0.4016096644512494
706_01_006_sort_pos_joh_03,0,0.046676002800933626
706_01_006_sort_pos_joh_03,1,-0.4472135954999579
706_01_006_sort_pos_joh_03,2,-0.4472135954999579
706_01_006_sort_pos_joh_03,3,-0.4472135954999579
706_01_006_sort_pos_joh_03,4,-0.4472135954999579
706_01_006_sort_pos_joh_03,5,0.046676002800933626
706_01_006_sort_pos_joh_03,6,0.046676002800933626
706_01_006_sort_pos_joh_03,7,0.046676002800933626
706_01_006_sort_pos_joh_03,8,0.588348405414552
706_01_006_sort_pos_joh_03,9,1.19410050279768
706_01_006_sort_pos_joh_03,10,0.04667600280093372
706_01_006_sort_pos_joh_04,0,-0.29914363915207004
706_01_006_sort_pos_joh_04,1,-0.40459498844778113
706_01_006_sort_pos_joh_04,2,-0.6215056977433301
706_01_006_sort_pos_joh_04,3,-0.19444069369563396
706_01_006_sort_pos_joh_04,4,-0.40686673560336756
706_01_006_sort_pos_joh_04,5,-0.5154871375039184
706_01_006_sort_pos_joh_04,6,0.6695041077475257
706_01_006_sort_pos_joh_04,7,4.110284435228175
706_01_006_sort_pos_joh_04,8,0.01952172023607572
706_01_006_sort_pos_joh_04,9,-0.29914363915207004
706_01_006_sort_pos_joh_04,10,-0.30082912702877596
706_01_006_sort_pos_joh_05,0,0.9045340337332909
706_01_006_sort_pos_joh_05,1,0.1898315991504997
706_01_006_sort_pos_joh_05,2,-0.31590557768456695
706_01_006_sort_pos_joh_05,3,-0.31590557768456695
706_01_006_sort_pos_joh_05,4,-0.31590557768456695
706_01_006_sort_pos_joh_05,5,-0.31590557768456695
706_01_006_sort_pos_joh_05,6,0.7547319081399416
706_01_006_sort_pos_joh_05,7,-0.31590557768456695
706_01_006_sort_pos_joh_05,8,-0.31590557768456695
706_01_006_sort_pos_joh_05,9,0.1898315991504997
706_01_006_sort_pos_joh_05,10,0.18983159915049977
706_01_008_sort_pos_joh_01,0,-0.6336854786668168
706_01_008_sort_pos_joh_01,1,-0.3838282337826483
706_01_008_sort_pos_joh_01,2,-0.3838282337826483
706_01_008_sort_pos_joh_01,3,-0.6336854786668168
706_01_008_sort_pos_joh_01,4,0.3419418079503201
706_01_008_sort_pos_joh_01,5,0.09762444880194114
706_01_008_sort_pos_joh_01,6,0.3470463341397725
706_01_008_sort_pos_joh_01,7,-0.02159671063953396
706_01_008_sort_pos_joh_01,8,0.21795857001338603
706_01_008_sort_pos_joh_01,9,0.8583348433681821
706_01_008_sort_pos_joh_01,10,0.21344340364687897
706_01_008_sort_pos_joh_02,0,-0.035828718195000935
706_01_008_sort_pos_joh_02,1,-0.420084025208403
706_01_008_sort_pos_joh_02,2,-0.420084025208403
706_01_008_sort_pos_joh_02,3,-0.035828718195000935
706_01_008_sort_pos_joh_02,4,0.40160966445124924
706_01_008_sort_pos_joh_02,5,-0.035828718195000935
706_01_008_sort_pos_joh_02,6,0.8727302166695521
706_01_008_sort_pos_joh_02,7,-0.035828718195000935
706_01_008_sort_pos_joh_02,8,-0.035828718195000935
706_01_008_sort_pos_joh_02,9,-0.035828718195000935
706_01_008_sort_pos_joh_02,10,-0.035828718195000935
706_01_008_sort_pos_joh_03,0,-0.2534897002097912
706_01_008_sort_pos_joh_03,1,-0.2534897002097912
706_01_008_sort_pos_joh_03,2,-0.2534897002097912
706_01_008_sort_pos_joh_03,3,-0.2534897002097912
706_01_008_sort_pos_joh_03,4,0.48771311000413237
706_01_008_sort_pos_joh_03,5,0.4556611884328836
706_01_008_sort_pos_joh_03,6,-0.5952049151928067
706_01_008_sort_pos_joh_03,7,0.09627458157085186
706_01_008_sort_pos_joh_03,8,0.8866586276648858
706_01_008_sort_pos_joh_03,9,0.09627458157085193
706_01_008_sort_pos_joh_03,10,-0.2534897002097913
706_01_009_sort_pos_joh_01,0,-0.42514310990229925
706_01_009_sort_pos_joh_01,1,-0.3428921336357057
706_01_009_sort_pos_joh_01,2,-0.42251860963266724
706_01_009_sort_pos_joh_01,3,-0.42382476538780084
706_01_009_sort_pos_joh_01,4,-0.8300188538279859
706_01_009_sort_pos_joh_01,5,-0.5010235425246344
706_01_009_sort_pos_joh_01,6,-0.10804236090984258
706_01_009_sort_pos_joh_01,7,1.9839898489468553
706_01_009_sort_pos_joh_01,8,1.7428671300567253
706_01_009_sort_pos_joh_01,9,0.2885249003225538
706_01_009_sort_pos_joh_01,10,-0.33978522451300647
706_01_009_sort_pos_joh_02,0,0.6036031327292745
706_01_009_sort_pos_joh_02,1,0.5752896115588901
706_01_009_sort_pos_joh_02,2,-0.29061619210643214
706_01_009_sort_pos_joh_02,3,-0.7977240352174658
706_01_009_sort_pos_joh_02,4,-1.0683239552471469
706_01_009_sort_pos_joh_02,5,0.3553804152249452
706_01_009_sort_pos_joh_02,6,-0.29281953063977717
706_01_009_sort_pos_joh_02,7,0.3375975161906077
706_01_009_sort_pos_joh_02,8,0.8502754786744453
706_01_009_sort_pos_joh_02,9,0.08153326507837155
706_01_009_sort_pos_joh_02,10,-0.2973808570665904
706_01_009_sort_pos_joh_03,0,-0.13018891098082383
706_01_009_sort_pos_joh_03,1,-0.13018891098082383
706_01_009_sort_pos_joh_03,2,-0.13018891098082383
706_01_009_sort_pos_joh_03,3,-0.13018891098082383
706_01_009_sort_pos_joh_03,4,-0.13018891098082383
706_01_009_sort_pos_joh_03,5,-0.13018891098082383
706_01_009_sort_pos_joh_03,6,-0.13018891098082383
706_01_009_sort_pos_joh_03,7,-0.13018891098082383
706_01_009_sort_pos_joh_03,8,inf
706_01_009_sort_pos_joh_03,9,-0.13018891098082383
706_01_009_sort_pos_joh_03,10,-0.13018891098082383
706_01_009_sort_pos_joh_04,0,0.05205792062953531
706_01_009_sort_pos_joh_04,1,0.05205792062953531
706_01_009_sort_pos_joh_04,2,0.05205792062953531
706_01_009_sort_pos_joh_04,3,-0.512989176042577
706_01_009_sort_pos_joh_04,4,-0.512989176042577
706_01_009_sort_pos_joh_04,5,0.054312544659356796
706_01_009_sort_pos_joh_04,6,0.05205792062953531
706_01_009_sort_pos_joh_04,7,1.087922276280366
706_01_009_sort_pos_joh_04,8,0.356331589046448
706_01_009_sort_pos_joh_04,9,0.05431254465935673
706_01_009_sort_pos_joh_04,10,-0.512989176042577
706_01_010_sort_pos_joh_01,0,-0.2544058434866621
706_01_010_sort_pos_joh_01,1,-0.2567240574233087
706_01_010_sort_pos_joh_01,2,-0.5601120336112042
706_01_010_sort_pos_joh_01,3,-0.32580022757058014
706_01_010_sort_pos_joh_01,4,-0.3258002275705802
706_01_010_sort_pos_joh_01,5,0.291824186269366
706_01_010_sort_pos_joh_01,6,-0.4160299037805807
706_01_010_sort_pos_joh_01,7,-0.8274226066958227
706_01_010_sort_pos_joh_01,8,0.526907308838165
706_01_010_sort_pos_joh_01,9,1.3342872284284135
706_01_010_sort_pos_joh_01,10,0.9443772751137225
706_01_010_sort_pos_joh_02,0,-0.2039118475715462
706_01_010_sort_pos_joh_02,1,0.13429207470100288
706_01_010_sort_pos_joh_02,2,-0.41472506540501625
706_01_010_sort_pos_joh_02,3,0.23995201439520172
706_01_010_sort_pos_joh_02,4,-0.19668431441216494
706_01_010_sort_pos_joh_02,5,0.24438955514938354
706_01_010_sort_pos_joh_02,6,-0.2039118475715462
706_01_010_sort_pos_joh_02,7,-0.9873828427975434
706_01_010_sort_pos_joh_02,8,0.3603272374814488
706_01_010_sort_pos_joh_02,9,0.8300169502868903
706_01_010_sort_pos_joh_02,10,0.24140422866797043
706_01_010_sort_pos_joh_03,0,0.0259587065825582
706_01_010_sort_pos_joh_03,1,0.17232530645795083
706_01_010_sort_pos_joh_03,2,-0.11678467239762848
706_01_010_sort_pos_joh_03,3,0.3289214668121058
706_01_010_sort_pos_joh_03,4,0.48559618754974715
706_01_010_sort_pos_joh_03,5,-0.12181084679142165
706_01_010_sort_pos_joh_03,6,-0.8488929745236653
706_01_010_sort_pos_joh_03,7,0.02649994700015917
706_01_010_sort_pos_joh_03,8,0.6112181039706445
706_01_010_sort_pos_joh_03,9,0.025700233102171517
706_01_010_sort_pos_joh_03,10,-0.5451328382337234
706_01_010_sort_pos_joh_04,0,0.10132591204497188
706_01_010_sort_pos_joh_04,1,0.3318959254580089
706_01_010_sort_pos_joh_04,2,-0.55821655598023
706_01_010_sort_pos_joh_04,3,-0.7801560468156055
706_01_010_sort_pos_joh_04,4,1.1364658372546474
706_01_010_sort_pos_joh_04,5,0.3236453576250938
706_01_010_sort_pos_joh_04,6,-0.11895773785772155
706_01_010_sort_pos_joh_04,7,-0.11895773785772155
706_01_010_sort_pos_joh_04,8,0.5742082035798033
706_01_010_sort_pos_joh_04,9,-0.12186666955535806
706_01_010_sort_pos_joh_04,10,-0.55821655598023
706_01_011_sort_pos_joh_01,0,0.15120304075022126
706_01_011_sort_pos_joh_01,1,0.3243581787547608
706_01_011_sort_pos_joh_01,2,-0.018034829073421584
706_01_011_sort_pos_joh_01,3,-0.587265611965086
706_01_011_sort_pos_joh_01,4,-0.8289617203756302
706_01_011_sort_pos_joh_01,5,-0.35935312538675473
706_01_011_sort_pos_joh_01,6,-0.1972461553625735
706_01_011_sort_pos_joh_01,7,0.3557876364134267
706_01_011_sort_pos_joh_01,8,0.010603553634227486
706_01_011_sort_pos_joh_01,9,0.1655195493235094
706_01_011_sort_pos_joh_01,10,1.1275646522712703
706_01_011_sort_pos_joh_02,0,0.2835339499123272
706_01_011_sort_pos_joh_02,1,0.3348377264352525
706_01_011_sort_pos_joh_02,2,0.03182771841048794
706_01_011_sort_pos_joh_02,3,-0.1686511401701028
706_01_011_sort_pos_joh_02,4,-0.4730397831415268
706_01_011_sort_pos_joh_02,5,0.13923814533787224
706_01_011_sort_pos_joh_02,6,1.2580044708959455
706_01_011_sort_pos_joh_02,7,-0.42258782628681646
706_01_011_sort_pos_joh_02,8,-0.223519502490845
706_01_011_sort_pos_joh_02,9,-0.223519502490845
706_01_011_sort_pos_joh_02,10,-0.01852884697206364
706_01_011_sort_pos_joh_03,0,-0.17191697704299982
706_01_011_sort_pos_joh_03,1,0.6115928396627266
706_01_011_sort_pos_joh_03,2,0.2560448533941108
706_01_011_sort_pos_joh_03,3,-0.17191697704299982
706_01_011_sort_pos_joh_03,4,-0.34522813815297326
706_01_011_sort_pos_joh_03,5,-0.17929487582567233
706_01_011_sort_pos_joh_03,6,0.9535969333632891
706_01_011_sort_pos_joh_03,7,0.18074121447271316
706_01_011_sort_pos_joh_03,8,-0.5162555799103252
706_01_011_sort_pos_joh_03,9,-0.34911839898477887
706_01_011_sort_pos_joh_03,10,0.0
706_01_011_sort_pos_joh_05,0,-0.16622839536170145
706_01_011_sort_pos_joh_05,1,0.16855392307030465
706_01_011_sort_pos_joh_05,2,0.3497796504118912
706_01_011_sort_pos_joh_05,3,0.17097986583342376
706_01_011_sort_pos_joh_05,4,0.17097986583342376
706_01_011_sort_pos_joh_05,5,0.6902013856519744
706_01_011_sort_pos_joh_05,6,0.3497796504118913
706_01_011_sort_pos_joh_05,7,-1.2848334892853077e-16
706_01_011_sort_pos_joh_05,8,-0.17351366455989053
706_01_011_sort_pos_joh_05,9,-0.5061373505708776
706_01_011_sort_pos_joh_05,10,-1.022794950166677
706_01_012_sort_pos_joh_01,0,0.13171646425642425
706_01_012_sort_pos_joh_01,1,0.41312539427597245
706_01_012_sort_pos_joh_01,2,-0.005974116458040396
706_01_012_sort_pos_joh_01,3,0.26519473827879114
706_01_012_sort_pos_joh_01,4,0.9224669680941695
706_01_012_sort_pos_joh_01,5,0.5652330610655348
706_01_012_sort_pos_joh_01,6,-0.4858328102887579
706_01_012_sort_pos_joh_01,7,0.06476597001885452
706_01_012_sort_pos_joh_01,8,-0.756961328421467
706_01_012_sort_pos_joh_01,9,-0.5434614166124707
706_01_012_sort_pos_joh_01,10,-0.47176652310926287
706_01_012_sort_pos_joh_02,0,0.2733394076098839
706_01_012_sort_pos_joh_02,1,-0.28235376090116454
706_01_012_sort_pos_joh_02,2,-0.6389082451435227
706_01_012_sort_pos_joh_02,3,-0.2381861063480047
706_01_012_sort_pos_joh_02,4,-0.16777012183544546
706_01_012_sort_pos_joh_02,5,0.1608339164168806
706_01_012_sort_pos_joh_02,6,-0.7179641632608074
706_01_012_sort_pos_joh_02,7,-0.5015413760717918
706_01_012_sort_pos_joh_02,8,0.01707419663632951
706_01_012_sort_pos_joh_02,9,1.0266674145793637
706_01_012_sort_pos_joh_02,10,1.2226358799080348
706_01_012_sort_pos_joh_03,0,0.07255956013076817
706_01_012_sort_pos_joh_03,1,-0.6346857160854446
706_01_012_sort_pos_joh_03,2,-0.029688422140063064
706_01_012_sort_pos_joh_03,3,-0.02737358452287849
706_01_012_sort_pos_joh_03,4,0.8659504978115633
706_01_012_sort_pos_joh_03,5,0.6025742963623145
706_01_012_sort_pos_joh_03,6,0.6025742963623145
706_01_012_sort_pos_joh_03,7,0.17216615709083455
706_01_012_sort_pos_joh_03,8,-0.13407108198891596
706_01_012_sort_pos_joh_03,9,-0.952979743258718
706_01_012_sort_pos_joh_03,10,-0.42885282419176246
706_01_012_sort_pos_joh_04,0,0.37159094095552986
706_01_012_sort_pos_joh_04,1,0.48284137793129583
706_01_012_sort_pos_joh_04,2,-0.6298897789321866
706_01_012_sort_pos_joh_04,3,0.11485909688484915
706_01_012_sort_pos_joh_04,4,-0.01133804337900618
706_01_012_sort_pos_joh_04,5,0.4981511920285318
706_01_012_sort_pos_joh_04,6,-0.1353881047219572
706_01_012_sort_pos_joh_04,7,-0.3888826592409259
706_01_012_sort_pos_joh_04,8,-0.3829178477597085
706_01_012_sort_pos_joh_04,9,-0.2622626410447948
706_01_012_sort_pos_joh_04,10,0.3809523809523809
706_01_012_sort_pos_joh_05,0,-0.6446217314421676
706_01_012_sort_pos_joh_05,1,-0.9654944418665657
706_01_012_sort_pos_joh_05,2,0.048623563858572694
706_01_012_sort_pos_joh_05,3,0.4442589744372407
706_01_012_sort_pos_joh_05,4,-0.09912726196809711
706_01_012_sort_pos_joh_05,5,-0.8471083151455925
706_01_012_sort_pos_joh_05,6,0.049928356756677734
706_01_012_sort_pos_joh_05,7,0.36245429204825313
706_01_012_sort_pos_joh_05,8,0.30079654969277525
706_01_012_sort_pos_joh_05,9,0.9311488691721145
706_01_012_sort_pos_joh_05,10,0.4437231737545109
706_01_012_sort_pos_joh_06,0,1.3913684887681161
706_01_012_sort_pos_joh_06,1,0.6968491854528467
706_01_012_sort_pos_joh_06,2,-0.48746667822143264
706_01_012_sort_pos_joh_06,3,-0.26475535141183226
706_01_012_sort_pos_joh_06,4,-0.040858892322271856
706_01_012_sort_pos_joh_06,5,-0.040858892322271856
706_01_012_sort_pos_joh_06,6,0.6968491854528467
706_01_012_sort_pos_joh_06,7,-0.4874666782214326
706_01_012_sort_pos_joh_06,8,-0.2647553514118324
706_01_012_sort_pos_joh_06,9,-0.2647553514118324
706_01_012_sort_pos_joh_06,10,-0.4874666782214326
706_01_014_sort_pos_joh_01,0,0.03709815430144278
706_01_014_sort_pos_joh_01,1,0.525148503585299
706_01_014_sort_pos_joh_01,2,0.9499226678587587
706_01_014_sort_pos_joh_01,3,0.6994062943954745
706_01_014_sort_pos_joh_01,4,0.560883753308452
706_01_014_sort_pos_joh_01,5,0.28295246601888796
706_01_014_sort_pos_joh_01,6,0.39934778166423296
706_01_014_sort_pos_joh_01,7,0.1977557686304192
706_01_014_sort_pos_joh_01,8,-1.282031206508509
706_01_014_sort_pos_joh_01,9,-1.1968206731454052
706_01_014_sort_pos_joh_01,10,-1.351071738888502
706_01_014_sort_pos_joh_03,0,-0.4416596143307249
706_01_014_sort_pos_joh_03,1,-0.4416596143307249
706_01_014_sort_pos_joh_03,2,-0.03831383253469934
706_01_014_sort_pos_joh_03,3,0.6760662577400468
706_01_014_sort_pos_joh_03,4,-0.30151134457776363
706_01_014_sort_pos_joh_03,5,0.09761906491267604
706_01_014_sort_pos_joh_03,6,0.3670565881742975
706_01_014_sort_pos_joh_03,7,0.10130641191738106
706_01_014_sort_pos_joh_03,8,-0.03723620821979866
706_01_014_sort_pos_joh_03,9,0.5320190631447517
706_01_014_sort_pos_joh_03,10,-0.4585336219014009
706_01_016_sort_pos_joh_01,0,0.22190794937055466
706_01_016_sort_pos_joh_01,1,0.3975899574498059
706_01_016_sort_pos_joh_01,2,-0.07829555310664321
706_01_016_sort_pos_joh_01,3,0.04533113510640171
706_01_016_sort_pos_joh_01,4,0.6342348799813325
706_01_016_sort_pos_joh_01,5,0.41876656219178804
706_01_016_sort_pos_joh_01,6,-0.12150886364732486
706_01_016_sort_pos_joh_01,7,-0.2805134754848941
706_01_016_sort_pos_joh_01,8,-0.5720635575461065
706_01_016_sort_pos_joh_01,9,-0.37890121734323495
706_01_016_sort_pos_joh_01,10,-0.25363741358753494
706_01_016_sort_pos_joh_02,0,0.3222427308743721
706_01_016_sort_pos_joh_02,1,0.3095522724585953
706_01_016_sort_pos_joh_02,2,-0.07660531202183488
706_01_016_sort_pos_joh_02,3,-0.5515357451792735
706_01_016_sort_pos_joh_02,4,-2.387591733430352e-16
706_01_016_sort_pos_joh_02,5,0.4721034874096951
706_01_016_sort_pos_joh_02,6,0.5058399550750969
706_01_016_sort_pos_joh_02,7,-5.012635558540211e-16
706_01_016_sort_pos_joh_02,8,0.0802705898287696
706_01_016_sort_pos_joh_02,9,-0.7793777767395619
706_01_016_sort_pos_joh_02,10,-0.23166595430854386
706_01_016_sort_pos_joh_03,0,1.0666959317027278
706_01_016_sort_pos_joh_03,1,0.08365670797997438
706_01_016_sort_pos_joh_03,2,-1.0143892286722964
706_01_016_sort_pos_joh_03,3,-0.37990506165373034
706_01_016_sort_pos_joh_03,4,0.5814422824375431
706_01_016_sort_pos_joh_03,5,-0.0707460599963348
706_01_016_sort_pos_joh_03,6,-0.38926565338949526
706_01_016_sort_pos_joh_03,7,0.5461627807666178
706_01_016_sort_pos_joh_03,8,-0.07161148740394327
706_01_016_sort_pos_joh_03,9,-0.06832667180756563
706_01_016_sort_pos_joh_03,10,-0.2270931823214634
706_01_016_sort_pos_joh_04,0,-0.13018891098082383
706_01_016_sort_pos_joh_04,1,-0.13018891098082383
706_01_016_sort_pos_joh_04,2,-0.13018891098082383
706_01_016_sort_pos_joh_04,3,-0.13018891098082383
706_01_016_sort_pos_joh_04,4,-0.13018891098082383
706_01_016_sort_pos_joh_04,5,-0.13018891098082383
706_01_016_sort_pos_joh_04,6,-0.13018891098082383
706_01_016_sort_pos_joh_04,7,inf
706_01_016_sort_pos_joh_04,8,-0.13018891098082383
706_01_016_sort_pos_joh_04,9,-0.13018891098082383
706_01_016_sort_pos_joh_04,10,-0.13018891098082383
706_01_016_sort_pos_joh_05,0,0.637313511709308
706_01_016_sort_pos_joh_05,1,0.4089534411247002
706_01_016_sort_pos_joh_05,2,-0.4637520795070509
706_01_016_sort_pos_joh_05,3,-0.011854050502428732
706_01_016_sort_pos_joh_05,4,0.15085126649398703
706_01_016_sort_pos_joh_05,5,0.42044259313968335
706_01_016_sort_pos_joh_05,6,-0.14153443237758598
706_01_016_sort_pos_joh_05,7,0.05504921799318437
706_01_016_sort_pos_joh_05,8,-0.49650293117909644
706_01_016_sort_pos_joh_05,9,-0.3361618137915882
706_01_016_sort_pos_joh_05,10,-0.044489628328523934
706_01_016_sort_pos_joh_07,0,-0.038954469356581
706_01_016_sort_pos_joh_07,1,-0.038954469356581
706_01_016_sort_pos_joh_07,2,-0.038954469356581
706_01_016_sort_pos_joh_07,3,0.4016096644512494
706_01_016_sort_pos_joh_07,4,-0.038954469356581
706_01_016_sort_pos_joh_07,5,-0.4548588261473421
706_01_016_sort_pos_joh_07,6,-0.038954469356581
706_01_016_sort_pos_joh_07,7,-0.4548588261473421
706_01_016_sort_pos_joh_07,8,-0.038954469356581
706_01_016_sort_pos_joh_07,9,-0.038954469356581
706_01_016_sort_pos_joh_07,10,0.9801960588196073
706_01_034_sort_pos_joh_01,0,0.18455925551203958
706_01_034_sort_pos_joh_01,1,-0.05953430490284889
706_01_034_sort_pos_joh_01,2,-0.06038944508695875
706_01_034_sort_pos_joh_01,3,0.058916267179278066
706_01_034_sort_pos_joh_01,4,0.06017220965135958
706_01_034_sort_pos_joh_01,5,0.5543022740378032
706_01_034_sort_pos_joh_01,6,-0.6189942607732091
706_01_034_sort_pos_joh_01,7,-0.06732016743892942
706_01_034_sort_pos_joh_01,8,-7.294213231396943e-16
706_01_034_sort_pos_joh_01,9,0.3589714332406602
706_01_034_sort_pos_joh_01,10,-0.42770517966480653
706_01_034_sort_pos_joh_02,0,0.03983463118889071
706_01_034_sort_pos_joh_02,1,-0.22042461389668414
706_01_034_sort_pos_joh_02,2,-0.22377812209978368
706_01_034_sort_pos_joh_02,3,-0.0468464159373386
706_01_034_sort_pos_joh_02,4,-0.7633451765829814
706_01_034_sort_pos_joh_02,5,0.04014154781245861
706_01_034_sort_pos_joh_02,6,0.13123574298495763
706_01_034_sort_pos_joh_02,7,0.1328544442786509
706_01_034_sort_pos_joh_02,8,0.40920096352709556
706_01_034_sort_pos_joh_02,9,-0.403173367956502
706_01_034_sort_pos_joh_02,10,1.0279746697725425
706_01_034_sort_pos_joh_03,0,-0.8932656190758671
706_01_034_sort_pos_joh_03,1,-0.6290727449889771
706_01_034_sort_pos_joh_03,2,-0.0729023414421018
706_01_034_sort_pos_joh_03,3,-0.04558321388142579
706_01_034_sort_pos_joh_03,4,-0.41457972209143806
706_01_034_sort_pos_joh_03,5,-0.09620623448161092
706_01_034_sort_pos_joh_03,6,0.6350468292927062
706_01_034_sort_pos_joh_03,7,0.982320584661351
706_01_034_sort_pos_joh_03,8,0.059018263784987784
706_01_034_sort_pos_joh_03,9,0.2200231752591143
706_01_034_sort_pos_joh_03,10,0.35063752296814965
706_01_034_sort_pos_joh_04,0,-0.1375195154741345
706_01_034_sort_pos_joh_04,1,0.2037130896044555
706_01_034_sort_pos_joh_04,2,-0.1375195154741345
706_01_034_sort_pos_joh_04,3,0.18334610141578536
706_01_034_sort_pos_joh_04,4,-0.1351915766684029
706_01_034_sort_pos_joh_04,5,0.08175191193132895
706_01_034_sort_pos_joh_04,6,0.4298204002103338
706_01_034_sort_pos_joh_04,7,0.1854298440630439
706_01_034_sort_pos_joh_04,8,-0.5634521219196306
706_01_034_sort_pos_joh_04,9,-0.1344414789061061
706_01_034_sort_pos_joh_04,10,0.0822690069789729
706_01_038_sort_pos_joh_01,0,-1.0568124905907477
706_01_038_sort_pos_joh_01,1,-0.6835816742994538
706_01_038_sort_pos_joh_01,2,0.3668872494586995
706_01_038_sort_pos_joh_01,3,0.18095616515967633
706_01_038_sort_pos_joh_01,4,0.11534444683933717
706_01_038_sort_pos_joh_01,5,0.2837648305828256
706_01_038_sort_pos_joh_01,6,-0.5073960594488549
706_01_038_sort_pos_joh_01,7,0.4439103391663173
706_01_038_sort_pos_joh_01,8,0.41252524408256075
706_01_038_sort_pos_joh_01,9,0.6285974603368523
706_01_038_sort_pos_joh_01,10,-0.17856497106061872
706_01_038_sort_pos_joh_02,0,0.19064512521121663
706_01_038_sort_pos_joh_02,1,0.556498887003339
706_01_038_sort_pos_joh_02,2,-0.1660266076503645
706_01_038_sort_pos_joh_02,3,0.18588597878141028
706_01_038_sort_pos_joh_02,4,0.5798760170901536
706_01_038_sort_pos_joh_02,5,1.004743439269657
706_01_038_sort_pos_joh_02,6,0.04483956235995444
706_01_038_sort_pos_joh_02,7,-0.9098262169650742
706_01_038_sort_pos_joh_02,8,-0.3071878110294826
706_01_038_sort_pos_joh_02,9,-0.3852097438294138
706_01_038_sort_pos_joh_02,10,-0.679590460197846
706_01_038_sort_pos_joh_03,0,-0.1800008520770564
706_01_038_sort_pos_joh_03,1,-0.10672170182343976
706_01_038_sort_pos_joh_03,2,-0.2620819910765733
706_01_038_sort_pos_joh_03,3,0.2876283940631641
706_01_038_sort_pos_joh_03,4,-0.41248656752135804
706_01_038_sort_pos_joh_03,5,0.44819407227383595
706_01_038_sort_pos_joh_03,6,0.729583003832312
706_01_038_sort_pos_joh_03,7,0.5300022924712448
706_01_038_sort_pos_joh_03,8,-0.10906567367266251
706_01_038_sort_pos_joh_03,9,-0.35048636347065854
706_01_038_sort_pos_joh_03,10,-0.49497474683058285
706_01_038_sort_pos_joh_05,0,-0.4113547021146364
706_01_038_sort_pos_joh_05,1,-0.810140446727799
706_01_038_sort_pos_joh_05,2,-0.03344500310453236
706_01_038_sort_pos_joh_05,3,-0.033445003104532356
706_01_038_sort_pos_joh_05,4,0.14878573841326007
706_01_038_sort_pos_joh_05,5,0.1512872149868583
706_01_038_sort_pos_joh_05,6,0.5463880665146105
706_01_038_sort_pos_joh_05,7,-0.03402069087198852
706_01_038_sort_pos_joh_05,8,0.15128721498685815
706_01_038_sort_pos_joh_05,9,0.33241124765726693
706_01_038_sort_pos_joh_05,10,-0.032376195411908754
706_01_038_sort_pos_joh_06,0,0.06337242505244767
706_01_038_sort_pos_joh_06,1,-0.28193917035448746
706_01_038_sort_pos_joh_06,2,-0.6201736729460423
706_01_038_sort_pos_joh_06,3,-0.6201736729460423
706_01_038_sort_pos_joh_06,4,-0.6201736729460423
706_01_038_sort_pos_joh_06,5,-0.2819391703544874
706_01_038_sort_pos_joh_06,6,0.44563426062418965
706_01_038_sort_pos_joh_06,7,0.836079617149941
706_01_038_sort_pos_joh_06,8,-0.28193917035448746
706_01_038_sort_pos_joh_06,9,0.7811334658849429
706_01_038_sort_pos_joh_06,10,0.7811334658849429
706_01_038_sort_pos_joh_07,0,0.1049226480600733
706_01_038_sort_pos_joh_07,1,-0.05973476910894966
706_01_038_sort_pos_joh_07,2,-0.8915886660309444
706_01_038_sort_pos_joh_07,3,0.1049226480600733
706_01_038_sort_pos_joh_07,4,0.270868169442981
706_01_038_sort_pos_joh_07,5,-0.05973476910894966
706_01_038_sort_pos_joh_07,6,0.42670134989291153
706_01_038_sort_pos_joh_07,7,0.2746251889638092
706_01_038_sort_pos_joh_07,8,0.2708681694429806
706_01_038_sort_pos_joh_07,9,-0.05973476910894991
706_01_038_sort_pos_joh_07,10,-0.3909001065607713
706_01_039_sort_pos_joh_01,0,-0.6189434500594396
706_01_039_sort_pos_joh_01,1,-0.3794259490036145
706_01_039_sort_pos_joh_01,2,-0.26837751224850254
706_01_039_sort_pos_joh_01,3,-0.3336705446824217
706_01_039_sort_pos_joh_01,4,-0.23626858277885943
706_01_039_sort_pos_joh_01,5,-0.46760367159207006
706_01_039_sort_pos_joh_01,6,0.13049774391168245
706_01_039_sort_pos_joh_01,7,0.47100307571017413
706_01_039_sort_pos_joh_01,8,0.5203458115951619
706_01_039_sort_pos_joh_01,9,0.7370106410486358
706_01_039_sort_pos_joh_01,10,0.3940105412797744
706_01_039_sort_pos_joh_02,0,-0.7547319081399408
706_01_039_sort_pos_joh_02,1,-0.48017986836449283
706_01_039_sort_pos_joh_02,2,-0.2913128554859684
706_01_039_sort_pos_joh_02,3,-0.01710213969703868
706_01_039_sort_pos_joh_02,4,0.0718301072215465
706_01_039_sort_pos_joh_02,5,0.8218273460004386
706_01_039_sort_pos_joh_02,6,0.3602000032834558
706_01_039_sort_pos_joh_02,7,0.44522097930682925
706_01_039_sort_pos_joh_02,8,0.35250582268891045
706_01_039_sort_pos_joh_02,9,0.07383252448422825
706_01_039_sort_pos_joh_02,10,-0.5586546629156589
706_01_039_sort_pos_joh_03,0,-0.11639336731895629
706_01_039_sort_pos_joh_03,1,0.02582849991008147
706_01_039_sort_pos_joh_03,2,0.17112671561879267
706_01_039_sort_pos_joh_03,3,0.025573858464377965
706_01_039_sort_pos_joh_03,4,0.18291725190735172
706_01_039_sort_pos_joh_03,5,-0.11757927025044274
706_01_039_sort_pos_joh_03,6,-0.4106410534152133
706_01_039_sort_pos_joh_03,7,0.026640630772353822
706_01_039_sort_pos_joh_03,8,0.3123475237772124
706_01_039_sort_pos_joh_03,9,-0.11303999602099211
706_01_039_sort_pos_joh_03,10,0.02582849991008147
706_01_039_sort_pos_joh_04,0,0.8513701175106767
706_01_039_sort_pos_joh_04,1,0.6824803789711524
706_01_039_sort_pos_joh_04,2,0.19392551483590081
706_01_039_sort_pos_joh_04,3,-0.6222123173140442
706_01_039_sort_pos_joh_04,4,-0.11581647715001465
706_01_039_sort_pos_joh_04,5,-0.06550070497184048
706_01_039_sort_pos_joh_04,6,-0.6230068848196125
706_01_039_sort_pos_joh_04,7,-0.4171898534736921
706_01_039_sort_pos_joh_04,8,0.03809696588797321
706_01_039_sort_pos_joh_04,9,0.03957874914626268
706_01_039_sort_pos_joh_04,10,0.14157875345490242
706_01_039_sort_pos_joh_05,0,-0.4016096644512491
706_01_039_sort_pos_joh_05,1,-0.2269905522939324
706_01_039_sort_pos_joh_05,2,-0.40797639680035996
706_01_039_sort_pos_joh_05,3,-0.2269905522939325
706_01_039_sort_pos_joh_05,4,-0.04834309992448769
706_01_039_sort_pos_joh_05,5,-0.4016096644512491
706_01_039_sort_pos_joh_05,6,-0.22699055229393236
706_01_039_sort_pos_joh_05,7,-0.04834309992448769
706_01_039_sort_pos_joh_05,8,0.9345507010964662
706_01_039_sort_pos_joh_05,9,0.741300201595317
706_01_039_sort_pos_joh_05,10,0.5160156871153363
706_01_040_sort_pos_joh_01,0,-0.4936996801367856
706_01_040_sort_pos_joh_01,1,-0.9216841523006059
706_01_040_sort_pos_joh_01,2,-0.5701167825494543
706_01_040_sort_pos_joh_01,3,0.4490834862847131
706_01_040_sort_pos_joh_01,4,0.03407304467751863
706_01_040_sort_pos_joh_01,5,-0.7603450783368293
706_01_040_sort_pos_joh_01,6,-0.14739473578907678
706_01_040_sort_pos_joh_01,7,0.0620833061287799
706_01_040_sort_pos_joh_01,8,0.8580608285869731
706_01_040_sort_pos_joh_01,9,1.0389906975827543
706_01_040_sort_pos_joh_01,10,0.5293180390551346
706_01_040_sort_pos_joh_02,0,0.02094728962225518
706_01_040_sort_pos_joh_02,1,-0.4744627008707967
706_01_040_sort_pos_joh_02,2,-0.21757131728816845
706_01_040_sort_pos_joh_02,3,-0.15171190762327752
706_01_040_sort_pos_joh_02,4,0.19305690877386142
706_01_040_sort_pos_joh_02,5,0.08339126405519452
706_01_040_sort_pos_joh_02,6,0.08130708321247261
706_01_040_sort_pos_joh_02,7,-0.1572306559593368
706_01_040_sort_pos_joh_02,8,-0.03652428003829903
706_01_040_sort_pos_joh_02,9,0.4766391538384881
706_01_040_sort_pos_joh_02,10,0.13407763041445647
706_01_040_sort_pos_joh_03,0,-0.10265172691976515
706_01_040_sort_pos_joh_03,1,-0.7720796953430852
706_01_040_sort_pos_joh_03,2,-0.22701185387996212
706_01_040_sort_pos_joh_03,3,0.016481775052368697
706_01_040_sort_pos_joh_03,4,0.1447361404774738
706_01_040_sort_pos_joh_03,5,-0.5939771462493786
706_01_040_sort_pos_joh_03,6,-0.23446186610375658
706_01_040_sort_pos_joh_03,7,0.27022653353339193
706_01_040_sort_pos_joh_03,8,0.644599697212375
706_01_040_sort_pos_joh_03,9,0.13950380250696834
706_01_040_sort_pos_joh_03,10,0.7594944220861223
706_01_040_sort_pos_joh_04,0,-0.12735565694552894
706_01_040_sort_pos_joh_04,1,-0.5139952971912078
706_01_040_sort_pos_joh_04,2,-0.8576320594807837
706_01_040_sort_pos_joh_04,3,0.34012627169763815
706_01_040_sort_pos_joh_04,4,0.6724829984479452
706_01_040_sort_pos_joh_04,5,0.02871536615026339
706_01_040_sort_pos_joh_04,6,-0.44222584226127654
706_01_040_sort_pos_joh_04,7,-0.12891389994367125
706_01_040_sort_pos_joh_04,8,-0.3770131492332757
706_01_040_sort_pos_joh_04,9,1.0356664347392284
706_01_040_sort_pos_joh_04,10,0.43758962524883954
706_01_040_sort_pos_joh_05,0,-0.42211588240886944
706_01_040_sort_pos_joh_05,1,-0.5473088697138911
706_01_040_sort_pos_joh_05,2,-0.16135690228579405
706_01_040_sort_pos_joh_05,3,0.6403226817537823
706_01_040_sort_pos_joh_05,4,0.23537557657892497
706_01_040_sort_pos_joh_05,5,-0.5382418337810454
706_01_040_sort_pos_joh_05,6,0.5043067117494776
706_01_040_sort_pos_joh_05,7,0.7923608291868518
706_01_040_sort_pos_joh_05,8,-0.27891895966676117
706_01_040_sort_pos_joh_05,9,-0.2859575503694351
706_01_040_sort_pos_joh_05,10,0.10898887361126132
706_01_049_sort_pos_joh_01,0,-0.2476243494632016
706_01_049_sort_pos_joh_01,1,-0.5279169465718508
706_01_049_sort_pos_joh_01,2,-0.7124626386709163
706_01_049_sort_pos_joh_01,3,-0.44881897758963785
706_01_049_sort_pos_joh_01,4,0.27314801123781424
706_01_049_sort_pos_joh_01,5,0.06038034659127007
706_01_049_sort_pos_joh_01,6,0.7658540712223187
706_01_049_sort_pos_joh_01,7,-0.05781351865355375
706_01_049_sort_pos_joh_01,8,0.17194031091623482
706_01_049_sort_pos_joh_01,9,0.34372669033231007
706_01_049_sort_pos_joh_01,10,0.41049562026702613
706_01_049_sort_pos_joh_02,0,0.4692367053819349
706_01_049_sort_pos_joh_02,1,0.3979737543520287
706_01_049_sort_pos_joh_02,2,1.1139522077306676
706_01_049_sort_pos_joh_02,3,1.5655407964795736
706_01_049_sort_pos_joh_02,4,0.8226960058205874
706_01_049_sort_pos_joh_02,5,-0.11537884335440808
706_01_049_sort_pos_joh_02,6,-0.7845694785287621
706_01_049_sort_pos_joh_02,7,-0.7473298985080157
706_01_049_sort_pos_joh_02,8,-1.0230473128294215
706_01_049_sort_pos_joh_02,9,-0.8749396898447537
706_01_049_sort_pos_joh_02,10,-0.6896975556359715
706_01_049_sort_pos_joh_03,0,0.377132092166713
706_01_049_sort_pos_joh_03,1,0.40717986607592327
706_01_049_sort_pos_joh_03,2,0.5655059277449892
706_01_049_sort_pos_joh_03,3,0.49232182730624996
706_01_049_sort_pos_joh_03,4,0.5574784668619934
706_01_049_sort_pos_joh_03,5,-0.3123475237772121
706_01_049_sort_pos_joh_03,6,-0.8328320238789603
706_01_049_sort_pos_joh_03,7,-0.5256245893559504
706_01_049_sort_pos_joh_03,8,-0.1213771449032759
706_01_049_sort_pos_joh_03,9,0.06996043981118492
706_01_049_sort_pos_joh_03,10,-0.6152137483162569
706_01_049_sort_pos_joh_05,0,-0.22455190465957836
706_01_049_sort_pos_joh_05,1,-0.3174055271363691
706_01_049_sort_pos_joh_05,2,-0.4126778205558815
706_01_049_sort_pos_joh_05,3,-0.416549482120558
706_01_049_sort_pos_joh_05,4,-0.5192665061338286
706_01_049_sort_pos_joh_05,5,0.16807579180136242
706_01_049_sort_pos_joh_05,6,0.17388800498571733
706_01_049_sort_pos_joh_05,7,1.0348433493271432
706_01_049_sort_pos_joh_05,8,1.07155488268832
706_01_049_sort_pos_joh_05,9,0.2787834414987484
706_01_049_sort_pos_joh_05,10,-0.6123000982747522
706_01_051_sort_pos_joh_01,0,-0.37169493729650416
706_01_051_sort_pos_joh_01,1,-0.45480663030479795
706_01_051_sort_pos_joh_01,2,0.16468785547232404
706_01_051_sort_pos_joh_01,3,-0.05743109472070411
706_01_051_sort_pos_joh_01,4,-0.5977184654204123
706_01_051_sort_pos_joh_01,5,-0.5434234831793795
706_01_051_sort_pos_joh_01,6,0.7950578790272073
706_01_051_sort_pos_joh_01,7,-0.28015699310159214
706_01_051_sort_pos_joh_01,8,1.1078932806081097
706_01_051_sort_pos_joh_01,9,0.655784550817745
706_01_051_sort_pos_joh_01,10,-0.3248170247560641
706_01_051_sort_pos_joh_02,0,-0.6181104039370724
706_01_051_sort_pos_joh_02,1,-0.6317452755441939
706_01_051_sort_pos_joh_02,2,0.3399709998875905
706_01_051_sort_pos_joh_02,3,0.2693580110700689
706_01_051_sort_pos_joh_02,4,-0.13990986489902216
706_01_051_sort_pos_joh_02,5,-0.403496485445091
706_01_051_sort_pos_joh_02,6,-0.13862367617329724
706_01_051_sort_pos_joh_02,7,-0.3727774395579552
706_01_051_sort_pos_joh_02,8,0.5630496680308724
706_01_051_sort_pos_joh_02,9,0.22451171788503616
706_01_051_sort_pos_joh_02,10,0.9747675085730476
706_01_058_sort_pos_joh_01,0,
706_01_058_sort_pos_joh_01,1,
706_01_058_sort_pos_joh_01,2,
706_01_058_sort_pos_joh_01,3,
706_01_058_sort_pos_joh_01,4,
706_01_058_sort_pos_joh_01,5,
706_01_058_sort_pos_joh_01,6,
706_01_058_sort_pos_joh_01,7,
706_01_058_sort_pos_joh_01,8,
706_01_058_sort_pos_joh_01,9,
706_01_058_sort_pos_joh_01,10,
706_01_061_sort_pos_joh_01,0,-1.4356899317243133
706_01_061_sort_pos_joh_01,1,-0.8165995567945479
706_01_061_sort_pos_joh_01,2,-0.7279379174817767
706_01_061_sort_pos_joh_01,3,0.4318329933606293
706_01_061_sort_pos_joh_01,4,0.36749452252899983
706_01_061_sort_pos_joh_01,5,-0.8322475718245242
706_01_061_sort_pos_joh_01,6,0.6437391418687881
706_01_061_sort_pos_joh_01,7,1.0034348372302664
706_01_061_sort_pos_joh_01,8,0.8379403496338632
706_01_061_sort_pos_joh_01,9,0.7201156384565939
706_01_061_sort_pos_joh_01,10,-0.17979630191800872
706_01_061_sort_pos_joh_02,0,-1.3326850978590696
706_01_061_sort_pos_joh_02,1,-0.3647449213733685
706_01_061_sort_pos_joh_02,2,0.6024557176812767
706_01_061_sort_pos_joh_02,3,1.0020486498869359
706_01_061_sort_pos_joh_02,4,1.3156637002533258
706_01_061_sort_pos_joh_02,5,0.22998247638910538
706_01_061_sort_pos_joh_02,6,-0.004683237175752361
706_01_061_sort_pos_joh_02,7,0.020925762686016664
706_01_061_sort_pos_joh_02,8,0.07169877509881632
706_01_061_sort_pos_joh_02,9,-0.18273578467382476
706_01_061_sort_pos_joh_02,10,-1.265436836806596
706_01_061_sort_pos_joh_03,0,-0.4552541280239078
706_01_061_sort_pos_joh_03,1,-0.255907516426031
706_01_061_sort_pos_joh_03,2,-0.21042608125247123
706_01_061_sort_pos_joh_03,3,0.06771883944108892
706_01_061_sort_pos_joh_03,4,0.35472915289564955
706_01_061_sort_pos_joh_03,5,0.06686196596209497
706_01_061_sort_pos_joh_03,6,1.322467722920928
706_01_061_sort_pos_joh_03,7,0.47589375854674953
706_01_061_sort_pos_joh_03,8,-0.253247236799576
706_01_061_sort_pos_joh_03,9,-0.731417369178329
706_01_061_sort_pos_joh_03,10,-0.3014267810241221
706_01_061_sort_pos_joh_06,0,-0.7981554616643056
706_01_061_sort_pos_joh_06,1,-0.6805424279347189
706_01_061_sort_pos_joh_06,2,0.1738826109017808
706_01_061_sort_pos_joh_06,3,-0.0387346755991768
706_01_061_sort_pos_joh_06,4,0.5311635546328992
706_01_061_sort_pos_joh_06,5,-0.04060547520535806
706_01_061_sort_pos_joh_06,6,-0.4598409991436085
706_01_061_sort_pos_joh_06,7,0.17586311452816525
706_01_061_sort_pos_joh_06,8,0.7493192218109211
706_01_061_sort_pos_joh_06,9,0.3877833671647409
706_01_061_sort_pos_joh_06,10,0.06808320684014013
706_01_062_sort_pos_joh_01,0,-0.38237817192725687
706_01_062_sort_pos_joh_01,1,0.07923219670146102
706_01_062_sort_pos_joh_01,2,0.05235963524776123
706_01_062_sort_pos_joh_01,3,0.10460739048863285
706_01_062_sort_pos_joh_01,4,-0.4815829084309918
706_01_062_sort_pos_joh_01,5,-0.274615383487777
706_01_062_sort_pos_joh_01,6,0.3377242221944994
706_01_062_sort_pos_joh_01,7,-0.08449871951786148
706_01_062_sort_pos_joh_01,8,0.38780684756375816
706_01_062_sort_pos_joh_01,9,0.40174363731267304
706_01_062_sort_pos_joh_01,10,-0.13774397756064133
706_01_062_sort_pos_joh_02,0,0.1652252730063992
706_01_062_sort_pos_joh_02,1,0.5117868302729413
706_01_062_sort_pos_joh_02,2,0.22910452651349497
706_01_062_sort_pos_joh_02,3,0.10981347550293205
706_01_062_sort_pos_joh_02,4,0.0
706_01_062_sort_pos_joh_02,5,-0.5101534204408289
706_01_062_sort_pos_joh_02,6,-0.2230200683316078
706_01_062_sort_pos_joh_02,7,-0.2801059510160025
706_01_062_sort_pos_joh_02,8,0.11014327945555226
706_01_062_sort_pos_joh_02,9,-0.3320652265780156
706_01_062_sort_pos_joh_02,10,0.22267708345391918
706_01_062_sort_pos_joh_03,0,2.0427402778240136e-16
706_01_062_sort_pos_joh_03,1,0.5538974856655325
706_01_062_sort_pos_joh_03,2,0.10412063488661871
706_01_062_sort_pos_joh_03,3,0.3839065115697122
706_01_062_sort_pos_joh_03,4,0.6310214125339155
706_01_062_sort_pos_joh_03,5,0.4069038181745772
706_01_062_sort_pos_joh_03,6,-0.5466893140794604
706_01_062_sort_pos_joh_03,7,-0.5741195489999539
706_01_062_sort_pos_joh_03,8,-0.07007080148842533
706_01_062_sort_pos_joh_03,9,-0.16980242842785034
706_01_062_sort_pos_joh_03,10,-0.7068877383454659
706_01_062_sort_pos_joh_04,0,0.24178675688974716
706_01_062_sort_pos_joh_04,1,-0.007392414690848955
706_01_062_sort_pos_joh_04,2,0.24178675688974766
706_01_062_sort_pos_joh_04,3,0.16448974027241592
706_01_062_sort_pos_joh_04,4,-0.1680534196157161
706_01_062_sort_pos_joh_04,5,-0.5025958164608906
706_01_062_sort_pos_joh_04,6,0.752156810810758
706_01_062_sort_pos_joh_04,7,-0.26244069646513646
706_01_062_sort_pos_joh_04,8,-0.17253289221791793
706_01_062_sort_pos_joh_04,9,-0.007701655610317044
706_01_062_sort_pos_joh_04,10,-0.25698647344168307
706_01_062_sort_pos_joh_05,0,0.1838704063957599
706_01_062_sort_pos_joh_05,1,0.09224825466142632
706_01_062_sort_pos_joh_05,2,0.1957121879839956
706_01_062_sort_pos_joh_05,3,0.10330118595991516
706_01_062_sort_pos_joh_05,4,0.19571218798399545
706_01_062_sort_pos_joh_05,5,-0.184127819942485
706_01_062_sort_pos_joh_05,6,0.3668705402807885
706_01_062_sort_pos_joh_05,7,-0.6432095399758606
706_01_062_sort_pos_joh_05,8,-1.4259171869314586e-16
706_01_062_sort_pos_joh_05,9,-0.36484696974366265
706_01_062_sort_pos_joh_05,10,0.09303677178521118
706_01_062_sort_pos_joh_06,0,-0.4563983243081035
706_01_062_sort_pos_joh_06,1,-0.2940876511820249
706_01_062_sort_pos_joh_06,2,-0.14085904245475298
706_01_062_sort_pos_joh_06,3,0.8325814468300735
706_01_062_sort_pos_joh_06,4,0.17114937161553875
706_01_062_sort_pos_joh_06,5,-0.1461763365511716
706_01_062_sort_pos_joh_06,6,-0.4563983243081035
706_01_062_sort_pos_joh_06,7,-0.14433756729740663
706_01_062_sort_pos_joh_06,8,0.36316292472908235
706_01_062_sort_pos_joh_06,9,0.014526354741081098
706_01_062_sort_pos_joh_06,10,0.3432071354608147
706_01_063_sort_pos_joh_01,0,-0.4732121591106746
706_01_063_sort_pos_joh_01,1,-0.1416923578490349
706_01_063_sort_pos_joh_01,2,0.21533143732625748
706_01_063_sort_pos_joh_01,3,0.7271385585992424
706_01_063_sort_pos_joh_01,4,0.5884773386487309
706_01_063_sort_pos_joh_01,5,0.7969980467446501
706_01_063_sort_pos_joh_01,6,-0.0873073308714978
706_01_063_sort_pos_joh_01,7,-0.5442153378297645
706_01_063_sort_pos_joh_01,8,-0.41607636126514785
706_01_063_sort_pos_joh_01,9,-0.43063686808169066
706_01_063_sort_pos_joh_01,10,-0.19369960916257895
706_01_063_sort_pos_joh_02,0,-0.4931590804426187
706_01_063_sort_pos_joh_02,1,-0.08018413716059411
706_01_063_sort_pos_joh_02,2,0.20329572166717585
706_01_063_sort_pos_joh_02,3,0.04988887571417448
706_01_063_sort_pos_joh_02,4,0.006799135096241959
706_01_063_sort_pos_joh_02,5,0.09647068602716012
706_01_063_sort_pos_joh_02,6,0.277160290790841
706_01_063_sort_pos_joh_02,7,-0.2427970567205613
706_01_063_sort_pos_joh_02,8,0.020892571561436358
706_01_063_sort_pos_joh_02,9,0.34518427019810094
706_01_063_sort_pos_joh_02,10,-0.20259474636027616
706_01_063_sort_pos_joh_03,0,-0.5235079989583769
706_01_063_sort_pos_joh_03,1,-0.15062735136426264
706_01_063_sort_pos_joh_03,2,-0.06943857413792597
706_01_063_sort_pos_joh_03,3,0.32348542049034185
706_01_063_sort_pos_joh_03,4,0.26522002090518415
706_01_063_sort_pos_joh_03,5,0.2241240841000055
706_01_063_sort_pos_joh_03,6,0.6349735590041585
706_01_063_sort_pos_joh_03,7,-0.19158992462960178
706_01_063_sort_pos_joh_03,8,0.14556216040678902
706_01_063_sort_pos_joh_03,9,-0.06770746034793945
706_01_063_sort_pos_joh_03,10,-0.5298593732347839
706_01_063_sort_pos_joh_04,0,-0.3892617467909507
706_01_063_sort_pos_joh_04,1,0.11293482630672284
706_01_063_sort_pos_joh_04,2,0.34395288458799017
706_01_063_sort_pos_joh_04,3,0.8326547624846523
706_01_063_sort_pos_joh_04,4,0.3964595448252803
706_01_063_sort_pos_joh_04,5,-0.2593948632128822
706_01_063_sort_pos_joh_04,6,-0.029781534736794214
706_01_063_sort_pos_joh_04,7,-0.44863929424042587
706_01_063_sort_pos_joh_04,8,-0.6660635589337947
706_01_063_sort_pos_joh_04,9,0.053740437570048316
706_01_063_sort_pos_joh_04,10,0.08335029271917198
706_01_063_sort_pos_joh_05,0,-0.19160113404745638
706_01_063_sort_pos_joh_05,1,-0.26874830555809787
706_01_063_sort_pos_joh_05,2,-0.043455448411481044
706_01_063_sort_pos_joh_05,3,0.03560997047827828
706_01_063_sort_pos_joh_05,4,0.2809347878962022
706_01_063_sort_pos_joh_05,5,0.10926148111463051
706_01_063_sort_pos_joh_05,6,0.3571887804199012
706_01_063_sort_pos_joh_05,7,0.34736051821494257
706_01_063_sort_pos_joh_05,8,0.26491290860325106
706_01_063_sort_pos_joh_05,9,-0.27427408247611884
706_01_063_sort_pos_joh_05,10,-0.578695879799547
706_01_064_sort_pos_joh_01,0,-0.2556749262551398
706_01_064_sort_pos_joh_01,1,0.16648743993080103
706_01_064_sort_pos_joh_01,2,0.27108762114400903
706_01_064_sort_pos_joh_01,3,0.3808876892024149
706_01_064_sort_pos_joh_01,4,-0.19777904681008246
706_01_064_sort_pos_joh_01,5,-0.6337317804732134
706_01_064_sort_pos_joh_01,6,0.570686282565403
706_01_064_sort_pos_joh_01,7,-0.20212874889140486
706_01_064_sort_pos_joh_01,8,-0.4801568356814095
706_01_064_sort_pos_joh_01,9,0.1802233210383967
706_01_064_sort_pos_joh_01,10,0.24249518108646118
706_01_064_sort_pos_joh_02,0,-0.3775518741038077
706_01_064_sort_pos_joh_02,1,0.09127921659910747
706_01_064_sort_pos_joh_02,2,-0.042391456805088386
706_01_064_sort_pos_joh_02,3,-0.09644243080198908
706_01_064_sort_pos_joh_02,4,0.19910515113910726
706_01_064_sort_pos_joh_02,5,0.9453833858716727
706_01_064_sort_pos_joh_02,6,0.1408638780363926
706_01_064_sort_pos_joh_02,7,-0.616854321963462
706_01_064_sort_pos_joh_02,8,-0.17157135455825218
706_01_064_sort_pos_joh_02,9,-0.29315488003609963
706_01_064_sort_pos_joh_02,10,0.29283889274457703
706_01_064_sort_pos_joh_03,0,-0.7656561207394101
706_01_064_sort_pos_joh_03,1,0.20552235922148526
706_01_064_sort_pos_joh_03,2,-0.5022919378844778
706_01_064_sort_pos_joh_03,3,0.21544331001383427
706_01_064_sort_pos_joh_03,4,-0.05539007907838026
706_01_064_sort_pos_joh_03,5,0.5734623443633279
706_01_064_sort_pos_joh_03,6,0.8373430289274033
706_01_064_sort_pos_joh_03,7,-0.41838430541062493
706_01_064_sort_pos_joh_03,8,0.4788841147797301
706_01_064_sort_pos_joh_03,9,0.03229168418603153
706_01_064_sort_pos_joh_03,10,-0.5820290943181132
706_01_064_sort_pos_joh_04,0,0.07853712615726657
706_01_064_sort_pos_joh_04,1,0.5779204918167035
706_01_064_sort_pos_joh_04,2,-0.43768772995709054
706_01_064_sort_pos_joh_04,3,-0.13595437138135336
706_01_064_sort_pos_joh_04,4,0.2894803666599243
706_01_064_sort_pos_joh_04,5,0.5046878955270127
706_01_064_sort_pos_joh_04,6,0.4858328102887583
706_01_064_sort_pos_joh_04,7,-0.5491281919954331
706_01_064_sort_pos_joh_04,8,-0.13370372971756134
706_01_064_sort_pos_joh_04,9,-0.23137240669137377
706_01_064_sort_pos_joh_04,10,-0.33333333333333337
706_01_064_sort_pos_joh_05,0,-0.039784159668857504
706_01_064_sort_pos_joh_05,1,0.3178092550954805
706_01_064_sort_pos_joh_05,2,-0.04008990218436622
706_01_064_sort_pos_joh_05,3,-0.04072314811876826
706_01_064_sort_pos_joh_05,4,-0.40089931703662035
706_01_064_sort_pos_joh_05,5,-0.13934660285832326
706_01_064_sort_pos_joh_05,6,0.1422058988525537
706_01_064_sort_pos_joh_05,7,0.13658694594599194
706_01_064_sort_pos_joh_05,8,0.4234855708219643
706_01_064_sort_pos_joh_05,9,0.05335916278470335
706_01_064_sort_pos_joh_05,10,-0.4025192279402275
706_01_064_sort_pos_joh_06,0,0.6749263711465145
706_01_064_sort_pos_joh_06,1,0.6749263711465145
706_01_064_sort_pos_joh_06,2,-0.42008402520840293
706_01_064_sort_pos_joh_06,3,-0.42008402520840293
706_01_064_sort_pos_joh_06,4,0.09805806756909205
706_01_064_sort_pos_joh_06,5,0.6749263711465145
706_01_064_sort_pos_joh_06,6,0.098058067569092
706_01_064_sort_pos_joh_06,7,0.098058067569092
706_01_064_sort_pos_joh_06,8,-0.42008402520840293
706_01_064_sort_pos_joh_06,9,-0.42008402520840293
706_01_064_sort_pos_joh_06,10,-0.42008402520840293
706_01_064_sort_pos_joh_07,0,-0.4653789209955172
706_01_064_sort_pos_joh_07,1,0.10830607221477648
706_01_064_sort_pos_joh_07,2,1.0632359500054442
706_01_064_sort_pos_joh_07,3,0.3905667329424716
706_01_064_sort_pos_joh_07,4,-0.4653789209955172
706_01_064_sort_pos_joh_07,5,-0.4653789209955172
706_01_064_sort_pos_joh_07,6,0.3905667329424716
706_01_064_sort_pos_joh_07,7,0.40749436869312083
706_01_064_sort_pos_joh_07,8,-0.4653789209955172
706_01_064_sort_pos_joh_07,9,-0.1812838927352848
706_01_064_sort_pos_joh_07,10,-0.18905114525312247
706_02_002_sort_pos_joh_01,0,1.66579934077363
706_02_002_sort_pos_joh_01,1,0.7535697488701454
706_02_002_sort_pos_joh_01,2,1.0061258995984035
706_02_002_sort_pos_joh_01,3,0.22345483932417173
706_02_002_sort_pos_joh_01,4,-0.15408338784034128
706_02_002_sort_pos_joh_01,5,-0.0317785198955276
706_02_002_sort_pos_joh_01,6,-0.4048249031879558
706_02_002_sort_pos_joh_01,7,-0.7860408902818476
706_02_002_sort_pos_joh_01,8,-0.7860408902818476
706_02_002_sort_pos_joh_01,9,-0.40482490318795566
706_02_002_sort_pos_joh_01,10,-0.27878046937798534
706_02_002_sort_pos_joh_01,11,-0.40482490318795566
706_02_002_sort_pos_joh_02,0,2.1821789023599236
706_02_002_sort_pos_joh_02,1,0.9233805168766384
706_02_002_sort_pos_joh_02,2,-0.2705008904002297
706_02_002_sort_pos_joh_02,3,0.28701892394096384
706_02_002_sort_pos_joh_02,4,-0.2705008904002297
706_02_002_sort_pos_joh_02,5,-0.2705008904002297
706_02_002_sort_pos_joh_02,6,-0.2705008904002297
706_02_002_sort_pos_joh_02,7,-0.2705008904002297
706_02_002_sort_pos_joh_02,8,-0.2705008904002297
706_02_002_sort_pos_joh_02,9,-0.2705008904002297
706_02_002_sort_pos_joh_02,10,-0.2705008904002297
706_02_002_sort_pos_joh_02,11,-0.2705008904002297
706_02_006_sort_pos_joh_01,0,-0.16584297410561982
706_02_006_sort_pos_joh_01,1,-0.37043934501536513
706_02_006_sort_pos_joh_01,2,-0.3614763610132761
706_02_006_sort_pos_joh_01,3,-0.3455415138037968
706_02_006_sort_pos_joh_01,4,-0.8364288762412213
706_02_006_sort_pos_joh_01,5,-0.9751887964135645
706_02_006_sort_pos_joh_01,6,0.1333277250498963
706_02_006_sort_pos_joh_01,7,1.110701444003731
706_02_006_sort_pos_joh_01,8,1.4385681975870803
706_02_006_sort_pos_joh_01,9,0.9249092889457329
706_02_006_sort_pos_joh_01,10,0.24479918308048326
706_02_006_sort_pos_joh_01,11,-0.532033246530491
706_02_006_sort_pos_joh_02,0,-0.009200947148244624
706_02_006_sort_pos_joh_02,1,-0.08960864872727933
706_02_006_sort_pos_joh_02,2,-0.1728161137618655
706_02_006_sort_pos_joh_02,3,0.04568008134240984
706_02_006_sort_pos_joh_02,4,0.01764925366607093
706_02_006_sort_pos_joh_02,5,-0.29923444985291475
706_02_006_sort_pos_joh_02,6,0.24007018462091026
706_02_006_sort_pos_joh_02,7,1.8156163598427013
706_02_006_sort_pos_joh_02,8,-0.4917567255351937
706_02_006_sort_pos_joh_02,9,0.29380681523512897
706_02_006_sort_pos_joh_02,10,-0.43511207467978236
706_02_006_sort_pos_joh_02,11,-0.6850461793144349
706_02_006_sort_pos_joh_03,0,-0.6816607204620072
706_02_006_sort_pos_joh_03,1,-0.6398138993854227
706_02_006_sort_pos_joh_03,2,-0.5920770532230033
706_02_006_sort_pos_joh_03,3,-0.5418180421184289
706_02_006_sort_pos_joh_03,4,0.5415906921259063
706_02_006_sort_pos_joh_03,5,0.45304984812578875
706_02_006_sort_pos_joh_03,6,-0.2017824777272088
706_02_006_sort_pos_joh_03,7,1.34150978608102
706_02_006_sort_pos_joh_03,8,0.8632829504713535
706_02_006_sort_pos_joh_03,9,0.3607124324669059
706_02_006_sort_pos_joh_03,10,-0.15682712032034166
706_02_006_sort_pos_joh_03,11,-0.5880440752228789
706_02_006_sort_pos_joh_04,0,0.35284351703970096
706_02_006_sort_pos_joh_04,1,-0.49645944997428737
706_02_006_sort_pos_joh_04,2,-0.21294693254699823
706_02_006_sort_pos_joh_04,3,0.5241816051142835
706_02_006_sort_pos_joh_04,4,-0.07237851609800715
706_02_006_sort_pos_joh_04,5,-0.49645944997428737
706_02_006_sort_pos_joh_04,6,-0.212946932546998
706_02_006_sort_pos_joh_04,7,-0.07308383057011442
706_02_006_sort_pos_joh_04,8,-0.7947194142390261
706_02_006_sort_pos_joh_04,9,0.07387168551531158
706_02_006_sort_pos_joh_04,10,0.9782919884798847
706_02_006_sort_pos_joh_04,11,0.5188745216627708
706_02_012_sort_pos_joh_01,0,-0.6719158178174792
706_02_012_sort_pos_joh_01,1,-0.672949978025232
706_02_012_sort_pos_joh_01,2,0.34767472919654285
706_02_012_sort_pos_joh_01,3,0.2167431152826361
706_02_012_sort_pos_joh_01,4,-0.0587051259082373
706_02_012_sort_pos_joh_01,5,-0.017462008528086267
706_02_012_sort_pos_joh_01,6,-0.3219488210901878
706_02_012_sort_pos_joh_01,7,-0.7628574019287316
706_02_012_sort_pos_joh_01,8,0.06398530598170567
706_02_012_sort_pos_joh_01,9,0.5247383027355413
706_02_012_sort_pos_joh_01,10,1.0805270287196962
706_02_012_sort_pos_joh_01,11,0.3720028189785957
706_02_012_sort_pos_joh_02,0,-0.34010330632341185
706_02_012_sort_pos_joh_02,1,-0.3132436270160189
706_02_012_sort_pos_joh_02,2,0.42220291754616246
706_02_012_sort_pos_joh_02,3,0.5564456037777799
706_02_012_sort_pos_joh_02,4,0.45963983666242614
706_02_012_sort_pos_joh_02,5,0.4831005759059163
706_02_012_sort_pos_joh_02,6,0.18805064399576937
706_02_012_sort_pos_joh_02,7,-0.12429396908751301
706_02_012_sort_pos_joh_02,8,-0.5171517741706536
706_02_012_sort_pos_joh_02,9,-0.12340640260040799
706_02_012_sort_pos_joh_02,10,-0.2811605448235477
706_02_012_sort_pos_joh_02,11,-0.2535177046045789
706_02_012_sort_pos_joh_03,0,-0.30896120283587125
706_02_012_sort_pos_joh_03,1,0.11302638671582795
706_02_012_sort_pos_joh_03,2,0.11359453511853417
706_02_012_sort_pos_joh_03,3,1.122043050976274
706_02_012_sort_pos_joh_03,4,-0.20095193303203865
706_02_012_sort_pos_joh_03,5,-0.30738437229827537
706_02_012_sort_pos_joh_03,6,-0.09708696266996851
706_02_012_sort_pos_joh_03,7,-0.09610377821957491
706_02_012_sort_pos_joh_03,8,-0.5184021915845219
706_02_012_sort_pos_joh_03,9,-0.0975900072948533
706_02_012_sort_pos_joh_03,10,0.12960530481534574
706_02_012_sort_pos_joh_03,11,0.34304876487851227
706_02_038_sort_pos_joh_01,0,-0.3442257739994609
706_02_038_sort_pos_joh_01,1,0.15456692970285904
706_02_038_sort_pos_joh_01,2,0.0825628289839358
706_02_038_sort_pos_joh_01,3,-0.1632077456903349
706_02_038_sort_pos_joh_01,4,0.3586797376896345
706_02_038_sort_pos_joh_01,5,0.4757860680698065
706_02_038_sort_pos_joh_01,6,-0.1300199847210274
706_02_038_sort_pos_joh_01,7,0.42718758381885324
706_02_038_sort_pos_joh_01,8,0.19347447675073237
706_02_038_sort_pos_joh_01,9,-0.2968183515990099
706_02_038_sort_pos_joh_01,10,-0.516593495923367
706_02_038_sort_pos_joh_01,11,-0.22925365453387486
706_02_038_sort_pos_joh_02,0,-0.6649083244736609
706_02_038_sort_pos_joh_02,1,-0.89081783379863
706_02_038_sort_pos_joh_02,2,-0.951605208696989
706_02_038_sort_pos_joh_02,3,-0.9873797603317818
706_02_038_sort_pos_joh_02,4,-0.31066993503369866
706_02_038_sort_pos_joh_02,5,0.3527175849563863
706_02_038_sort_pos_joh_02,6,2.7374741201468105
706_02_038_sort_pos_joh_02,7,0.9966000890050357
706_02_038_sort_pos_joh_02,8,0.396911150685467
706_02_038_sort_pos_joh_02,9,0.3761309602286839
706_02_038_sort_pos_joh_02,10,-0.385572697231467
706_02_038_sort_pos_joh_02,11,-0.09049472673604761
706_02_038_sort_pos_joh_03,0,-0.21667172145871413
706_02_038_sort_pos_joh_03,1,-0.37577968896651326
706_02_038_sort_pos_joh_03,2,-0.2140959214070073
706_02_038_sort_pos_joh_03,3,-0.3757796889665134
706_02_038_sort_pos_joh_03,4,-0.5385282611480131
706_02_038_sort_pos_joh_03,5,-0.5385282611480131
706_02_038_sort_pos_joh_03,6,1.1983085828476208
706_02_038_sort_pos_joh_03,7,0.7194769341845013
706_02_038_sort_pos_joh_03,8,0.42896059000888725
706_02_038_sort_pos_joh_03,9,-0.21409592140700737
706_02_038_sort_pos_joh_03,10,0.10905824157647008
706_02_038_sort_pos_joh_03,11,0.2902516120800713
706_02_049_sort_pos_joh_01,0,0.5312142074791372
706_02_049_sort_pos_joh_01,1,0.8578230801185841
706_02_049_sort_pos_joh_01,2,0.46722224096282466
706_02_049_sort_pos_joh_01,3,0.8104743933573059
706_02_049_sort_pos_joh_01,4,-0.599047455172165
706_02_049_sort_pos_joh_01,5,-0.5273695224086391
706_02_049_sort_pos_joh_01,6,-0.6620273642694467
706_02_049_sort_pos_joh_01,7,0.05877235310161751
706_02_049_sort_pos_joh_01,8,-0.4494413896877039
706_02_049_sort_pos_joh_01,9,-0.6585132035544039
706_02_049_sort_pos_joh_01,10,-0.21719327530828242
706_02_049_sort_pos_joh_01,11,0.42768733988970087
706_02_049_sort_pos_joh_02,0,0.0079959071430461
706_02_049_sort_pos_joh_02,1,0.05722490416177764
706_02_049_sort_pos_joh_02,2,0.20275010052352455
706_02_049_sort_pos_joh_02,3,0.008116679911520304
706_02_049_sort_pos_joh_02,4,0.15962864314095918
706_02_049_sort_pos_joh_02,5,-0.18627909600136108
706_02_049_sort_pos_joh_02,6,0.20231146275811204
706_02_049_sort_pos_joh_02,7,-0.18668363796498005
706_02_049_sort_pos_joh_02,8,-0.6789153115578039
706_02_049_sort_pos_joh_02,9,-0.6747833943984245
706_02_049_sort_pos_joh_02,10,0.1147570181961806
706_02_049_sort_pos_joh_02,11,0.9908915694557463
706_02_049_sort_pos_joh_03,0,0.1451966579669797
706_02_049_sort_pos_joh_03,1,0.28314444721487153
706_02_049_sort_pos_joh_03,2,0.021271781490575795
706_02_049_sort_pos_joh_03,3,0.2687993668430423
706_02_049_sort_pos_joh_03,4,0.022863489522874002
706_02_049_sort_pos_joh_03,5,-0.3524688392521246
706_02_049_sort_pos_joh_03,6,-0.35757791063253064
706_02_049_sort_pos_joh_03,7,-0.4821050793728662
706_02_049_sort_pos_joh_03,8,0.40616746496575784
706_02_049_sort_pos_joh_03,9,0.14950406479236672
706_02_049_sort_pos_joh_03,10,-0.22566773346210997
706_02_049_sort_pos_joh_03,11,0.1451966579669795
706_02_057_sort_pos_joh_01,0,0.7408990575746638
706_02_057_sort_pos_joh_01,1,0.8166889486302403
706_02_057_sort_pos_joh_01,2,0.7919193839037996
706_02_057_sort_pos_joh_01,3,0.6638108270560169
706_02_057_sort_pos_joh_01,4,0.1762772042347996
706_02_057_sort_pos_joh_01,5,0.2501212793307415
706_02_057_sort_pos_joh_01,6,-0.6914304211031522
706_02_057_sort_pos_joh_01,7,0.41441903079699655
706_02_057_sort_pos_joh_01,8,-0.44424788157400086
706_02_057_sort_pos_joh_01,9,-0.4682437729728616
706_02_057_sort_pos_joh_01,10,-1.2418993610914109
706_02_057_sort_pos_joh_01,11,-1.0104386603374964
706_02_063_sort_pos_joh_01,0,0.6367847903715927
706_02_063_sort_pos_joh_01,1,-0.44635741042207394
706_02_063_sort_pos_joh_01,2,-0.12720441266781182
706_02_063_sort_pos_joh_01,3,0.20259510388803334
706_02_063_sort_pos_joh_01,4,0.09305244937160376
706_02_063_sort_pos_joh_01,5,-0.019385524805003978
706_02_063_sort_pos_joh_01,6,-0.446357410422074
706_02_063_sort_pos_joh_01,7,-0.24278927923677482
706_02_063_sort_pos_joh_01,8,-0.13157871491711198
706_02_063_sort_pos_joh_01,9,0.09305244937160376
706_02_063_sort_pos_joh_01,10,0.08860667210323726
706_02_063_sort_pos_joh_01,11,0.3066050689292003
706_03_006_sort_pos_joh_01,0,-0.14636634295636688
706_03_006_sort_pos_joh_01,1,-0.2774882767142979
706_03_006_sort_pos_joh_01,2,-0.6288019518671019
706_03_006_sort_pos_joh_01,3,-0.7430009913762701
706_03_006_sort_pos_joh_01,4,0.22210611199171007
706_03_006_sort_pos_joh_01,5,0.778583210973932
706_03_006_sort_pos_joh_01,6,0.3474637686091655
706_03_006_sort_pos_joh_01,7,0.49726823937409254
706_03_006_sort_pos_joh_02,0,-0.5375786693015948
706_03_006_sort_pos_joh_02,1,-0.027376718745105964
706_03_006_sort_pos_joh_02,2,-0.026955744670735256
706_03_006_sort_pos_joh_02,3,-0.13348767498451905
706_03_006_sort_pos_joh_02,4,0.6405591894880139
706_03_006_sort_pos_joh_02,5,-0.43274372445431547
706_03_006_sort_pos_joh_02,6,0.8557627986848213
706_03_006_sort_pos_joh_02,7,-0.2329816494628492
706_03_006_sort_pos_joh_03,0,0.037870909792788815
706_03_006_sort_pos_joh_03,1,0.03845442846268672
706_03_006_sort_pos_joh_03,2,-0.5596975962376912
706_03_006_sort_pos_joh_03,3,-0.2572816616626528
706_03_006_sort_pos_joh_03,4,0.18672842174331813
706_03_006_sort_pos_joh_03,5,0.17666631333439353
706_03_006_sort_pos_joh_03,6,0.03677937402589866
706_03_006_sort_pos_joh_03,7,0.32261380304804316
706_03_006_sort_pos_joh_04,0,0.234985343246308
706_03_006_sort_pos_joh_04,1,-0.04624663775681062
706_03_006_sort_pos_joh_04,2,-0.4193423810735694
706_03_006_sort_pos_joh_04,3,-0.5160779955151603
706_03_006_sort_pos_joh_04,4,0.2519963158407937
706_03_006_sort_pos_joh_04,5,0.26272613415935436
706_03_006_sort_pos_joh_04,6,0.2712129321748675
706_03_006_sort_pos_joh_04,7,0.04822778727081004
706_03_006_sort_pos_joh_05,0,0.11824594246010038
706_03_006_sort_pos_joh_05,1,0.11305390791153351
706_03_006_sort_pos_joh_05,2,-0.24596747752497697
706_03_006_sort_pos_joh_05,3,-0.2409593748860779
706_03_006_sort_pos_joh_05,4,-0.06673260799501939
706_03_006_sort_pos_joh_05,5,-0.4185184469548903
706_03_006_sort_pos_joh_05,6,0.1182459424601005
706_03_006_sort_pos_joh_05,7,0.7714839883187012
706_03_009_sort_pos_joh_01,0,0.32585274019917854
706_03_009_sort_pos_joh_01,1,0.8990363510477019
706_03_009_sort_pos_joh_01,2,0.23110065000158264
706_03_009_sort_pos_joh_01,3,1.0297656404237796
706_03_009_sort_pos_joh_01,4,-0.5092596609097848
706_03_009_sort_pos_joh_01,5,-1.4063059528892938
706_03_009_sort_pos_joh_01,6,-0.9058326039781308
706_03_009_sort_pos_joh_01,7,0.31442134777257535
706_03_009_sort_pos_joh_02,0,-0.45814304804696493
706_03_009_sort_pos_joh_02,1,0.21990931561679414
706_03_009_sort_pos_joh_02,2,0.11496962931920869
706_03_009_sort_pos_joh_02,3,0.8080433674013331
706_03_009_sort_pos_joh_02,4,-0.4581430480469643
706_03_009_sort_pos_joh_02,5,-0.18805913174419295
706_03_009_sort_pos_joh_02,6,-0.03709290787004597
706_03_009_sort_pos_joh_02,7,0.06447320590951809
706_03_009_sort_pos_joh_03,0,0.46106198469727466
706_03_009_sort_pos_joh_03,1,-0.21307744330896108
706_03_009_sort_pos_joh_03,2,-0.16552117772047353
706_03_009_sort_pos_joh_03,3,-0.26310068027921674
706_03_009_sort_pos_joh_03,4,0.12232473101318181
706_03_009_sort_pos_joh_03,5,0.07775668154005405
706_03_009_sort_pos_joh_03,6,0.24863681004334218
706_03_009_sort_pos_joh_03,7,-0.16361125403656904
706_03_009_sort_pos_joh_04,0,-0.6606524105335427
706_03_009_sort_pos_joh_04,1,0.024404766228169204
706_03_009_sort_pos_joh_04,2,-0.38235955645093617
706_03_009_sort_pos_joh_04,3,-0.07724752751519172
706_03_009_sort_pos_joh_04,4,0.3110038947040764
706_03_009_sort_pos_joh_04,5,0.416746787168641
706_03_009_sort_pos_joh_04,6,0.22963966338592334
706_03_009_sort_pos_joh_04,7,0.13527106736158273
706_03_009_sort_pos_joh_05,0,0.577504290872822
706_03_009_sort_pos_joh_05,1,0.6131133032914259
706_03_009_sort_pos_joh_05,2,0.7136907852497613
706_03_009_sort_pos_joh_05,3,0.10578013599589627
706_03_009_sort_pos_joh_05,4,-0.3179993640019076
706_03_009_sort_pos_joh_05,5,-1.2045079196656077
706_03_009_sort_pos_joh_05,6,-0.5690519307975983
706_03_009_sort_pos_joh_05,7,0.10337884727500735
706_03_009_sort_pos_joh_06,0,-0.1656346649999842
706_03_009_sort_pos_joh_06,1,1.0892289718357748
706_03_009_sort_pos_joh_06,2,-0.15370070720163573
706_03_009_sort_pos_joh_06,3,-0.03087537605472199
706_03_009_sort_pos_joh_06,4,-0.15370070720163573
706_03_009_sort_pos_joh_06,5,0.09123431055236488
706_03_009_sort_pos_joh_06,6,-0.030275242098833696
706_03_009_sort_pos_joh_06,7,-0.5378561975930827
706_03_009_sort_pos_joh_07,0,-0.8660254037844388
706_03_009_sort_pos_joh_07,1,0.058420623783698555
706_03_009_sort_pos_joh_07,2,-0.8660254037844388
706_03_009_sort_pos_joh_07,3,-0.3988620176087329
706_03_009_sort_pos_joh_07,4,0.301923339319584
706_03_009_sort_pos_joh_07,5,1.4313561708410933
706_03_009_sort_pos_joh_07,6,0.29098798098966266
706_03_009_sort_pos_joh_07,7,0.29098798098966266
706_03_010_sort_pos_joh_01,0,0.39571191194396577
706_03_010_sort_pos_joh_01,1,-0.4141350905905008
706_03_010_sort_pos_joh_01,2,-0.7266049881513951
706_03_010_sort_pos_joh_01,3,-0.46720206695737837
706_03_010_sort_pos_joh_01,4,0.43507911174339203
706_03_010_sort_pos_joh_01,5,0.33520134118771533
706_03_010_sort_pos_joh_01,6,0.43769896663083824
706_03_010_sort_pos_joh_01,7,0.1316738158711254
706_03_010_sort_pos_joh_02,0,1.3976281095498682
706_03_010_sort_pos_joh_02,1,-0.30646490077804645
706_03_010_sort_pos_joh_02,2,-0.6463568237996878
706_03_010_sort_pos_joh_02,3,-0.5114338180113975
706_03_010_sort_pos_joh_02,4,0.6191944705683143
706_03_010_sort_pos_joh_02,5,0.24702651567698936
706_03_010_sort_pos_joh_02,6,-0.17218354777998546
706_03_010_sort_pos_joh_02,7,-0.29928373679019754
706_03_010_sort_pos_joh_03,0,0.4569850559541984
706_03_010_sort_pos_joh_03,1,-0.5114957546028551
706_03_010_sort_pos_joh_03,2,0.17685961768191652
706_03_010_sort_pos_joh_03,3,0.6339930195339711
706_03_010_sort_pos_joh_03,4,0.5848177787307144
706_03_010_sort_pos_joh_03,5,-0.40106206625703505
706_03_010_sort_pos_joh_03,6,-0.4255231590028171
706_03_010_sort_pos_joh_03,7,-0.5178575098197941
706_03_010_sort_pos_joh_04,0,0.03339730301692138
706_03_010_sort_pos_joh_04,1,-0.3215678424377239
706_03_010_sort_pos_joh_04,2,-0.49837218155754154
706_03_010_sort_pos_joh_04,3,-0.49582449792492445
706_03_010_sort_pos_joh_04,4,0.6594521293096475
706_03_010_sort_pos_joh_04,5,0.9927028784613233
706_03_010_sort_pos_joh_04,6,-0.05588772925123685
706_03_010_sort_pos_joh_04,7,-0.05839272948338146
706_03_010_sort_pos_joh_05,0,-0.2304039196743896
706_03_010_sort_pos_joh_05,1,-0.22692904747368267
706_03_010_sort_pos_joh_05,2,0.2102895577845166
706_03_010_sort_pos_joh_05,3,0.736373539248127
706_03_010_sort_pos_joh_05,4,0.09706320178790195
706_03_010_sort_pos_joh_05,5,0.32077760024555313
706_03_010_sort_pos_joh_05,6,-0.013406223004292995
706_03_010_sort_pos_joh_05,7,-0.6648385588083401
706_03_010_sort_pos_joh_06,0,0.20465595024580777
706_03_010_sort_pos_joh_06,1,-0.5406944145943537
706_03_010_sort_pos_joh_06,2,-0.4459254677784614
706_03_010_sort_pos_joh_06,3,-0.7341480668301309
706_03_010_sort_pos_joh_06,4,0.645183800108411
706_03_010_sort_pos_joh_06,5,0.5353648436081009
706_03_010_sort_pos_joh_06,6,0.6146163876474152
706_03_010_sort_pos_joh_06,7,-0.08039606482378667
706_03_012_sort_pos_joh_01,0,-0.10201498515204485
706_03_012_sort_pos_joh_01,1,-0.5382051366658068
706_03_012_sort_pos_joh_01,2,-0.5342459098528973
706_03_012_sort_pos_joh_01,3,0.9474084512566249
706_03_012_sort_pos_joh_01,4,0.9876564369542675
706_03_012_sort_pos_joh_01,5,0.3519812660165823
706_03_012_sort_pos_joh_01,6,0.10802234750578028
706_03_012_sort_pos_joh_01,7,-1.1164177434220346
706_03_012_sort_pos_joh_02,0,0.08543576577167608
706_03_012_sort_pos_joh_02,1,0.08145594570101922
706_03_012_sort_pos_joh_02,2,0.17041054014970622
706_03_012_sort_pos_joh_02,3,-0.19464514658377913
706_03_012_sort_pos_joh_02,4,0.8356290217967336
706_03_012_sort_pos_joh_02,5,-0.1925364704612365
706_03_012_sort_pos_joh_02,6,-0.10965015142391789
706_03_012_sort_pos_joh_02,7,-0.5543894571967399
706_03_012_sort_pos_joh_04,0,0.164584434614521
706_03_012_sort_pos_joh_04,1,-0.2641659906594236
706_03_012_sort_pos_joh_04,2,-0.052999894000318036
706_03_012_sort_pos_joh_04,3,-0.2641659906594236
706_03_012_sort_pos_joh_04,4,0.38592249249397986
706_03_012_sort_pos_joh_04,5,0.9423764611318621
706_03_012_sort_pos_joh_04,6,-0.2641659906594236
706_03_012_sort_pos_joh_04,7,-0.2641659906594236
706_03_012_sort_pos_joh_05,0,-0.041775599314435655
706_03_012_sort_pos_joh_05,1,-0.04177559931443578
706_03_012_sort_pos_joh_05,2,-0.3724226498710655
706_03_012_sort_pos_joh_05,3,-0.041775599314435655
706_03_012_sort_pos_joh_05,4,0.29580398915498096
706_03_012_sort_pos_joh_05,5,-0.04522156316461343
706_03_012_sort_pos_joh_05,6,-0.041775599314435655
706_03_012_sort_pos_joh_05,7,0.320844473959874
706_03_038_sort_pos_joh_01,0,-0.01825843296907137
706_03_038_sort_pos_joh_01,1,1.1098096793729852
706_03_038_sort_pos_joh_01,2,0.23626863396397876
706_03_038_sort_pos_joh_01,3,0.24390715549996622
706_03_038_sort_pos_joh_01,4,-0.6663595579734998
706_03_038_sort_pos_joh_01,5,-0.5774316262349379
706_03_038_sort_pos_joh_01,6,-0.556846359689144
706_03_038_sort_pos_joh_01,7,0.2947984758565123
706_03_038_sort_pos_joh_02,0,0.2097605405719635
706_03_038_sort_pos_joh_02,1,0.7684040672352392
706_03_038_sort_pos_joh_02,2,-0.6403843459459637
706_03_038_sort_pos_joh_02,3,0.2603778219616474
706_03_038_sort_pos_joh_02,4,0.05329544781384193
706_03_038_sort_pos_joh_02,5,-0.42071588771260393
706_03_038_sort_pos_joh_02,6,0.2696554319692948
706_03_038_sort_pos_joh_02,7,-0.48881290193421173
706_03_038_sort_pos_joh_04,0,0.7093494343948114
706_03_038_sort_pos_joh_04,1,0.02144594859291106
706_03_038_sort_pos_joh_04,2,-0.3803805709516658
706_03_038_sort_pos_joh_04,3,-0.3869501289865245
706_03_038_sort_pos_joh_04,4,0.10557360888287604
706_03_038_sort_pos_joh_04,5,-0.21860537421722054
706_03_038_sort_pos_joh_04,6,0.020850308267570533
706_03_038_sort_pos_joh_04,7,0.18720569113951757
706_03_038_sort_pos_joh_05,0,1.5050165318061743
706_03_038_sort_pos_joh_05,1,2.500380668620915
706_03_038_sort_pos_joh_05,2,0.04928628773837078
706_03_038_sort_pos_joh_05,3,-0.374430963812191
706_03_038_sort_pos_joh_05,4,-0.5911339080058802
706_03_038_sort_pos_joh_05,5,-0.5293596254686712
706_03_038_sort_pos_joh_05,6,-0.7895725166701287
706_03_038_sort_pos_joh_05,7,-0.9573757671977778
706_03_038_sort_pos_joh_06,0,0.7518820606756281
706_03_038_sort_pos_joh_06,1,0.7921825785276579
706_03_038_sort_pos_joh_06,2,-0.3538265102868382
706_03_038_sort_pos_joh_06,3,-0.5341839284332409
706_03_038_sort_pos_joh_06,4,-0.35382651028683804
706_03_038_sort_pos_joh_06,5,-0.19473541261232863
706_03_038_sort_pos_joh_06,6,0.11666441621738026
706_03_038_sort_pos_joh_06,7,-0.039223227027636774
706_03_049_sort_pos_joh_01,0,-0.30312986989614843
706_03_049_sort_pos_joh_01,1,-0.5040423472962735
706_03_049_sort_pos_joh_01,2,-0.24574728177695002
706_03_049_sort_pos_joh_01,3,-0.659266974150297
706_03_049_sort_pos_joh_01,4,-0.3821385408318664
706_03_049_sort_pos_joh_01,5,0.044512837855826895
706_03_049_sort_pos_joh_01,6,1.1935887294510743
706_03_049_sort_pos_joh_01,7,1.0801220683745432
706_03_049_sort_pos_joh_02,0,-0.06182391976810118
706_03_049_sort_pos_joh_02,1,-0.67411519548829
706_03_049_sort_pos_joh_02,2,-0.3928886095588604
706_03_049_sort_pos_joh_02,3,-0.6142168474431381
706_03_049_sort_pos_joh_02,4,0.0476731294622796
706_03_049_sort_pos_joh_02,5,-0.16922823783558827
706_03_049_sort_pos_joh_02,6,0.8069563138805363
706_03_049_sort_pos_joh_02,7,1.6090454025027578
706_03_049_sort_pos_joh_03,0,-0.4203416664624354
706_03_049_sort_pos_joh_03,1,-0.538366663181245
706_03_049_sort_pos_joh_03,2,-0.12977713690460957
706_03_049_sort_pos_joh_03,3,0.9911892555667045
706_03_049_sort_pos_joh_03,4,0.4203416664624358
706_03_049_sort_pos_joh_03,5,-0.4099121914110932
706_03_049_sort_pos_joh_03,6,0.8670137758068363
706_03_049_sort_pos_joh_03,7,-0.6711560552140244
706_03_049_sort_pos_joh_04,0,-0.24003840921845873
706_03_049_sort_pos_joh_04,1,0.14983361059770628
706_03_049_sort_pos_joh_04,2,-0.11180339887498945
706_03_049_sort_pos_joh_04,3,-0.49838197750592284
706_03_049_sort_pos_joh_04,4,0.016482272547804516
706_03_049_sort_pos_joh_04,5,0.43052286894893177
706_03_049_sort_pos_joh_04,6,0.6578763074008224
706_03_049_sort_pos_joh_04,7,-0.3649414691858419
706_03_049_sort_pos_joh_05,0,0.24333213169614348
706_03_049_sort_pos_joh_05,1,0.3760399462363858
706_03_049_sort_pos_joh_05,2,-0.4048616176570398
706_03_049_sort_pos_joh_05,3,0.3847789701418464
706_03_049_sort_pos_joh_05,4,-0.5199591306221852
706_03_049_sort_pos_joh_05,5,-0.6491601300177117
706_03_049_sort_pos_joh_05,6,-0.015988236984776926
706_03_049_sort_pos_joh_05,7,0.6484706919507224
706_03_049_sort_pos_joh_06,0,0.05773502691896258
706_03_049_sort_pos_joh_06,1,-0.38592249249397986
706_03_049_sort_pos_joh_06,2,0.05773502691896258
706_03_049_sort_pos_joh_06,3,0.05773502691896258
706_03_049_sort_pos_joh_06,4,0.661693159884427
706_03_049_sort_pos_joh_06,5,-0.3859224924939799
706_03_049_sort_pos_joh_06,6,0.05773502691896258
706_03_049_sort_pos_joh_06,7,0.05773502691896258
706_03_051_sort_pos_joh_01,0,-0.9929617099770399
706_03_051_sort_pos_joh_01,1,0.3890365807597215
706_03_051_sort_pos_joh_01,2,0.16549018137115926
706_03_051_sort_pos_joh_01,3,-0.28324592523829256
706_03_051_sort_pos_joh_01,4,0.30335281772703493
706_03_051_sort_pos_joh_01,5,0.1601061888539577
706_03_051_sort_pos_joh_01,6,0.308489056286762
706_03_051_sort_pos_joh_01,7,-0.05912526005933326
706_03_051_sort_pos_joh_02,0,-0.014465098245734135
706_03_051_sort_pos_joh_02,1,0.5089598431008909
706_03_051_sort_pos_joh_02,2,0.555582864145469
706_03_051_sort_pos_joh_02,3,0.8981196284627694
706_03_051_sort_pos_joh_02,4,-0.2428103471861986
706_03_051_sort_pos_joh_02,5,-0.6187994295465897
706_03_051_sort_pos_joh_02,6,-0.635077339650765
706_03_051_sort_pos_joh_02,7,-0.30945314268901164
706_03_051_sort_pos_joh_03,0,-0.41096690969475985
706_03_051_sort_pos_joh_03,1,-0.010163945352271735
706_03_051_sort_pos_joh_03,2,0.24125136780279233
706_03_051_sort_pos_joh_03,3,-0.33979113476836853
706_03_051_sort_pos_joh_03,4,0.1549441268922018
706_03_051_sort_pos_joh_03,5,0.5630458825897438
706_03_051_sort_pos_joh_03,6,0.16159890509571456
706_03_051_sort_pos_joh_03,7,-0.2565350967611934
706_03_056_sort_pos_joh_02,0,0.5980891671216749
706_03_056_sort_pos_joh_02,1,-0.0390137157320435
706_03_056_sort_pos_joh_02,2,0.27583864218368537
706_03_056_sort_pos_joh_02,3,-0.6533630757204748
706_03_056_sort_pos_joh_02,4,-0.0390137157320435
706_03_056_sort_pos_joh_02,5,-0.0390137157320435
706_03_056_sort_pos_joh_02,6,0.3535533905932735
706_03_056_sort_pos_joh_02,7,-0.34822045464036167
706_03_056_sort_pos_joh_04,0,-0.2803956022544747
706_03_056_sort_pos_joh_04,1,0.09733285267845736
706_03_056_sort_pos_joh_04,2,-0.158910431540932
706_03_056_sort_pos_joh_04,3,-0.5480307929897297
706_03_056_sort_pos_joh_04,4,0.21990734428182407
706_03_056_sort_pos_joh_04,5,-0.03245709876850973
706_03_056_sort_pos_joh_04,6,1.2038704975828163
706_03_056_sort_pos_joh_04,7,-0.1642215463607155
706_03_056_sort_pos_joh_06,0,-0.38592249249397986
706_03_056_sort_pos_joh_06,1,0.05773502691896254
706_03_056_sort_pos_joh_06,2,-0.38592249249397986
706_03_056_sort_pos_joh_06,3,0.05773502691896254
706_03_056_sort_pos_joh_06,4,-0.38592249249397986
706_03_056_sort_pos_joh_06,5,0.05773502691896254
706_03_056_sort_pos_joh_06,6,1.3788820796114816
706_03_056_sort_pos_joh_06,7,0.05773502691896258
706_03_063_sort_pos_joh_01,0,-0.09880739332808093
706_03_063_sort_pos_joh_01,1,1.2308097474815098
706_03_063_sort_pos_joh_01,2,0.11847234158224065
706_03_063_sort_pos_joh_01,3,0.17162931335741652
706_03_063_sort_pos_joh_01,4,0.22636504754880515
706_03_063_sort_pos_joh_01,5,-0.44550163401120085
706_03_063_sort_pos_joh_01,6,-0.5645655704339074
706_03_063_sort_pos_joh_01,7,-0.5988271364876004
706_03_063_sort_pos_joh_02,0,-0.7053456158585977
706_03_063_sort_pos_joh_02,1,1.048503206651737
706_03_063_sort_pos_joh_02,2,0.42563438508038864
706_03_063_sort_pos_joh_02,3,0.019418390934515816
706_03_063_sort_pos_joh_02,4,0.021790681682020877
706_03_063_sort_pos_joh_02,5,0.2521895835243748
706_03_063_sort_pos_joh_02,6,-0.6625807483307022
706_03_063_sort_pos_joh_02,7,-0.3934287110936758
706_03_063_sort_pos_joh_03,0,-1.1164399417804642
706_03_063_sort_pos_joh_03,1,0.6482582013203452
706_03_063_sort_pos_joh_03,2,-0.16981240027551767
706_03_063_sort_pos_joh_03,3,0.4812667109398111
706_03_063_sort_pos_joh_03,4,-0.3320038807791546
706_03_063_sort_pos_joh_03,5,0.02220988682175891
706_03_063_sort_pos_joh_03,6,0.29530205277576554
706_03_063_sort_pos_joh_03,7,0.21420983138582242
706_03_063_sort_pos_joh_04,0,0.05995205752330739
706_03_063_sort_pos_joh_04,1,0.06207044164517762
706_03_063_sort_pos_joh_04,2,-0.5919600211726016
706_03_063_sort_pos_joh_04,3,-0.09714691757235021
706_03_063_sort_pos_joh_04,4,0.2307241035664982
706_03_063_sort_pos_joh_04,5,1.3706112808978108
706_03_063_sort_pos_joh_04,6,-0.2623186514881601
706_03_063_sort_pos_joh_04,7,-0.5919600211726016
706_03_063_sort_pos_joh_05,0,0.7954716334459864
706_03_063_sort_pos_joh_05,1,0.1909406539564931
706_03_063_sort_pos_joh_05,2,-0.027724348650071114
706_03_063_sort_pos_joh_05,3,-0.7340252743933792
706_03_063_sort_pos_joh_05,4,0.19720265943665397
706_03_063_sort_pos_joh_05,5,-0.02772434865007144
706_03_063_sort_pos_joh_05,6,0.19720265943665363
706_03_063_sort_pos_joh_05,7,-0.4889177122615931
706_03_063_sort_pos_joh_06,0,-0.36760731104690386
706_03_063_sort_pos_joh_06,1,1.0169503597462533
706_03_063_sort_pos_joh_06,2,-0.36760731104690375
706_03_063_sort_pos_joh_06,3,-0.36760731104690375
706_03_063_sort_pos_joh_06,4,-0.36760731104690375
706_03_063_sort_pos_joh_06,5,0.24333213169614368
706_03_063_sort_pos_joh_06,6,0.24333213169614368
706_03_063_sort_pos_joh_06,7,0.24333213169614368
706_03_063_sort_neg_joh_01,0,-0.6828526107369102
706_03_063_sort_neg_joh_01,1,0.5172693375482135
706_03_063_sort_neg_joh_01,2,0.8307403920112376
706_03_063_sort_neg_joh_01,3,-0.1404183896944124
706_03_063_sort_neg_joh_01,4,-0.9982409836865166
706_03_063_sort_neg_joh_01,5,-0.1662426323237172
706_03_063_sort_neg_joh_01,6,1.0422748992625979
706_03_063_sort_neg_joh_01,7,-0.31456261968041616
706_03_063_sort_neg_joh_02,0,-0.4967822227645692
706_03_063_sort_neg_joh_02,1,0.6280987642688027
706_03_063_sort_neg_joh_02,2,0.9597325807829657
706_03_063_sort_neg_joh_02,3,0.4414051028508952
706_03_063_sort_neg_joh_02,4,-0.47321347370515193
706_03_063_sort_neg_joh_02,5,-0.7562395081248827
706_03_063_sort_neg_joh_02,6,0.21110414750563716
706_03_063_sort_neg_joh_02,7,-0.4032347768766361
706_03_063_sort_neg_joh_03,0,0.15158476564770776
706_03_063_sort_neg_joh_03,1,-0.19106508580675216
706_03_063_sort_neg_joh_03,2,-0.08232319499226795
706_03_063_sort_neg_joh_03,3,-0.204276193033448
706_03_063_sort_neg_joh_03,4,0.02954948047852898
706_03_063_sort_neg_joh_03,5,0.38152872607443716
706_03_063_sort_neg_joh_03,6,-0.08232319499226763
706_03_063_sort_neg_joh_03,7,0.028046877460778313
706_03_063_sort_neg_joh_04,0,-0.23624522877315668
706_03_063_sort_neg_joh_04,1,0.589387068821369
706_03_063_sort_neg_joh_04,2,0.10443899828608932
706_03_063_sort_neg_joh_04,3,-0.4185184469548902
706_03_063_sort_neg_joh_04,4,-0.5751193358371116
706_03_063_sort_neg_joh_04,5,0.2755994488016541
706_03_063_sort_neg_joh_04,6,0.42794805161809185
706_03_063_sort_neg_joh_04,7,-0.23179736357859923
706_03_063_sort_neg_joh_05,0,-1.2705859505758321
706_03_063_sort_neg_joh_05,1,0.5694161123310245
706_03_063_sort_neg_joh_05,2,-0.8002169477215725
706_03_063_sort_neg_joh_05,3,-0.21664179440693074
706_03_063_sort_neg_joh_05,4,-0.21249358102002516
706_03_063_sort_neg_joh_05,5,-0.2692869142261735
706_03_063_sort_neg_joh_05,6,1.0377113200283654
706_03_063_sort_neg_joh_05,7,1.369541246074695
706_04_004_sort_pos_joh_01,0,-0.6712423953036502
706_04_004_sort_pos_joh_01,1,-0.5956135723656131
706_04_004_sort_pos_joh_01,2,-0.32727772773457614
706_04_004_sort_pos_joh_01,3,-0.17057205980525292
706_04_004_sort_pos_joh_01,4,0.15539182348014954
706_04_004_sort_pos_joh_01,5,1.7737310860612872
706_04_004_sort_pos_joh_01,6,0.49628335637145926
706_04_004_sort_pos_joh_01,7,-0.23530621974740443
706_04_004_sort_pos_joh_02,0,-0.7408831771886952
706_04_004_sort_pos_joh_02,1,-0.6480146712182365
706_04_004_sort_pos_joh_02,2,0.38611587777333906
706_04_004_sort_pos_joh_02,3,0.32943456373450813
706_04_004_sort_pos_joh_02,4,-0.043043113128259015
706_04_004_sort_pos_joh_02,5,1.1121195151380627
706_04_004_sort_pos_joh_02,6,0.1303116728289206
706_04_004_sort_pos_joh_02,7,-0.3026187150063886
706_04_006_sort_pos_joh_01,0,0.6447757308731333
706_04_006_sort_pos_joh_01,1,1.40419792373007
706_04_006_sort_pos_joh_01,2,0.7818598001787842
706_04_006_sort_pos_joh_01,3,0.1504838596967886
706_04_006_sort_pos_joh_01,4,-0.5126761729580179
706_04_006_sort_pos_joh_01,5,-0.4869577961594487
706_04_006_sort_pos_joh_01,6,-0.796886868186656
706_04_006_sort_pos_joh_01,7,-0.8765657726003502
706_04_049_sort_pos_joh_01,0,0.8048354420973133
706_04_049_sort_pos_joh_01,1,1.4758346545006256
706_04_049_sort_pos_joh_01,2,-0.11056899498377683
706_04_049_sort_pos_joh_01,3,-0.6018731016359927
706_04_049_sort_pos_joh_01,4,-0.8254474434736966
706_04_049_sort_pos_joh_01,5,-0.520862418626265
706_04_049_sort_pos_joh_01,6,0.025874751297835303
706_04_049_sort_pos_joh_01,7,0.008634577364537793
706_04_055_sort_pos_joh_01,0,-0.005707208504831948
706_04_055_sort_pos_joh_01,1,0.08627959628145758
706_04_055_sort_pos_joh_01,2,-0.1452212650358031
706_04_055_sort_pos_joh_01,3,0.3262960275032619
706_04_055_sort_pos_joh_01,4,-0.38116120253194874
706_04_055_sort_pos_joh_01,5,-0.4762317083624076
706_04_055_sort_pos_joh_01,6,0.4621247905424444
706_04_055_sort_pos_joh_01,7,0.2511169080180328
706_04_055_sort_pos_joh_02,0,-0.20690147215059185
706_04_055_sort_pos_joh_02,1,-0.56415194758357
706_04_055_sort_pos_joh_02,2,-0.22845583119247703
706_04_055_sort_pos_joh_02,3,0.12780429685269165
706_04_055_sort_pos_joh_02,4,-0.5756496756010617
706_04_055_sort_pos_joh_02,5,0.13580361906377797
706_04_055_sort_pos_joh_02,6,0.6394568344792316
706_04_055_sort_pos_joh_02,7,0.6394568344792316
706_04_055_sort_pos_joh_03,0,-0.29339161498746386
706_04_055_sort_pos_joh_03,1,-0.5556623828915214
706_04_055_sort_pos_joh_03,2,0.25112360116696125
706_04_055_sort_pos_joh_03,3,-0.03254722774520604
706_04_055_sort_pos_joh_03,4,-0.29339161498746386
706_04_055_sort_pos_joh_03,5,-0.29339161498746386
706_04_055_sort_pos_joh_03,6,0.23855936180684886
706_04_055_sort_pos_joh_03,7,1.1853146249979027
706_04_059_sort_pos_joh_01,0,-0.13894554598641023
706_04_059_sort_pos_joh_01,1,0.10013174779488544
706_04_059_sort_pos_joh_01,2,0.15037066944534688
706_04_059_sort_pos_joh_01,3,0.6518219573173366
706_04_059_sort_pos_joh_01,4,0.05973904568846263
706_04_059_sort_pos_joh_01,5,-0.4476400378985699
706_04_059_sort_pos_joh_01,6,0.0059326550455141075
706_04_059_sort_pos_joh_01,7,-0.3675985500437673
707_01_001_sort_pos_joh_01,0,
707_01_001_sort_pos_joh_01,1,
707_01_001_sort_pos_joh_01,2,
707_01_001_sort_pos_joh_01,3,
707_01_001_sort_pos_joh_01,4,
707_01_001_sort_pos_joh_01,5,
707_01_001_sort_pos_joh_01,6,
707_01_001_sort_pos_joh_01,7,
707_01_001_sort_pos_joh_02,0,0.713108986565056
707_01_001_sort_pos_joh_02,1,-0.061077188759837246
707_01_001_sort_pos_joh_02,2,0.44595176294833916
707_01_001_sort_pos_joh_02,3,-0.4086723187750997
707_01_001_sort_pos_joh_02,4,-0.4231686334629183
707_01_001_sort_pos_joh_02,5,-0.1449185385211239
707_01_001_sort_pos_joh_02,6,0.28777161083053343
707_01_001_sort_pos_joh_02,7,-0.23811115341082556
707_01_001_sort_pos_joh_03,0,-0.15617376188860607
707_01_001_sort_pos_joh_03,1,-0.15617376188860607
707_01_001_sort_pos_joh_03,2,-0.15617376188860607
707_01_001_sort_pos_joh_03,3,-0.15617376188860607
707_01_001_sort_pos_joh_03,4,inf
707_01_001_sort_pos_joh_03,5,-0.15617376188860607
707_01_001_sort_pos_joh_03,6,-0.15617376188860607
707_01_001_sort_pos_joh_03,7,-0.15617376188860607
707_01_002_sort_pos_joh_01,0,0.08299969954163139
707_01_002_sort_pos_joh_01,1,0.5776819081791142
707_01_002_sort_pos_joh_01,2,0.08422714006615103
707_01_002_sort_pos_joh_01,3,-0.31723997911524054
707_01_002_sort_pos_joh_01,4,0.22021249682742122
707_01_002_sort_pos_joh_01,5,-0.1803036426323117
707_01_002_sort_pos_joh_01,6,-0.4668374660745874
707_01_002_sort_pos_joh_01,7,0.018767143845611154
707_01_002_sort_pos_joh_02,0,-0.2532660297934531
707_01_002_sort_pos_joh_02,1,0.14704292441876132
707_01_002_sort_pos_joh_02,2,1.0346122632229273
707_01_002_sort_pos_joh_02,3,-0.05045937920459952
707_01_002_sort_pos_joh_02,4,-0.24992191160203056
707_01_002_sort_pos_joh_02,5,0.16862982819580255
707_01_002_sort_pos_joh_02,6,-0.4548588261473418
707_01_002_sort_pos_joh_02,7,-0.24514516892272983
707_01_002_sort_pos_joh_03,0,-0.44141479464782046
707_01_002_sort_pos_joh_03,1,1.758383281513413
707_01_002_sort_pos_joh_03,2,-0.12107014684068931
707_01_002_sort_pos_joh_03,3,0.04158552410345354
707_01_002_sort_pos_joh_03,4,-0.6057207907235123
707_01_002_sort_pos_joh_03,5,0.0408503685102832
707_01_002_sort_pos_joh_03,6,-0.12107014684068931
707_01_002_sort_pos_joh_03,7,0.04015287192394108
707_01_002_sort_pos_joh_04,0,-0.6295782564128861
707_01_002_sort_pos_joh_04,1,0.22644250448968822
707_01_002_sort_pos_joh_04,2,0.5294699139059951
707_01_002_sort_pos_joh_04,3,1.2856154959356358
707_01_002_sort_pos_joh_04,4,0.10810246793029746
707_01_002_sort_pos_joh_04,5,-0.6234344554411586
707_01_002_sort_pos_joh_04,6,0.10810246793029746
707_01_002_sort_pos_joh_04,7,-0.8840663153518862
707_01_004_sort_pos_joh_01,0,-0.29099818707833236
707_01_004_sort_pos_joh_01,1,0.24848052077628863
707_01_004_sort_pos_joh_01,2,0.2902673483501248
707_01_004_sort_pos_joh_01,3,1.2477572459647301
707_01_004_sort_pos_joh_01,4,0.022069826283494243
707_01_004_sort_pos_joh_01,5,-0.645201606653735
707_01_004_sort_pos_joh_01,6,-0.5119254675292529
707_01_004_sort_pos_joh_01,7,0.06579912579131111
707_01_004_sort_pos_joh_02,0,-0.31277162108561196
707_01_004_sort_pos_joh_02,1,0.28692527205630375
707_01_004_sort_pos_joh_02,2,0.6491351795371063
707_01_004_sort_pos_joh_02,3,1.3333498348813853
707_01_004_sort_pos_joh_02,4,-0.318767788877431
707_01_004_sort_pos_joh_02,5,-0.1989666440955308
707_01_004_sort_pos_joh_02,6,-0.5583037672621977
707_01_004_sort_pos_joh_02,7,-0.5583037672621977
707_01_004_sort_pos_joh_03,0,0.9370425713316364
707_01_004_sort_pos_joh_03,1,-0.22360679774997894
707_01_004_sort_pos_joh_03,2,-0.22360679774997894
707_01_004_sort_pos_joh_03,3,0.9370425713316364
707_01_004_sort_pos_joh_03,4,-0.22360679774997896
707_01_004_sort_pos_joh_03,5,-0.22360679774997896
707_01_004_sort_pos_joh_03,6,-0.22360679774997896
707_01_004_sort_pos_joh_03,7,-0.22360679774997896
707_01_004_sort_pos_joh_04,0,-0.12319523435297731
707_01_004_sort_pos_joh_04,1,1.3506646552146044
707_01_004_sort_pos_joh_04,2,-0.44907311951024936
707_01_004_sort_pos_joh_04,3,0.20690147215059218
707_01_004_sort_pos_joh_04,4,-0.44907311951024936
707_01_004_sort_pos_joh_04,5,-0.7724598467726547
707_01_004_sort_pos_joh_04,6,-0.44907311951024936
707_01_004_sort_pos_joh_04,7,0.9625334218796215
707_01_004_sort_pos_joh_05,0,-0.4975185951049945
707_01_004_sort_pos_joh_05,1,0.31799936400190787
707_01_004_sort_pos_joh_05,2,0.31799936400190787
707_01_004_sort_pos_joh_05,3,-0.10246310391571199
707_01_004_sort_pos_joh_05,4,-0.10246310391571199
707_01_004_sort_pos_joh_05,5,-0.4975185951049945
707_01_004_sort_pos_joh_05,6,-0.10246310391571199
707_01_004_sort_pos_joh_05,7,0.894427190999916
707_01_005_sort_pos_joh_01,0,0.35971234513984435
707_01_005_sort_pos_joh_01,1,-0.11856225782628649
707_01_005_sort_pos_joh_01,2,-0.12265348742467198
707_01_005_sort_pos_joh_01,3,0.040323891927275916
707_01_005_sort_pos_joh_01,4,-0.2758386421836853
707_01_005_sort_pos_joh_01,5,0.4205423821643981
707_01_005_sort_pos_joh_01,6,0.4112204961464586
707_01_005_sort_pos_joh_01,7,-0.598089167121675
707_01_007_sort_pos_joh_01,0,-0.72090959890532
707_01_007_sort_pos_joh_01,1,-0.26262977671916965
707_01_007_sort_pos_joh_01,2,0.09492258678964403
707_01_007_sort_pos_joh_01,3,-0.3564464804601582
707_01_007_sort_pos_joh_01,4,-0.31591901829078606
707_01_007_sort_pos_joh_01,5,-0.2136736053570678
707_01_007_sort_pos_joh_01,6,1.0530767129494667
707_01_007_sort_pos_joh_01,7,0.8171106186936975
707_01_007_sort_pos_joh_02,0,-0.7052358500727494
707_01_007_sort_pos_joh_02,1,-0.2698521031776514
707_01_007_sort_pos_joh_02,2,-0.11800154031418292
707_01_007_sort_pos_joh_02,3,-0.18834270087522098
707_01_007_sort_pos_joh_02,4,-0.20095923811712502
707_01_007_sort_pos_joh_02,5,0.7430478728472052
707_01_007_sort_pos_joh_02,6,0.42435128886514695
707_01_007_sort_pos_joh_02,7,0.3879703634694812
707_01_008_sort_pos_joh_01,0,0.13909392846835378
707_01_008_sort_pos_joh_01,1,-0.24366239358771408
707_01_008_sort_pos_joh_01,2,-0.052093518187218614
707_01_008_sort_pos_joh_01,3,0.22262773942284392
707_01_008_sort_pos_joh_01,4,0.298485743003728
707_01_008_sort_pos_joh_01,5,-0.24204346619914774
707_01_008_sort_pos_joh_01,6,-0.8895350277693552
707_01_008_sort_pos_joh_01,7,1.2837409813772793
707_01_008_sort_pos_joh_02,0,-0.5040955351567256
707_01_008_sort_pos_joh_02,1,0.43112226632230155
707_01_008_sort_pos_joh_02,2,0.07641258609395644
707_01_008_sort_pos_joh_02,3,4.11314634371467e-16
707_01_008_sort_pos_joh_02,4,0.3514591129386599
707_01_008_sort_pos_joh_02,5,-0.3469875085661017
707_01_008_sort_pos_joh_02,6,0.3659880575470434
707_01_008_sort_pos_joh_02,7,-0.35850296995733616
707_01_008_sort_pos_joh_03,0,-0.5427568185430787
707_01_008_sort_pos_joh_03,1,0.523109145791578
707_01_008_sort_pos_joh_03,2,-0.12774420414891807
707_01_008_sort_pos_joh_03,3,-0.2560550696046809
707_01_008_sort_pos_joh_03,4,0.7694753966083097
707_01_008_sort_pos_joh_03,5,0.09222509311857038
707_01_008_sort_pos_joh_03,6,-0.6322036300450697
707_01_008_sort_pos_joh_03,7,0.22268497546000127
707_01_008_sort_pos_joh_04,0,0.055363653235826454
707_01_008_sort_pos_joh_04,1,-0.6288281455225324
707_01_008_sort_pos_joh_04,2,0.05723638070321404
707_01_008_sort_pos_joh_04,3,-0.40946876640188634
707_01_008_sort_pos_joh_04,4,-0.17349447958987213
707_01_008_sort_pos_joh_04,5,0.283523988561871
707_01_008_sort_pos_joh_04,6,0.3175003175004764
707_01_008_sort_pos_joh_04,7,0.5655458012460253
707_01_008_sort_pos_joh_05,0,0.5842131371908469
707_01_008_sort_pos_joh_05,1,-0.3259348680202781
707_01_008_sort_pos_joh_05,2,-0.030677697281949225
707_01_008_sort_pos_joh_05,3,-0.3337166073858164
707_01_008_sort_pos_joh_05,4,0.7657897014409062
707_01_008_sort_pos_joh_05,5,0.21938696476639435
707_01_008_sort_pos_joh_05,6,-0.45195896800570395
707_01_008_sort_pos_joh_05,7,-0.26882894427972515
707_01_023_sort_pos_joh_01,0,-0.4100147249995751
707_01_023_sort_pos_joh_01,1,0.14203137210779898
707_01_023_sort_pos_joh_01,2,0.6459311659238521
707_01_023_sort_pos_joh_01,3,0.2259889688325009
707_01_023_sort_pos_joh_01,4,0.22208630647726071
707_01_023_sort_pos_joh_01,5,-0.2552333610899619
707_01_023_sort_pos_joh_01,6,-0.019117977822546744
707_01_023_sort_pos_joh_01,7,-0.41502867831964424
707_01_023_sort_pos_joh_02,0,0.41659779045053114
707_01_023_sort_pos_joh_02,1,0.7227169053617669
707_01_023_sort_pos_joh_02,2,0.10657613907987176
707_01_023_sort_pos_joh_02,3,-0.20873955115420884
707_01_023_sort_pos_joh_02,4,0.2623186514881601
707_01_023_sort_pos_joh_02,5,-0.5306372565417241
707_01_023_sort_pos_joh_02,6,-0.678620892538296
707_01_023_sort_pos_joh_02,7,-0.05865464152543315
707_01_023_sort_pos_joh_03,0,-0.5919362113455007
707_01_023_sort_pos_joh_03,1,-0.4902903378454599
707_01_023_sort_pos_joh_03,2,0.20011844833730075
707_01_023_sort_pos_joh_03,3,-0.47859961515136695
707_01_023_sort_pos_joh_03,4,-0.04163455362400285
707_01_023_sort_pos_joh_03,5,0.897835834349432
707_01_023_sort_pos_joh_03,6,0.4065598117167323
707_01_023_sort_pos_joh_03,7,0.1925978765574373
707_01_023_sort_pos_joh_04,0,-0.050714236390833736
707_01_023_sort_pos_joh_04,1,-0.70340955028023
707_01_023_sort_pos_joh_04,2,0.16968865946718223
707_01_023_sort_pos_joh_04,3,-0.1550744859491237
707_01_023_sort_pos_joh_04,4,0.053395069993807796
707_01_023_sort_pos_joh_04,5,0.8095551704505857
707_01_023_sort_pos_joh_04,6,-0.15507448594912374
707_01_023_sort_pos_joh_04,7,0.055967324620847546
707_01_023_sort_pos_joh_05,0,0.6839737342940533
707_01_023_sort_pos_joh_05,1,-0.15225288212675867
707_01_023_sort_pos_joh_05,2,0.4653789209955171
707_01_023_sort_pos_joh_05,3,0.05299989400031796
707_01_023_sort_pos_joh_05,4,-0.15225288212675867
707_01_023_sort_pos_joh_05,5,0.04885319687460312
707_01_023_sort_pos_joh_05,6,-0.35043832202523095
707_01_023_sort_pos_joh_05,7,-0.5582605677981151
707_01_023_sort_pos_joh_06,0,0.31898088913156014
707_01_023_sort_pos_joh_06,1,-0.293887343348258
707_01_023_sort_pos_joh_06,2,0.0
707_01_023_sort_pos_joh_06,3,0.6467616667635545
707_01_023_sort_pos_joh_06,4,-1.148409043626252e-16
707_01_023_sort_pos_joh_06,5,-0.293887343348258
707_01_023_sort_pos_joh_06,6,-1.0801245765775737e-16
707_01_023_sort_pos_joh_06,7,-0.293887343348258
707_01_024_sort_pos_joh_01,0,0.22430848014845653
707_01_024_sort_pos_joh_01,1,-0.4166120182741869
707_01_024_sort_pos_joh_01,2,0.22879786112493208
707_01_024_sort_pos_joh_01,3,-0.14813667147945084
707_01_024_sort_pos_joh_01,4,-0.6014251801551156
707_01_024_sort_pos_joh_01,5,-0.7775088949254692
707_01_024_sort_pos_joh_01,6,1.0825900454722548
707_01_024_sort_pos_joh_01,7,0.5140378151895442
707_01_024_sort_pos_joh_02,0,-0.723862285374182
707_01_024_sort_pos_joh_02,1,-0.5916343682991462
707_01_024_sort_pos_joh_02,2,0.2541650168766214
707_01_024_sort_pos_joh_02,3,-0.13582264652612497
707_01_024_sort_pos_joh_02,4,0.16972786329140271
707_01_024_sort_pos_joh_02,5,-0.46977617561176305
707_01_024_sort_pos_joh_02,6,1.0928694784292783
707_01_024_sort_pos_joh_02,7,0.5297664741206843
707_01_024_sort_pos_joh_03,0,-0.32351621802124586
707_01_024_sort_pos_joh_03,1,-0.01808862526584532
707_01_024_sort_pos_joh_03,2,0.19963735237617192
707_01_024_sort_pos_joh_03,3,-0.30443421162656903
707_01_024_sort_pos_joh_03,4,-0.01867528418600426
707_01_024_sort_pos_joh_03,5,-0.16654534293751216
707_01_024_sort_pos_joh_03,6,0.30107070488895205
707_01_024_sort_pos_joh_03,7,0.3584267720046585
707_01_024_sort_pos_joh_04,0,0.8273097633183981
707_01_024_sort_pos_joh_04,1,0.31275462401356263
707_01_024_sort_pos_joh_04,2,-0.5684089581957728
707_01_024_sort_pos_joh_04,3,-0.3408018275517519
707_01_024_sort_pos_joh_04,4,0.13199913257997836
707_01_024_sort_pos_joh_04,5,0.3584267720046585
707_01_024_sort_pos_joh_04,6,-0.018978885872461673
707_01_024_sort_pos_joh_04,7,-0.6482750126609237
707_01_024_sort_pos_joh_05,0,-0.798101842703306
707_01_024_sort_pos_joh_05,1,-0.27970280273557546
707_01_024_sort_pos_joh_05,2,0.016529490122682483
707_01_024_sort_pos_joh_05,3,0.016922436085560457
707_01_024_sort_pos_joh_05,4,0.15115913209527576
707_01_024_sort_pos_joh_05,5,0.15115913209527518
707_01_024_sort_pos_joh_05,6,0.8153089489086595
707_01_024_sort_pos_joh_05,7,-0.11150512337989026
707_01_024_sort_pos_joh_06,0,-0.31840029995869557
707_01_024_sort_pos_joh_06,1,-0.5218380206654979
707_01_024_sort_pos_joh_06,2,-0.01347420139090734
707_01_024_sort_pos_joh_06,3,-0.21737779694721474
707_01_024_sort_pos_joh_06,4,-0.22199947150361715
707_01_024_sort_pos_joh_06,5,-0.013793431476706084
707_01_024_sort_pos_joh_06,6,0.954849783032384
707_01_024_sort_pos_joh_06,7,0.4337467658115693
707_01_024_sort_pos_joh_07,0,0.033167906340332856
707_01_024_sort_pos_joh_07,1,-0.2338535866733714
707_01_024_sort_pos_joh_07,2,0.3482204546403612
707_01_024_sort_pos_joh_07,3,0.29672121302810406
707_01_024_sort_pos_joh_07,4,-0.2338535866733714
707_01_024_sort_pos_joh_07,5,-0.5313272602318608
707_01_024_sort_pos_joh_07,6,0.3112715087397335
707_01_024_sort_pos_joh_07,7,0.03481553119113944
707_01_048_sort_pos_joh_01,0,0.5739657631440592
707_01_048_sort_pos_joh_01,1,0.16904113947693095
707_01_048_sort_pos_joh_01,2,0.2768300514470868
707_01_048_sort_pos_joh_01,3,0.06899236467873641
707_01_048_sort_pos_joh_01,4,0.002668488977370716
707_01_048_sort_pos_joh_01,5,-0.1893636339390073
707_01_048_sort_pos_joh_01,6,-0.5497305275333618
707_01_048_sort_pos_joh_01,7,-0.39624494155964896
707_01_048_sort_pos_joh_02,0,0.17301394158901554
707_01_048_sort_pos_joh_02,1,0.6333305574000898
707_01_048_sort_pos_joh_02,2,-0.13147445139660618
707_01_048_sort_pos_joh_02,3,0.2190539771691617
707_01_048_sort_pos_joh_02,4,-0.3138088067194383
707_01_048_sort_pos_joh_02,5,-0.15145849974591952
707_01_048_sort_pos_joh_02,6,-0.24828765108071918
707_01_048_sort_pos_joh_02,7,-0.14318218797100454
707_01_048_sort_pos_joh_03,0,-0.3961953713102188
707_01_048_sort_pos_joh_03,1,-0.40256097174015737
707_01_048_sort_pos_joh_03,2,0.6979350987461909
707_01_048_sort_pos_joh_03,3,-0.009909250441118152
707_01_048_sort_pos_joh_03,4,0.23082087374819635
707_01_048_sort_pos_joh_03,5,0.3961279629684029
707_01_048_sort_pos_joh_03,6,-0.3216796000810811
707_01_048_sort_pos_joh_03,7,-0.08981606540602548
707_01_048_sort_pos_joh_04,0,0.3953300877757775
707_01_048_sort_pos_joh_04,1,-0.25195741565108176
707_01_048_sort_pos_joh_04,2,0.29234267865169317
707_01_048_sort_pos_joh_04,3,-0.07825748827231271
707_01_048_sort_pos_joh_04,4,0.5007079253889967
707_01_048_sort_pos_joh_04,5,-0.7426684456966398
707_01_048_sort_pos_joh_04,6,0.1964563194964354
707_01_048_sort_pos_joh_04,7,-0.2702891187342137
707_01_048_sort_pos_joh_05,0,-0.8445561976270424
707_01_048_sort_pos_joh_05,1,-0.45275983432366446
707_01_048_sort_pos_joh_05,2,0.6491601300177119
707_01_048_sort_pos_joh_05,3,-0.45687146747550733
707_01_048_sort_pos_joh_05,4,0.5044197184254878
707_01_048_sort_pos_joh_05,5,0.6174670785596686
707_01_048_sort_pos_joh_05,6,0.13216728279154524
707_01_048_sort_pos_joh_05,7,-0.11525073729836972
707_01_048_sort_pos_joh_06,0,-0.09292279870493622
707_01_048_sort_pos_joh_06,1,0.2987886268273755
707_01_048_sort_pos_joh_06,2,0.2912998928562777
707_01_048_sort_pos_joh_06,3,-0.09292279870493622
707_01_048_sort_pos_joh_06,4,0.5255883312276368
707_01_048_sort_pos_joh_06,5,0.2912998928562777
707_01_048_sort_pos_joh_06,6,-0.45679247321835453
707_01_048_sort_pos_joh_06,7,-0.6416889479197478
707_01_054_sort_pos_joh_01,0,-0.1604461614960718
707_01_054_sort_pos_joh_01,1,-0.1211500767500999
707_01_054_sort_pos_joh_01,2,-0.35649385995541566
707_01_054_sort_pos_joh_01,3,0.597505439686848
707_01_054_sort_pos_joh_01,4,0.7066987029493086
707_01_054_sort_pos_joh_01,5,-0.11184962728253713
707_01_054_sort_pos_joh_01,6,-0.20045584738235372
707_01_054_sort_pos_joh_01,7,-0.26950188185244334
707_01_054_sort_pos_joh_02,0,-0.4162154371565198
707_01_054_sort_pos_joh_02,1,-0.17662388904389836
707_01_054_sort_pos_joh_02,2,-0.29010650026313917
707_01_054_sort_pos_joh_02,3,-0.4915043647936034
707_01_054_sort_pos_joh_02,4,1.0611908215936532
707_01_054_sort_pos_joh_02,5,-0.26986000687057804
707_01_054_sort_pos_joh_02,6,0.23440815857117525
707_01_054_sort_pos_joh_02,7,0.5175643832630931
707_01_054_sort_pos_joh_03,0,-0.4522896319136315
707_01_054_sort_pos_joh_03,1,0.22360679774997935
707_01_054_sort_pos_joh_03,2,-0.3783937343321347
707_01_054_sort_pos_joh_03,3,-0.44471245072740584
707_01_054_sort_pos_joh_03,4,0.4860330513712787
707_01_054_sort_pos_joh_03,5,-0.17562020377321638
707_01_054_sort_pos_joh_03,6,0.3593230003743109
707_01_054_sort_pos_joh_03,7,0.43510613432312684
707_01_054_sort_pos_joh_04,0,0.05339506999380756
707_01_054_sort_pos_joh_04,1,0.15971631183358148
707_01_054_sort_pos_joh_04,2,-0.5402943396538615
707_01_054_sort_pos_joh_04,3,-0.5402943396538615
707_01_054_sort_pos_joh_04,4,-0.44056684660014866
707_01_054_sort_pos_joh_04,5,0.5930263827561709
707_01_054_sort_pos_joh_04,6,0.8903802116977642
707_01_054_sort_pos_joh_04,7,0.048853196874603044
707_01_054_sort_pos_joh_05,0,0.9304469156947381
707_01_054_sort_pos_joh_05,1,0.27891895966676095
707_01_054_sort_pos_joh_05,2,-0.3600053438689852
707_01_054_sort_pos_joh_05,3,-0.27279773578818933
707_01_054_sort_pos_joh_05,4,0.30208401621355424
707_01_054_sort_pos_joh_05,5,-0.45026319948328064
707_01_054_sort_pos_joh_05,6,-0.09039692294111408
707_01_054_sort_pos_joh_05,7,-0.17706873641554882
707_01_058_sort_pos_joh_02,0,0.9370425713316364
707_01_058_sort_pos_joh_02,1,-0.22360679774997894
707_01_058_sort_pos_joh_02,2,-0.22360679774997894
707_01_058_sort_pos_joh_02,3,-0.22360679774997894
707_01_058_sort_pos_joh_02,4,0.9370425713316364
707_01_058_sort_pos_joh_02,5,-0.22360679774997896
707_01_058_sort_pos_joh_02,6,-0.22360679774997896
707_01_058_sort_pos_joh_02,7,-0.22360679774997896
707_02_001_sort_pos_joh_01,0,0.028061904245032746
707_02_001_sort_pos_joh_01,1,0.027177436391804113
707_02_001_sort_pos_joh_01,2,-0.04286834258107404
707_02_001_sort_pos_joh_01,3,-0.10884474451572075
707_02_001_sort_pos_joh_01,4,0.08844547190145337
707_02_001_sort_pos_joh_01,5,0.09017605242029397
707_02_001_sort_pos_joh_01,6,-0.23170360894956993
707_02_001_sort_pos_joh_01,7,0.1540040024496587
707_02_001_sort_pos_joh_02,0,-0.04055535528269048
707_02_001_sort_pos_joh_02,1,-0.04055535528269048
707_02_001_sort_pos_joh_02,2,-0.6500112459665918
707_02_001_sort_pos_joh_02,3,-0.3428726929917568
707_02_001_sort_pos_joh_02,4,-0.03801429606348514
707_02_001_sort_pos_joh_02,5,-0.03801429606348514
707_02_001_sort_pos_joh_02,6,0.570214440952279
707_02_001_sort_pos_joh_02,7,0.6083303292403595
707_02_003_sort_pos_joh_01,0,-0.42801880437572454
707_02_003_sort_pos_joh_01,1,-0.24135661519797677
707_02_003_sort_pos_joh_01,2,0.06979470910672796
707_02_003_sort_pos_joh_01,3,0.19543181854005603
707_02_003_sort_pos_joh_01,4,0.5668484898403219
707_02_003_sort_pos_joh_01,5,0.21713696385975037
707_02_003_sort_pos_joh_01,6,-0.057570773308979584
707_02_003_sort_pos_joh_01,7,-0.24642787639032135
707_02_004_sort_pos_joh_01,0,-1.561040123159972
707_02_004_sort_pos_joh_01,1,-1.9750977885028314
707_02_004_sort_pos_joh_01,2,-0.05256660364067332
707_02_004_sort_pos_joh_01,3,0.3851878799590537
707_02_004_sort_pos_joh_01,4,1.263068741387412
707_02_004_sort_pos_joh_01,5,0.7740541075241196
707_02_004_sort_pos_joh_01,6,0.5420572898993293
707_02_004_sort_pos_joh_01,7,0.20614616272979874
707_02_004_sort_pos_joh_02,0,-0.8343668519259971
707_02_004_sort_pos_joh_02,1,-1.0681311798173805
707_02_004_sort_pos_joh_02,2,-0.35562205759532095
707_02_004_sort_pos_joh_02,3,-0.008761822746859332
707_02_004_sort_pos_joh_02,4,-0.18200929282279307
707_02_004_sort_pos_joh_02,5,0.7491398841179473
707_02_004_sort_pos_joh_02,6,0.7918359095118266
707_02_004_sort_pos_joh_02,7,0.8021046414778766
707_02_004_sort_pos_joh_03,0,-0.7805290363583778
707_02_004_sort_pos_joh_03,1,-0.9084026158592898
707_02_004_sort_pos_joh_03,2,0.09479387813818714
707_02_004_sort_pos_joh_03,3,0.2026287101093621
707_02_004_sort_pos_joh_03,4,0.6660137364865341
707_02_004_sort_pos_joh_03,5,0.6775401697532476
707_02_004_sort_pos_joh_03,6,0.3099910637134527
707_02_004_sort_pos_joh_03,7,-0.2304039196743897
707_02_004_sort_pos_joh_04,0,-0.4448589728959756
707_02_004_sort_pos_joh_04,1,-0.21087058391832486
707_02_004_sort_pos_joh_04,2,0.23786112963860268
707_02_004_sort_pos_joh_04,3,0.37330068339472067
707_02_004_sort_pos_joh_04,4,0.36005715280730044
707_02_004_sort_pos_joh_04,5,0.23404346971546103
707_02_004_sort_pos_joh_04,6,-0.09553254290337641
707_02_004_sort_pos_joh_04,7,-0.44106055474896605
707_02_007_sort_pos_joh_01,0,-0.4257534317591946
707_02_007_sort_pos_joh_01,1,-0.49110552054954865
707_02_007_sort_pos_joh_01,2,0.1723810007883586
707_02_007_sort_pos_joh_01,3,0.16712409854966695
707_02_007_sort_pos_joh_01,4,0.3247669237092158
707_02_007_sort_pos_joh_01,5,0.11068871911165556
707_02_007_sort_pos_joh_01,6,0.160069062289278
707_02_007_sort_pos_joh_01,7,-0.04417568898243409
707_02_007_sort_pos_joh_02,0,0.2249063085530891
707_02_007_sort_pos_joh_02,1,0.43647174106863196
707_02_007_sort_pos_joh_02,2,-0.6280955015063997
707_02_007_sort_pos_joh_02,3,-0.4253770475342146
707_02_007_sort_pos_joh_02,4,-0.48775033572580945
707_02_007_sort_pos_joh_02,5,0.29125233132821493
707_02_007_sort_pos_joh_02,6,0.16430061106059574
707_02_007_sort_pos_joh_02,7,0.49400500223397814
707_02_007_sort_pos_joh_03,0,-0.3701361158171425
707_02_007_sort_pos_joh_03,1,0.3923642831606602
707_02_007_sort_pos_joh_03,2,-0.5657595026558433
707_02_007_sort_pos_joh_03,3,-0.4538639767191228
707_02_007_sort_pos_joh_03,4,-0.12506950236845135
707_02_007_sort_pos_joh_03,5,0.771397685420167
707_02_007_sort_pos_joh_03,6,0.2605624072651318
707_02_007_sort_pos_joh_03,7,0.07139035930360296
707_02_007_sort_pos_joh_04,0,0.510427662325851
707_02_007_sort_pos_joh_04,1,0.2721966440544968
707_02_007_sort_pos_joh_04,2,-0.20014301038652554
707_02_007_sort_pos_joh_04,3,-0.08365670797997393
707_02_007_sort_pos_joh_04,4,-0.08505719656856094
707_02_007_sort_pos_joh_04,5,-0.32008677908862876
707_02_007_sort_pos_joh_04,6,-0.20188341714801486
707_02_007_sort_pos_joh_04,7,0.1540833878403416
707_02_008_sort_pos_joh_01,0,0.32545103819580967
707_02_008_sort_pos_joh_01,1,0.658083515843394
707_02_008_sort_pos_joh_01,2,0.1884434197729946
707_02_008_sort_pos_joh_01,3,-0.17712659328891167
707_02_008_sort_pos_joh_01,4,-0.5674379792292474
707_02_008_sort_pos_joh_01,5,-0.3196628867449465
707_02_008_sort_pos_joh_01,6,-0.41310780745978914
707_02_008_sort_pos_joh_01,7,0.2732262491268438
707_02_008_sort_pos_joh_04,0,0.41563062346977897
707_02_008_sort_pos_joh_04,1,0.593117553498364
707_02_008_sort_pos_joh_04,2,-0.3707906358073509
707_02_008_sort_pos_joh_04,3,-0.46944638655750603
707_02_008_sort_pos_joh_04,4,-0.46944638655750603
707_02_008_sort_pos_joh_04,5,0.2504122014340808
707_02_008_sort_pos_joh_04,6,0.14262879242182055
707_02_008_sort_pos_joh_04,7,0.039106416477166894
707_02_018_sort_pos_joh_01,0,
707_02_018_sort_pos_joh_01,1,
707_02_018_sort_pos_joh_01,2,
707_02_018_sort_pos_joh_01,3,
707_02_018_sort_pos_joh_01,4,
707_02_018_sort_pos_joh_01,5,
707_02_018_sort_pos_joh_01,6,
707_02_018_sort_pos_joh_01,7,
707_02_018_sort_pos_joh_02,0,
707_02_018_sort_pos_joh_02,1,
707_02_018_sort_pos_joh_02,2,
707_02_018_sort_pos_joh_02,3,
707_02_018_sort_pos_joh_02,4,
707_02_018_sort_pos_joh_02,5,
707_02_018_sort_pos_joh_02,6,
707_02_018_sort_pos_joh_02,7,
707_02_018_sort_pos_joh_03,0,
707_02_018_sort_pos_joh_03,1,
707_02_018_sort_pos_joh_03,2,
707_02_018_sort_pos_joh_03,3,
707_02_018_sort_pos_joh_03,4,
707_02_018_sort_pos_joh_03,5,
707_02_018_sort_pos_joh_03,6,
707_02_018_sort_pos_joh_03,7,
707_02_018_sort_pos_joh_04,0,
707_02_018_sort_pos_joh_04,1,
707_02_018_sort_pos_joh_04,2,
707_02_018_sort_pos_joh_04,3,
707_02_018_sort_pos_joh_04,4,
707_02_018_sort_pos_joh_04,5,
707_02_018_sort_pos_joh_04,6,
707_02_018_sort_pos_joh_04,7,
707_02_018_sort_pos_joh_05,0,
707_02_018_sort_pos_joh_05,1,
707_02_018_sort_pos_joh_05,2,
707_02_018_sort_pos_joh_05,3,
707_02_018_sort_pos_joh_05,4,
707_02_018_sort_pos_joh_05,5,
707_02_018_sort_pos_joh_05,6,
707_02_018_sort_pos_joh_05,7,
707_02_018_sort_pos_joh_06,0,
707_02_018_sort_pos_joh_06,1,
707_02_018_sort_pos_joh_06,2,
707_02_018_sort_pos_joh_06,3,
707_02_018_sort_pos_joh_06,4,
707_02_018_sort_pos_joh_06,5,
707_02_018_sort_pos_joh_06,6,
707_02_018_sort_pos_joh_06,7,
707_02_020_sort_pos_joh_01,0,-0.49778269417434473
707_02_020_sort_pos_joh_01,1,-0.0670967183378225
707_02_020_sort_pos_joh_01,2,0.0721805327385079
707_02_020_sort_pos_joh_01,3,-0.07121316853240478
707_02_020_sort_pos_joh_01,4,-4.136872971843174e-16
707_02_020_sort_pos_joh_01,5,0.21091617967116894
707_02_020_sort_pos_joh_01,6,0.13879500342644058
707_02_020_sort_pos_joh_01,7,0.20823168251814186
707_02_020_sort_pos_joh_02,0,-0.8365989185453488
707_02_020_sort_pos_joh_02,1,-0.667239915882394
707_02_020_sort_pos_joh_02,2,0.07132755515482113
707_02_020_sort_pos_joh_02,3,0.07132755515482114
707_02_020_sort_pos_joh_02,4,0.07132755515482114
707_02_020_sort_pos_joh_02,5,0.6111162857869997
707_02_020_sort_pos_joh_02,6,0.06538757100401596
707_02_020_sort_pos_joh_02,7,0.6247054980667094
707_02_020_sort_pos_joh_03,0,0.5933877766671156
707_02_020_sort_pos_joh_03,1,0.6136062672961602
707_02_020_sort_pos_joh_03,2,-0.047216292221823365
707_02_020_sort_pos_joh_03,3,-0.04771532074763886
707_02_020_sort_pos_joh_03,4,-0.1827252609009008
707_02_020_sort_pos_joh_03,5,-0.32296302285070405
707_02_020_sort_pos_joh_03,6,-0.4644141184038022
707_02_020_sort_pos_joh_03,7,-0.19433294466783196
707_02_020_sort_pos_joh_04,0,0.0
707_02_020_sort_pos_joh_04,1,-0.1788407336039586
707_02_020_sort_pos_joh_04,2,-0.18271698928734179
707_02_020_sort_pos_joh_04,3,-0.18271698928734179
707_02_020_sort_pos_joh_04,4,0.1977268498389141
707_02_020_sort_pos_joh_04,5,-0.3643900149394217
707_02_020_sort_pos_joh_04,6,-2.560970957088039e-16
707_02_020_sort_pos_joh_04,7,0.7476309016255971
707_02_020_sort_pos_joh_05,0,-1.471961680016039e-16
707_02_020_sort_pos_joh_05,1,-1.471961680016039e-16
707_02_020_sort_pos_joh_05,2,-1.471961680016039e-16
707_02_020_sort_pos_joh_05,3,-1.471961680016039e-16
707_02_020_sort_pos_joh_05,4,-1.471961680016039e-16
707_02_020_sort_pos_joh_05,5,0.0
707_02_020_sort_pos_joh_05,6,0.0
707_02_020_sort_pos_joh_05,7,0.0
707_02_021_sort_pos_joh_01,0,-0.1364337740225258
707_02_021_sort_pos_joh_01,1,-0.8046828919307863
707_02_021_sort_pos_joh_01,2,-0.3525038942346262
707_02_021_sort_pos_joh_01,3,-0.2366526868383393
707_02_021_sort_pos_joh_01,4,-0.02622006757149475
707_02_021_sort_pos_joh_01,5,1.3524020541115955
707_02_021_sort_pos_joh_01,6,0.3616346884646825
707_02_021_sort_pos_joh_01,7,0.18652992817175185
707_02_021_sort_pos_joh_02,0,0.987874825103145
707_02_021_sort_pos_joh_02,1,1.0977974914899822
707_02_021_sort_pos_joh_02,2,0.12112539577787687
707_02_021_sort_pos_joh_02,3,-0.1551843910115721
707_02_021_sort_pos_joh_02,4,-0.5718839076070381
707_02_021_sort_pos_joh_02,5,-0.3873433338564763
707_02_021_sort_pos_joh_02,6,-0.4862596289367821
707_02_021_sort_pos_joh_02,7,-0.5783682344047401
707_02_021_sort_pos_joh_03,0,-0.480276763967116
707_02_021_sort_pos_joh_03,1,-0.48420012470625223
707_02_021_sort_pos_joh_03,2,0.46773695044154745
707_02_021_sort_pos_joh_03,3,0.6430915483864846
707_02_021_sort_pos_joh_03,4,0.3788729785321652
707_02_021_sort_pos_joh_03,5,-0.25131022868726516
707_02_021_sort_pos_joh_03,6,-0.010066150644272619
707_02_021_sort_pos_joh_03,7,-0.25347097051681605
707_02_035_sort_pos_joh_01,0,0.14704292441876157
707_02_035_sort_pos_joh_01,1,0.14704292441876157
707_02_035_sort_pos_joh_01,2,-0.408248290463863
707_02_035_sort_pos_joh_01,3,-0.408248290463863
707_02_035_sort_pos_joh_01,4,-0.408248290463863
707_02_035_sort_pos_joh_01,5,0.14704292441876152
707_02_035_sort_pos_joh_01,6,0.14704292441876152
707_02_035_sort_pos_joh_01,7,0.8111071056538125
707_02_035_sort_pos_joh_02,0,1.0160010160015236
707_02_035_sort_pos_joh_02,1,0.7758098206022833
707_02_035_sort_pos_joh_02,2,5.291508142509581e-16
707_02_035_sort_pos_joh_02,3,-0.22932145988512617
707_02_035_sort_pos_joh_02,4,0.22932145988512617
707_02_035_sort_pos_joh_02,5,-0.23767036440892264
707_02_035_sort_pos_joh_02,6,-0.48507125007266577
707_02_035_sort_pos_joh_02,7,-0.9755372173595076
707_02_035_sort_pos_joh_03,0,-0.32130613098823574
707_02_035_sort_pos_joh_03,1,0.07497657348060895
707_02_035_sort_pos_joh_03,2,-0.1312159702703698
707_02_035_sort_pos_joh_03,3,0.48151441680414664
707_02_035_sort_pos_joh_03,4,0.07308383057011442
707_02_035_sort_pos_joh_03,5,0.2767350329846451
707_02_035_sort_pos_joh_03,6,-0.1242259987499883
707_02_035_sort_pos_joh_03,7,-0.32130613098823546
707_02_035_sort_pos_joh_04,0,-0.4064738405664614
707_02_035_sort_pos_joh_04,1,-0.2392356668486701
707_02_035_sort_pos_joh_04,2,-0.24764650302389896
707_02_035_sort_pos_joh_04,3,0.08226900697897242
707_02_035_sort_pos_joh_04,4,0.08226900697897242
707_02_035_sort_pos_joh_04,5,0.2465464285076495
707_02_035_sort_pos_joh_04,6,0.2510372355931825
707_02_035_sort_pos_joh_04,7,0.26614147331263355
707_02_041_sort_pos_joh_01,0,
707_02_041_sort_pos_joh_01,1,
707_02_041_sort_pos_joh_01,2,
707_02_041_sort_pos_joh_01,3,
707_02_041_sort_pos_joh_01,4,
707_02_041_sort_pos_joh_01,5,
707_02_041_sort_pos_joh_01,6,
707_02_041_sort_pos_joh_01,7,
707_02_041_sort_pos_joh_02,0,
707_02_041_sort_pos_joh_02,1,
707_02_041_sort_pos_joh_02,2,
707_02_041_sort_pos_joh_02,3,
707_02_041_sort_pos_joh_02,4,
707_02_041_sort_pos_joh_02,5,
707_02_041_sort_pos_joh_02,6,
707_02_041_sort_pos_joh_02,7,
707_02_041_sort_pos_joh_03,0,
707_02_041_sort_pos_joh_03,1,
707_02_041_sort_pos_joh_03,2,
707_02_041_sort_pos_joh_03,3,
707_02_041_sort_pos_joh_03,4,
707_02_041_sort_pos_joh_03,5,
707_02_041_sort_pos_joh_03,6,
707_02_041_sort_pos_joh_03,7,
707_02_041_sort_pos_joh_04,0,
707_02_041_sort_pos_joh_04,1,
707_02_041_sort_pos_joh_04,2,
707_02_041_sort_pos_joh_04,3,
707_02_041_sort_pos_joh_04,4,
707_02_041_sort_pos_joh_04,5,
707_02_041_sort_pos_joh_04,6,
707_02_041_sort_pos_joh_04,7,
707_02_043_sort_pos_joh_01,0,-0.6977852468714092
707_02_043_sort_pos_joh_01,1,-0.5479200844896629
707_02_043_sort_pos_joh_01,2,-0.07820618870057723
707_02_043_sort_pos_joh_01,3,0.3510663659785959
707_02_043_sort_pos_joh_01,4,0.647121715093673
707_02_043_sort_pos_joh_01,5,0.4193836301975027
707_02_043_sort_pos_joh_01,6,0.010484432673177198
707_02_043_sort_pos_joh_01,7,-0.07247273887692354
707_02_043_sort_pos_joh_02,0,-0.11735594759822524
707_02_043_sort_pos_joh_02,1,-1.0450285987272785
707_02_043_sort_pos_joh_02,2,-0.11529936630361348
707_02_043_sort_pos_joh_02,3,0.06944477521024112
707_02_043_sort_pos_joh_02,4,0.32576638465890956
707_02_043_sort_pos_joh_02,5,0.39000824370160525
707_02_043_sort_pos_joh_02,6,0.06997167152675181
707_02_043_sort_pos_joh_02,7,0.41506052398846666
707_02_043_sort_pos_joh_03,0,-0.24862745797205843
707_02_043_sort_pos_joh_03,1,-0.18967110561800354
707_02_043_sort_pos_joh_03,2,-0.02112623670961113
707_02_043_sort_pos_joh_03,3,0.03541559683667107
707_02_043_sort_pos_joh_03,4,0.6547185585732088
707_02_043_sort_pos_joh_03,5,-0.34764737329259654
707_02_043_sort_pos_joh_03,6,-0.021170376740908676
707_02_043_sort_pos_joh_03,7,0.15823951980457018
707_02_043_sort_pos_joh_04,0,-0.1540833878403414
707_02_043_sort_pos_joh_04,1,-0.4054588600086733
707_02_043_sort_pos_joh_04,2,-0.4054588600086733
707_02_043_sort_pos_joh_04,3,-0.4054588600086733
707_02_043_sort_pos_joh_04,4,0.09525009525014273
707_02_043_sort_pos_joh_04,5,0.6803091303374611
707_02_043_sort_pos_joh_04,6,0.6463931265677829
707_02_043_sort_pos_joh_04,7,0.09525009525014272
707_02_048_sort_pos_joh_01,0,-0.9213197860899079
707_02_048_sort_pos_joh_01,1,-0.7655126673123531
707_02_048_sort_pos_joh_01,2,0.09649527173279103
707_02_048_sort_pos_joh_01,3,0.42804203209296493
707_02_048_sort_pos_joh_01,4,0.5887351444187585
707_02_048_sort_pos_joh_01,5,0.3119190063504933
707_02_048_sort_pos_joh_01,6,0.13110267717991553
707_02_048_sort_pos_joh_01,7,0.13455257156391057
707_02_048_sort_pos_joh_02,0,-1.1209131144623632
707_02_048_sort_pos_joh_02,1,-1.0648796222416268
707_02_048_sort_pos_joh_02,2,0.008835728999694705
707_02_048_sort_pos_joh_02,3,0.008559523391616619
707_02_048_sort_pos_joh_02,4,0.21782822252358947
707_02_048_sort_pos_joh_02,5,0.755322990854125
707_02_048_sort_pos_joh_02,6,0.535292265427892
707_02_048_sort_pos_joh_02,7,0.5462956477975746
707_02_048_sort_pos_joh_03,0,0.08166667375578864
707_02_048_sort_pos_joh_03,1,0.3269223094718914
707_02_048_sort_pos_joh_03,2,0.1427604390242689
707_02_048_sort_pos_joh_03,3,-0.3506075155980744
707_02_048_sort_pos_joh_03,4,-0.4200036094215274
707_02_048_sort_pos_joh_03,5,0.07169195623289872
707_02_048_sort_pos_joh_03,6,0.28889857194600777
707_02_048_sort_pos_joh_03,7,-0.07066652533375749
707_02_048_sort_pos_joh_04,0,-0.7699623689873613
707_02_048_sort_pos_joh_04,1,-0.12577384988623228
707_02_048_sort_pos_joh_04,2,-0.20497762970099873
707_02_048_sort_pos_joh_04,3,0.22263708106747931
707_02_048_sort_pos_joh_04,4,-0.03309718362305147
707_02_048_sort_pos_joh_04,5,0.5687101223153583
707_02_048_sort_pos_joh_04,6,0.05414033605184162
707_02_048_sort_pos_joh_04,7,0.22263708106747884
707_02_048_sort_pos_joh_05,0,-0.20402504876092564
707_02_048_sort_pos_joh_05,1,0.16714639015783075
707_02_048_sort_pos_joh_05,2,-0.27851556865966354
707_02_048_sort_pos_joh_05,3,-0.2604408903462378
707_02_048_sort_pos_joh_05,4,-0.02217906220233186
707_02_048_sort_pos_joh_05,5,0.3554453580306615
707_02_048_sort_pos_joh_05,6,0.16941544951104548
707_02_048_sort_pos_joh_05,7,0.1024798167987538
707_02_048_sort_pos_joh_06,0,-1.0593955071547687
707_02_048_sort_pos_joh_06,1,-0.9464308113199902
707_02_048_sort_pos_joh_06,2,-0.27787010678849355
707_02_048_sort_pos_joh_06,3,-2.7444237681832044e-16
707_02_048_sort_pos_joh_06,4,0.2843474162292088
707_02_048_sort_pos_joh_06,5,0.6550715792540229
707_02_048_sort_pos_joh_06,6,0.7783492405756486
707_02_048_sort_pos_joh_06,7,0.57664158235793
707_02_048_sort_pos_joh_07,0,0.13937462952891358
707_02_048_sort_pos_joh_07,1,0.4365041105792022
707_02_048_sort_pos_joh_07,2,0.21756110051385397
707_02_048_sort_pos_joh_07,3,0.05293747647177869
707_02_048_sort_pos_joh_07,4,-0.030548694393672613
707_02_048_sort_pos_joh_07,5,-0.35766461469956284
707_02_048_sort_pos_joh_07,6,-0.2815403660403297
707_02_048_sort_pos_joh_07,7,-0.11423062559767605
707_02_048_sort_pos_joh_08,0,-0.2294085555438063
707_02_048_sort_pos_joh_08,1,-0.09925110109136313
707_02_048_sort_pos_joh_08,2,-0.29349369935925623
707_02_048_sort_pos_joh_08,3,0.29317716269004707
707_02_048_sort_pos_joh_08,4,0.3249287813599927
707_02_048_sort_pos_joh_08,5,0.2675891028926749
707_02_048_sort_pos_joh_08,6,0.022580018599921568
707_02_048_sort_pos_joh_08,7,-0.27778748519071866
707_02_054_sort_pos_joh_01,0,-0.577273193579634
707_02_054_sort_pos_joh_01,1,-0.7590579760629743
707_02_054_sort_pos_joh_01,2,0.006657795516141319
707_02_054_sort_pos_joh_01,3,0.2771725859167956
707_02_054_sort_pos_joh_01,4,0.3809748496304282
707_02_054_sort_pos_joh_01,5,-0.04850712500726642
707_02_054_sort_pos_joh_01,6,0.3913945370401536
707_02_054_sort_pos_joh_01,7,0.21519501869411445
707_02_054_sort_pos_joh_02,0,0.013639886789409418
707_02_054_sort_pos_joh_02,1,-0.09085547303895355
707_02_054_sort_pos_joh_02,2,0.21663522727237958
707_02_054_sort_pos_joh_02,3,0.30923168499705844
707_02_054_sort_pos_joh_02,4,0.5140282934341276
707_02_054_sort_pos_joh_02,5,-0.1849316803638272
707_02_054_sort_pos_joh_02,6,-0.2908364919441338
707_02_054_sort_pos_joh_02,7,-0.507178304516566
707_02_054_sort_pos_joh_03,0,-0.48156979972938263
707_02_054_sort_pos_joh_03,1,0.14280510965823698
707_02_054_sort_pos_joh_03,2,0.34803814707149305
707_02_054_sort_pos_joh_03,3,0.47145649196375894
707_02_054_sort_pos_joh_03,4,0.33286108777502116
707_02_054_sort_pos_joh_03,5,-0.4677771254609078
707_02_054_sort_pos_joh_03,6,-0.18249909877210793
707_02_054_sort_pos_joh_03,7,-0.06012564355855687
707_02_054_sort_pos_joh_04,0,-0.6386955544948195
707_02_054_sort_pos_joh_04,1,-0.6386955544948195
707_02_054_sort_pos_joh_04,2,-1.5940569369533598e-16
707_02_054_sort_pos_joh_04,3,0.4293078797082036
707_02_054_sort_pos_joh_04,4,0.6386955544948193
707_02_054_sort_pos_joh_04,5,0.22360679774997885
707_02_054_sort_pos_joh_04,6,0.0
707_02_054_sort_pos_joh_04,7,0.0
708_01_001_sort_pos_joh_01,0,0.5299129023963538
708_01_001_sort_pos_joh_01,1,-0.2832917176506613
708_01_001_sort_pos_joh_01,2,0.6834216351605114
708_01_001_sort_pos_joh_01,3,-0.519261927364614
708_01_001_sort_pos_joh_01,4,0.34659185491171685
708_01_001_sort_pos_joh_01,5,-0.207347879509328
708_01_001_sort_pos_joh_01,6,0.2878914305879495
708_01_001_sort_pos_joh_01,7,-0.8153623621212343
708_01_001_sort_pos_joh_02,0,-0.045394374450019065
708_01_001_sort_pos_joh_02,1,-0.2636967929843929
708_01_001_sort_pos_joh_02,2,-0.11427086470227667
708_01_001_sort_pos_joh_02,3,0.1843482309799564
708_01_001_sort_pos_joh_02,4,-0.8678451910455209
708_01_001_sort_pos_joh_02,5,-0.1550595060704204
708_01_001_sort_pos_joh_02,6,0.680266290428477
708_01_001_sort_pos_joh_02,7,0.567387616915816
708_01_001_sort_pos_joh_03,0,0.5170876899950183
708_01_001_sort_pos_joh_03,1,-0.8208898078152806
708_01_001_sort_pos_joh_03,2,-1.4023271738255831
708_01_001_sort_pos_joh_03,3,0.2468747838858038
708_01_001_sort_pos_joh_03,4,0.16333081552347864
708_01_001_sort_pos_joh_03,5,0.5527431109000916
708_01_001_sort_pos_joh_03,6,0.827324947415682
708_01_001_sort_pos_joh_03,7,-0.2178077261582425
708_01_001_sort_pos_joh_04,0,1.0105416879927553
708_01_001_sort_pos_joh_04,1,0.11157761311290854
708_01_001_sort_pos_joh_04,2,-0.8205861063908487
708_01_001_sort_pos_joh_04,3,-0.6230199121782781
708_01_001_sort_pos_joh_04,4,-0.028915746598312312
708_01_001_sort_pos_joh_04,5,0.26095615401708233
708_01_001_sort_pos_joh_04,6,0.10847937086041794
708_01_001_sort_pos_joh_04,7,0.20763927254811743
708_01_001_sort_pos_joh_05,0,0.7372145477153023
708_01_001_sort_pos_joh_05,1,0.627235885047507
708_01_001_sort_pos_joh_05,2,0.01864685351570519
708_01_001_sort_pos_joh_05,3,-0.2757054832851781
708_01_001_sort_pos_joh_05,4,-0.40080392944340404
708_01_001_sort_pos_joh_05,5,-0.8436008363758423
708_01_001_sort_pos_joh_05,6,0.018646853515704755
708_01_001_sort_pos_joh_05,7,0.16320531550234815
708_01_002_sort_pos_joh_01,0,-0.01831550982182936
708_01_002_sort_pos_joh_01,1,-0.019444069369563548
708_01_002_sort_pos_joh_01,2,-0.17282145884457797
708_01_002_sort_pos_joh_01,3,-0.3225974881474133
708_01_002_sort_pos_joh_01,4,-0.4836395203338357
708_01_002_sort_pos_joh_01,5,0.9832291727399645
708_01_002_sort_pos_joh_01,6,0.8021228180449844
708_01_002_sort_pos_joh_01,7,-0.6312394373158509
708_01_002_sort_pos_joh_02,0,-0.332159710605656
708_01_002_sort_pos_joh_02,1,1.5534080382173174
708_01_002_sort_pos_joh_02,2,0.9664577540720052
708_01_002_sort_pos_joh_02,3,0.22838671990104947
708_01_002_sort_pos_joh_02,4,-0.6194932847291901
708_01_002_sort_pos_joh_02,5,-0.6194932847291901
708_01_002_sort_pos_joh_02,6,-0.19369919939163727
708_01_002_sort_pos_joh_02,7,-0.47485488691295585
708_01_002_sort_pos_joh_03,0,-0.3633770122430577
708_01_002_sort_pos_joh_03,1,1.0040624138621168
708_01_002_sort_pos_joh_03,2,2.2629597737455946
708_01_002_sort_pos_joh_03,3,-0.16233259109839623
708_01_002_sort_pos_joh_03,4,-0.7923153114547374
708_01_002_sort_pos_joh_03,5,-0.11762128791982042
708_01_002_sort_pos_joh_03,6,-0.5752608197534803
708_01_002_sort_pos_joh_03,7,-0.44401048742982735
708_01_003_sort_pos_joh_01,0,0.018648626629847384
708_01_003_sort_pos_joh_01,1,0.03697685280196155
708_01_003_sort_pos_joh_01,2,-0.03613294279855405
708_01_003_sort_pos_joh_01,3,-0.26762456053780476
708_01_003_sort_pos_joh_01,4,0.41081152272491694
708_01_003_sort_pos_joh_01,5,-0.053948387652311934
708_01_003_sort_pos_joh_01,6,-0.03640691410197976
708_01_003_sort_pos_joh_01,7,-0.07544316724420135
708_01_003_sort_pos_joh_02,0,0.537464712812937
708_01_003_sort_pos_joh_02,1,0.05017953379128594
708_01_003_sort_pos_joh_02,2,0.09932903603525496
708_01_003_sort_pos_joh_02,3,0.32398387307376764
708_01_003_sort_pos_joh_02,4,0.04785996151513654
708_01_003_sort_pos_joh_02,5,-0.21823697690534036
708_01_003_sort_pos_joh_02,6,-0.5921240036462392
708_01_003_sort_pos_joh_02,7,-0.23378399450201892
708_01_003_sort_pos_joh_03,0,0.0892098877630884
708_01_003_sort_pos_joh_03,1,-0.055193954017458094
708_01_003_sort_pos_joh_03,2,-0.3628218886226971
708_01_003_sort_pos_joh_03,3,-0.32318075098549975
708_01_003_sort_pos_joh_03,4,-0.058944518930338016
708_01_003_sort_pos_joh_03,5,0.14388213998624294
708_01_003_sort_pos_joh_03,6,0.2438977171785622
708_01_003_sort_pos_joh_03,7,0.294140915668674
708_01_003_sort_pos_joh_04,0,0.7023846749947242
708_01_003_sort_pos_joh_04,1,0.1485977652709509
708_01_003_sort_pos_joh_04,2,-0.0598378029329831
708_01_003_sort_pos_joh_04,3,0.009105972745136276
708_01_003_sort_pos_joh_04,4,-0.41152143646590245
708_01_003_sort_pos_joh_04,5,-0.2736193706365377
708_01_003_sort_pos_joh_04,6,0.1515442862431425
708_01_003_sort_pos_joh_04,7,-0.13580361906377753
708_01_004_sort_pos_joh_01,0,-0.6815644186477905
708_01_004_sort_pos_joh_01,1,-0.028010736965587677
708_01_004_sort_pos_joh_01,2,0.2890186283050036
708_01_004_sort_pos_joh_01,3,0.17866748504516458
708_01_004_sort_pos_joh_01,4,-0.6229236418088442
708_01_004_sort_pos_joh_01,5,0.15461419974452548
708_01_004_sort_pos_joh_01,6,0.07137448880754516
708_01_004_sort_pos_joh_01,7,0.5652313295338272
708_01_004_sort_pos_joh_02,0,0.10162820545065501
708_01_004_sort_pos_joh_02,1,0.37774246742589757
708_01_004_sort_pos_joh_02,2,-0.35475270825902877
708_01_004_sort_pos_joh_02,3,-1.2663594912727476
708_01_004_sort_pos_joh_02,4,0.34465874138034136
708_01_004_sort_pos_joh_02,5,0.44271034998585906
708_01_004_sort_pos_joh_02,6,0.5589567058218441
708_01_004_sort_pos_joh_02,7,-0.28867513459481314
708_01_004_sort_pos_joh_03,0,-0.1881409218221855
708_01_004_sort_pos_joh_03,1,0.23793593590565906
708_01_004_sort_pos_joh_03,2,0.4545755334074118
708_01_004_sort_pos_joh_03,3,-0.20262062208445802
708_01_004_sort_pos_joh_03,4,-0.4804987763550627
708_01_004_sort_pos_joh_03,5,0.12374422379311606
708_01_004_sort_pos_joh_03,6,-0.41593954342163253
708_01_004_sort_pos_joh_03,7,0.45662714198337756
708_01_004_sort_pos_joh_04,0,-0.07505866250408012
708_01_004_sort_pos_joh_04,1,0.6526196799890064
708_01_004_sort_pos_joh_04,2,-0.3608439182435159
708_01_004_sort_pos_joh_04,3,-0.4134092436433512
708_01_004_sort_pos_joh_04,4,0.0
708_01_004_sort_pos_joh_04,5,-0.2742666841964033
708_01_004_sort_pos_joh_04,6,0.13792590950702072
708_01_004_sort_pos_joh_04,7,0.41600952210470477
708_01_004_sort_pos_joh_05,0,0.2184129889698533
708_01_004_sort_pos_joh_05,1,-0.8217777081791867
708_01_004_sort_pos_joh_05,2,-0.21581616838757534
708_01_004_sort_pos_joh_05,3,-0.661099330566566
708_01_004_sort_pos_joh_05,4,0.7630821851920749
708_01_004_sort_pos_joh_05,5,0.9168972591407674
708_01_004_sort_pos_joh_05,6,0.0425797036329883
708_01_004_sort_pos_joh_05,7,-0.23775851718273727
708_01_005_sort_pos_joh_01,0,-0.7194788263075058
708_01_005_sort_pos_joh_01,1,-1.1065518697287726
708_01_005_sort_pos_joh_01,2,0.18759322371916579
708_01_005_sort_pos_joh_01,3,0.24983143912112968
708_01_005_sort_pos_joh_01,4,-0.473245019294565
708_01_005_sort_pos_joh_01,5,0.4218606786854015
708_01_005_sort_pos_joh_01,6,0.7163580225055532
708_01_005_sort_pos_joh_01,7,0.728145076418226
708_01_005_sort_pos_joh_02,0,-0.3619010066884022
708_01_005_sort_pos_joh_02,1,0.21711785605802503
708_01_005_sort_pos_joh_02,2,-0.24773340742668262
708_01_005_sort_pos_joh_02,3,-0.13452328700008886
708_01_005_sort_pos_joh_02,4,0.10236719160047159
708_01_005_sort_pos_joh_02,5,-0.014390351338241148
708_01_005_sort_pos_joh_02,6,0.2444605411417125
708_01_005_sort_pos_joh_02,7,0.2391824366174702
708_01_005_sort_pos_joh_03,0,-0.3396293586629736
708_01_005_sort_pos_joh_03,1,-0.7297867765930578
708_01_005_sort_pos_joh_03,2,0.3586813167448172
708_01_005_sort_pos_joh_03,3,0.15909358349449818
708_01_005_sort_pos_joh_03,4,0.36580139461503897
708_01_005_sort_pos_joh_03,5,0.1611336394960144
708_01_005_sort_pos_joh_03,6,-0.3190856349917692
708_01_005_sort_pos_joh_03,7,0.35639877609225895
708_01_007_sort_pos_joh_02,0,-0.34355900058832084
708_01_007_sort_pos_joh_02,1,-0.346492669592
708_01_007_sort_pos_joh_02,2,-0.45866178995940116
708_01_007_sort_pos_joh_02,3,-0.18078240036028875
708_01_007_sort_pos_joh_02,4,-0.04902698776237817
708_01_007_sort_pos_joh_02,5,-0.5358334023409971
708_01_007_sort_pos_joh_02,6,0.9938450006744911
708_01_007_sort_pos_joh_02,7,1.0246421522317697
708_01_007_sort_pos_joh_03,0,0.06716289334909852
708_01_007_sort_pos_joh_03,1,0.09200683966891
708_01_007_sort_pos_joh_03,2,0.5249724047484928
708_01_007_sort_pos_joh_03,3,-0.24225975085792306
708_01_007_sort_pos_joh_03,4,-0.4534033580732087
708_01_007_sort_pos_joh_03,5,-0.479856262936469
708_01_007_sort_pos_joh_03,6,0.20227911486523964
708_01_007_sort_pos_joh_03,7,0.2911258538645531
708_01_007_sort_pos_joh_04,0,-0.615668002254187
708_01_007_sort_pos_joh_04,1,1.0117180520484146
708_01_007_sort_pos_joh_04,2,-0.11621159229286715
708_01_007_sort_pos_joh_04,3,-0.3106677369847356
708_01_007_sort_pos_joh_04,4,-0.4215506197780287
708_01_007_sort_pos_joh_04,5,-0.20707779077506816
708_01_007_sort_pos_joh_04,6,0.0472408727640799
708_01_007_sort_pos_joh_04,7,0.6646899466848948
708_01_007_sort_pos_joh_05,0,0.425986304067321
708_01_007_sort_pos_joh_05,1,-0.09052286517599976
708_01_007_sort_pos_joh_05,2,-0.14693177484605885
708_01_007_sort_pos_joh_05,3,0.14729393608318544
708_01_007_sort_pos_joh_05,4,-0.44849864091102193
708_01_007_sort_pos_joh_05,5,-0.031762040840213716
708_01_007_sort_pos_joh_05,6,0.2511236011669608
708_01_007_sort_pos_joh_05,7,-0.02964020278117651
708_01_007_sort_pos_joh_06,0,0.10594697207880635
708_01_007_sort_pos_joh_06,1,0.4460716907043719
708_01_007_sort_pos_joh_06,2,-0.22740521201874003
708_01_007_sort_pos_joh_06,3,-0.15584244479463666
708_01_007_sort_pos_joh_06,4,-0.7662224051759048
708_01_007_sort_pos_joh_06,5,-0.36581505670758724
708_01_007_sort_pos_joh_06,6,0.30944200435670116
708_01_007_sort_pos_joh_06,7,0.6821910402406465
708_01_007_sort_pos_joh_07,0,-0.2291759451444523
708_01_007_sort_pos_joh_07,1,-0.026632231424538695
708_01_007_sort_pos_joh_07,2,0.8064937203685334
708_01_007_sort_pos_joh_07,3,0.1188268046692134
708_01_007_sort_pos_joh_07,4,-1.135003210933052
708_01_007_sort_pos_joh_07,5,0.31625086772750305
708_01_007_sort_pos_joh_07,6,-0.09615149517532158
708_01_007_sort_pos_joh_07,7,0.24873696988652969
708_01_008_sort_pos_joh_01,0,-1.2017610117389865
708_01_008_sort_pos_joh_01,1,-0.8230721775566248
708_01_008_sort_pos_joh_01,2,-0.12880210094040387
708_01_008_sort_pos_joh_01,3,-0.2559099355512407
708_01_008_sort_pos_joh_01,4,0.12939039494934235
708_01_008_sort_pos_joh_01,5,1.4168171422982803
708_01_008_sort_pos_joh_01,6,0.7066928246004675
708_01_008_sort_pos_joh_01,7,0.23156119380233894
708_01_008_sort_pos_joh_02,0,-0.143840015242763
708_01_008_sort_pos_joh_02,1,-0.6654578412539097
708_01_008_sort_pos_joh_02,2,0.011941202976782696
708_01_008_sort_pos_joh_02,3,-0.179118044651741
708_01_008_sort_pos_joh_02,4,-0.23842851252403874
708_01_008_sort_pos_joh_02,5,0.9879714483876311
708_01_008_sort_pos_joh_02,6,0.36811487326571846
708_01_008_sort_pos_joh_02,7,-0.09313485712076076
708_01_008_sort_pos_joh_03,0,-0.4702947846468419
708_01_008_sort_pos_joh_03,1,-0.4191354837719488
708_01_008_sort_pos_joh_03,2,0.09539830856482492
708_01_008_sort_pos_joh_03,3,0.3235162180212461
708_01_008_sort_pos_joh_03,4,-0.05450942716071429
708_01_008_sort_pos_joh_03,5,0.09260847332207983
708_01_008_sort_pos_joh_03,6,0.29846386917884893
708_01_008_sort_pos_joh_03,7,0.16250544671962952
708_01_008_sort_pos_joh_04,0,0.43759497449368356
708_01_008_sort_pos_joh_04,1,0.13123574298495747
708_01_008_sort_pos_joh_04,2,0.6963106238227913
708_01_008_sort_pos_joh_04,3,0.1256768447213391
708_01_008_sort_pos_joh_04,4,0.13123574298495747
708_01_008_sort_pos_joh_04,5,-0.6237828615518053
708_01_008_sort_pos_joh_04,6,-0.12524485821703
708_01_008_sort_pos_joh_04,7,-0.6237828615518054
708_01_029_sort_pos_joh_01,0,-0.2600409342571528
708_01_029_sort_pos_joh_01,1,-0.34689905154592643
708_01_029_sort_pos_joh_01,2,-0.5287634334783732
708_01_029_sort_pos_joh_01,3,-0.05392461932381956
708_01_029_sort_pos_joh_01,4,0.34886833479134544
708_01_029_sort_pos_joh_01,5,-0.0047058953796583255
708_01_029_sort_pos_joh_01,6,0.21245343870177746
708_01_029_sort_pos_joh_01,7,0.6340080518712369
708_01_029_sort_pos_joh_02,0,0.1526006339577607
708_01_029_sort_pos_joh_02,1,0.2962285791667872
708_01_029_sort_pos_joh_02,2,-0.5915695725985889
708_01_029_sort_pos_joh_02,3,-0.09222859518214405
708_01_029_sort_pos_joh_02,4,-0.09045083378386867
708_01_029_sort_pos_joh_02,5,-0.21394001733563703
708_01_029_sort_pos_joh_02,6,-0.22345721129255294
708_01_029_sort_pos_joh_02,7,0.8992965755368695
708_01_029_sort_pos_joh_03,0,-0.41076347288990217
708_01_029_sort_pos_joh_03,1,-0.007364696804158895
708_01_029_sort_pos_joh_03,2,1.3376466669881772
708_01_029_sort_pos_joh_03,3,0.7824615490333082
708_01_029_sort_pos_joh_03,4,-0.8687293719274635
708_01_029_sort_pos_joh_03,5,-0.17651212538738983
708_01_029_sort_pos_joh_03,6,-0.228544789907389
708_01_029_sort_pos_joh_03,7,-0.17469281074217094
708_01_029_sort_pos_joh_04,0,0.646359612493774
708_01_029_sort_pos_joh_04,1,0.21284269642818102
708_01_029_sort_pos_joh_04,2,-0.5618117640579364
708_01_029_sort_pos_joh_04,3,0.6463596124937743
708_01_029_sort_pos_joh_04,4,0.21802571240017893
708_01_029_sort_pos_joh_04,5,0.024715856229864188
708_01_029_sort_pos_joh_04,6,-0.5922801330182956
708_01_029_sort_pos_joh_04,7,-0.5618117640579364
708_01_032_sort_pos_joh_01,0,-0.02933731043832513
708_01_032_sort_pos_joh_01,1,-0.8133632399100152
708_01_032_sort_pos_joh_01,2,0.22403794964185425
708_01_032_sort_pos_joh_01,3,0.11309680142856994
708_01_032_sort_pos_joh_01,4,-0.34027794070270806
708_01_032_sort_pos_joh_01,5,0.11079564622347218
708_01_032_sort_pos_joh_01,6,0.6918151340678252
708_01_032_sort_pos_joh_01,7,0.09007546982221076
708_01_032_sort_pos_joh_02,0,-0.34026920596803995
708_01_032_sort_pos_joh_02,1,0.17781804187850428
708_01_032_sort_pos_joh_02,2,-0.07187525068141797
708_01_032_sort_pos_joh_02,3,0.26321623166833574
708_01_032_sort_pos_joh_02,4,-0.16949423051458845
708_01_032_sort_pos_joh_02,5,0.259615058176537
708_01_032_sort_pos_joh_02,6,-0.07252036683795189
708_01_032_sort_pos_joh_02,7,-0.0749231094763198
708_01_032_sort_pos_joh_03,0,0.030952929301365548
708_01_032_sort_pos_joh_03,1,-0.6668136876556999
708_01_032_sort_pos_joh_03,2,0.4303550620732317
708_01_032_sort_pos_joh_03,3,0.7853435864970875
708_01_032_sort_pos_joh_03,4,-0.546665479178546
708_01_032_sort_pos_joh_03,5,-0.15852559339745592
708_01_032_sort_pos_joh_03,6,0.35340510473629794
708_01_032_sort_pos_joh_03,7,-0.031546957844328115
708_01_032_sort_pos_joh_05,0,
708_01_032_sort_pos_joh_05,1,
708_01_032_sort_pos_joh_05,2,
708_01_032_sort_pos_joh_05,3,
708_01_032_sort_pos_joh_05,4,
708_01_032_sort_pos_joh_05,5,
708_01_032_sort_pos_joh_05,6,
708_01_032_sort_pos_joh_05,7,
708_01_032_sort_pos_joh_06,0,-0.2773500981126146
708_01_032_sort_pos_joh_06,1,0.5590169943749472
708_01_032_sort_pos_joh_06,2,0.5590169943749472
708_01_032_sort_pos_joh_06,3,-0.2773500981126146
708_01_032_sort_pos_joh_06,4,-0.2773500981126146
708_01_032_sort_pos_joh_06,5,0.5590169943749472
708_01_032_sort_pos_joh_06,6,-0.2773500981126146
708_01_032_sort_pos_joh_06,7,-0.2773500981126146
708_01_083_sort_pos_joh_01,0,-0.3352395162464713
708_01_083_sort_pos_joh_01,1,0.3745508184876147
708_01_083_sort_pos_joh_01,2,0.04342106875908645
708_01_083_sort_pos_joh_01,3,-0.3352395162464713
708_01_083_sort_pos_joh_01,4,-0.23632133267487243
708_01_083_sort_pos_joh_01,5,-0.3352395162464713
708_01_083_sort_pos_joh_01,6,0.7438018161865255
708_01_083_sort_pos_joh_01,7,0.3332776943188691
708_01_083_sort_pos_joh_02,0,
708_01_083_sort_pos_joh_02,1,
708_01_083_sort_pos_joh_02,2,
708_01_083_sort_pos_joh_02,3,
708_01_083_sort_pos_joh_02,4,
708_01_083_sort_pos_joh_02,5,
708_01_083_sort_pos_joh_02,6,
708_01_083_sort_pos_joh_02,7,
708_01_087_sort_pos_joh_02,0,-0.32297112073308704
708_01_087_sort_pos_joh_02,1,-0.3118763874180586
708_01_087_sort_pos_joh_02,2,-0.3118763874180586
708_01_087_sort_pos_joh_02,3,0.37264737231332984
708_01_087_sort_pos_joh_02,4,-0.09057700179587547
708_01_087_sort_pos_joh_02,5,1.2796717581522377
708_01_087_sort_pos_joh_02,6,-0.5437456166805354
708_01_087_sort_pos_joh_02,7,0.14433756729740627
708_01_087_sort_pos_joh_03,0,-0.5922801330182953
708_01_087_sort_pos_joh_03,1,-0.08089662959078826
708_01_087_sort_pos_joh_03,2,0.028421021140160627
708_01_087_sort_pos_joh_03,3,-0.07689148763304056
708_01_087_sort_pos_joh_03,4,0.34101476762123467
708_01_087_sort_pos_joh_03,5,1.0506234890688047
708_01_087_sort_pos_joh_03,6,-0.18257418583505516
708_01_087_sort_pos_joh_03,7,-0.39136353771416205
708_01_087_sort_pos_joh_04,0,-0.30364219331358366
708_01_087_sort_pos_joh_04,1,-0.2969151075919303
708_01_087_sort_pos_joh_04,2,1.0910894511799616
708_01_087_sort_pos_joh_04,3,0.26101844883193714
708_01_087_sort_pos_joh_04,4,-0.1164366082081555
708_01_087_sort_pos_joh_04,5,-0.12213299218650794
708_01_087_sort_pos_joh_04,6,-0.48126671093981105
708_01_087_sort_pos_joh_04,7,0.24948506639458287
708_01_087_sort_pos_joh_05,0,-0.33420479451548557
708_01_087_sort_pos_joh_05,1,0.3426823495024956
708_01_087_sort_pos_joh_05,2,0.3426823495024956
708_01_087_sort_pos_joh_05,3,0.6963106238227914
708_01_087_sort_pos_joh_05,4,-0.6620847108818944
708_01_087_sort_pos_joh_05,5,-0.6620847108818944
708_01_087_sort_pos_joh_05,6,-1.3357834586774943e-16
708_01_087_sort_pos_joh_05,7,0.372597146266098
709_01_001_sort_pos_joh_01,0,-0.5423192455567654
709_01_001_sort_pos_joh_01,1,-1.2239720818963782
709_01_001_sort_pos_joh_01,2,-0.9736436052740357
709_01_001_sort_pos_joh_01,4,-0.003999392138588664
709_01_001_sort_pos_joh_01,5,0.3529773369399748
709_01_001_sort_pos_joh_01,6,0.8263302315306413
709_01_001_sort_pos_joh_01,7,1.0223292430329227
709_01_001_sort_pos_joh_01,8,0.31577416644327494
709_01_001_sort_pos_joh_01,9,0.13902139715315484
709_01_001_sort_pos_joh_02,0,-0.4080929905016417
709_01_001_sort_pos_joh_02,1,-0.5841186227950852
709_01_001_sort_pos_joh_02,2,-0.2734510846344168
709_01_001_sort_pos_joh_02,4,-0.01912846779744996
709_01_001_sort_pos_joh_02,5,-0.37370019738311316
709_01_001_sort_pos_joh_02,6,0.559430927785515
709_01_001_sort_pos_joh_02,7,0.7360677045181879
709_01_001_sort_pos_joh_02,8,0.19770346560217897
709_01_001_sort_pos_joh_02,9,0.28442075978975584
709_01_001_sort_pos_joh_03,0,-0.07812776523802027
709_01_001_sort_pos_joh_03,1,-0.338978477162241
709_01_001_sort_pos_joh_03,2,0.8234976324477102
709_01_001_sort_pos_joh_03,4,-0.5666765004320201
709_01_001_sort_pos_joh_03,5,-0.5570425387189095
709_01_001_sort_pos_joh_03,6,0.5084931028356041
709_01_001_sort_pos_joh_03,7,0.519052701964436
709_01_001_sort_pos_joh_03,8,0.03139319009903519
709_01_001_sort_pos_joh_03,9,-0.23809523809523803
709_01_001_sort_pos_joh_05,0,-0.07437562653271224
709_01_001_sort_pos_joh_05,1,-0.11509021710529663
709_01_001_sort_pos_joh_05,2,-0.11260306792633845
709_01_001_sort_pos_joh_05,4,0.23338061894835246
709_01_001_sort_pos_joh_05,5,0.16732154803684224
709_01_001_sort_pos_joh_05,6,-0.4744087668285759
709_01_001_sort_pos_joh_05,7,0.44017562916659525
709_01_001_sort_pos_joh_05,8,0.35424355078060143
709_01_001_sort_pos_joh_05,9,-0.3851966899262342
709_01_001_sort_pos_joh_06,0,-0.35491408859437584
709_01_001_sort_pos_joh_06,1,-0.4639886014076217
709_01_001_sort_pos_joh_06,2,-0.13072174640400075
709_01_001_sort_pos_joh_06,4,-0.1220238311408446
709_01_001_sort_pos_joh_06,5,-0.6910180312371522
709_01_001_sort_pos_joh_06,6,-0.12116095291816369
709_01_001_sort_pos_joh_06,7,0.840914740730198
709_01_001_sort_pos_joh_06,8,0.44860735895688103
709_01_001_sort_pos_joh_06,9,0.7028040499444007
709_01_001_sort_pos_joh_07,0,0.2021069053998094
709_01_001_sort_pos_joh_07,1,-0.5018934170864281
709_01_001_sort_pos_joh_07,2,-0.19700683090465496
709_01_001_sort_pos_joh_07,4,-0.20292723106642638
709_01_001_sort_pos_joh_07,5,-0.7466740412615165
709_01_001_sort_pos_joh_07,6,0.19625596840738566
709_01_001_sort_pos_joh_07,7,0.19405386820594545
709_01_001_sort_pos_joh_07,8,0.7400506063497306
709_01_001_sort_pos_joh_07,9,0.3288040697265215
709_01_004_sort_pos_joh_01,0,0.19696831275917348
709_01_004_sort_pos_joh_01,1,-0.2829830694657113
709_01_004_sort_pos_joh_01,2,-0.2829830694657113
709_01_004_sort_pos_joh_01,4,0.4649905549752774
709_01_004_sort_pos_joh_01,5,-0.052777981396925945
709_01_004_sort_pos_joh_01,6,-0.051097613030759756
709_01_004_sort_pos_joh_01,7,0.18351287678257658
709_01_004_sort_pos_joh_01,8,-0.05277798139692612
709_01_004_sort_pos_joh_01,9,-0.05277798139692612
709_01_004_sort_pos_joh_03,0,-0.6329788714132795
709_01_004_sort_pos_joh_03,1,-0.11313708498984741
709_01_004_sort_pos_joh_03,2,0.3925405078644307
709_01_004_sort_pos_joh_03,4,1.0121521626165566
709_01_004_sort_pos_joh_03,5,-0.23835158955576266
709_01_004_sort_pos_joh_03,6,-0.05196889584837934
709_01_004_sort_pos_joh_03,7,0.281396573514807
709_01_004_sort_pos_joh_03,8,0.13991831155211956
709_01_004_sort_pos_joh_03,9,-0.6314127357233205
709_01_004_sort_pos_joh_04,0,-0.45358299068301866
709_01_004_sort_pos_joh_04,1,-0.18908215838359074
709_01_004_sort_pos_joh_04,2,0.07716086134471256
709_01_004_sort_pos_joh_04,4,0.48507125007266627
709_01_004_sort_pos_joh_04,5,-0.06052275326688044
709_01_004_sort_pos_joh_04,6,-0.1910319293034232
709_01_004_sort_pos_joh_04,7,0.20851441405707521
709_01_004_sort_pos_joh_04,8,0.21077072228088728
709_01_004_sort_pos_joh_04,9,-0.06189844605901748
709_01_005_sort_pos_joh_01,0,-0.03199283440754909
709_01_005_sort_pos_joh_01,1,0.18084466081327277
709_01_005_sort_pos_joh_01,2,0.6589384848123164
709_01_005_sort_pos_joh_01,4,0.6307450841682734
709_01_005_sort_pos_joh_01,5,0.32827323704715905
709_01_005_sort_pos_joh_01,6,0.26666666666666705
709_01_005_sort_pos_joh_01,7,-0.3828241830451861
709_01_005_sort_pos_joh_01,8,-0.45406826006691575
709_01_005_sort_pos_joh_01,9,-1.1516744713707687
709_01_005_sort_pos_joh_02,0,0.4258120731583518
709_01_005_sort_pos_joh_02,1,0.23038783879204563
709_01_005_sort_pos_joh_02,2,0.23038783879204563
709_01_005_sort_pos_joh_02,4,-0.5538186196949966
709_01_005_sort_pos_joh_02,5,-0.360561365686274
709_01_005_sort_pos_joh_02,6,0.021521556564129508
709_01_005_sort_pos_joh_02,7,0.4258120731583514
709_01_005_sort_pos_joh_02,8,0.22473328748774715
709_01_005_sort_pos_joh_02,9,-0.5538186196949967
709_01_005_sort_pos_joh_03,0,0.7460462740459661
709_01_005_sort_pos_joh_03,1,-0.331042355440947
709_01_005_sort_pos_joh_03,2,0.04170288281141481
709_01_005_sort_pos_joh_03,4,-0.331042355440947
709_01_005_sort_pos_joh_03,5,-0.5104167109736749
709_01_005_sort_pos_joh_03,6,0.04170288281141481
709_01_005_sort_pos_joh_03,7,0.6206848285854079
709_01_005_sort_pos_joh_03,8,0.4042260417272216
709_01_005_sort_pos_joh_03,9,-0.5104167109736749
709_01_005_sort_pos_joh_04,0,inf
709_01_005_sort_pos_joh_04,1,-0.14586499149789453
709_01_005_sort_pos_joh_04,2,-0.14586499149789453
709_01_005_sort_pos_joh_04,4,-0.14586499149789453
709_01_005_sort_pos_joh_04,5,-0.14586499149789453
709_01_005_sort_pos_joh_04,6,-0.14586499149789453
709_01_005_sort_pos_joh_04,7,-0.14586499149789453
709_01_005_sort_pos_joh_04,8,-0.14586499149789453
709_01_005_sort_pos_joh_04,9,-0.14586499149789453
709_01_006_sort_pos_joh_01,0,-0.46916988216625777
709_01_006_sort_pos_joh_01,1,-0.8784470689445466
709_01_006_sort_pos_joh_01,2,-0.37672145999082474
709_01_006_sort_pos_joh_01,4,0.3842698984908787
709_01_006_sort_pos_joh_01,5,-0.07309597809216807
709_01_006_sort_pos_joh_01,6,1.2424452764470764
709_01_006_sort_pos_joh_01,7,0.8173690365246449
709_01_006_sort_pos_joh_01,8,-0.2409606474388263
709_01_006_sort_pos_joh_01,9,-0.17400367530521704
709_01_007_sort_pos_joh_01,0,-0.0483682262774959
709_01_007_sort_pos_joh_01,1,-0.24248632273513845
709_01_007_sort_pos_joh_01,2,-0.04933525480635375
709_01_007_sort_pos_joh_01,4,-0.3062059076468218
709_01_007_sort_pos_joh_01,5,-0.05262618000608673
709_01_007_sort_pos_joh_01,6,0.5122172755477273
709_01_007_sort_pos_joh_01,7,0.5294850549069269
709_01_007_sort_pos_joh_01,8,5.787000782083532e-16
709_01_007_sort_pos_joh_01,9,-0.23885202275272185
709_01_007_sort_pos_joh_02,0,-0.08515448262674653
709_01_007_sort_pos_joh_02,1,0.005260026124510606
709_01_007_sort_pos_joh_02,2,0.8658143808107804
709_01_007_sort_pos_joh_02,4,0.09431516458034413
709_01_007_sort_pos_joh_02,5,-0.12608293015717836
709_01_007_sort_pos_joh_02,6,-0.03926856307863315
709_01_007_sort_pos_joh_02,7,-0.3954392061423546
709_01_007_sort_pos_joh_02,8,-0.3516446157434971
709_01_007_sort_pos_joh_02,9,0.18428497927359658
709_01_007_sort_pos_joh_03,0,0.2886536709615932
709_01_007_sort_pos_joh_03,1,0.7665705419269473
709_01_007_sort_pos_joh_03,2,1.1997806106049584
709_01_007_sort_pos_joh_03,4,-0.5323152239464995
709_01_007_sort_pos_joh_03,5,-0.18743133244870375
709_01_007_sort_pos_joh_03,6,-0.541857177384822
709_01_007_sort_pos_joh_03,7,-0.124462196170758
709_01_007_sort_pos_joh_03,8,-0.25430066932493406
709_01_007_sort_pos_joh_03,9,-0.4445078434669949
709_01_007_sort_pos_joh_04,0,-0.4974190521533439
709_01_007_sort_pos_joh_04,1,-0.035737084494593035
709_01_007_sort_pos_joh_04,2,0.29172998299578906
709_01_007_sort_pos_joh_04,4,-0.036014120303280855
709_01_007_sort_pos_joh_04,5,-0.03468961565679789
709_01_007_sort_pos_joh_04,6,0.1199256202319782
709_01_007_sort_pos_joh_04,7,0.37964590423704214
709_01_007_sort_pos_joh_04,8,0.28607941594086056
709_01_007_sort_pos_joh_04,9,-0.4196934787385482
709_01_008_sort_pos_joh_01,0,-0.21920689546599467
709_01_008_sort_pos_joh_01,1,-0.05700247071022102
709_01_008_sort_pos_joh_01,2,0.5744266136358838
709_01_008_sort_pos_joh_01,4,-0.5539842261468988
709_01_008_sort_pos_joh_01,5,-0.5274241324950585
709_01_008_sort_pos_joh_01,6,-0.6687532253155138
709_01_008_sort_pos_joh_01,7,0.2712456953629666
709_01_008_sort_pos_joh_01,8,0.9942036545553775
709_01_008_sort_pos_joh_01,9,0.29167490669505697
709_01_008_sort_pos_joh_02,0,-0.8043808940855462
709_01_008_sort_pos_joh_02,1,-0.19440318517093014
709_01_008_sort_pos_joh_02,2,0.8203282893672227
709_01_008_sort_pos_joh_02,4,0.4377855261159998
709_01_008_sort_pos_joh_02,5,0.011708125038291784
709_01_008_sort_pos_joh_02,6,-0.3005428902196348
709_01_008_sort_pos_joh_02,7,0.21648292738133426
709_01_008_sort_pos_joh_02,8,0.11437725271791928
709_01_008_sort_pos_joh_02,9,-0.29311711154039327
709_01_008_sort_pos_joh_05,0,-0.13018891098082386
709_01_008_sort_pos_joh_05,1,-0.4215538828315891
709_01_008_sort_pos_joh_05,2,-0.4215538828315891
709_01_008_sort_pos_joh_05,4,0.9214755422472543
709_01_008_sort_pos_joh_05,5,1.1313708498984758
709_01_008_sort_pos_joh_05,6,-0.4215538828315891
709_01_008_sort_pos_joh_05,7,-0.13018891098082386
709_01_008_sort_pos_joh_05,8,-0.13018891098082386
709_01_008_sort_pos_joh_05,9,-0.13018891098082386
709_01_026_sort_pos_joh_01,0,-0.10626545204637203
709_01_026_sort_pos_joh_01,1,-0.9467601784628813
709_01_026_sort_pos_joh_01,2,-0.6866793211982832
709_01_026_sort_pos_joh_01,4,-0.6463836170845199
709_01_026_sort_pos_joh_01,5,-0.6552030235435402
709_01_026_sort_pos_joh_01,6,-0.10320313742306707
709_01_026_sort_pos_joh_01,7,0.4361843049221681
709_01_026_sort_pos_joh_01,8,1.0398067144079168
709_01_026_sort_pos_joh_01,9,2.214908260865693
709_01_026_sort_pos_joh_02,0,-0.34188172937891387
709_01_026_sort_pos_joh_02,1,-0.47090030616961975
709_01_026_sort_pos_joh_02,2,-0.08522864845907031
709_01_026_sort_pos_joh_02,4,-0.2198525040182473
709_01_026_sort_pos_joh_02,5,-0.4755714712838285
709_01_026_sort_pos_joh_02,6,-0.6004903964856253
709_01_026_sort_pos_joh_02,7,-0.20932496877133355
709_01_026_sort_pos_joh_02,8,1.587715152482069
709_01_026_sort_pos_joh_02,9,1.2117281225876104
709_01_029_sort_pos_joh_01,0,3.101232052405332
709_01_029_sort_pos_joh_01,1,0.8754655386119156
709_01_029_sort_pos_joh_01,2,-0.575919084351744
709_01_029_sort_pos_joh_01,4,0.4682883822449938
709_01_029_sort_pos_joh_01,5,-0.24528868292668907
709_01_029_sort_pos_joh_01,6,-0.601133397309916
709_01_029_sort_pos_joh_01,7,-0.62902351382312
709_01_029_sort_pos_joh_01,8,-0.9100379190366231
709_01_029_sort_pos_joh_01,9,-0.4312005378319754
709_01_029_sort_pos_joh_03,0,0.6442354241315427
709_01_029_sort_pos_joh_03,1,0.851658316704544
709_01_029_sort_pos_joh_03,2,0.6243698066789461
709_01_029_sort_pos_joh_03,4,-0.026812446008585837
709_01_029_sort_pos_joh_03,5,-0.14948356774835656
709_01_029_sort_pos_joh_03,6,-0.3912137851094853
709_01_029_sort_pos_joh_03,7,-0.026812446008586014
709_01_029_sort_pos_joh_03,8,-0.6354252969370757
709_01_029_sort_pos_joh_03,9,-0.6354252969370757
709_01_030_sort_pos_joh_01,0,-0.30375989425359146
709_01_030_sort_pos_joh_01,1,0.045102199547795825
709_01_030_sort_pos_joh_01,2,0.39200156800940816
709_01_030_sort_pos_joh_01,4,-0.17341469238727752
709_01_030_sort_pos_joh_01,5,-0.27007238354150676
709_01_030_sort_pos_joh_01,6,0.30571781816688587
709_01_030_sort_pos_joh_01,7,0.7493220936922498
709_01_030_sort_pos_joh_01,8,-0.1280696888712789
709_01_030_sort_pos_joh_01,9,-0.5211126680179509
709_01_030_sort_pos_joh_02,0,1.5017753586519185
709_01_030_sort_pos_joh_02,1,-0.8066975254711259
709_01_030_sort_pos_joh_02,2,-0.05182437113126702
709_01_030_sort_pos_joh_02,4,-0.2082630403501865
709_01_030_sort_pos_joh_02,5,-0.4364397756549113
709_01_030_sort_pos_joh_02,6,0.17960530202677472
709_01_030_sort_pos_joh_02,7,-0.282983069465711
709_01_030_sort_pos_joh_02,8,0.2525739343005598
709_01_030_sort_pos_joh_02,9,0.10626545204637228
709_01_034_sort_pos_joh_02,0,-0.35034381139505427
709_01_034_sort_pos_joh_02,1,-0.4627470935500801
709_01_034_sort_pos_joh_02,2,0.5088760022562888
709_01_034_sort_pos_joh_02,4,0.545522575232304
709_01_034_sort_pos_joh_02,5,-0.13336626734231594
709_01_034_sort_pos_joh_02,6,-0.18480218807085955
709_01_034_sort_pos_joh_02,7,0.016372433836314197
709_01_034_sort_pos_joh_02,8,0.319765846668332
709_01_034_sort_pos_joh_02,9,-0.27993680878766847
709_01_034_sort_pos_joh_03,0,0.6528407477077732
709_01_034_sort_pos_joh_03,1,0.10866615915996797
709_01_034_sort_pos_joh_03,2,0.2961188488445436
709_01_034_sort_pos_joh_03,4,0.10866615915996809
709_01_034_sort_pos_joh_03,5,0.3918567086782009
709_01_034_sort_pos_joh_03,6,-0.33243984777709373
709_01_034_sort_pos_joh_03,7,-0.6040196107459612
709_01_034_sort_pos_joh_03,8,-0.2453457739225649
709_01_034_sort_pos_joh_03,9,-0.1568929081105472
709_01_037_sort_pos_joh_03,0,0.23192034667290015
709_01_037_sort_pos_joh_03,1,-0.3425810629253648
709_01_037_sort_pos_joh_03,2,-0.065795169495977
709_01_037_sort_pos_joh_03,4,0.5345224838248487
709_01_037_sort_pos_joh_03,5,0.2319203466729002
709_01_037_sort_pos_joh_03,6,-0.3425810629253647
709_01_037_sort_pos_joh_03,7,-0.3425810629253647
709_01_037_sort_pos_joh_03,8,-0.06262242910851493
709_01_037_sort_pos_joh_03,9,0.2319203466729001
709_01_038_sort_pos_joh_01,0,-1.9290012801547716
709_01_038_sort_pos_joh_01,1,0.767323300003963
709_01_038_sort_pos_joh_01,2,0.9838668839857329
709_01_038_sort_pos_joh_01,4,-0.9052384106394626
709_01_038_sort_pos_joh_01,5,0.5472768097797509
709_01_038_sort_pos_joh_01,6,-0.07969110421507264
709_01_038_sort_pos_joh_01,7,0.6254518611242847
709_01_038_sort_pos_joh_01,8,0.026614758268944674
709_01_038_sort_pos_joh_01,9,-0.30342556021734335
709_01_038_sort_pos_joh_03,0,-0.6000384036867931
709_01_038_sort_pos_joh_03,1,-0.45969236797094204
709_01_038_sort_pos_joh_03,2,-0.6644105970267494
709_01_038_sort_pos_joh_03,4,-0.23236970617008657
709_01_038_sort_pos_joh_03,5,0.04711137995047964
709_01_038_sort_pos_joh_03,6,-0.3810003810005716
709_01_038_sort_pos_joh_03,7,0.3410691214519704
709_01_038_sort_pos_joh_03,8,1.005935165980713
709_01_038_sort_pos_joh_03,9,1.187588466282228
709_01_038_sort_pos_joh_04,0,-1.4321881128879945
709_01_038_sort_pos_joh_04,1,-0.025901559680595657
709_01_038_sort_pos_joh_04,2,-0.8333186135458968
709_01_038_sort_pos_joh_04,4,-0.48821486302239325
709_01_038_sort_pos_joh_04,5,0.5989592359900766
709_01_038_sort_pos_joh_04,6,1.154484348760096
709_01_038_sort_pos_joh_04,7,1.1129057231355228
709_01_038_sort_pos_joh_04,8,0.20677365503867345
709_01_038_sort_pos_joh_04,9,-0.33522428795666764
709_01_044_sort_pos_joh_01,0,-0.29917065181249664
709_01_044_sort_pos_joh_01,1,-0.02979200330268881
709_01_044_sort_pos_joh_01,2,1.0989825099052415
709_01_044_sort_pos_joh_01,4,-0.3770337538595639
709_01_044_sort_pos_joh_01,5,0.13125968296225354
709_01_044_sort_pos_joh_01,6,-0.02794779309602701
709_01_044_sort_pos_joh_01,7,-0.4653183848551729
709_01_044_sort_pos_joh_01,8,-0.13011389335510462
709_01_044_sort_pos_joh_01,9,0.12311461761006386
709_01_044_sort_pos_joh_02,0,0.442133678202104
709_01_044_sort_pos_joh_02,1,-0.1422936016353745
709_01_044_sort_pos_joh_02,2,-0.24600555275942962
709_01_044_sort_pos_joh_02,4,0.7954027127317675
709_01_044_sort_pos_joh_02,5,0.1849879247934622
709_01_044_sort_pos_joh_02,6,-0.14375639555482786
709_01_044_sort_pos_joh_02,7,-0.14087457181287835
709_01_044_sort_pos_joh_02,8,-0.371419138681337
709_01_044_sort_pos_joh_02,9,-0.35543427028651114
709_01_044_sort_pos_joh_03,0,0.27725532616448195
709_01_044_sort_pos_joh_03,1,0.272817475234362
709_01_044_sort_pos_joh_03,2,0.9239191078695393
709_01_044_sort_pos_joh_03,4,-0.6930117136372199
709_01_044_sort_pos_joh_03,5,-0.5416186085055893
709_01_044_sort_pos_joh_03,6,-0.39864635821604977
709_01_044_sort_pos_joh_03,7,-0.21707238158772632
709_01_044_sort_pos_joh_03,8,0.27725532616448195
709_01_044_sort_pos_joh_03,9,0.10721125348377958
709_01_044_sort_pos_joh_04,0,2.048079801297601
709_01_044_sort_pos_joh_04,1,0.28364528333342487
709_01_044_sort_pos_joh_04,2,-0.11396057645963802
709_01_044_sort_pos_joh_04,4,0.5381569123225269
709_01_044_sort_pos_joh_04,5,-0.5014861919724889
709_01_044_sort_pos_joh_04,6,-0.5014861919724891
709_01_044_sort_pos_joh_04,7,-0.11286652959662012
709_01_044_sort_pos_joh_04,8,-0.36579829512417916
709_01_044_sort_pos_joh_04,9,-0.6361464251628645
709_01_045_sort_pos_joh_01,0,1.0321642093579866
709_01_045_sort_pos_joh_01,1,0.2991325680559749
709_01_045_sort_pos_joh_01,2,0.012540232470476212
709_01_045_sort_pos_joh_01,4,-0.09422856948630907
709_01_045_sort_pos_joh_01,5,-0.04433666609799632
709_01_045_sort_pos_joh_01,6,-0.3843325178283152
709_01_045_sort_pos_joh_01,7,-0.42622749779363894
709_01_045_sort_pos_joh_01,8,-0.25541449909500447
709_01_045_sort_pos_joh_01,9,-0.04249453947730096
709_01_045_sort_pos_joh_02,0,0.336895184367309
709_01_045_sort_pos_joh_02,1,-0.21219098448475437
709_01_045_sort_pos_joh_02,2,-0.3205439351732011
709_01_045_sort_pos_joh_02,4,-0.2150797071115582
709_01_045_sort_pos_joh_02,5,-0.1090208539152393
709_01_045_sort_pos_joh_02,6,-0.3227347778277787
709_01_045_sort_pos_joh_02,7,0.36529873131068935
709_01_045_sort_pos_joh_02,8,0.36529873131068946
709_01_045_sort_pos_joh_02,9,0.22450942162470075
709_01_045_sort_pos_joh_03,0,0.45812656583554734
709_01_045_sort_pos_joh_03,1,0.03491441908287126
709_01_045_sort_pos_joh_03,2,-0.0732142986845074
709_01_045_sort_pos_joh_03,4,0.2462760744112114
709_01_045_sort_pos_joh_03,5,0.2530487831545895
709_01_045_sort_pos_joh_03,6,-0.07169323570385244
709_01_045_sort_pos_joh_03,7,-0.3719623507081084
709_01_045_sort_pos_joh_03,8,-0.27735009811261485
709_01_045_sort_pos_joh_03,9,-0.16907379577641263
709_01_045_sort_pos_joh_04,0,-0.05986843400892515
709_01_045_sort_pos_joh_04,1,-0.061199006136210245
709_01_045_sort_pos_joh_04,2,-0.20414931311874573
709_01_045_sort_pos_joh_04,4,1.249864857559473
709_01_045_sort_pos_joh_04,5,-0.19511954734534254
709_01_045_sort_pos_joh_04,6,0.07545504557972808
709_01_045_sort_pos_joh_04,7,-0.34663942041478996
709_01_045_sort_pos_joh_04,8,-0.4788537175841802
709_01_045_sort_pos_joh_04,9,0.21800613095250534
709_01_045_sort_pos_joh_05,0,1.1043525680662833
709_01_045_sort_pos_joh_05,1,1.8874905096164334
709_01_045_sort_pos_joh_05,2,-0.1272476769690201
709_01_045_sort_pos_joh_05,4,-0.7501914239472923
709_01_045_sort_pos_joh_05,5,-0.44932476504138424
709_01_045_sort_pos_joh_05,6,0.18029490065488346
709_01_045_sort_pos_joh_05,7,-0.3109528048841012
709_01_045_sort_pos_joh_05,8,-0.4961625735530998
709_01_045_sort_pos_joh_05,9,-0.5571660252438745
709_01_046_sort_pos_joh_01,0,0.6163349204405884
709_01_046_sort_pos_joh_01,1,-0.17290387769115872
709_01_046_sort_pos_joh_01,2,-0.09958119534121941
709_01_046_sort_pos_joh_01,4,2.339671760365984
709_01_046_sort_pos_joh_01,5,1.1814159062645002
709_01_046_sort_pos_joh_01,6,-0.2261329734784359
709_01_046_sort_pos_joh_01,7,-0.9024416506644349
709_01_046_sort_pos_joh_01,8,-1.1690474874260228
709_01_046_sort_pos_joh_01,9,-1.138543285620905
709_01_046_sort_pos_joh_04,0,2.430790018060857
709_01_046_sort_pos_joh_04,1,0.4935916062593248
709_01_046_sort_pos_joh_04,2,-0.30065841120113174
709_01_046_sort_pos_joh_04,4,0.29505082081694395
709_01_046_sort_pos_joh_04,5,0.03760887072222994
709_01_046_sort_pos_joh_04,6,-0.21385404449576023
709_01_046_sort_pos_joh_04,7,-0.5533871644186302
709_01_046_sort_pos_joh_04,8,-0.7352699270314206
709_01_046_sort_pos_joh_04,9,-0.6448467555392493
709_01_048_sort_pos_joh_01,0,0.26233632795955664
709_01_048_sort_pos_joh_01,1,1.4321523895345667
709_01_048_sort_pos_joh_01,2,1.7344863168424192
709_01_048_sort_pos_joh_01,4,-0.8124785444672162
709_01_048_sort_pos_joh_01,5,-1.036593977806027
709_01_048_sort_pos_joh_01,6,-0.48016804040014976
709_01_048_sort_pos_joh_01,7,0.016287748895766032
709_01_048_sort_pos_joh_01,8,-0.04728145600076568
709_01_048_sort_pos_joh_01,9,-0.7908359200337222
709_01_048_sort_pos_joh_02,0,-0.48638679904584114
709_01_048_sort_pos_joh_02,1,0.6538673501581391
709_01_048_sort_pos_joh_02,2,2.836722304178851
709_01_048_sort_pos_joh_02,4,-0.3257994036161638
709_01_048_sort_pos_joh_02,5,-0.8457188114223454
709_01_048_sort_pos_joh_02,6,-0.25128246774195984
709_01_048_sort_pos_joh_02,7,0.06072738391922543
709_01_048_sort_pos_joh_02,8,-0.2914724475219132
709_01_048_sort_pos_joh_02,9,-0.4859470941504369
709_01_048_sort_pos_joh_03,0,-0.7126004020645479
709_01_048_sort_pos_joh_03,1,0.9931950957140453
709_01_048_sort_pos_joh_03,2,2.463548350509591
709_01_048_sort_pos_joh_03,4,-0.7580469914866147
709_01_048_sort_pos_joh_03,5,-0.5395732021758762
709_01_048_sort_pos_joh_03,6,0.1427499749402439
709_01_048_sort_pos_joh_03,7,0.14480410539591337
709_01_048_sort_pos_joh_03,8,-0.27259778106309346
709_01_048_sort_pos_joh_03,9,-0.8691092077666677
709_01_069_sort_pos_joh_01,0,-0.1438535547451971
709_01_069_sort_pos_joh_01,1,-0.6883997392535338
709_01_069_sort_pos_joh_01,2,-0.7618672065252248
709_01_069_sort_pos_joh_01,4,-0.07155459584701691
709_01_069_sort_pos_joh_01,5,-0.498830188842285
709_01_069_sort_pos_joh_01,6,-0.3794149257622447
709_01_069_sort_pos_joh_01,7,0.5330877783193355
709_01_069_sort_pos_joh_01,8,1.2763787981193349
709_01_069_sort_pos_joh_01,9,0.9656335395894672
709_01_069_sort_pos_joh_02,0,0.7719287081383268
709_01_069_sort_pos_joh_02,1,0.4629574601929495
709_01_069_sort_pos_joh_02,2,0.2996000014189058
709_01_069_sort_pos_joh_02,4,-0.4771443902386168
709_01_069_sort_pos_joh_02,5,-0.6661004952977293
709_01_069_sort_pos_joh_02,6,-0.8917387811095162
709_01_069_sort_pos_joh_02,7,-0.5196954505955087
709_01_069_sort_pos_joh_02,8,0.10690650483672116
709_01_069_sort_pos_joh_02,9,0.9735296917629761
709_01_069_sort_pos_joh_03,0,0.0845959616959337
709_01_069_sort_pos_joh_03,1,-0.7725147661471918
709_01_069_sort_pos_joh_03,2,-0.28191045467159137
709_01_069_sort_pos_joh_03,4,-0.18572808826529288
709_01_069_sort_pos_joh_03,5,-0.3175953782268872
709_01_069_sort_pos_joh_03,6,-0.18439479528588873
709_01_069_sort_pos_joh_03,7,0.18490071044951512
709_01_069_sort_pos_joh_03,8,0.540824956193974
709_01_069_sort_pos_joh_03,9,1.0157562992231397
709_01_069_sort_pos_joh_05,0,-0.2042944616113593
709_01_069_sort_pos_joh_05,1,1.1470356866769835
709_01_069_sort_pos_joh_05,2,0.9198662110078002
709_01_069_sort_pos_joh_05,4,-0.20032077005375104
709_01_069_sort_pos_joh_05,5,-0.20032077005375104
709_01_069_sort_pos_joh_05,6,-0.222938981033855
709_01_069_sort_pos_joh_05,7,-0.5734623443633281
709_01_069_sort_pos_joh_05,8,-0.5622535302317491
709_01_069_sort_pos_joh_05,9,-0.020624037298852597
709_01_089_sort_pos_joh_01,0,
709_01_089_sort_pos_joh_01,1,
709_01_089_sort_pos_joh_01,2,
709_01_089_sort_pos_joh_01,4,
709_01_089_sort_pos_joh_01,5,
709_01_089_sort_pos_joh_01,6,
709_01_089_sort_pos_joh_01,7,
709_01_089_sort_pos_joh_01,8,
709_01_089_sort_pos_joh_01,9,
709_01_089_sort_pos_joh_02,0,-0.8773813379502622
709_01_089_sort_pos_joh_02,1,0.25819888974716093
709_01_089_sort_pos_joh_02,2,0.8104919650920065
709_01_089_sort_pos_joh_02,4,1.1136040592205578
709_01_089_sort_pos_joh_02,5,0.6030226891555274
709_01_089_sort_pos_joh_02,6,0.4086992157347707
709_01_089_sort_pos_joh_02,7,-0.5467278601211569
709_01_089_sort_pos_joh_02,8,-0.8773813379502623
709_01_089_sort_pos_joh_02,9,-0.7106690545187017
709_01_089_sort_pos_joh_03,0,-0.20851441405707477
709_01_089_sort_pos_joh_03,1,1.0210549404852618
709_01_089_sort_pos_joh_03,2,1.0210549404852618
709_01_089_sort_pos_joh_03,4,-0.20851441405707477
709_01_089_sort_pos_joh_03,5,-0.20851441405707477
709_01_089_sort_pos_joh_03,6,-0.20851441405707477
709_01_089_sort_pos_joh_03,7,-0.20851441405707477
709_01_089_sort_pos_joh_03,8,-0.20851441405707477
709_01_089_sort_pos_joh_03,9,-0.20851441405707477
709_01_091_sort_pos_joh_01,0,0.5727847756993434
709_01_091_sort_pos_joh_01,1,0.7722935201763184
709_01_091_sort_pos_joh_01,2,-0.2833647449433605
709_01_091_sort_pos_joh_01,4,-0.24999999999999967
709_01_091_sort_pos_joh_01,5,-0.2468070209369178
709_01_091_sort_pos_joh_01,6,-1.0141851056742202
709_01_091_sort_pos_joh_01,7,-0.8249466120614587
709_01_091_sort_pos_joh_01,8,0.43843878869070285
709_01_091_sort_pos_joh_01,9,0.7703356587310266
709_01_091_sort_pos_joh_02,0,0.11199561981252477
709_01_091_sort_pos_joh_02,1,-0.285571859079425
709_01_091_sort_pos_joh_02,2,-0.2871372199327734
709_01_091_sort_pos_joh_02,4,0.6159761717648863
709_01_091_sort_pos_joh_02,5,0.09699898393546601
709_01_091_sort_pos_joh_02,6,-0.16176664945719516
709_01_091_sort_pos_joh_02,7,0.10157499143702405
709_01_091_sort_pos_joh_02,8,0.09699898393546601
709_01_091_sort_pos_joh_02,9,-0.24050450676241708
709_01_091_sort_pos_joh_03,0,-0.5362845380619387
709_01_091_sort_pos_joh_03,1,0.23416144727341937
709_01_091_sort_pos_joh_03,2,-0.4768729967034141
709_01_091_sort_pos_joh_03,4,0.4037364234720235
709_01_091_sort_pos_joh_03,5,0.5370776197166085
709_01_091_sort_pos_joh_03,6,0.32565604359722033
709_01_091_sort_pos_joh_03,7,-0.5811417060184335
709_01_091_sort_pos_joh_03,8,-0.07835609527613308
709_01_091_sort_pos_joh_03,9,0.14560001639861425
709_01_091_sort_pos_joh_04,0,0.4987546680538163
709_01_091_sort_pos_joh_04,1,-0.5144732521031445
709_01_091_sort_pos_joh_04,2,-0.7663630338460287
709_01_091_sort_pos_joh_04,4,0.1672864779044727
709_01_091_sort_pos_joh_04,5,-0.17638342073763924
709_01_091_sort_pos_joh_04,6,0.405133582254715
709_01_091_sort_pos_joh_04,7,0.38092047420720254
709_01_091_sort_pos_joh_04,8,-0.06391897142214246
709_01_091_sort_pos_joh_04,9,0.05564148840746553
709_01_092_sort_pos_joh_01,0,-0.5156879540323449
709_01_092_sort_pos_joh_01,1,-0.1005037815259212
709_01_092_sort_pos_joh_01,2,0.12472745645816694
709_01_092_sort_pos_joh_01,4,-0.09491579957524988
709_01_092_sort_pos_joh_01,5,-0.3024892217761514
709_01_092_sort_pos_joh_01,6,-0.09245003270420482
709_01_092_sort_pos_joh_01,7,0.12472745645816694
709_01_092_sort_pos_joh_01,8,0.3371781356013614
709_01_092_sort_pos_joh_01,9,0.5667363077318393
709_01_093_sort_pos_joh_01,0,-0.13592553320611694
709_01_093_sort_pos_joh_01,1,0.1761174884190861
709_01_093_sort_pos_joh_01,2,0.3006722237325191
709_01_093_sort_pos_joh_01,4,0.5064978767721657
709_01_093_sort_pos_joh_01,5,0.12699906125442492
709_01_093_sort_pos_joh_01,6,-0.5113427770080864
709_01_093_sort_pos_joh_01,7,-0.47683569735285486
709_01_093_sort_pos_joh_01,8,0.17966326727018378
709_01_093_sort_pos_joh_01,9,-0.1482498633322197
709_01_093_sort_pos_joh_02,0,-0.6649298351357087
709_01_093_sort_pos_joh_02,1,-0.5536714830563448
709_01_093_sort_pos_joh_02,2,0.11448483957193943
709_01_093_sort_pos_joh_02,4,-1.1457657355428503
709_01_093_sort_pos_joh_02,5,-0.6076299933567266
709_01_093_sort_pos_joh_02,6,0.9928254683679636
709_01_093_sort_pos_joh_02,7,2.021020163863844
709_01_093_sort_pos_joh_02,8,0.3929413379300814
709_01_093_sort_pos_joh_02,9,-0.04836508334066743
709_01_093_sort_pos_joh_03,0,0.1636904851406171
709_01_093_sort_pos_joh_03,1,0.17209325306754814
709_01_093_sort_pos_joh_03,2,-0.6412234498911866
709_01_093_sort_pos_joh_03,4,-0.3200031605406501
709_01_093_sort_pos_joh_03,5,0.8493590282190697
709_01_093_sort_pos_joh_03,6,0.3301779772111738
709_01_093_sort_pos_joh_03,7,-0.31525624984682654
709_01_093_sort_pos_joh_03,8,0.17209325306754814
709_01_093_sort_pos_joh_03,9,-0.3301779772111739
709_01_093_sort_pos_joh_04,0,-1.7393044173217953
709_01_093_sort_pos_joh_04,1,-0.8497137892646062
709_01_093_sort_pos_joh_04,2,0.13273296830047493
709_01_093_sort_pos_joh_04,4,-0.1631827365660544
709_01_093_sort_pos_joh_04,5,1.030830812262358
709_01_093_sort_pos_joh_04,6,0.6166862581974764
709_01_093_sort_pos_joh_04,7,-0.47010579530232965
709_01_093_sort_pos_joh_04,8,0.5131470249408215
709_01_093_sort_pos_joh_04,9,0.8493286024457818
709_01_095_sort_pos_joh_01,0,-0.8176326448499541
709_01_095_sort_pos_joh_01,1,-0.19791075025865992
709_01_095_sort_pos_joh_01,2,0.11541681729575147
709_01_095_sort_pos_joh_01,4,1.0109947031457236
709_01_095_sort_pos_joh_01,5,0.6698516084552073
709_01_095_sort_pos_joh_01,6,0.053452248382485044
709_01_095_sort_pos_joh_01,7,-0.25591598511354424
709_01_095_sort_pos_joh_01,8,-0.25417100042386287
709_01_095_sort_pos_joh_01,9,-0.18701608980084275
709_01_095_sort_pos_joh_02,0,0.0462461962003398
709_01_095_sort_pos_joh_02,1,0.2879815847193619
709_01_095_sort_pos_joh_02,2,0.4583492485141054
709_01_095_sort_pos_joh_02,4,0.32130613098823574
709_01_095_sort_pos_joh_02,5,0.4389081364666691
709_01_095_sort_pos_joh_02,6,0.1552854939427268
709_01_095_sort_pos_joh_02,7,-0.4565814005199363
709_01_095_sort_pos_joh_02,8,-0.6262911069311033
709_01_095_sort_pos_joh_02,9,-0.5825118685249413
709_01_095_sort_pos_joh_03,0,0.5702564868935496
709_01_095_sort_pos_joh_03,1,-0.01575047301349533
709_01_095_sort_pos_joh_03,2,-0.5666880541285488
709_01_095_sort_pos_joh_03,4,-0.7163058588439444
709_01_095_sort_pos_joh_03,5,-0.422115882408869
709_01_095_sort_pos_joh_03,6,-0.15109947130387494
709_01_095_sort_pos_joh_03,7,0.41463560587117265
709_01_095_sort_pos_joh_03,8,0.6970966755769256
709_01_095_sort_pos_joh_03,9,0.2905664529328327
709_01_095_sort_pos_joh_04,0,0.30779350562554625
709_01_095_sort_pos_joh_04,1,0.800640769025436
709_01_095_sort_pos_joh_04,2,1.3416407864998738
709_01_095_sort_pos_joh_04,4,0.30779350562554625
709_01_095_sort_pos_joh_04,5,-0.5773502691896258
709_01_095_sort_pos_joh_04,6,-0.14870447912898294
709_01_095_sort_pos_joh_04,7,-0.5773502691896258
709_01_095_sort_pos_joh_04,8,-0.5773502691896258
709_01_095_sort_pos_joh_04,9,-0.5773502691896258
709_01_096_sort_pos_joh_01,0,-0.7058566838075997
709_01_096_sort_pos_joh_01,1,-1.1470030493640169
709_01_096_sort_pos_joh_01,2,-0.20311729716669116
709_01_096_sort_pos_joh_01,4,-0.3681453576390362
709_01_096_sort_pos_joh_01,5,0.15301215598257784
709_01_096_sort_pos_joh_01,6,0.7520216887122282
709_01_096_sort_pos_joh_01,7,0.8958318753109166
709_01_096_sort_pos_joh_01,8,0.5329291736865486
709_01_096_sort_pos_joh_01,9,0.052999894000318286
709_01_096_sort_pos_joh_02,0,-0.337052648822913
709_01_096_sort_pos_joh_02,1,-0.6796251758014068
709_01_096_sort_pos_joh_02,2,0.29471769277982995
709_01_096_sort_pos_joh_02,4,-0.5835502197554134
709_01_096_sort_pos_joh_02,5,0.38856630878182336
709_01_096_sort_pos_joh_02,6,0.765002479178718
709_01_096_sort_pos_joh_02,7,0.10241061951936792
709_01_096_sort_pos_joh_02,8,0.2523144114426282
709_01_096_sort_pos_joh_02,9,-0.24288866106750165
709_02_001_sort_pos_joh_01,0,-0.046500607095222295
709_02_001_sort_pos_joh_01,1,0.0584177402894243
709_02_001_sort_pos_joh_01,2,-0.32171501262951585
709_02_001_sort_pos_joh_01,3,-0.2943133806852185
709_02_001_sort_pos_joh_01,4,0.7585699880104604
709_02_001_sort_pos_joh_01,5,0.5910194862895646
709_02_001_sort_pos_joh_01,6,0.015475949823922055
709_02_001_sort_pos_joh_01,7,-0.8053505155533648
709_02_001_sort_pos_joh_02,0,0.3563364922429288
709_02_001_sort_pos_joh_02,1,0.7214019629022427
709_02_001_sort_pos_joh_02,2,0.14345771727805895
709_02_001_sort_pos_joh_02,3,0.41522314050430353
709_02_001_sort_pos_joh_02,4,0.08995902799541242
709_02_001_sort_pos_joh_02,5,-0.5026789149240509
709_02_001_sort_pos_joh_02,6,-0.9195198472274599
709_02_001_sort_pos_joh_02,7,-0.3428491339879255
709_02_001_sort_pos_joh_03,0,0.33687692884284154
709_02_001_sort_pos_joh_03,1,1.2553798274339776
709_02_001_sort_pos_joh_03,2,0.7545509841699027
709_02_001_sort_pos_joh_03,3,0.15505998535930596
709_02_001_sort_pos_joh_03,4,-0.421316887563943
709_02_001_sort_pos_joh_03,5,-0.42351394683868426
709_02_001_sort_pos_joh_03,6,-0.2606996975801838
709_02_001_sort_pos_joh_03,7,-1.3632558878993914
709_02_001_sort_pos_joh_04,0,-0.4885078807049962
709_02_001_sort_pos_joh_04,1,-0.5809475019311119
709_02_001_sort_pos_joh_04,2,0.29370777748492366
709_02_001_sort_pos_joh_04,3,0.5148734286400712
709_02_001_sort_pos_joh_04,4,0.5648971245539363
709_02_001_sort_pos_joh_04,5,0.6784902342161929
709_02_001_sort_pos_joh_04,6,-0.5986710947139647
709_02_001_sort_pos_joh_04,7,-0.41064090663068703
709_02_001_sort_pos_joh_05,0,-0.2286593372067691
709_02_001_sort_pos_joh_05,1,-0.34460219379852464
709_02_001_sort_pos_joh_05,2,-0.2801915020035099
709_02_001_sort_pos_joh_05,3,0.06692606028141078
709_02_001_sort_pos_joh_05,4,1.0940358741415608
709_02_001_sort_pos_joh_05,5,0.7927746338725344
709_02_001_sort_pos_joh_05,6,-0.23113741632566975
709_02_001_sort_pos_joh_05,7,-0.8090774448486568
709_02_003_sort_pos_joh_01,0,1.1281521496355331
709_02_003_sort_pos_joh_01,1,0.5049217280512801
709_02_003_sort_pos_joh_01,2,0.3275900819466692
709_02_003_sort_pos_joh_01,3,-0.057735026918962484
709_02_003_sort_pos_joh_01,4,-0.43524244882242163
709_02_003_sort_pos_joh_01,5,-0.28194193721730065
709_02_003_sort_pos_joh_01,6,-0.3777403169315833
709_02_003_sort_pos_joh_01,7,-0.6044826213744496
709_02_003_sort_pos_joh_02,0,0.2258129788484946
709_02_003_sort_pos_joh_02,1,-0.07432941462471664
709_02_003_sort_pos_joh_02,2,-0.07432941462471664
709_02_003_sort_pos_joh_02,3,-0.3676073110469039
709_02_003_sort_pos_joh_02,4,-0.6555213366563067
709_02_003_sort_pos_joh_02,5,0.22581297884849458
709_02_003_sort_pos_joh_02,6,0.5773502691896258
709_02_003_sort_pos_joh_02,7,0.24333213169614393
709_02_003_sort_pos_joh_03,0,-0.1519109050625499
709_02_003_sort_pos_joh_03,1,0.7178049194865026
709_02_003_sort_pos_joh_03,2,0.7178049194865026
709_02_003_sort_pos_joh_03,3,-0.1519109050625499
709_02_003_sort_pos_joh_03,4,0.26352313834736496
709_02_003_sort_pos_joh_03,5,-0.1519109050625499
709_02_003_sort_pos_joh_03,6,-0.5380275868489703
709_02_003_sort_pos_joh_03,7,-0.5380275868489703
709_02_003_sort_pos_joh_04,0,0.23570226039551592
709_02_003_sort_pos_joh_04,1,0.23570226039551595
709_02_003_sort_pos_joh_04,2,0.22360679774997905
709_02_003_sort_pos_joh_04,3,-0.03184648776492405
709_02_003_sort_pos_joh_04,4,-0.03184648776492405
709_02_003_sort_pos_joh_04,5,0.23570226039551595
709_02_003_sort_pos_joh_04,6,-0.3013422885820911
709_02_003_sort_pos_joh_04,7,-0.5397505397508096
709_02_005_sort_pos_joh_01,0,-0.1665424561029817
709_02_005_sort_pos_joh_01,1,-0.164252300693677
709_02_005_sort_pos_joh_01,2,-0.560065105369019
709_02_005_sort_pos_joh_01,3,0.6642111641550722
709_02_005_sort_pos_joh_01,4,0.5186090026256264
709_02_005_sort_pos_joh_01,5,0.014400792641441642
709_02_005_sort_pos_joh_01,6,-0.27839014605777485
709_02_005_sort_pos_joh_01,7,0.015066153823518318
709_02_005_sort_pos_joh_02,0,-0.15617376188860582
709_02_005_sort_pos_joh_02,1,-0.321818766943744
709_02_005_sort_pos_joh_02,2,0.44232586846469124
709_02_005_sort_pos_joh_02,3,0.17794764276405958
709_02_005_sort_pos_joh_02,4,-0.06230425460860111
709_02_005_sort_pos_joh_02,5,0.01998002995008731
709_02_005_sort_pos_joh_02,6,-0.06165612988740619
709_02_005_sort_pos_joh_02,7,-0.060720783254578976
709_02_007_sort_pos_joh_01,0,0.27751922920443123
709_02_007_sort_pos_joh_01,1,-0.22311624238651512
709_02_007_sort_pos_joh_01,2,-0.7527816848968141
709_02_007_sort_pos_joh_01,3,-0.711613133905395
709_02_007_sort_pos_joh_01,4,0.10649184241242066
709_02_007_sort_pos_joh_01,5,-0.32017065523795585
709_02_007_sort_pos_joh_01,6,0.3922257043003678
709_02_007_sort_pos_joh_01,7,1.3045000297260267
709_02_007_sort_pos_joh_02,0,-0.04006113989310666
709_02_007_sort_pos_joh_02,1,-0.6923553154344199
709_02_007_sort_pos_joh_02,2,-0.8543829027407658
709_02_007_sort_pos_joh_02,3,-0.2121958296184352
709_02_007_sort_pos_joh_02,4,0.17386443101079027
709_02_007_sort_pos_joh_02,5,-0.30329194207909754
709_02_007_sort_pos_joh_02,6,0.5310009499210957
709_02_007_sort_pos_joh_02,7,1.5060119050809346
709_02_007_sort_pos_joh_03,0,0.37242979242872637
709_02_007_sort_pos_joh_03,1,0.013775097846589568
709_02_007_sort_pos_joh_03,2,-0.20211302086361074
709_02_007_sort_pos_joh_03,3,-0.09901475429766726
709_02_007_sort_pos_joh_03,4,0.11883323992946539
709_02_007_sort_pos_joh_03,5,-0.2003386358972695
709_02_007_sort_pos_joh_03,6,-0.20211302086361074
709_02_007_sort_pos_joh_03,7,0.23984137539281783
709_02_007_sort_pos_joh_04,0,0.4459764877482998
709_02_007_sort_pos_joh_04,1,0.11405318970244022
709_02_007_sort_pos_joh_04,2,0.11405318970244022
709_02_007_sort_pos_joh_04,3,0.10976425998969035
709_02_007_sort_pos_joh_04,4,0.3312945782245396
709_02_007_sort_pos_joh_04,5,-0.32611585511918645
709_02_007_sort_pos_joh_04,6,-0.32611585511918645
709_02_007_sort_pos_joh_04,7,-0.32611585511918645
709_02_024_sort_pos_joh_01,0,-0.1443375672974065
709_02_024_sort_pos_joh_01,1,-0.1443375672974065
709_02_024_sort_pos_joh_01,2,inf
709_02_024_sort_pos_joh_01,3,-0.14433756729740646
709_02_024_sort_pos_joh_01,4,-0.14433756729740646
709_02_024_sort_pos_joh_01,5,-0.14433756729740646
709_02_024_sort_pos_joh_01,6,-0.14433756729740646
709_02_024_sort_pos_joh_01,7,-0.14433756729740646
709_02_024_sort_pos_joh_03,0,
709_02_024_sort_pos_joh_03,1,
709_02_024_sort_pos_joh_03,2,
709_02_024_sort_pos_joh_03,3,
709_02_024_sort_pos_joh_03,4,
709_02_024_sort_pos_joh_03,5,
709_02_024_sort_pos_joh_03,6,
709_02_024_sort_pos_joh_03,7,
709_02_038_sort_pos_joh_01,0,-0.4794528665140309
709_02_038_sort_pos_joh_01,1,-0.29395568518853193
709_02_038_sort_pos_joh_01,2,-0.02196167371900846
709_02_038_sort_pos_joh_01,3,0.8304767646298629
709_02_038_sort_pos_joh_01,4,0.3302935779662208
709_02_038_sort_pos_joh_01,5,-0.02079326148755341
709_02_038_sort_pos_joh_01,6,-0.128167902709837
709_02_038_sort_pos_joh_01,7,-0.18616705530959876
709_02_038_sort_pos_joh_02,0,-0.6642111641550714
709_02_038_sort_pos_joh_02,1,-0.31622776601683783
709_02_038_sort_pos_joh_02,2,0.8314971796756815
709_02_038_sort_pos_joh_02,3,0.4271210980886247
709_02_038_sort_pos_joh_02,4,0.046225016352102424
709_02_038_sort_pos_joh_02,5,-0.31622776601683783
709_02_038_sort_pos_joh_02,6,0.046225016352102424
709_02_038_sort_pos_joh_02,7,0.046225016352102424
709_02_038_sort_pos_joh_03,0,-0.40824829046386296
709_02_038_sort_pos_joh_03,1,0.06225728063646904
709_02_038_sort_pos_joh_03,2,0.06225728063646904
709_02_038_sort_pos_joh_03,3,0.606779876216918
709_02_038_sort_pos_joh_03,4,0.06225728063646904
709_02_038_sort_pos_joh_03,5,-0.408248290463863
709_02_038_sort_pos_joh_03,6,-0.408248290463863
709_02_038_sort_pos_joh_03,7,0.606779876216918
709_02_041_sort_pos_joh_01,0,1.406497257579593
709_02_041_sort_pos_joh_01,1,-0.44420593893431176
709_02_041_sort_pos_joh_01,2,-0.22507074513862493
709_02_041_sort_pos_joh_01,3,0.27540365210802376
709_02_041_sort_pos_joh_01,4,-0.05916116453356407
709_02_041_sort_pos_joh_01,5,0.22116811841247744
709_02_041_sort_pos_joh_01,6,-0.20649666991166896
709_02_041_sort_pos_joh_01,7,-0.7948617223096885
709_02_041_sort_pos_joh_02,0,1.8792369545992682
709_02_041_sort_pos_joh_02,1,0.7986975874401395
709_02_041_sort_pos_joh_02,2,-0.14902980707936278
709_02_041_sort_pos_joh_02,3,0.2030692330267237
709_02_041_sort_pos_joh_02,4,-0.1506786404020233
709_02_041_sort_pos_joh_02,5,-0.26437733009367037
709_02_041_sort_pos_joh_02,6,-0.8174315366685078
709_02_041_sort_pos_joh_02,7,-1.1145564251507054
709_02_041_sort_pos_joh_03,0,0.1027783064741298
709_02_041_sort_pos_joh_03,1,0.10925355610938452
709_02_041_sort_pos_joh_03,2,0.1027783064741298
709_02_041_sort_pos_joh_03,3,0.4043680421515942
709_02_041_sort_pos_joh_03,4,0.10925355610938452
709_02_041_sort_pos_joh_03,5,-0.43973155946963005
709_02_041_sort_pos_joh_03,6,-0.170103454359943
709_02_041_sort_pos_joh_03,7,-0.170103454359943
709_02_043_sort_pos_joh_01,0,-0.7187972846940733
709_02_043_sort_pos_joh_01,1,-0.5543070700945197
709_02_043_sort_pos_joh_01,2,-0.5655296748844191
709_02_043_sort_pos_joh_01,3,-1.0992587408703787
709_02_043_sort_pos_joh_01,4,1.4245535668498996
709_02_043_sort_pos_joh_01,5,1.0784248072389058
709_02_043_sort_pos_joh_01,6,0.7158556435728964
709_02_043_sort_pos_joh_01,7,0.02571692306858455
709_02_043_sort_pos_joh_02,0,0.08383782302133698
709_02_043_sort_pos_joh_02,1,0.03164937325050234
709_02_043_sort_pos_joh_02,2,-0.01936169005156259
709_02_043_sort_pos_joh_02,3,-0.020340034846578158
709_02_043_sort_pos_joh_02,4,0.5304671043874529
709_02_043_sort_pos_joh_02,5,0.3614401891387023
709_02_043_sort_pos_joh_02,6,-0.27297323502419485
709_02_043_sort_pos_joh_02,7,-0.6427758388611783
709_02_043_sort_pos_joh_03,0,-0.35109375455036873
709_02_043_sort_pos_joh_03,1,-0.14752812332402324
709_02_043_sort_pos_joh_03,2,-0.6471840347380883
709_02_043_sort_pos_joh_03,3,-0.7463160613397888
709_02_043_sort_pos_joh_03,4,0.6184497481707905
709_02_043_sort_pos_joh_03,5,0.6864064729836443
709_02_043_sort_pos_joh_03,6,0.3267624903836452
709_02_043_sort_pos_joh_03,7,0.3367786140192399
709_02_043_sort_pos_joh_04,0,0.012509777084013511
709_02_043_sort_pos_joh_04,1,0.30469684338630476
709_02_043_sort_pos_joh_04,2,-0.08770580193070296
709_02_043_sort_pos_joh_04,3,0.012706162331256507
709_02_043_sort_pos_joh_04,4,0.5062886023068873
709_02_043_sort_pos_joh_04,5,0.2922028638826156
709_02_043_sort_pos_joh_04,6,-0.2691209168905224
709_02_043_sort_pos_joh_04,7,-0.7448452997421309
709_02_044_sort_pos_joh_01,0,1.3918893203456364
709_02_044_sort_pos_joh_01,1,1.157012067348086
709_02_044_sort_pos_joh_01,2,0.751588095394187
709_02_044_sort_pos_joh_01,3,0.2754803222247555
709_02_044_sort_pos_joh_01,4,-0.2155169387836763
709_02_044_sort_pos_joh_01,5,-0.8338906823493065
709_02_044_sort_pos_joh_01,6,-1.3255494676471478
709_02_044_sort_pos_joh_01,7,-1.1087287551884923
709_02_044_sort_pos_joh_02,0,1.071031705231347
709_02_044_sort_pos_joh_02,1,0.003564298015316568
709_02_044_sort_pos_joh_02,2,-0.19505017787359263
709_02_044_sort_pos_joh_02,3,-0.11069593204301564
709_02_044_sort_pos_joh_02,4,0.6093978894731972
709_02_044_sort_pos_joh_02,5,-0.05170569685685103
709_02_044_sort_pos_joh_02,6,-1.1772535611134247
709_02_044_sort_pos_joh_02,7,-0.16927295204975634
709_02_044_sort_pos_joh_03,0,-0.27210648249599145
709_02_044_sort_pos_joh_03,1,0.5207556439232954
709_02_044_sort_pos_joh_03,2,0.13919886692583483
709_02_044_sort_pos_joh_03,3,0.13971801052313088
709_02_044_sort_pos_joh_03,4,-0.4126599669667857
709_02_044_sort_pos_joh_03,5,0.20735937360975068
709_02_044_sort_pos_joh_03,6,-0.4156818019013804
709_02_044_sort_pos_joh_03,7,0.14185422880270193
709_02_045_sort_pos_joh_01,0,0.9775034446223791
709_02_045_sort_pos_joh_01,1,-0.005804260782029007
709_02_045_sort_pos_joh_01,2,-0.19673007482398125
709_02_045_sort_pos_joh_01,3,-0.7756335851890963
709_02_045_sort_pos_joh_01,4,-1.385426467726024
709_02_045_sort_pos_joh_01,5,-0.8687226854162478
709_02_045_sort_pos_joh_01,6,1.499008813108503
709_02_045_sort_pos_joh_01,7,0.8009927527480993
709_02_045_sort_pos_joh_02,0,-0.5055107012718834
709_02_045_sort_pos_joh_02,1,-0.05107061807607765
709_02_045_sort_pos_joh_02,2,-0.2842853480957656
709_02_045_sort_pos_joh_02,3,-0.5289733572225385
709_02_045_sort_pos_joh_02,4,0.26149712040956524
709_02_045_sort_pos_joh_02,5,1.1494391759259244
709_02_045_sort_pos_joh_02,6,0.41455653980863166
709_02_045_sort_pos_joh_02,7,-0.29912608383071737
709_02_045_sort_pos_joh_03,0,-0.0867175173116307
709_02_045_sort_pos_joh_03,1,-0.08312003470029468
709_02_045_sort_pos_joh_03,2,-0.48566608566754393
709_02_045_sort_pos_joh_03,3,-0.7872958216222169
709_02_045_sort_pos_joh_03,4,-0.22087899145994042
709_02_045_sort_pos_joh_03,5,0.8037734208652643
709_02_045_sort_pos_joh_03,6,0.7936470626316506
709_02_045_sort_pos_joh_03,7,0.18913581819310987
709_02_045_sort_pos_joh_04,0,0.4768167992947464
709_02_045_sort_pos_joh_04,1,-0.20121513740629582
709_02_045_sort_pos_joh_04,2,0.17938682746310267
709_02_045_sort_pos_joh_04,3,-0.6499129906963077
709_02_045_sort_pos_joh_04,4,-0.10277830647412944
709_02_045_sort_pos_joh_04,5,0.3640765360991164
709_02_045_sort_pos_joh_04,6,0.5499427432110683
709_02_045_sort_pos_joh_04,7,-0.5677749739576693
709_02_045_sort_pos_joh_05,0,1.1782778178144204
709_02_045_sort_pos_joh_05,1,0.06716043893022415
709_02_045_sort_pos_joh_05,2,-0.5665739751651414
709_02_045_sort_pos_joh_05,3,-0.7890818024541056
709_02_045_sort_pos_joh_05,4,-0.4923437671729506
709_02_045_sort_pos_joh_05,5,-0.15604790373468325
709_02_045_sort_pos_joh_05,6,0.6866493078700339
709_02_045_sort_pos_joh_05,7,0.2328451577118996
709_02_045_sort_pos_joh_06,0,-1.20338617985763
709_02_045_sort_pos_joh_06,1,-0.8939981748151894
709_02_045_sort_pos_joh_06,2,-0.035114749361031115
709_02_045_sort_pos_joh_06,3,0.10385037861465067
709_02_045_sort_pos_joh_06,4,0.5211287132634007
709_02_045_sort_pos_joh_06,5,0.8547882681842414
709_02_045_sort_pos_joh_06,6,0.7044287978720614
709_02_045_sort_pos_joh_06,7,-0.03459607045552294
709_02_069_sort_pos_joh_01,0,-0.09365858115817124
709_02_069_sort_pos_joh_01,1,0.15271151111763206
709_02_069_sort_pos_joh_01,2,0.23004890337035344
709_02_069_sort_pos_joh_01,3,0.3400464301138687
709_02_069_sort_pos_joh_01,4,0.06822403076417642
709_02_069_sort_pos_joh_01,5,0.4288596676381065
709_02_069_sort_pos_joh_01,6,-0.39649373372623986
709_02_069_sort_pos_joh_01,7,-0.6503749882660184
709_02_069_sort_pos_joh_02,0,-0.6747406517160676
709_02_069_sort_pos_joh_02,1,-0.379821648789222
709_02_069_sort_pos_joh_02,2,-0.11852177018919123
709_02_069_sort_pos_joh_02,3,-0.44655669921712904
709_02_069_sort_pos_joh_02,4,0.23783368770418697
709_02_069_sort_pos_joh_02,5,0.40156918572671624
709_02_069_sort_pos_joh_02,6,1.3074797037199393
709_02_069_sort_pos_joh_02,7,-0.23020589855018514
709_02_069_sort_pos_joh_03,0,-0.7036373896089941
709_02_069_sort_pos_joh_03,1,0.023488420009956348
709_02_069_sort_pos_joh_03,2,-0.2528597498562104
709_02_069_sort_pos_joh_03,3,0.023772895408597405
709_02_069_sort_pos_joh_03,4,0.4374255263495309
709_02_069_sort_pos_joh_03,5,0.7029992989458702
709_02_069_sort_pos_joh_03,6,0.2867803154704818
709_02_069_sort_pos_joh_03,7,-0.538312591455431
709_02_069_sort_pos_joh_04,0,-0.415373580367849
709_02_069_sort_pos_joh_04,1,-0.9197090092274489
709_02_069_sort_pos_joh_04,2,-0.28618932916858375
709_02_069_sort_pos_joh_04,3,0.056077215409204656
709_02_069_sort_pos_joh_04,4,0.24486235775445575
709_02_069_sort_pos_joh_04,5,0.4552767983716442
709_02_069_sort_pos_joh_04,6,0.7858489075786959
709_02_069_sort_pos_joh_04,7,-0.008424507154421064
709_02_069_sort_pos_joh_05,0,0.3855610722160962
709_02_069_sort_pos_joh_05,1,-0.32930872021036833
709_02_069_sort_pos_joh_05,2,-0.47591567162232284
709_02_069_sort_pos_joh_05,3,-0.04297906054508
709_02_069_sort_pos_joh_05,4,0.16698820623837404
709_02_069_sort_pos_joh_05,5,0.5447572333689181
709_02_069_sort_pos_joh_05,6,0.10637084157751671
709_02_069_sort_pos_joh_05,7,-0.33454380171343645
709_02_069_sort_pos_joh_06,0,-0.07505866250408004
709_02_069_sort_pos_joh_06,1,0.37662178857735484
709_02_069_sort_pos_joh_06,2,0.07738232325341368
709_02_069_sort_pos_joh_06,3,0.39043440472151514
709_02_069_sort_pos_joh_06,4,0.22306528248203608
709_02_069_sort_pos_joh_06,5,-0.07259540086406291
709_02_069_sort_pos_joh_06,6,-0.21538744758532133
709_02_069_sort_pos_joh_06,7,-0.6465790872963897
709_02_070_sort_pos_joh_01,0,-0.3473080006304951
709_02_070_sort_pos_joh_01,1,-0.21226112837853914
709_02_070_sort_pos_joh_01,2,-0.9449111825230678
709_02_070_sort_pos_joh_01,3,-0.6460936014826801
709_02_070_sort_pos_joh_01,4,-0.21852612539845825
709_02_070_sort_pos_joh_01,5,0.2068967842505667
709_02_070_sort_pos_joh_01,6,1.0829397138150643
709_02_070_sort_pos_joh_01,7,1.3274907444717972
709_02_070_sort_pos_joh_02,0,-0.7005289007176942
709_02_070_sort_pos_joh_02,1,-0.6888346995057982
709_02_070_sort_pos_joh_02,2,0.03675521271824423
709_02_070_sort_pos_joh_02,3,-0.3672357432005063
709_02_070_sort_pos_joh_02,4,-0.2631174057921087
709_02_070_sort_pos_joh_02,5,0.2623248648741176
709_02_070_sort_pos_joh_02,6,0.6922297444923267
709_02_070_sort_pos_joh_02,7,1.1636022197409917
709_02_070_sort_pos_joh_03,0,0.053116067384738244
709_02_070_sort_pos_joh_03,1,-0.22132669799727459
709_02_070_sort_pos_joh_03,2,-0.2314061277153939
709_02_070_sort_pos_joh_03,3,-0.49676181462496044
709_02_070_sort_pos_joh_03,4,0.3852758751855609
709_02_070_sort_pos_joh_03,5,0.05574706096853738
709_02_070_sort_pos_joh_03,6,0.3514904220164981
709_02_070_sort_pos_joh_03,7,0.18864844365675976
709_02_070_sort_pos_joh_04,0,3.7594259046468945
709_02_070_sort_pos_joh_04,1,0.007883062830673302
709_02_070_sort_pos_joh_04,2,-0.055215763037423225
709_02_070_sort_pos_joh_04,3,-0.242855440930691
709_02_070_sort_pos_joh_04,4,-0.18058249016423059
709_02_070_sort_pos_joh_04,5,-0.242855440930691
709_02_070_sort_pos_joh_04,6,-0.11768416617942404
709_02_070_sort_pos_joh_04,7,-0.242855440930691
709_02_081_sort_pos_joh_01,0,0.22024450379221194
709_02_081_sort_pos_joh_01,1,-0.08609545048601852
709_02_081_sort_pos_joh_01,2,0.17012258461856933
709_02_081_sort_pos_joh_01,3,-0.15717365336548328
709_02_081_sort_pos_joh_01,4,-0.23564690110054912
709_02_081_sort_pos_joh_01,5,-0.5778916556045874
709_02_081_sort_pos_joh_01,6,-0.08499098342934402
709_02_081_sort_pos_joh_01,7,0.7761805818497577
709_02_081_sort_pos_joh_02,0,-0.21428571428571408
709_02_081_sort_pos_joh_02,1,-0.5389118405431306
709_02_081_sort_pos_joh_02,2,-0.052225195919273715
709_02_081_sort_pos_joh_02,3,-0.47769731647386143
709_02_081_sort_pos_joh_02,4,0.5899996370630036
709_02_081_sort_pos_joh_02,5,0.03026445620161902
709_02_081_sort_pos_joh_02,6,0.43960019080887275
709_02_081_sort_pos_joh_02,7,0.27363615641387695
709_02_081_sort_pos_joh_03,0,0.21280138894688752
709_02_081_sort_pos_joh_03,1,-0.2558381072143492
709_02_081_sort_pos_joh_03,2,-0.26613876218551125
709_02_081_sort_pos_joh_03,3,-0.41602514716892164
709_02_081_sort_pos_joh_03,4,0.37984809113924245
709_02_081_sort_pos_joh_03,5,-0.2558381072143492
709_02_081_sort_pos_joh_03,6,0.4136303269749028
709_02_081_sort_pos_joh_03,7,0.24095937488607783
709_02_086_sort_pos_joh_01,0,-1.5850072874630108
709_02_086_sort_pos_joh_01,1,-0.28303687900051827
709_02_086_sort_pos_joh_01,2,0.3319460527091398
709_02_086_sort_pos_joh_01,3,0.28922697766045063
709_02_086_sort_pos_joh_01,4,0.17248085699314558
709_02_086_sort_pos_joh_01,5,0.571440791984496
709_02_086_sort_pos_joh_01,6,0.6187767052837404
709_02_086_sort_pos_joh_01,7,-0.239457424098538
709_02_086_sort_pos_joh_02,0,-1.4232272857238202
709_02_086_sort_pos_joh_02,1,-0.7398213886223213
709_02_086_sort_pos_joh_02,2,0.1267451992253103
709_02_086_sort_pos_joh_02,3,0.657150252677363
709_02_086_sort_pos_joh_02,4,0.5017351190630918
709_02_086_sort_pos_joh_02,5,0.206801286037333
709_02_086_sort_pos_joh_02,6,0.5590632326130008
709_02_086_sort_pos_joh_02,7,0.051057965761624205
709_02_086_sort_pos_joh_03,0,0.6503614123159434
709_02_086_sort_pos_joh_03,1,0.8124406199570374
709_02_086_sort_pos_joh_03,2,-0.11221204684539732
709_02_086_sort_pos_joh_03,3,-0.2114890313948461
709_02_086_sort_pos_joh_03,4,-0.14567913668701626
709_02_086_sort_pos_joh_03,5,-0.17804200129732242
709_02_086_sort_pos_joh_03,6,-0.17864328897376475
709_02_086_sort_pos_joh_03,7,-0.245043321096706
709_02_086_sort_pos_joh_04,0,-0.8728153666516617
709_02_086_sort_pos_joh_04,1,-0.369585810961921
709_02_086_sort_pos_joh_04,2,0.0984899076406885
709_02_086_sort_pos_joh_04,3,0.8770691086037125
709_02_086_sort_pos_joh_04,4,-0.1868875758024807
709_02_086_sort_pos_joh_04,5,0.2275916193656511
709_02_086_sort_pos_joh_04,6,0.5580966831222229
709_02_086_sort_pos_joh_04,7,-0.21452952330510228
709_02_086_sort_pos_joh_06,0,0.5858888910111285
709_02_086_sort_pos_joh_06,1,0.5858888910111285
709_02_086_sort_pos_joh_06,2,-0.16880492411145553
709_02_086_sort_pos_joh_06,3,0.16474721685739072
709_02_086_sort_pos_joh_06,4,0.0
709_02_086_sort_pos_joh_06,5,-0.33118415984044314
709_02_086_sort_pos_joh_06,6,-0.338363947550251
709_02_086_sort_pos_joh_06,7,-0.338363947550251
709_02_089_sort_pos_joh_02,0,-0.3494816226644152
709_02_089_sort_pos_joh_02,1,-0.3494816226644152
709_02_089_sort_pos_joh_02,2,-0.3494816226644152
709_02_089_sort_pos_joh_02,3,3.8399741062557666e-17
709_02_089_sort_pos_joh_02,4,0.423999152002544
709_02_089_sort_pos_joh_02,5,0.8972354465472712
709_02_089_sort_pos_joh_02,6,0.3754586035711457
709_02_089_sort_pos_joh_02,7,-0.3494816226644151
709_02_091_sort_pos_joh_01,0,-0.1873171623163385
709_02_091_sort_pos_joh_01,1,0.08079388503202195
709_02_091_sort_pos_joh_01,2,-0.08323304526978517
709_02_091_sort_pos_joh_01,3,0.026870460745023278
709_02_091_sort_pos_joh_01,4,0.2591470979281793
709_02_091_sort_pos_joh_01,5,-0.19425717247145288
709_02_091_sort_pos_joh_01,6,0.19026059766179845
709_02_091_sort_pos_joh_01,7,-0.08423178786838637
709_02_091_sort_pos_joh_02,0,-0.3310826723763587
709_02_091_sort_pos_joh_02,1,0.20562366341582544
709_02_091_sort_pos_joh_02,2,0.8033561721575659
709_02_091_sort_pos_joh_02,3,0.5575553275664102
709_02_091_sort_pos_joh_02,4,0.2110937780667532
709_02_091_sort_pos_joh_02,5,-0.07035975447302939
709_02_091_sort_pos_joh_02,6,-0.6219440111360469
709_02_091_sort_pos_joh_02,7,-0.7098357725285485
709_02_091_sort_pos_joh_03,0,-0.13266892260349364
709_02_091_sort_pos_joh_03,1,0.7483924624757169
709_02_091_sort_pos_joh_03,2,-0.014359163172354738
709_02_091_sort_pos_joh_03,3,0.3427114741722364
709_02_091_sort_pos_joh_03,4,0.2324533977651539
709_02_091_sort_pos_joh_03,5,-0.1286239388568818
709_02_091_sort_pos_joh_03,6,-0.38142387356084634
709_02_091_sort_pos_joh_03,7,-0.6000928234396637
709_02_093_sort_pos_joh_02,0,-0.48772089814912845
709_02_093_sort_pos_joh_02,1,0.13365448996077106
709_02_093_sort_pos_joh_02,2,0.1856953381770519
709_02_093_sort_pos_joh_02,3,0.2845647181259029
709_02_093_sort_pos_joh_02,4,0.07621544376630925
709_02_093_sort_pos_joh_02,5,0.024755584754937766
709_02_093_sort_pos_joh_02,6,-0.12395847590718333
709_02_093_sort_pos_joh_02,7,-0.07293249574894747
709_02_093_sort_pos_joh_03,0,-0.3071818555036127
709_02_093_sort_pos_joh_03,1,0.3527215566762221
709_02_093_sort_pos_joh_03,2,0.3575992699260759
709_02_093_sort_pos_joh_03,3,0.16012815380508721
709_02_093_sort_pos_joh_03,4,0.06995687322150582
709_02_093_sort_pos_joh_03,5,0.2567529787032754
709_02_093_sort_pos_joh_03,6,-0.315947463613388
709_02_093_sort_pos_joh_03,7,-0.6317483696490859
709_02_095_sort_pos_joh_01,0,1.1620550775702057
709_02_095_sort_pos_joh_01,1,0.5220414181331184
709_02_095_sort_pos_joh_01,2,-0.29202195143109216
709_02_095_sort_pos_joh_01,3,-0.44395886566370274
709_02_095_sort_pos_joh_01,4,0.031095179446133894
709_02_095_sort_pos_joh_01,5,-0.5452628726941677
709_02_095_sort_pos_joh_01,6,-0.2090199042874851
709_02_095_sort_pos_joh_01,7,-0.04913307930941869
709_02_095_sort_pos_joh_02,0,0.26310068027921696
709_02_095_sort_pos_joh_02,1,0.25602173526365063
709_02_095_sort_pos_joh_02,2,-0.11918282365569902
709_02_095_sort_pos_joh_02,3,-0.2974586952715791
709_02_095_sort_pos_joh_02,4,-0.4743416490252567
709_02_095_sort_pos_joh_02,5,-0.29010919774034366
709_02_095_sort_pos_joh_02,6,-0.2974586952715791
709_02_095_sort_pos_joh_02,7,1.1087778397282033
709_02_095_sort_pos_joh_03,0,0.2080125735844608
709_02_095_sort_pos_joh_03,1,0.40339214819481223
709_02_095_sort_pos_joh_03,2,0.02255320374099227
709_02_095_sort_pos_joh_03,3,-0.15811388300841886
709_02_095_sort_pos_joh_03,4,-0.15811388300841886
709_02_095_sort_pos_joh_03,5,-0.16666666666666663
709_02_095_sort_pos_joh_03,6,0.2198393859357141
709_02_095_sort_pos_joh_03,7,-0.3312945782245395
709_02_096_sort_pos_joh_01,0,-0.25553039803933925
709_02_096_sort_pos_joh_01,1,0.05886503548341839
709_02_096_sort_pos_joh_01,2,-0.567139417442423
709_02_096_sort_pos_joh_01,3,-0.09827881281483673
709_02_096_sort_pos_joh_01,4,0.5412746144356356
709_02_096_sort_pos_joh_01,5,0.057266787926272655
709_02_096_sort_pos_joh_01,6,0.08207080520026831
709_02_096_sort_pos_joh_01,7,0.209297180426573
709_02_096_sort_pos_joh_02,0,-0.04016896584097114
709_02_096_sort_pos_joh_02,1,-0.43618529678960855
709_02_096_sort_pos_joh_02,2,-0.6090753997901738
709_02_096_sort_pos_joh_02,3,-0.0720015865437879
709_02_096_sort_pos_joh_02,4,0.46262358020519473
709_02_096_sort_pos_joh_02,5,0.4846857574105823
709_02_096_sort_pos_joh_02,6,0.21771862364433664
709_02_096_sort_pos_joh_02,7,0.029774566708770576
709_02_096_sort_pos_joh_03,0,-0.2942134966635999
709_02_096_sort_pos_joh_03,1,0.3201043473133104
709_02_096_sort_pos_joh_03,2,0.03481553119113951
709_02_096_sort_pos_joh_03,3,-0.1648451183489465
709_02_096_sort_pos_joh_03,4,0.7330166661378311
709_02_096_sort_pos_joh_03,5,0.2250175801852053
709_02_096_sort_pos_joh_03,6,-0.1632231631409787
709_02_096_sort_pos_joh_03,7,-0.6261137761646326
709_02_096_sort_pos_joh_04,0,-0.578612991239026
709_02_096_sort_pos_joh_04,1,-0.578612991239026
709_02_096_sort_pos_joh_04,2,-0.41602514716892175
709_02_096_sort_pos_joh_04,3,0.06188527477552764
709_02_096_sort_pos_joh_04,4,0.7715167498104595
709_02_096_sort_pos_joh_04,5,-0.41602514716892175
709_02_096_sort_pos_joh_04,6,0.22106366454098877
709_02_096_sort_pos_joh_04,7,1.2354790369343485
709_03_003_sort_pos_joh_01,0,-0.5027029743037449
709_03_003_sort_pos_joh_01,1,-1.125002486728056
709_03_003_sort_pos_joh_01,2,-0.6957687465909538
709_03_003_sort_pos_joh_01,3,0.2976779433466716
709_03_003_sort_pos_joh_01,4,0.6674949272254483
709_03_003_sort_pos_joh_01,5,0.6946311906888447
709_03_003_sort_pos_joh_01,6,-0.04656990824318178
709_03_003_sort_pos_joh_01,7,-0.10206207261596588
709_03_003_sort_pos_joh_01,8,0.06767036843105535
709_03_003_sort_pos_joh_01,9,0.6702010408944067
709_03_005_sort_pos_joh_01,0,0.26760076511760084
709_03_005_sort_pos_joh_01,1,-0.03902671194960384
709_03_005_sort_pos_joh_01,2,-0.13759919844488172
709_03_005_sort_pos_joh_01,3,-0.03943423386679305
709_03_005_sort_pos_joh_01,4,-0.14056338255793752
709_03_005_sort_pos_joh_01,5,-0.03843844537121806
709_03_005_sort_pos_joh_01,6,0.34511838512583043
709_03_005_sort_pos_joh_01,7,0.14950659559098842
709_03_005_sort_pos_joh_01,8,-0.22179478920057125
709_03_005_sort_pos_joh_01,9,-0.13219317555508686
709_03_005_sort_pos_joh_02,0,
709_03_005_sort_pos_joh_02,1,
709_03_005_sort_pos_joh_02,2,
709_03_005_sort_pos_joh_02,3,
709_03_005_sort_pos_joh_02,4,
709_03_005_sort_pos_joh_02,5,
709_03_005_sort_pos_joh_02,6,
709_03_005_sort_pos_joh_02,7,
709_03_005_sort_pos_joh_02,8,
709_03_005_sort_pos_joh_02,9,
709_03_005_sort_pos_joh_03,0,
709_03_005_sort_pos_joh_03,1,
709_03_005_sort_pos_joh_03,2,
709_03_005_sort_pos_joh_03,3,
709_03_005_sort_pos_joh_03,4,
709_03_005_sort_pos_joh_03,5,
709_03_005_sort_pos_joh_03,6,
709_03_005_sort_pos_joh_03,7,
709_03_005_sort_pos_joh_03,8,
709_03_005_sort_pos_joh_03,9,
709_03_007_sort_pos_joh_01,0,1.2989588006891974
709_03_007_sort_pos_joh_01,1,0.5486974426862689
709_03_007_sort_pos_joh_01,2,-0.05624754936388521
709_03_007_sort_pos_joh_01,3,-0.5305471148967369
709_03_007_sort_pos_joh_01,4,0.2478635738856361
709_03_007_sort_pos_joh_01,5,-0.013112569439434353
709_03_007_sort_pos_joh_01,6,-0.013167016328743035
709_03_007_sort_pos_joh_01,7,-0.31935023884181235
709_03_007_sort_pos_joh_01,8,-0.4028692901195946
709_03_007_sort_pos_joh_01,9,-0.3576656014534342
709_03_007_sort_pos_joh_02,0,0.6000000000000001
709_03_007_sort_pos_joh_02,1,0.6000000000000001
709_03_007_sort_pos_joh_02,2,0.1543408522958486
709_03_007_sort_pos_joh_02,3,0.15855944626219515
709_03_007_sort_pos_joh_02,4,0.38127710841381784
709_03_007_sort_pos_joh_02,5,0.3713242240809412
709_03_007_sort_pos_joh_02,6,-0.2849753608139193
709_03_007_sort_pos_joh_02,7,-0.7206339602884604
709_03_007_sort_pos_joh_02,8,-0.7206339602884604
709_03_007_sort_pos_joh_02,9,-0.5097285382546264
709_03_007_sort_pos_joh_03,0,0.355584349647706
709_03_007_sort_pos_joh_03,1,0.14508098020291138
709_03_007_sort_pos_joh_03,2,0.11312532201592948
709_03_007_sort_pos_joh_03,3,0.18789879821008224
709_03_007_sort_pos_joh_03,4,0.1512353639606443
709_03_007_sort_pos_joh_03,5,-0.031097305436348536
709_03_007_sort_pos_joh_03,6,-0.08366914088447082
709_03_007_sort_pos_joh_03,7,-0.2741327486447335
709_03_007_sort_pos_joh_03,8,-0.257695784615104
709_03_007_sort_pos_joh_03,9,-0.23092105822784206
709_03_008_sort_pos_joh_01,0,-1.06190127836771
709_03_008_sort_pos_joh_01,1,0.024318019154289546
709_03_008_sort_pos_joh_01,2,0.440999938915553
709_03_008_sort_pos_joh_01,3,-0.15481402284650095
709_03_008_sort_pos_joh_01,4,-0.7671952740916677
709_03_008_sort_pos_joh_01,5,-0.27728458491975233
709_03_008_sort_pos_joh_01,6,-0.03677937402589817
709_03_008_sort_pos_joh_01,7,0.7828682220279624
709_03_008_sort_pos_joh_01,8,0.9156571124598186
709_03_008_sort_pos_joh_01,9,0.14387000025312113
709_03_008_sort_pos_joh_05,0,-0.4285973077072616
709_03_008_sort_pos_joh_05,1,-0.09950371902099892
709_03_008_sort_pos_joh_05,2,-0.09950371902099892
709_03_008_sort_pos_joh_05,3,-0.09950371902099892
709_03_008_sort_pos_joh_05,4,-0.42859730770726173
709_03_008_sort_pos_joh_05,5,-0.754605522163505
709_03_008_sort_pos_joh_05,6,-0.754605522163505
709_03_008_sort_pos_joh_05,7,0.5727445524498276
709_03_008_sort_pos_joh_05,8,1.3629125170649508
709_03_008_sort_pos_joh_05,9,0.9819805060619653
709_03_025_sort_pos_joh_01,0,0.11947795284959478
709_03_025_sort_pos_joh_01,1,0.11999149120978866
709_03_025_sort_pos_joh_01,2,0.30402545157911376
709_03_025_sort_pos_joh_01,3,0.5508117607973658
709_03_025_sort_pos_joh_01,4,0.29554560740019553
709_03_025_sort_pos_joh_01,5,-0.2433030907844785
709_03_025_sort_pos_joh_01,6,-0.43910899269582304
709_03_025_sort_pos_joh_01,7,-0.31832750166608337
709_03_025_sort_pos_joh_01,8,-0.18636862897683493
709_03_025_sort_pos_joh_01,9,-0.186005952285711
709_03_025_sort_pos_joh_02,0,0.09134147903669097
709_03_025_sort_pos_joh_02,1,0.5014673545854362
709_03_025_sort_pos_joh_02,2,0.3646984043128984
709_03_025_sort_pos_joh_02,3,0.49180564404999916
709_03_025_sort_pos_joh_02,4,-0.17193300597817537
709_03_025_sort_pos_joh_02,5,-0.43046326410715785
709_03_025_sort_pos_joh_02,6,-0.6951454878432863
709_03_025_sort_pos_joh_02,7,-0.43859872255589516
709_03_025_sort_pos_joh_02,8,0.10346836436887043
709_03_025_sort_pos_joh_02,9,0.23351295871277136
709_03_025_sort_pos_joh_03,0,0.5530528012535241
709_03_025_sort_pos_joh_03,1,0.7071067811865474
709_03_025_sort_pos_joh_03,2,0.5349990505998267
709_03_025_sort_pos_joh_03,3,0.1102635692839942
709_03_025_sort_pos_joh_03,4,-0.291883997955746
709_03_025_sort_pos_joh_03,5,-0.2946986587679592
709_03_025_sort_pos_joh_03,6,-0.5691809397272191
709_03_025_sort_pos_joh_03,7,-0.29469865876795903
709_03_025_sort_pos_joh_03,8,-0.15911145683514583
709_03_025_sort_pos_joh_03,9,-0.16552117772047345
709_03_029_sort_pos_joh_01,0,-0.2573251177328325
709_03_029_sort_pos_joh_01,1,0.4166763662996963
709_03_029_sort_pos_joh_01,2,0.3056085250687119
709_03_029_sort_pos_joh_01,3,1.2723340266322913
709_03_029_sort_pos_joh_01,4,0.9523841073915116
709_03_029_sort_pos_joh_01,5,0.4684874806016909
709_03_029_sort_pos_joh_01,6,-0.618693346459813
709_03_029_sort_pos_joh_01,7,-0.8226095509177472
709_03_029_sort_pos_joh_01,8,-0.8839163543643193
709_03_029_sort_pos_joh_01,9,-0.6798875763558488
709_03_029_sort_pos_joh_02,0,-0.4902903378454601
709_03_029_sort_pos_joh_02,1,0.16484511834894683
709_03_029_sort_pos_joh_02,2,-0.1640446787311968
709_03_029_sort_pos_joh_02,3,0.16484511834894683
709_03_029_sort_pos_joh_02,4,0.16484511834894683
709_03_029_sort_pos_joh_02,5,0.4975185951049944
709_03_029_sort_pos_joh_02,6,-0.1640446787311968
709_03_029_sort_pos_joh_02,7,-0.16404467873119677
709_03_029_sort_pos_joh_02,8,0.17546560158589922
709_03_029_sort_pos_joh_02,9,-0.17450120318994414
709_03_029_sort_pos_joh_03,0,-0.227921152919276
709_03_029_sort_pos_joh_03,1,-0.227921152919276
709_03_029_sort_pos_joh_03,2,0.1547646465068273
709_03_029_sort_pos_joh_03,3,0.1547646465068273
709_03_029_sort_pos_joh_03,4,-0.227921152919276
709_03_029_sort_pos_joh_03,5,0.1547646465068273
709_03_029_sort_pos_joh_03,6,-0.227921152919276
709_03_029_sort_pos_joh_03,7,0.6064073145538942
709_03_029_sort_pos_joh_03,8,-0.227921152919276
709_03_029_sort_pos_joh_03,9,0.1547646465068273
709_03_032_sort_pos_joh_01,0,0.24289693225216996
709_03_032_sort_pos_joh_01,1,-0.3172244109064306
709_03_032_sort_pos_joh_01,2,-0.48981427203727856
709_03_032_sort_pos_joh_01,3,-0.7225195798081779
709_03_032_sort_pos_joh_01,4,-0.38352466172562083
709_03_032_sort_pos_joh_01,5,0.3512356322184378
709_03_032_sort_pos_joh_01,6,1.0011800879855273
709_03_032_sort_pos_joh_01,7,0.4300447937019624
709_03_032_sort_pos_joh_01,8,-0.06130448188904607
709_03_032_sort_pos_joh_01,9,0.05093502807270615
709_03_032_sort_pos_joh_03,0,-0.1150602819849608
709_03_032_sort_pos_joh_03,1,-0.467345217528296
709_03_032_sort_pos_joh_03,2,-0.25281372647256084
709_03_032_sort_pos_joh_03,3,0.33953811439375153
709_03_032_sort_pos_joh_03,4,0.5544043353373619
709_03_032_sort_pos_joh_03,5,0.6191720949215849
709_03_032_sort_pos_joh_03,6,0.17289468922947054
709_03_032_sort_pos_joh_03,7,-0.39157009624436406
709_03_032_sort_pos_joh_03,8,-0.31938284104122106
709_03_032_sort_pos_joh_03,9,-0.041594516540385
709_03_038_sort_pos_joh_01,0,1.2126781251816645
709_03_038_sort_pos_joh_01,1,-0.057808297196013034
709_03_038_sort_pos_joh_01,2,0.16961338288818983
709_03_038_sort_pos_joh_01,3,-0.05659571496106279
709_03_038_sort_pos_joh_01,4,-0.2854022611528942
709_03_038_sort_pos_joh_01,5,0.28968110916207607
709_03_038_sort_pos_joh_01,6,0.28760341201827305
709_03_038_sort_pos_joh_01,7,-0.17170070493586118
709_03_038_sort_pos_joh_01,8,-0.6414457622755336
709_03_038_sort_pos_joh_01,9,-0.40425300361097516
709_03_044_sort_pos_joh_01,0,-0.5109152110766336
709_03_044_sort_pos_joh_01,1,-0.3954684328005118
709_03_044_sort_pos_joh_01,2,-0.5372058795820108
709_03_044_sort_pos_joh_01,3,-0.5910359555912386
709_03_044_sort_pos_joh_01,4,-0.45696152989406313
709_03_044_sort_pos_joh_01,5,-0.35949570058200275
709_03_044_sort_pos_joh_01,6,-0.41249327059127766
709_03_044_sort_pos_joh_01,7,-0.15908148270999117
709_03_044_sort_pos_joh_01,8,0.5594933590808021
709_03_044_sort_pos_joh_01,9,7.526706333468984
709_03_044_sort_pos_joh_02,0,1.0605348796912877
709_03_044_sort_pos_joh_02,1,0.12726649460038747
709_03_044_sort_pos_joh_02,2,-0.3468452112396207
709_03_044_sort_pos_joh_02,3,-0.3524760791600789
709_03_044_sort_pos_joh_02,4,-0.9748355758604135
709_03_044_sort_pos_joh_02,5,-0.6797818824855385
709_03_044_sort_pos_joh_02,6,0.17489447554508636
709_03_044_sort_pos_joh_02,7,0.7612395235320627
709_03_044_sort_pos_joh_02,8,0.177703980141235
709_03_044_sort_pos_joh_02,9,0.12518123831469735
709_03_044_sort_pos_joh_03,0,1.7965456580938315
709_03_044_sort_pos_joh_03,1,0.014661558817695798
709_03_044_sort_pos_joh_03,2,-0.34291838375123784
709_03_044_sort_pos_joh_03,3,-0.42166487700417055
709_03_044_sort_pos_joh_03,4,-0.8171273238421272
709_03_044_sort_pos_joh_03,5,-0.7252298800866018
709_03_044_sort_pos_joh_03,6,0.08897681066002638
709_03_044_sort_pos_joh_03,7,0.6020953993837059
709_03_044_sort_pos_joh_03,8,-0.12874232262686233
709_03_044_sort_pos_joh_03,9,0.16921074547524334
709_03_044_sort_pos_joh_04,0,0.43502613177701177
709_03_044_sort_pos_joh_04,1,0.3705128726513092
709_03_044_sort_pos_joh_04,2,-0.6007000870375234
709_03_044_sort_pos_joh_04,3,-0.1885660842398188
709_03_044_sort_pos_joh_04,4,-0.1876491846059278
709_03_044_sort_pos_joh_04,5,0.07831103281945398
709_03_044_sort_pos_joh_04,6,0.4761117605148927
709_03_044_sort_pos_joh_04,7,0.21251788460468274
709_03_044_sort_pos_joh_04,8,-0.18719572220639016
709_03_044_sort_pos_joh_04,9,-0.386494929297917
709_03_044_sort_pos_joh_05,0,0.06929589286752416
709_03_044_sort_pos_joh_05,1,-0.48756642789572957
709_03_044_sort_pos_joh_05,2,-0.8369734152822392
709_03_044_sort_pos_joh_05,3,0.18675487730226895
709_03_044_sort_pos_joh_05,4,0.3023051450157406
709_03_044_sort_pos_joh_05,5,0.6901494018260298
709_03_044_sort_pos_joh_05,6,0.5511848491890832
709_03_044_sort_pos_joh_05,7,0.06604581866838291
709_03_044_sort_pos_joh_05,8,-0.2654893246399887
709_03_044_sort_pos_joh_05,9,-0.15325507507013028
709_03_045_sort_pos_joh_01,0,-0.7674342657909572
709_03_045_sort_pos_joh_01,1,-0.2670839280322146
709_03_045_sort_pos_joh_01,2,-0.750632860985839
709_03_045_sort_pos_joh_01,3,-0.4619849857319421
709_03_045_sort_pos_joh_01,4,0.014619195618433391
709_03_045_sort_pos_joh_01,5,0.08793864023620435
709_03_045_sort_pos_joh_01,6,-0.059144165872884805
709_03_045_sort_pos_joh_01,7,0.27570322956078014
709_03_045_sort_pos_joh_01,8,1.0868867769986028
709_03_045_sort_pos_joh_01,9,0.8618955336536641
709_03_045_sort_pos_joh_02,0,-0.7232578132042436
709_03_045_sort_pos_joh_02,1,-0.4841233651350409
709_03_045_sort_pos_joh_02,2,-0.3282123541250269
709_03_045_sort_pos_joh_02,3,-0.28838643051759166
709_03_045_sort_pos_joh_02,4,-0.2263961795736033
709_03_045_sort_pos_joh_02,5,-0.32971261310392597
709_03_045_sort_pos_joh_02,6,-0.010758909712904509
709_03_045_sort_pos_joh_02,7,0.6336763666778245
709_03_045_sort_pos_joh_02,8,0.9845831553097691
709_03_045_sort_pos_joh_02,9,0.8063389809307024
709_03_045_sort_pos_joh_03,0,-0.6793875516709781
709_03_045_sort_pos_joh_03,1,-0.4249546152589936
709_03_045_sort_pos_joh_03,2,-0.2327341676330954
709_03_045_sort_pos_joh_03,3,-0.1697658303322279
709_03_045_sort_pos_joh_03,4,-0.37115593548867326
709_03_045_sort_pos_joh_03,5,-0.0651576421052704
709_03_045_sort_pos_joh_03,6,-0.22570313563437558
709_03_045_sort_pos_joh_03,7,0.6760422835757047
709_03_045_sort_pos_joh_03,8,0.5910541245655421
709_03_045_sort_pos_joh_03,9,0.9512974978738568
709_03_045_sort_pos_joh_04,0,0.627851642770804
709_03_045_sort_pos_joh_04,1,-0.41537358036784866
709_03_045_sort_pos_joh_04,2,-0.32736142735782164
709_03_045_sort_pos_joh_04,3,0.2597805902221712
709_03_045_sort_pos_joh_04,4,0.5187217360943241
709_03_045_sort_pos_joh_04,5,0.008522142661027193
709_03_045_sort_pos_joh_04,6,-0.41537358036784844
709_03_045_sort_pos_joh_04,7,-0.1693932185040505
709_03_045_sort_pos_joh_04,8,-0.08006407690254355
709_03_045_sort_pos_joh_04,9,0.008915432552844637
709_03_045_sort_pos_joh_05,0,-0.4084671033841866
709_03_045_sort_pos_joh_05,1,-0.7133238748131658
709_03_045_sort_pos_joh_05,2,-1.0977112461784557
709_03_045_sort_pos_joh_05,3,-0.611574854227433
709_03_045_sort_pos_joh_05,4,-0.185185185185185
709_03_045_sort_pos_joh_05,5,0.562280402099771
709_03_045_sort_pos_joh_05,6,0.6011269722268523
709_03_045_sort_pos_joh_05,7,0.5221038817740903
709_03_045_sort_pos_joh_05,8,0.9086688664485227
709_03_045_sort_pos_joh_05,9,0.4542773651947688
709_03_045_sort_pos_joh_06,0,0.13580361906377791
709_03_045_sort_pos_joh_06,1,0.8103879720281375
709_03_045_sort_pos_joh_06,2,0.5275402144546325
709_03_045_sort_pos_joh_06,3,-0.31526414437773126
709_03_045_sort_pos_joh_06,4,-0.47652848297354244
709_03_045_sort_pos_joh_06,5,-0.850424493981402
709_03_045_sort_pos_joh_06,6,-0.2174575663228809
709_03_045_sort_pos_joh_06,7,0.23903799263813666
709_03_045_sort_pos_joh_06,8,0.13769776380647364
709_03_045_sort_pos_joh_06,9,0.08651763609002744
709_03_045_sort_pos_joh_08,0,-1.0269020161292324
709_03_045_sort_pos_joh_08,1,-0.6543805854230915
709_03_045_sort_pos_joh_08,2,-0.7336702657349071
709_03_045_sort_pos_joh_08,3,-0.48713928962874703
709_03_045_sort_pos_joh_08,4,-0.29358383866466886
709_03_045_sort_pos_joh_08,5,-0.11997845478343594
709_03_045_sort_pos_joh_08,6,0.22685156414692675
709_03_045_sort_pos_joh_08,7,0.7891568975553884
709_03_045_sort_pos_joh_08,8,1.12420863790206
709_03_045_sort_pos_joh_08,9,1.3127011642116209
709_03_046_sort_pos_joh_01,0,2.659744015341855
709_03_046_sort_pos_joh_01,1,-0.23811467168139952
709_03_046_sort_pos_joh_01,2,0.11421355055529694
709_03_046_sort_pos_joh_01,3,0.11189060524868301
709_03_046_sort_pos_joh_01,4,-0.12181745038147825
709_03_046_sort_pos_joh_01,5,-0.5819706724065106
709_03_046_sort_pos_joh_01,6,-0.46311428993587184
709_03_046_sort_pos_joh_01,7,-0.3476644270574087
709_03_046_sort_pos_joh_01,8,-0.03394098973326693
709_03_046_sort_pos_joh_01,9,-0.37383568859516636
709_03_046_sort_pos_joh_02,0,-0.679520045060332
709_03_046_sort_pos_joh_02,1,-0.10439624759758141
709_03_046_sort_pos_joh_02,2,0.6593572171495474
709_03_046_sort_pos_joh_02,3,0.8158675201443804
709_03_046_sort_pos_joh_02,4,-0.09971550440218302
709_03_046_sort_pos_joh_02,5,-0.39620290784653067
709_03_046_sort_pos_joh_02,6,-0.5298163376591974
709_03_046_sort_pos_joh_02,7,0.044856130401625734
709_03_046_sort_pos_joh_02,8,0.5173964776109786
709_03_046_sort_pos_joh_02,9,-0.09971550440218324
709_03_046_sort_pos_joh_04,0,inf
709_03_046_sort_pos_joh_04,1,-0.1373605639486891
709_03_046_sort_pos_joh_04,2,-0.1373605639486891
709_03_046_sort_pos_joh_04,3,-0.1373605639486891
709_03_046_sort_pos_joh_04,4,-0.1373605639486891
709_03_046_sort_pos_joh_04,5,-0.1373605639486891
709_03_046_sort_pos_joh_04,6,-0.1373605639486891
709_03_046_sort_pos_joh_04,7,-0.1373605639486891
709_03_046_sort_pos_joh_04,8,-0.1373605639486891
709_03_046_sort_pos_joh_04,9,-0.1373605639486891
709_03_046_sort_pos_joh_05,0,inf
709_03_046_sort_pos_joh_05,1,-0.1373605639486891
709_03_046_sort_pos_joh_05,2,-0.1373605639486891
709_03_046_sort_pos_joh_05,3,-0.1373605639486891
709_03_046_sort_pos_joh_05,4,-0.1373605639486891
709_03_046_sort_pos_joh_05,5,-0.1373605639486891
709_03_046_sort_pos_joh_05,6,-0.1373605639486891
709_03_046_sort_pos_joh_05,7,-0.1373605639486891
709_03_046_sort_pos_joh_05,8,-0.1373605639486891
709_03_046_sort_pos_joh_05,9,-0.1373605639486891
709_03_047_sort_pos_joh_01,0,-0.22504868567942737
709_03_047_sort_pos_joh_01,1,0.17512105265721226
709_03_047_sort_pos_joh_01,2,1.2159833045376158
709_03_047_sort_pos_joh_01,3,0.5928593854057148
709_03_047_sort_pos_joh_01,4,0.06529422317836699
709_03_047_sort_pos_joh_01,5,-1.0334471425314755
709_03_047_sort_pos_joh_01,6,-0.6364601289048066
709_03_047_sort_pos_joh_01,7,-0.36031263090320725
709_03_047_sort_pos_joh_01,8,0.39992319792865916
709_03_047_sort_pos_joh_01,9,-0.08413836886728193
709_03_047_sort_pos_joh_02,0,-0.1251681855081505
709_03_047_sort_pos_joh_02,1,0.08423736520908942
709_03_047_sort_pos_joh_02,2,0.08449067597001057
709_03_047_sort_pos_joh_02,3,-0.1255375047828992
709_03_047_sort_pos_joh_02,4,-0.12425896146929684
709_03_047_sort_pos_joh_02,5,-0.18290146511938468
709_03_047_sort_pos_joh_02,6,-0.07568120408826876
709_03_047_sort_pos_joh_02,7,-0.33423669580980453
709_03_047_sort_pos_joh_02,8,0.49885467746913975
709_03_047_sort_pos_joh_02,9,0.3956425006960834
709_03_072_sort_pos_joh_01,0,-0.2886440752212788
709_03_072_sort_pos_joh_01,1,-0.232920424522925
709_03_072_sort_pos_joh_01,2,-0.6238999129039734
709_03_072_sort_pos_joh_01,3,0.3034733930323248
709_03_072_sort_pos_joh_01,4,0.3056360337583841
709_03_072_sort_pos_joh_01,5,0.2501629195350507
709_03_072_sort_pos_joh_01,6,0.475127634069748
709_03_072_sort_pos_joh_01,7,0.04106507811765936
709_03_072_sort_pos_joh_01,8,0.1092181976431859
709_03_072_sort_pos_joh_01,9,-0.30230020543851094
709_03_091_sort_pos_joh_01,0,0.25264557631995604
709_03_091_sort_pos_joh_01,1,0.1432079878382641
709_03_091_sort_pos_joh_01,2,-0.094996613382631
709_03_091_sort_pos_joh_01,3,-0.060568992675616544
709_03_091_sort_pos_joh_01,4,0.5550517172974083
709_03_091_sort_pos_joh_01,5,0.4156759290406058
709_03_091_sort_pos_joh_01,6,0.6537422771563496
709_03_091_sort_pos_joh_01,7,-0.15901713129172979
709_03_091_sort_pos_joh_01,8,-0.6251404088191799
709_03_091_sort_pos_joh_01,9,-1.0623469047519163
709_03_091_sort_pos_joh_02,0,-0.011180339887498798
709_03_091_sort_pos_joh_02,1,-0.4611693024324933
709_03_091_sort_pos_joh_02,2,-0.233853586673371
709_03_091_sort_pos_joh_02,3,-0.12356431038638055
709_03_091_sort_pos_joh_02,4,0.3334214468250479
709_03_091_sort_pos_joh_02,5,0.5624757501983598
709_03_091_sort_pos_joh_02,6,-0.011256579987082028
709_03_091_sort_pos_joh_02,7,-0.3730610020140818
709_03_091_sort_pos_joh_02,8,0.1084652289093286
709_03_091_sort_pos_joh_02,9,0.23523212116484712
709_03_094_sort_pos_joh_01,0,-1.1901658702177196
709_03_094_sort_pos_joh_01,1,-1.3280182383945711
709_03_094_sort_pos_joh_01,2,-0.46395346149215067
709_03_094_sort_pos_joh_01,3,0.35746216239853934
709_03_094_sort_pos_joh_01,4,0.48549106371511225
709_03_094_sort_pos_joh_01,5,0.8740696711606664
709_03_094_sort_pos_joh_01,6,0.8040544211352287
709_03_094_sort_pos_joh_01,7,0.06937589200084505
709_03_094_sort_pos_joh_01,8,0.15701185822364996
709_03_094_sort_pos_joh_01,9,0.17960349151683244
709_03_094_sort_pos_joh_02,0,-0.24615216092794004
709_03_094_sort_pos_joh_02,1,-0.7642430150405815
709_03_094_sort_pos_joh_02,2,-0.09439889894660157
709_03_094_sort_pos_joh_02,3,0.5071538869335412
709_03_094_sort_pos_joh_02,4,0.49948564662829303
709_03_094_sort_pos_joh_02,5,0.4150094269139926
709_03_094_sort_pos_joh_02,6,0.5185081404771104
709_03_094_sort_pos_joh_02,7,0.05450648930041651
709_03_094_sort_pos_joh_02,8,-0.2432461801477658
709_03_094_sort_pos_joh_02,9,-0.6043760531107271
709_03_096_sort_pos_joh_01,0,-2.2946545989528375
709_03_096_sort_pos_joh_01,1,-0.1521705559802914
709_03_096_sort_pos_joh_01,2,0.23480450547695528
709_03_096_sort_pos_joh_01,3,0.43543178608840066
709_03_096_sort_pos_joh_01,4,0.027236401569491083
709_03_096_sort_pos_joh_01,5,0.12788101361884385
709_03_096_sort_pos_joh_01,6,0.5613894586812521
709_03_096_sort_pos_joh_01,7,0.9115069200277953
709_03_096_sort_pos_joh_01,8,0.25658247196829514
709_03_096_sort_pos_joh_01,9,-0.5940702007904561
709_04_003_sort_pos_joh_01,0,1.241826012800875
709_04_003_sort_pos_joh_01,1,1.7295304402985308
709_04_003_sort_pos_joh_01,2,1.3243385545119695
709_04_003_sort_pos_joh_01,3,0.2982204629423373
709_04_003_sort_pos_joh_01,4,-0.46269259148850667
709_04_003_sort_pos_joh_01,5,-0.5130969565740613
709_04_003_sort_pos_joh_01,6,-0.7535579704876499
709_04_003_sort_pos_joh_01,7,-0.7719958302413135
709_04_003_sort_pos_joh_01,8,-0.840350192403878
709_04_003_sort_pos_joh_01,9,-0.9240882474218605
709_04_003_sort_pos_joh_02,0,1.089271273441234
709_04_003_sort_pos_joh_02,1,0.9224066159374051
709_04_003_sort_pos_joh_02,2,0.3830654388414372
709_04_003_sort_pos_joh_02,3,0.5337710655967244
709_04_003_sort_pos_joh_02,4,-0.18083483732426364
709_04_003_sort_pos_joh_02,5,-0.30323592305401204
709_04_003_sort_pos_joh_02,6,-0.45518323873130195
709_04_003_sort_pos_joh_02,7,-0.5848851654805923
709_04_003_sort_pos_joh_02,8,-0.7112972684008999
709_04_003_sort_pos_joh_02,9,-0.5791278618366787
709_04_003_sort_pos_joh_04,0,-0.1336306209562123
709_04_003_sort_pos_joh_04,1,-0.563092506371473
709_04_003_sort_pos_joh_04,2,-0.563092506371473
709_04_003_sort_pos_joh_04,3,-0.563092506371473
709_04_003_sort_pos_joh_04,4,-0.1336306209562123
709_04_003_sort_pos_joh_04,5,0.8104432008587537
709_04_003_sort_pos_joh_04,6,0.8104432008587537
709_04_003_sort_pos_joh_04,7,0.8104432008587537
709_04_003_sort_pos_joh_04,8,-0.1336306209562123
709_04_003_sort_pos_joh_04,9,-0.1336306209562123
709_04_005_sort_pos_joh_01,0,-0.7807204228051717
709_04_005_sort_pos_joh_01,1,-0.5569184183108961
709_04_005_sort_pos_joh_01,2,-0.23345253279365105
709_04_005_sort_pos_joh_01,3,0.46172726009448006
709_04_005_sort_pos_joh_01,4,1.0438246160683289
709_04_005_sort_pos_joh_01,5,-0.15892681321527483
709_04_005_sort_pos_joh_01,6,-0.00792553281185291
709_04_005_sort_pos_joh_01,7,0.34163241529796423
709_04_005_sort_pos_joh_01,8,-0.31401264594177764
709_04_005_sort_pos_joh_01,9,0.30778392047674596
709_04_005_sort_pos_joh_02,0,-0.3829065423432272
709_04_005_sort_pos_joh_02,1,-0.7479641092348249
709_04_005_sort_pos_joh_02,2,-0.5246872373248485
709_04_005_sort_pos_joh_02,3,-0.38003895114115577
709_04_005_sort_pos_joh_02,4,-0.17302600448637998
709_04_005_sort_pos_joh_02,5,0.5216962698850056
709_04_005_sort_pos_joh_02,6,0.8348120728111194
709_04_005_sort_pos_joh_02,7,0.5811931153338826
709_04_005_sort_pos_joh_02,8,0.027427514649998208
709_04_005_sort_pos_joh_02,9,0.302557384977317
709_04_008_sort_pos_joh_02,0,-0.7661537021990682
709_04_008_sort_pos_joh_02,1,-0.10601958870840497
709_04_008_sort_pos_joh_02,2,-0.06842788109754695
709_04_008_sort_pos_joh_02,3,0.11500161355436744
709_04_008_sort_pos_joh_02,4,0.16769746397632251
709_04_008_sort_pos_joh_02,5,0.16128793507080308
709_04_008_sort_pos_joh_02,6,-0.19532052621927115
709_04_008_sort_pos_joh_02,7,-0.19273679916184014
709_04_008_sort_pos_joh_02,8,0.13226808294884732
709_04_008_sort_pos_joh_02,9,0.7632014568459176
709_04_008_sort_pos_joh_04,0,-0.2741611090470933
709_04_008_sort_pos_joh_04,1,0.19099801763861254
709_04_008_sort_pos_joh_04,2,0.22098788271784486
709_04_008_sort_pos_joh_04,3,0.21941735755371036
709_04_008_sort_pos_joh_04,4,0.33510625175000225
709_04_008_sort_pos_joh_04,5,0.2928404526256542
709_04_008_sort_pos_joh_04,6,-0.2928311429753896
709_04_008_sort_pos_joh_04,7,-0.4574662417259235
709_04_008_sort_pos_joh_04,8,-0.3537273494873296
709_04_008_sort_pos_joh_04,9,0.16310794101415324
709_04_032_sort_pos_joh_01,0,-0.5023159926576223
709_04_032_sort_pos_joh_01,1,-0.5072549003849982
709_04_032_sort_pos_joh_01,2,-0.3680020749292846
709_04_032_sort_pos_joh_01,3,-0.3002402883845383
709_04_032_sort_pos_joh_01,4,0.440387085350795
709_04_032_sort_pos_joh_01,5,0.8676999450955588
709_04_032_sort_pos_joh_01,6,-0.1017025118186335
709_04_032_sort_pos_joh_01,7,-0.5655116888756214
709_04_032_sort_pos_joh_01,8,0.03269091255517294
709_04_032_sort_pos_joh_01,9,1.2193012525846334
709_04_032_sort_pos_joh_02,0,
709_04_032_sort_pos_joh_02,1,
709_04_032_sort_pos_joh_02,2,
709_04_032_sort_pos_joh_02,3,
709_04_032_sort_pos_joh_02,4,
709_04_032_sort_pos_joh_02,5,
709_04_032_sort_pos_joh_02,6,
709_04_032_sort_pos_joh_02,7,
709_04_032_sort_pos_joh_02,8,
709_04_032_sort_pos_joh_02,9,
709_04_041_sort_pos_joh_01,0,-0.7868574221873516
709_04_041_sort_pos_joh_01,1,-0.16204660902899073
709_04_041_sort_pos_joh_01,2,-0.36475455927578615
709_04_041_sort_pos_joh_01,3,-0.16640505879068185
709_04_041_sort_pos_joh_01,4,0.10981272203247139
709_04_041_sort_pos_joh_01,5,-0.4179459819615648
709_04_041_sort_pos_joh_01,6,-0.12895960606808607
709_04_041_sort_pos_joh_01,7,1.3829893622549239
709_04_041_sort_pos_joh_01,8,0.8409496168013849
709_04_041_sort_pos_joh_01,9,-0.09510999054996717
709_04_041_sort_pos_joh_02,0,0.6040422005771177
709_04_041_sort_pos_joh_02,1,0.755471669922117
709_04_041_sort_pos_joh_02,2,0.27766398243057894
709_04_041_sort_pos_joh_02,3,0.022123677230314834
709_04_041_sort_pos_joh_02,4,-0.5021509388583646
709_04_041_sort_pos_joh_02,5,-1.695631659778869
709_04_041_sort_pos_joh_02,6,-0.5344445526829162
709_04_041_sort_pos_joh_02,7,0.7750820043620091
709_04_041_sort_pos_joh_02,8,0.5062986093127628
709_04_041_sort_pos_joh_02,9,-0.3384564756711763
709_04_041_sort_pos_joh_04,0,0.6805424279347186
709_04_041_sort_pos_joh_04,1,0.2862991671569341
709_04_041_sort_pos_joh_04,2,0.2862991671569342
709_04_041_sort_pos_joh_04,3,-0.09571240664425794
709_04_041_sort_pos_joh_04,4,-0.49057344267388925
709_04_041_sort_pos_joh_04,5,-1.1017642352956305
709_04_041_sort_pos_joh_04,6,-0.3031695312954162
709_04_041_sort_pos_joh_04,7,0.993399267798783
709_04_041_sort_pos_joh_04,8,0.10064621027855933
709_04_041_sort_pos_joh_04,9,-0.2966954145484633
709_04_041_sort_pos_joh_05,0,0.1957355320374203
709_04_041_sort_pos_joh_05,1,-0.3212877315609995
709_04_041_sort_pos_joh_05,2,-0.7796545263715542
709_04_041_sort_pos_joh_05,3,0.44587213461752684
709_04_041_sort_pos_joh_05,4,0.5973704883431068
709_04_041_sort_pos_joh_05,5,-0.5523813438077803
709_04_041_sort_pos_joh_05,6,-0.3785795498571371
709_04_041_sort_pos_joh_05,7,0.25032345724486604
709_04_041_sort_pos_joh_05,8,0.5543142775113657
709_04_041_sort_pos_joh_05,9,0.0805169682228474
709_04_042_sort_pos_joh_01,0,-1.0926556228404338
709_04_042_sort_pos_joh_01,1,0.38057434890824904
709_04_042_sort_pos_joh_01,2,0.9871906880362348
709_04_042_sort_pos_joh_01,3,0.8776150859282154
709_04_042_sort_pos_joh_01,4,0.6164637623767536
709_04_042_sort_pos_joh_01,5,-0.2389725071401144
709_04_042_sort_pos_joh_01,6,0.004515178877363881
709_04_042_sort_pos_joh_01,7,-0.5108693740747225
709_04_042_sort_pos_joh_01,8,-0.5068273768394954
709_04_042_sort_pos_joh_01,9,-0.46362904081900175
709_04_042_sort_pos_joh_02,0,-0.7139071440018265
709_04_042_sort_pos_joh_02,1,-0.2557035462232769
709_04_042_sort_pos_joh_02,2,1.9801342925128158
709_04_042_sort_pos_joh_02,3,1.8562666207296485
709_04_042_sort_pos_joh_02,4,0.49753210985780455
709_04_042_sort_pos_joh_02,5,-0.657132084663729
709_04_042_sort_pos_joh_02,6,-0.5876214601949016
709_04_042_sort_pos_joh_02,7,-0.8191558990946184
709_04_042_sort_pos_joh_02,8,-0.2574566465318456
709_04_042_sort_pos_joh_02,9,-0.505062841015219
709_04_045_sort_pos_joh_01,0,2.0585756826398307
709_04_045_sort_pos_joh_01,1,0.0779231883260208
709_04_045_sort_pos_joh_01,2,-0.6047048335942281
709_04_045_sort_pos_joh_01,3,-0.7592920499188384
709_04_045_sort_pos_joh_01,4,-0.004057237522707049
709_04_045_sort_pos_joh_01,5,-0.16667630682703197
709_04_045_sort_pos_joh_01,6,0.07813638846284017
709_04_045_sort_pos_joh_01,7,0.4944233189683635
709_04_045_sort_pos_joh_01,8,-0.044492499233658084
709_04_045_sort_pos_joh_01,9,-0.7048325977320345
709_04_045_sort_pos_joh_02,0,0.8684626749746799
709_04_045_sort_pos_joh_02,1,-0.2845904698636092
709_04_045_sort_pos_joh_02,2,-0.373174128035219
709_04_045_sort_pos_joh_02,3,-0.575187261464331
709_04_045_sort_pos_joh_02,4,-0.5745092408811578
709_04_045_sort_pos_joh_02,5,-0.29007627838389854
709_04_045_sort_pos_joh_02,6,-0.14924947238554626
709_04_045_sort_pos_joh_02,7,1.0327304866539557
709_04_045_sort_pos_joh_02,8,0.7845651719578022
709_04_045_sort_pos_joh_02,9,-0.3263093338075439
709_04_045_sort_pos_joh_03,0,0.6004805767690771
709_04_045_sort_pos_joh_03,1,0.4562415255669487
709_04_045_sort_pos_joh_03,2,-0.5906244232186185
709_04_045_sort_pos_joh_03,3,-0.33029393384825056
709_04_045_sort_pos_joh_03,4,-0.5906244232186185
709_04_045_sort_pos_joh_03,5,0.6004805767690766
709_04_045_sort_pos_joh_03,6,-0.5906244232186185
709_04_045_sort_pos_joh_03,7,0.23287321641631126
709_04_045_sort_pos_joh_03,8,0.066815310478106
709_04_045_sort_pos_joh_03,9,0.20129242055711896
709_04_048_sort_pos_joh_01,0,-0.2323795498741091
709_04_048_sort_pos_joh_01,1,-0.18542910816462388
709_04_048_sort_pos_joh_01,2,-0.2265240409120801
709_04_048_sort_pos_joh_01,3,-0.5222942458279967
709_04_048_sort_pos_joh_01,4,-0.6855409980490575
709_04_048_sort_pos_joh_01,5,-0.4864143202483851
709_04_048_sort_pos_joh_01,6,-0.08033408109927134
709_04_048_sort_pos_joh_01,7,1.6804390291781084
709_04_048_sort_pos_joh_01,8,0.5676702369157094
709_04_048_sort_pos_joh_01,9,0.3644612728476103
709_04_048_sort_pos_joh_02,0,-0.12328224189336062
709_04_048_sort_pos_joh_02,1,0.052827054379537594
709_04_048_sort_pos_joh_02,2,0.5640938788444358
709_04_048_sort_pos_joh_02,3,0.7423016052466486
709_04_048_sort_pos_joh_02,4,0.8819656595055974
709_04_048_sort_pos_joh_02,5,-0.06343984030377257
709_04_048_sort_pos_joh_02,6,-0.8387509670416932
709_04_048_sort_pos_joh_02,7,-0.3479188053560256
709_04_048_sort_pos_joh_02,8,-0.29464021571015697
709_04_048_sort_pos_joh_02,9,-0.46579425255608936
709_04_048_sort_pos_joh_04,0,-0.5573864114332941
709_04_048_sort_pos_joh_04,1,-0.5573864114332941
709_04_048_sort_pos_joh_04,2,0.14359163172354752
709_04_048_sort_pos_joh_04,3,0.5115488666693089
709_04_048_sort_pos_joh_04,4,1.4105576831965376
709_04_048_sort_pos_joh_04,5,0.1435916317235476
709_04_048_sort_pos_joh_04,6,-0.5573864114332941
709_04_048_sort_pos_joh_04,7,0.1547646465068273
709_04_048_sort_pos_joh_04,8,-0.21199957600127212
709_04_048_sort_pos_joh_04,9,-0.21199957600127212
709_04_082_sort_pos_joh_01,0,-0.3944631428243651
709_04_082_sort_pos_joh_01,1,-0.42845494748124213
709_04_082_sort_pos_joh_01,2,-0.6805025179959312
709_04_082_sort_pos_joh_01,3,-0.3387702522990986
709_04_082_sort_pos_joh_01,4,0.30374059767714007
709_04_082_sort_pos_joh_01,5,-0.10261784063625923
709_04_082_sort_pos_joh_01,6,-0.18196699472409186
709_04_082_sort_pos_joh_01,7,0.6610567053906458
709_04_082_sort_pos_joh_01,8,0.28880613600056876
709_04_082_sort_pos_joh_01,9,1.0612715638864225
709_04_096_sort_pos_joh_01,0,-0.13224010151409787
709_04_096_sort_pos_joh_01,1,-0.7636311479506845
709_04_096_sort_pos_joh_01,2,-0.9404469152291195
709_04_096_sort_pos_joh_01,3,-0.3530886830125637
709_04_096_sort_pos_joh_01,4,0.763420991786352
709_04_096_sort_pos_joh_01,5,0.9208328591250867
709_04_096_sort_pos_joh_01,6,0.10487651505325712
709_04_096_sort_pos_joh_01,7,0.16070735719953144
709_04_096_sort_pos_joh_01,8,0.2771835714700952
709_04_096_sort_pos_joh_01,9,-0.011261396933989394
710_01_001_sort_pos_joh_01,0,-0.03537023017349588
710_01_001_sort_pos_joh_01,1,0.10298885103044841
710_01_001_sort_pos_joh_01,2,-0.301378837998719
710_01_001_sort_pos_joh_01,3,-0.21408407385865913
710_01_001_sort_pos_joh_01,4,1.1308508171515659
710_01_001_sort_pos_joh_01,5,-0.08101084098853846
710_01_001_sort_pos_joh_01,6,0.2943619934718255
710_01_001_sort_pos_joh_01,7,-0.13077896913505144
710_01_001_sort_pos_joh_01,8,-0.5728913438623775
710_01_001_sort_pos_joh_02,0,-0.35473606645348205
710_01_001_sort_pos_joh_02,1,-0.8621095011404819
710_01_001_sort_pos_joh_02,2,-0.67336760493567
710_01_001_sort_pos_joh_02,3,0.14776353114138607
710_01_001_sort_pos_joh_02,4,0.014435260481031826
710_01_001_sort_pos_joh_02,5,-0.23136212134003536
710_01_001_sort_pos_joh_02,6,0.1386217432503568
710_01_001_sort_pos_joh_02,7,1.1321713105506028
710_01_001_sort_pos_joh_02,8,0.806125848066907
710_01_001_sort_pos_joh_03,0,-0.43310478327590624
710_01_001_sort_pos_joh_03,1,0.3210438768545213
710_01_001_sort_pos_joh_03,2,-0.06166264159782051
710_01_001_sort_pos_joh_03,3,-0.5525554501868255
710_01_001_sort_pos_joh_03,4,0.13707349871548688
710_01_001_sort_pos_joh_03,5,-0.5376170706733637
710_01_001_sort_pos_joh_03,6,-0.16856060740422382
710_01_001_sort_pos_joh_03,7,0.7351507669342868
710_01_001_sort_pos_joh_03,8,0.6032843902851941
710_01_001_sort_pos_joh_04,0,-0.2720983504903794
710_01_001_sort_pos_joh_04,1,-0.10666772018021665
710_01_001_sort_pos_joh_04,2,-0.1083237217011178
710_01_001_sort_pos_joh_04,3,0.6128833848340776
710_01_001_sort_pos_joh_04,4,0.8271701918685112
710_01_001_sort_pos_joh_04,5,-0.10832372170111781
710_01_001_sort_pos_joh_04,6,0.23354968324845682
710_01_001_sort_pos_joh_04,7,-0.26789985988840986
710_01_001_sort_pos_joh_04,8,-0.5954893950926923
710_01_001_sort_pos_joh_05,0,-0.3921652392120016
710_01_001_sort_pos_joh_05,1,-0.27059069813524095
710_01_001_sort_pos_joh_05,2,0.1949696845708906
710_01_001_sort_pos_joh_05,3,0.21725445113668787
710_01_001_sort_pos_joh_05,4,-0.5048781642974015
710_01_001_sort_pos_joh_05,5,0.6940863640201062
710_01_001_sort_pos_joh_05,6,0.07975226660270249
710_01_001_sort_pos_joh_05,7,0.07717720076337606
710_01_001_sort_pos_joh_05,8,-0.04047039156305025
710_01_001_sort_pos_joh_06,0,-0.18343220956176332
710_01_001_sort_pos_joh_06,1,0.16012815380508702
710_01_001_sort_pos_joh_06,2,-0.5065022237046951
710_01_001_sort_pos_joh_06,3,0.5311656001895342
710_01_001_sort_pos_joh_06,4,0.16012815380508705
710_01_001_sort_pos_joh_06,5,-0.18343220956176332
710_01_001_sort_pos_joh_06,6,-0.1834322095617633
710_01_001_sort_pos_joh_06,7,-0.18343220956176332
710_01_001_sort_pos_joh_06,8,0.4931181071770731
710_01_003_sort_pos_joh_01,0,-0.39857020290003753
710_01_003_sort_pos_joh_01,1,-0.33667650617361217
710_01_003_sort_pos_joh_01,2,-0.11717015741293788
710_01_003_sort_pos_joh_01,3,-0.27840466502764755
710_01_003_sort_pos_joh_01,4,-0.19187085564039583
710_01_003_sort_pos_joh_01,5,-0.09036811603392815
710_01_003_sort_pos_joh_01,6,0.7023834607691117
710_01_003_sort_pos_joh_01,7,0.9986178293325098
710_01_003_sort_pos_joh_01,8,-0.20831728386499607
710_01_003_sort_pos_joh_02,0,-0.6968491854528466
710_01_003_sort_pos_joh_02,1,-0.13658347563593654
710_01_003_sort_pos_joh_02,2,-0.24041111777210977
710_01_003_sort_pos_joh_02,3,-0.18585062968824043
710_01_003_sort_pos_joh_02,4,0.1064794274999896
710_01_003_sort_pos_joh_02,5,0.010583936671670607
710_01_003_sort_pos_joh_02,6,0.4589138679381254
710_01_003_sort_pos_joh_02,7,0.4116450714025391
710_01_003_sort_pos_joh_02,8,0.2764179877406576
710_01_003_sort_pos_joh_03,0,0.059028133610095505
710_01_003_sort_pos_joh_03,1,0.7244368455354809
710_01_003_sort_pos_joh_03,2,-0.18932753596393978
710_01_003_sort_pos_joh_03,3,0.05368281270950223
710_01_003_sort_pos_joh_03,4,-0.06512205543038023
710_01_003_sort_pos_joh_03,5,-0.06620919667240271
710_01_003_sort_pos_joh_03,6,-0.18768712206010157
710_01_003_sort_pos_joh_03,7,-0.1830104449656008
710_01_003_sort_pos_joh_03,8,-0.06565887692186896
710_01_008_sort_pos_joh_01,0,-0.521449301933513
710_01_008_sort_pos_joh_01,1,0.36255450163111774
710_01_008_sort_pos_joh_01,2,0.3578855969344618
710_01_008_sort_pos_joh_01,3,0.2633267442020165
710_01_008_sort_pos_joh_01,4,-0.21544058705420985
710_01_008_sort_pos_joh_01,5,-0.21036653996743293
710_01_008_sort_pos_joh_01,6,-0.1804387417792635
710_01_008_sort_pos_joh_01,7,-0.05942703304026214
710_01_008_sort_pos_joh_01,8,0.1995638796456783
710_01_008_sort_pos_joh_02,0,-0.03430859805039607
710_01_008_sort_pos_joh_02,1,0.3345274966325826
710_01_008_sort_pos_joh_02,2,0.08998533198898873
710_01_008_sort_pos_joh_02,3,-0.15445288391080733
710_01_008_sort_pos_joh_02,4,-0.09708186958339912
710_01_008_sort_pos_joh_02,5,0.8897299346334591
710_01_008_sort_pos_joh_02,6,-1.1153307001693176
710_01_008_sort_pos_joh_02,7,-0.03536329669641923
710_01_008_sort_pos_joh_02,8,0.09280270825317817
710_01_008_sort_pos_joh_03,0,-0.38587391517709135
710_01_008_sort_pos_joh_03,1,0.544824534219111
710_01_008_sort_pos_joh_03,2,-0.028217880563728127
710_01_008_sort_pos_joh_03,3,0.6900343876183965
710_01_008_sort_pos_joh_03,4,-0.06665745047113396
710_01_008_sort_pos_joh_03,5,0.33592455497970564
710_01_008_sort_pos_joh_03,6,-0.7974364116151046
710_01_008_sort_pos_joh_03,7,0.057939247143601214
710_01_008_sort_pos_joh_03,8,-0.39165752696216555
710_01_008_sort_pos_joh_04,0,0.32444284226152503
710_01_008_sort_pos_joh_04,1,-0.38691161626706844
710_01_008_sort_pos_joh_04,2,-0.039559388606461764
710_01_008_sort_pos_joh_04,3,-0.38691161626706844
710_01_008_sort_pos_joh_04,4,-0.38691161626706844
710_01_008_sort_pos_joh_04,5,0.35355339059327373
710_01_008_sort_pos_joh_04,6,0.7767498260544217
710_01_008_sort_pos_joh_04,7,0.35355339059327373
710_01_008_sort_pos_joh_04,8,-0.3869116162670684
710_01_011_sort_pos_joh_01,0,-0.856809860866025
710_01_011_sort_pos_joh_01,1,-0.4625591336534569
710_01_011_sort_pos_joh_01,2,0.5516164677925781
710_01_011_sort_pos_joh_01,3,0.4425705709357432
710_01_011_sort_pos_joh_01,4,0.4995765012010051
710_01_011_sort_pos_joh_01,5,1.0838270774768108
710_01_011_sort_pos_joh_01,6,-0.1791091152851988
710_01_011_sort_pos_joh_01,7,-1.3563386578805838
710_01_011_sort_pos_joh_01,8,0.2974824457619614
710_01_011_sort_pos_joh_02,0,-0.4122325388555867
710_01_011_sort_pos_joh_02,1,-0.21523218139624403
710_01_011_sort_pos_joh_02,2,0.369536112038443
710_01_011_sort_pos_joh_02,3,0.9952136477352345
710_01_011_sort_pos_joh_02,4,0.7512850333740695
710_01_011_sort_pos_joh_02,5,0.21980542065252928
710_01_011_sort_pos_joh_02,6,-0.7950030615010205
710_01_011_sort_pos_joh_02,7,-1.0330776813138418
710_01_011_sort_pos_joh_02,8,0.17076768982513574
710_01_011_sort_pos_joh_03,0,-0.9337075142416755
710_01_011_sort_pos_joh_03,1,-0.17787761162762375
710_01_011_sort_pos_joh_03,2,0.09278700320622137
710_01_011_sort_pos_joh_03,3,1.0658633516168359
710_01_011_sort_pos_joh_03,4,0.8694243721379654
710_01_011_sort_pos_joh_03,5,0.9326358912616026
710_01_011_sort_pos_joh_03,6,-0.3405436277164313
710_01_011_sort_pos_joh_03,7,-1.1614567765162496
710_01_011_sort_pos_joh_03,8,-0.22973379047224468
710_01_011_sort_pos_joh_04,0,-0.49749888650487334
710_01_011_sort_pos_joh_04,1,-0.10416289926882229
710_01_011_sort_pos_joh_04,2,-0.2588131014738095
710_01_011_sort_pos_joh_04,3,0.16911346622480264
710_01_011_sort_pos_joh_04,4,0.23346126769228903
710_01_011_sort_pos_joh_04,5,1.7411145911044017
710_01_011_sort_pos_joh_04,6,0.09137087069098399
710_01_011_sort_pos_joh_04,7,-0.7575256780434907
710_01_011_sort_pos_joh_04,8,-0.4277108320948139
710_01_011_sort_pos_joh_05,0,0.5311656001895341
710_01_011_sort_pos_joh_05,1,0.14907119849998587
710_01_011_sort_pos_joh_05,2,-0.5065022237046952
710_01_011_sort_pos_joh_05,3,-0.1834322095617633
710_01_011_sort_pos_joh_05,4,0.16012815380508716
710_01_011_sort_pos_joh_05,5,0.49311810717707305
710_01_011_sort_pos_joh_05,6,-0.5065022237046952
710_01_011_sort_pos_joh_05,7,0.16012815380508705
710_01_011_sort_pos_joh_05,8,-0.1834322095617633
710_01_014_sort_pos_joh_01,0,-0.5961866982997828
710_01_014_sort_pos_joh_01,1,-0.14415154122797127
710_01_014_sort_pos_joh_01,2,-0.38294048834141264
710_01_014_sort_pos_joh_01,3,0.2135042050734491
710_01_014_sort_pos_joh_01,4,-0.414497246448737
710_01_014_sort_pos_joh_01,5,0.5213304793642776
710_01_014_sort_pos_joh_01,6,0.15137148954423402
710_01_014_sort_pos_joh_01,7,0.09224110580957057
710_01_014_sort_pos_joh_01,8,0.5727955459189631
710_01_014_sort_pos_joh_02,0,-0.1789235561539348
710_01_014_sort_pos_joh_02,1,-0.687554254244729
710_01_014_sort_pos_joh_02,2,-0.6642715969378463
710_01_014_sort_pos_joh_02,3,0.7813068044395334
710_01_014_sort_pos_joh_02,4,0.34428205976983994
710_01_014_sort_pos_joh_02,5,-0.495752521060044
710_01_014_sort_pos_joh_02,6,0.18891340305250198
710_01_014_sort_pos_joh_02,7,-0.053567158400557834
710_01_014_sort_pos_joh_02,8,0.8013189689077397
710_01_014_sort_pos_joh_03,0,0.3225578550438437
710_01_014_sort_pos_joh_03,1,-0.26122645087206414
710_01_014_sort_pos_joh_03,2,-0.32771720738937876
710_01_014_sort_pos_joh_03,3,0.06420877537090365
710_01_014_sort_pos_joh_03,4,0.061837051906834584
710_01_014_sort_pos_joh_03,5,-0.06664107555680633
710_01_014_sort_pos_joh_03,6,-0.31293039417300544
710_01_014_sort_pos_joh_03,7,-0.06463122779438037
710_01_014_sort_pos_joh_03,8,0.5989820204473265
710_01_014_sort_pos_joh_04,0,1.039587958060195
710_01_014_sort_pos_joh_04,1,0.46666666666666723
710_01_014_sort_pos_joh_04,2,-0.4326129116658192
710_01_014_sort_pos_joh_04,3,0.016857391247472618
710_01_014_sort_pos_joh_04,4,-0.2852814841593613
710_01_014_sort_pos_joh_04,5,-0.2778683024045112
710_01_014_sort_pos_joh_04,6,0.3314009499011369
710_01_014_sort_pos_joh_04,7,-0.6291261216149135
710_01_014_sort_pos_joh_04,8,-0.13545709229571948
710_01_014_sort_pos_joh_05,0,-0.37210420376762526
710_01_014_sort_pos_joh_05,1,-0.6490018785761837
710_01_014_sort_pos_joh_05,2,-0.09811049102515937
710_01_014_sort_pos_joh_05,3,-0.37210420376762526
710_01_014_sort_pos_joh_05,4,0.19738550848793077
710_01_014_sort_pos_joh_05,5,0.801783725737273
710_01_014_sort_pos_joh_05,6,0.19738550848793077
710_01_014_sort_pos_joh_05,7,0.19738550848793088
710_01_014_sort_pos_joh_05,8,0.1878672873255449
710_01_014_sort_pos_joh_06,0,
710_01_014_sort_pos_joh_06,1,
710_01_014_sort_pos_joh_06,2,
710_01_014_sort_pos_joh_06,3,
710_01_014_sort_pos_joh_06,4,
710_01_014_sort_pos_joh_06,5,
710_01_014_sort_pos_joh_06,6,
710_01_014_sort_pos_joh_06,7,
710_01_014_sort_pos_joh_06,8,
710_01_015_sort_pos_joh_01,0,-1.4267694799952146
710_01_015_sort_pos_joh_01,1,0.371939695681704
710_01_015_sort_pos_joh_01,2,0.3637175872361384
710_01_015_sort_pos_joh_01,3,-0.5173952057462543
710_01_015_sort_pos_joh_01,4,0.3748920557666282
710_01_015_sort_pos_joh_01,5,-0.24487437018380337
710_01_015_sort_pos_joh_01,6,0.1457170236176311
710_01_015_sort_pos_joh_01,7,0.256083089110013
710_01_015_sort_pos_joh_01,8,0.5775414482025448
710_01_015_sort_pos_joh_02,0,-0.6874415857849632
710_01_015_sort_pos_joh_02,1,-0.888478237260926
710_01_015_sort_pos_joh_02,2,-0.7551174020219961
710_01_015_sort_pos_joh_02,3,-0.41120265714307047
710_01_015_sort_pos_joh_02,4,1.784172725058534
710_01_015_sort_pos_joh_02,5,0.9932418110827765
710_01_015_sort_pos_joh_02,6,0.3954865822590864
710_01_015_sort_pos_joh_02,7,0.04297212109826036
710_01_015_sort_pos_joh_02,8,-0.15172283558552396
710_01_015_sort_pos_joh_03,0,-0.15925670159992647
710_01_015_sort_pos_joh_03,1,-0.5348432973623555
710_01_015_sort_pos_joh_03,2,-0.17345151414107296
710_01_015_sort_pos_joh_03,3,2.7414346458607715
710_01_015_sort_pos_joh_03,4,0.3232895436481948
710_01_015_sort_pos_joh_03,5,-0.3221828581800765
710_01_015_sort_pos_joh_03,6,-0.587053976257524
710_01_015_sort_pos_joh_03,7,-0.2650592244468233
710_01_015_sort_pos_joh_03,8,-0.21254572028740784
710_01_015_sort_pos_joh_04,0,-0.8428030370211191
710_01_015_sort_pos_joh_04,1,-0.3288177240160608
710_01_015_sort_pos_joh_04,2,-0.7490333801886172
710_01_015_sort_pos_joh_04,3,-0.3944531911940105
710_01_015_sort_pos_joh_04,4,1.5140447652690538
710_01_015_sort_pos_joh_04,5,0.5688125393646181
710_01_015_sort_pos_joh_04,6,1.2359697732130996
710_01_015_sort_pos_joh_04,7,0.06795404839808382
710_01_015_sort_pos_joh_04,8,-0.7930991317587809
710_01_015_sort_pos_joh_05,0,-0.4604116210890236
710_01_015_sort_pos_joh_05,1,-0.4604116210890236
710_01_015_sort_pos_joh_05,2,-0.13492109144869546
710_01_015_sort_pos_joh_05,3,0.8265157757234495
710_01_015_sort_pos_joh_05,4,-0.1339572135922865
710_01_015_sort_pos_joh_05,5,-0.3502630042369964
710_01_015_sort_pos_joh_05,6,0.21380899352993948
710_01_015_sort_pos_joh_05,7,0.804679798767225
710_01_015_sort_pos_joh_05,8,-0.02411915350974746
710_01_018_sort_pos_joh_01,0,-0.1732366852758468
710_01_018_sort_pos_joh_01,1,0.3240949141804636
710_01_018_sort_pos_joh_01,2,-0.5727824889342328
710_01_018_sort_pos_joh_01,3,0.2798612696774647
710_01_018_sort_pos_joh_01,4,0.44774691758283547
710_01_018_sort_pos_joh_01,5,-0.14412873193213363
710_01_018_sort_pos_joh_01,6,0.012088620112603704
710_01_018_sort_pos_joh_01,7,0.3265986323710905
710_01_018_sort_pos_joh_01,8,-0.43876889739205055
710_01_018_sort_pos_joh_02,0,-0.25754042800642174
710_01_018_sort_pos_joh_02,1,0.10217207940878582
710_01_018_sort_pos_joh_02,2,0.019065785593520405
710_01_018_sort_pos_joh_02,3,0.018508999875628217
710_01_018_sort_pos_joh_02,4,-0.0709172177295603
710_01_018_sort_pos_joh_02,5,0.615982318280862
710_01_018_sort_pos_joh_02,6,-0.31422270298641275
710_01_018_sort_pos_joh_02,7,-0.06591173468523717
710_01_018_sort_pos_joh_02,8,-0.06706322320302767
710_01_018_sort_pos_joh_03,0,0.7588124504870376
710_01_018_sort_pos_joh_03,1,0.6729265849104523
710_01_018_sort_pos_joh_03,2,0.18090680674665754
710_01_018_sort_pos_joh_03,3,-0.8030041872965079
710_01_018_sort_pos_joh_03,4,0.04423739552038046
710_01_018_sort_pos_joh_03,5,-0.16401634575207016
710_01_018_sort_pos_joh_03,6,0.20914402873209917
710_01_018_sort_pos_joh_03,7,-0.4636557344909478
710_01_018_sort_pos_joh_03,8,-0.4223723227171084
710_01_018_sort_pos_joh_04,0,-0.2253410865354451
710_01_018_sort_pos_joh_04,1,-0.2850514699306816
710_01_018_sort_pos_joh_04,2,-0.4148445246835727
710_01_018_sort_pos_joh_04,3,-0.023251622583902877
710_01_018_sort_pos_joh_04,4,0.5039988414709128
710_01_018_sort_pos_joh_04,5,0.11210586995973061
710_01_018_sort_pos_joh_04,6,-0.023318957740502307
710_01_018_sort_pos_joh_04,7,0.3204333503460107
710_01_018_sort_pos_joh_04,8,0.04341447631754514
710_01_018_sort_pos_joh_05,0,-0.5679826078918204
710_01_018_sort_pos_joh_05,1,0.9649615359029051
710_01_018_sort_pos_joh_05,2,0.2738845692470554
710_01_018_sort_pos_joh_05,3,0.039314056698536735
710_01_018_sort_pos_joh_05,4,-0.08186216918157317
710_01_018_sort_pos_joh_05,5,0.2738845692470554
710_01_018_sort_pos_joh_05,6,-0.3202563076101738
710_01_018_sort_pos_joh_05,7,-0.08599554745692353
710_01_018_sort_pos_joh_05,8,-0.5373755895617999
710_01_019_sort_pos_joh_01,0,0.21709014165170243
710_01_019_sort_pos_joh_01,1,-0.21595054691988994
710_01_019_sort_pos_joh_01,2,0.27805078388949206
710_01_019_sort_pos_joh_01,3,-0.026546593660094847
710_01_019_sort_pos_joh_01,4,0.6207162006843708
710_01_019_sort_pos_joh_01,5,-0.29135827337403264
710_01_019_sort_pos_joh_01,6,-0.21645532609663867
710_01_019_sort_pos_joh_01,7,0.03316644690283266
710_01_019_sort_pos_joh_01,8,-0.4098351488234069
710_01_019_sort_pos_joh_02,0,1.213066340341159
710_01_019_sort_pos_joh_02,1,0.05475856781933916
710_01_019_sort_pos_joh_02,2,-0.38829764172026426
710_01_019_sort_pos_joh_02,3,0.17498996942754663
710_01_019_sort_pos_joh_02,4,-0.5789597712706392
710_01_019_sort_pos_joh_02,5,-0.2606474152626926
710_01_019_sort_pos_joh_02,6,0.8153662578175226
710_01_019_sort_pos_joh_02,7,-0.13486714564471874
710_01_019_sort_pos_joh_02,8,-0.8358080853454327
710_01_019_sort_pos_joh_03,0,0.21904730367901817
710_01_019_sort_pos_joh_03,1,0.12196734422726163
710_01_019_sort_pos_joh_03,2,0.22377176972955792
710_01_019_sort_pos_joh_03,3,-0.06317539727139954
710_01_019_sort_pos_joh_03,4,0.12446097204675291
710_01_019_sort_pos_joh_03,5,-0.4544858381172955
710_01_019_sort_pos_joh_03,6,1.3200262272243048
710_01_019_sort_pos_joh_03,7,-0.6390214842634573
710_01_019_sort_pos_joh_03,8,-0.7312752989428708
710_01_019_sort_pos_joh_04,0,0.2743720482096528
710_01_019_sort_pos_joh_04,1,-0.7365895075034009
710_01_019_sort_pos_joh_04,2,0.2677580412294217
710_01_019_sort_pos_joh_04,3,0.632403909331714
710_01_019_sort_pos_joh_04,4,-0.16351748504193198
710_01_019_sort_pos_joh_04,5,-0.3031957786034866
710_01_019_sort_pos_joh_04,6,0.5654731238742181
710_01_019_sort_pos_joh_04,7,-0.015750473013495542
710_01_019_sort_pos_joh_04,8,-0.44721359549995815
710_01_019_sort_pos_joh_05,0,-0.25819888974716126
710_01_019_sort_pos_joh_05,1,-0.25819888974716126
710_01_019_sort_pos_joh_05,2,-0.25819888974716126
710_01_019_sort_pos_joh_05,3,2.187974872468418
710_01_019_sort_pos_joh_05,4,-0.2581988897471612
710_01_019_sort_pos_joh_05,5,-0.2581988897471612
710_01_019_sort_pos_joh_05,6,-0.2581988897471612
710_01_019_sort_pos_joh_05,7,-0.2581988897471612
710_01_019_sort_pos_joh_05,8,0.6255432421712244
710_01_020_sort_pos_joh_01,0,-0.6144400022456219
710_01_020_sort_pos_joh_01,1,0.07875042761679658
710_01_020_sort_pos_joh_01,2,0.14344382763731162
710_01_020_sort_pos_joh_01,3,0.014206208048741452
710_01_020_sort_pos_joh_01,4,0.23890372855356773
710_01_020_sort_pos_joh_01,5,-0.11239769221807618
710_01_020_sort_pos_joh_01,6,-0.22862207258454695
710_01_020_sort_pos_joh_01,7,0.18261348631609703
710_01_020_sort_pos_joh_01,8,0.3118788337674854
710_01_020_sort_pos_joh_02,0,-0.6498839596527396
710_01_020_sort_pos_joh_02,1,-0.3287391954593437
710_01_020_sort_pos_joh_02,2,0.7276247018384329
710_01_020_sort_pos_joh_02,3,0.6986467912257377
710_01_020_sort_pos_joh_02,4,-0.144241870653865
710_01_020_sort_pos_joh_02,5,0.12705331928769503
710_01_020_sort_pos_joh_02,6,0.24843947881921918
710_01_020_sort_pos_joh_02,7,-0.8214550726712536
710_01_020_sort_pos_joh_02,8,0.12223258755069857
710_01_020_sort_pos_joh_03,0,0.052450277757737425
710_01_020_sort_pos_joh_03,1,-0.6549531463278074
710_01_020_sort_pos_joh_03,2,0.3422918523719319
710_01_020_sort_pos_joh_03,3,2.014326865178154
710_01_020_sort_pos_joh_03,4,0.37173994129280585
710_01_020_sort_pos_joh_03,5,-0.12258574769194623
710_01_020_sort_pos_joh_03,6,-0.17972365808708357
710_01_020_sort_pos_joh_03,7,-1.2405702003303432
710_01_020_sort_pos_joh_03,8,-0.2420473012656516
710_01_020_sort_pos_joh_04,0,-0.220646998109607
710_01_020_sort_pos_joh_04,1,0.08944271909999128
710_01_020_sort_pos_joh_04,2,0.7032751848240448
710_01_020_sort_pos_joh_04,3,-0.010963884148405554
710_01_020_sort_pos_joh_04,4,0.5534700659692908
710_01_020_sort_pos_joh_04,5,-0.21648292738133335
710_01_020_sort_pos_joh_04,6,-0.4054687999837936
710_01_020_sort_pos_joh_04,7,-0.010963884148405845
710_01_020_sort_pos_joh_04,8,-0.4228916660349653
710_01_022_sort_pos_joh_01,0,0.3110577143151256
710_01_022_sort_pos_joh_01,1,-0.7537075808102853
710_01_022_sort_pos_joh_01,2,0.6420476877642698
710_01_022_sort_pos_joh_01,3,0.016267153097966263
710_01_022_sort_pos_joh_01,4,-0.5493978603618582
710_01_022_sort_pos_joh_01,5,-0.21172000471353114
710_01_022_sort_pos_joh_01,6,-0.6556298808556885
710_01_022_sort_pos_joh_01,7,0.2074800244741757
710_01_022_sort_pos_joh_01,8,1.0311246090101105
710_01_022_sort_pos_joh_02,0,-0.49594001400395155
710_01_022_sort_pos_joh_02,1,0.47242370029937003
710_01_022_sort_pos_joh_02,2,-0.6014167670256413
710_01_022_sort_pos_joh_02,3,-0.23194981033211734
710_01_022_sort_pos_joh_02,4,-0.07218967488771338
710_01_022_sort_pos_joh_02,5,-0.6770432695359941
710_01_022_sort_pos_joh_02,6,0.6924849965172252
710_01_022_sort_pos_joh_02,7,-0.1801225249896633
710_01_022_sort_pos_joh_02,8,1.2047370146534577
710_01_022_sort_pos_joh_03,0,-0.32870733423005044
710_01_022_sort_pos_joh_03,1,-0.43131277594616596
710_01_022_sort_pos_joh_03,2,1.3057854603411505
710_01_022_sort_pos_joh_03,3,0.5167152527325058
710_01_022_sort_pos_joh_03,4,0.09701425001453316
710_01_022_sort_pos_joh_03,5,-0.4836793700498833
710_01_022_sort_pos_joh_03,6,-0.011483637425673225
710_01_022_sort_pos_joh_03,7,0.3744728095035359
710_01_022_sort_pos_joh_03,8,-0.8720809532931086
710_01_022_sort_pos_joh_04,0,-0.30831320798910367
710_01_022_sort_pos_joh_04,1,0.258198889747161
710_01_022_sort_pos_joh_04,2,0.258198889747161
710_01_022_sort_pos_joh_04,3,0.258198889747161
710_01_022_sort_pos_joh_04,4,-0.30831320798910367
710_01_022_sort_pos_joh_04,5,-0.03229168418603122
710_01_022_sort_pos_joh_04,6,0.25819888974716115
710_01_022_sort_pos_joh_04,7,-0.030787453590353855
710_01_022_sort_pos_joh_04,8,-0.3083132079891038
710_01_024_sort_pos_joh_01,0,0.0813522449624966
710_01_024_sort_pos_joh_01,1,0.2410041934763908
710_01_024_sort_pos_joh_01,2,0.16135874369200817
710_01_024_sort_pos_joh_01,3,-0.6590268233443909
710_01_024_sort_pos_joh_01,4,0.679366220486757
710_01_024_sort_pos_joh_01,5,-0.3191971059593587
710_01_024_sort_pos_joh_01,6,0.08010529393327986
710_01_024_sort_pos_joh_01,7,0.23395264238044544
710_01_024_sort_pos_joh_01,8,-0.5458166498779795
710_01_024_sort_pos_joh_02,0,-0.7844645405527365
710_01_024_sort_pos_joh_02,1,0.5728918992315464
710_01_024_sort_pos_joh_02,2,-0.07151985398521514
710_01_024_sort_pos_joh_02,3,0.17432659994418995
710_01_024_sort_pos_joh_02,4,-0.1544752544716327
710_01_024_sort_pos_joh_02,5,-0.2373860092180193
710_01_024_sort_pos_joh_02,6,-0.15386663253560837
710_01_024_sort_pos_joh_02,7,0.4199906316934185
710_01_024_sort_pos_joh_02,8,0.1743265999441902
710_01_026_sort_pos_joh_02,0,-0.5537761072884844
710_01_026_sort_pos_joh_02,1,0.07439398242191324
710_01_026_sort_pos_joh_02,2,0.31792336941031013
710_01_026_sort_pos_joh_02,3,0.715772217896314
710_01_026_sort_pos_joh_02,4,-0.11076975512434187
710_01_026_sort_pos_joh_02,5,0.0734329433268823
710_01_026_sort_pos_joh_02,6,0.0788474756773846
710_01_026_sort_pos_joh_02,7,-1.2995771294965965
710_01_026_sort_pos_joh_02,8,0.580107610721998
710_01_026_sort_pos_joh_05,0,0.6438866481192829
710_01_026_sort_pos_joh_05,1,-0.5962847939999433
710_01_026_sort_pos_joh_05,2,-0.17432659994418995
710_01_026_sort_pos_joh_05,3,-1.1029248046934248
710_01_026_sort_pos_joh_05,4,-0.5124544872746365
710_01_026_sort_pos_joh_05,5,-0.3339029256768374
710_01_026_sort_pos_joh_05,6,0.3224334613698592
710_01_026_sort_pos_joh_05,7,0.7293249574894726
710_01_026_sort_pos_joh_05,8,0.964126182298227
710_01_026_sort_pos_joh_06,0,0.11396057645963754
710_01_026_sort_pos_joh_06,1,-0.36116466788844576
710_01_026_sort_pos_joh_06,2,-0.8577862021237163
710_01_026_sort_pos_joh_06,3,-0.7761198182283624
710_01_026_sort_pos_joh_06,4,-0.3762859932525858
710_01_026_sort_pos_joh_06,5,-0.11350591109825599
710_01_026_sort_pos_joh_06,6,0.7645259644751923
710_01_026_sort_pos_joh_06,7,0.46826645762126917
710_01_026_sort_pos_joh_06,8,1.107760368971283
710_01_026_sort_pos_joh_07,0,0.7205406458057998
710_01_026_sort_pos_joh_07,1,0.531341360607175
710_01_026_sort_pos_joh_07,2,-0.8826358326995049
710_01_026_sort_pos_joh_07,3,-0.7463419223281537
710_01_026_sort_pos_joh_07,4,0.08570991287109722
710_01_026_sort_pos_joh_07,5,-0.06098419277865625
710_01_026_sort_pos_joh_07,6,-0.15895005037663684
710_01_026_sort_pos_joh_07,7,0.7669688146084491
710_01_026_sort_pos_joh_07,8,-0.20423024806084072
710_01_037_sort_pos_joh_01,0,0.9232203818379944
710_01_037_sort_pos_joh_01,1,0.789491793327219
710_01_037_sort_pos_joh_01,2,0.023344149389228463
710_01_037_sort_pos_joh_01,3,-0.8506008403113025
710_01_037_sort_pos_joh_01,4,-0.10155940070034487
710_01_037_sort_pos_joh_01,5,0.3151819556386513
710_01_037_sort_pos_joh_01,6,0.4261488005831401
710_01_037_sort_pos_joh_01,7,-0.9844558764153544
710_01_037_sort_pos_joh_01,8,-0.5263281891590431
710_01_037_sort_pos_joh_02,0,-0.2659702326235088
710_01_037_sort_pos_joh_02,1,0.48543994884040725
710_01_037_sort_pos_joh_02,2,0.506289555416711
710_01_037_sort_pos_joh_02,3,0.35195671359483516
710_01_037_sort_pos_joh_02,4,1.063209521647323
710_01_037_sort_pos_joh_02,5,0.04041812004197145
710_01_037_sort_pos_joh_02,6,-0.40419342838724137
710_01_037_sort_pos_joh_02,7,-0.7137757446831284
710_01_037_sort_pos_joh_02,8,-0.9936313197528054
710_01_037_sort_pos_joh_03,0,-0.12780429685269146
710_01_037_sort_pos_joh_03,1,0.06468462273531529
710_01_037_sort_pos_joh_03,2,-0.4898979485566357
710_01_037_sort_pos_joh_03,3,-0.30936055948279007
710_01_037_sort_pos_joh_03,4,0.8902810301600528
710_01_037_sort_pos_joh_03,5,0.4446000524446623
710_01_037_sort_pos_joh_03,6,0.2563072973150281
710_01_037_sort_pos_joh_03,7,-0.30323147215443325
710_01_037_sort_pos_joh_03,8,-0.30936055948279007
710_01_039_sort_pos_joh_01,0,
710_01_039_sort_pos_joh_01,1,
710_01_039_sort_pos_joh_01,2,
710_01_039_sort_pos_joh_01,3,
710_01_039_sort_pos_joh_01,4,
710_01_039_sort_pos_joh_01,5,
710_01_039_sort_pos_joh_01,6,
710_01_039_sort_pos_joh_01,7,
710_01_039_sort_pos_joh_01,8,
710_01_039_sort_pos_joh_02,0,0.7526178090063815
710_01_039_sort_pos_joh_02,1,-0.3356433632826908
710_01_039_sort_pos_joh_02,2,0.0
710_01_039_sort_pos_joh_02,3,0.0
710_01_039_sort_pos_joh_02,4,-0.3356433632826906
710_01_039_sort_pos_joh_02,5,-0.3356433632826908
710_01_039_sort_pos_joh_02,6,0.0
710_01_039_sort_pos_joh_02,7,0.0
710_01_039_sort_pos_joh_02,8,0.34337141717243225
710_01_041_sort_pos_joh_01,0,0.42576214984390154
710_01_041_sort_pos_joh_01,1,-0.35657785450448864
710_01_041_sort_pos_joh_01,2,0.6338325282487128
710_01_041_sort_pos_joh_01,3,0.2480356022685441
710_01_041_sort_pos_joh_01,4,-0.38899460281496884
710_01_041_sort_pos_joh_01,5,-0.3944384016575772
710_01_041_sort_pos_joh_01,6,0.11877456289241833
710_01_041_sort_pos_joh_01,7,0.2615212477236349
710_01_041_sort_pos_joh_01,8,-0.4255612320274542
710_01_041_sort_pos_joh_02,0,-1.4528142196105056
710_01_041_sort_pos_joh_02,1,-0.2740998664170462
710_01_041_sort_pos_joh_02,2,0.0490568173852282
710_01_041_sort_pos_joh_02,3,0.5907720273298253
710_01_041_sort_pos_joh_02,4,0.590102940488327
710_01_041_sort_pos_joh_02,5,-0.23810162768378773
710_01_041_sort_pos_joh_02,6,-0.31422059976192185
710_01_041_sort_pos_joh_02,7,0.5969068961973091
710_01_041_sort_pos_joh_02,8,0.4683611765363964
710_01_041_sort_pos_joh_03,0,0.1740776559556981
710_01_041_sort_pos_joh_03,1,0.4972178244141048
710_01_041_sort_pos_joh_03,2,0.2767716112956997
710_01_041_sort_pos_joh_03,3,-0.42159809442763424
710_01_041_sort_pos_joh_03,4,0.8123230706182719
710_01_041_sort_pos_joh_03,5,-0.524984032671661
710_01_041_sort_pos_joh_03,6,-0.5218679876398246
710_01_041_sort_pos_joh_03,7,-0.12112803944627916
710_01_041_sort_pos_joh_03,8,-0.02227729596770557
710_01_041_sort_pos_joh_04,0,0.4680252333449756
710_01_041_sort_pos_joh_04,1,-0.4324546236839133
710_01_041_sort_pos_joh_04,2,0.29192017967990475
710_01_041_sort_pos_joh_04,3,1.028362587237159
710_01_041_sort_pos_joh_04,4,-0.25421870712365996
710_01_041_sort_pos_joh_04,5,0.10944823939147494
710_01_041_sort_pos_joh_04,6,-0.79555728417573
710_01_041_sort_pos_joh_04,7,-0.43245462368391324
710_01_041_sort_pos_joh_04,8,0.10944823939147494
710_01_041_sort_pos_joh_05,0,0.21389631597324932
710_01_041_sort_pos_joh_05,1,-0.3276655078039745
710_01_041_sort_pos_joh_05,2,-0.3425810629253647
710_01_041_sort_pos_joh_05,3,0.21389631597324935
710_01_041_sort_pos_joh_05,4,0.21389631597324915
710_01_041_sort_pos_joh_05,5,-0.3276655078039745
710_01_041_sort_pos_joh_05,6,0.21389631597324915
710_01_041_sort_pos_joh_05,7,0.21389631597324915
710_01_041_sort_pos_joh_05,8,-0.06166264159782051
710_01_042_sort_pos_joh_01,0,-0.863123843435009
710_01_042_sort_pos_joh_01,1,-0.04811871093624785
710_01_042_sort_pos_joh_01,2,0.41063154649749284
710_01_042_sort_pos_joh_01,3,-0.05251854888819201
710_01_042_sort_pos_joh_01,4,0.2563821643524991
710_01_042_sort_pos_joh_01,5,0.6000384036867932
710_01_042_sort_pos_joh_01,6,-0.41687206803338833
710_01_042_sort_pos_joh_01,7,0.5309475068056859
710_01_042_sort_pos_joh_01,8,-0.41034401438048423
710_01_042_sort_pos_joh_02,0,-0.011905605585844723
710_01_042_sort_pos_joh_02,1,-0.5751797717724086
710_01_042_sort_pos_joh_02,2,-0.8020075313873366
710_01_042_sort_pos_joh_02,3,0.09690031662230182
710_01_042_sort_pos_joh_02,4,0.5854709249535844
710_01_042_sort_pos_joh_02,5,0.43509324869978433
710_01_042_sort_pos_joh_02,6,0.5534700659692905
710_01_042_sort_pos_joh_02,7,0.31955406995589614
710_01_042_sort_pos_joh_02,8,-0.5547405307241898
710_01_042_sort_pos_joh_03,0,-0.5768817097970286
710_01_042_sort_pos_joh_03,1,-0.7584682219974423
710_01_042_sort_pos_joh_03,2,-0.13247520469634036
710_01_042_sort_pos_joh_03,3,-0.18286012835299773
710_01_042_sort_pos_joh_03,4,0.17728764086718554
710_01_042_sort_pos_joh_03,5,0.12886005144541582
710_01_042_sort_pos_joh_03,6,0.13500235698321136
710_01_042_sort_pos_joh_03,7,0.3818237211489381
710_01_042_sort_pos_joh_03,8,0.8242475020181389
710_01_042_sort_pos_joh_04,0,0.3789600350472281
710_01_042_sort_pos_joh_04,1,1.1920045254996785
710_01_042_sort_pos_joh_04,2,0.4177884669033079
710_01_042_sort_pos_joh_04,3,-0.7645528515426075
710_01_042_sort_pos_joh_04,4,-0.13650472655798682
710_01_042_sort_pos_joh_04,5,0.1796053020267749
710_01_042_sort_pos_joh_04,6,-0.45024317033690353
710_01_042_sort_pos_joh_04,7,-0.1356646894938405
710_01_042_sort_pos_joh_04,8,-0.45315151334423726
710_01_043_sort_pos_joh_01,0,-0.10586770098608791
710_01_043_sort_pos_joh_01,1,0.05787452258739586
710_01_043_sort_pos_joh_01,2,0.5547950410914818
710_01_043_sort_pos_joh_01,3,-0.25819888974716065
710_01_043_sort_pos_joh_01,4,0.13056318763573238
710_01_043_sort_pos_joh_01,5,-0.11050642030256319
710_01_043_sort_pos_joh_01,6,0.12916164879421782
710_01_043_sort_pos_joh_01,7,-0.18362509134738986
710_01_043_sort_pos_joh_01,8,-0.18568081995349084
710_01_043_sort_pos_joh_02,0,-1.099675913968264
710_01_043_sort_pos_joh_02,1,-0.37899050152406016
710_01_043_sort_pos_joh_02,2,0.41260047223675206
710_01_043_sort_pos_joh_02,3,0.6985723278610957
710_01_043_sort_pos_joh_02,4,0.19169977185242001
710_01_043_sort_pos_joh_02,5,-0.0893060505555592
710_01_043_sort_pos_joh_02,6,0.7789324885120084
710_01_043_sort_pos_joh_02,7,0.10453475693842135
710_01_043_sort_pos_joh_02,8,-0.612434343696974
710_01_043_sort_pos_joh_03,0,-0.38285742066761685
710_01_043_sort_pos_joh_03,1,-0.03850269581784242
710_01_043_sort_pos_joh_03,2,0.08114037255597403
710_01_043_sort_pos_joh_03,3,0.4385212658272461
710_01_043_sort_pos_joh_03,4,-0.5008651594654524
710_01_043_sort_pos_joh_03,5,0.8122955416108234
710_01_043_sort_pos_joh_03,6,0.5646875395770472
710_01_043_sort_pos_joh_03,7,-0.6255432421712241
710_01_043_sort_pos_joh_03,8,-0.2820634771813975
710_01_043_sort_pos_joh_04,0,-0.5755115693951637
710_01_043_sort_pos_joh_04,1,-0.5614080705550255
710_01_043_sort_pos_joh_04,2,0.04494665749754931
710_01_043_sort_pos_joh_04,3,0.2495492591311127
710_01_043_sort_pos_joh_04,4,0.2628751975807931
710_01_043_sort_pos_joh_04,5,0.2495492591311127
710_01_043_sort_pos_joh_04,6,0.671879778628352
710_01_043_sort_pos_joh_04,7,-0.36214298417007407
710_01_043_sort_pos_joh_04,8,0.05006261743217571
710_01_043_sort_pos_joh_05,0,-0.4844341386364453
710_01_043_sort_pos_joh_05,1,0.07995140431477656
710_01_043_sort_pos_joh_05,2,0.3751385307659425
710_01_043_sort_pos_joh_05,3,0.07995140431477656
710_01_043_sort_pos_joh_05,4,-0.2041493131187457
710_01_043_sort_pos_joh_05,5,-0.0641500299099584
710_01_043_sort_pos_joh_05,6,1.04990131391452
710_01_043_sort_pos_joh_05,7,-0.0641500299099584
710_01_043_sort_pos_joh_05,8,-0.4844341386364453
710_01_044_sort_pos_joh_01,0,0.34348291179495655
710_01_044_sort_pos_joh_01,1,0.5611444990655154
710_01_044_sort_pos_joh_01,2,0.6862506245035268
710_01_044_sort_pos_joh_01,3,0.22783059421644272
710_01_044_sort_pos_joh_01,4,-0.17351268388654145
710_01_044_sort_pos_joh_01,5,-1.2526099979883876
710_01_044_sort_pos_joh_01,6,-0.10153629135259977
710_01_044_sort_pos_joh_01,7,-0.20803328798933063
710_01_044_sort_pos_joh_01,8,-0.1356272659423995
710_01_044_sort_pos_joh_02,0,-0.39297188779668457
710_01_044_sort_pos_joh_02,1,0.35592342324496057
710_01_044_sort_pos_joh_02,2,-0.48571976018593926
710_01_044_sort_pos_joh_02,3,0.1286070535350028
710_01_044_sort_pos_joh_02,4,-0.5273695900874089
710_01_044_sort_pos_joh_02,5,0.3059870723192869
710_01_044_sort_pos_joh_02,6,0.37618231232350174
710_01_044_sort_pos_joh_02,7,0.8463612238588053
710_01_044_sort_pos_joh_02,8,-0.5369245246338669
710_01_044_sort_pos_joh_03,0,-0.437876850588452
710_01_044_sort_pos_joh_03,1,0.5268743687584267
710_01_044_sort_pos_joh_03,2,0.4660849584677397
710_01_044_sort_pos_joh_03,3,0.1654388590990927
710_01_044_sort_pos_joh_03,4,-0.18064133940175095
710_01_044_sort_pos_joh_03,5,-0.09822822533866797
710_01_044_sort_pos_joh_03,6,-0.0996221523726052
710_01_044_sort_pos_joh_03,7,-0.35254087113317384
710_01_044_sort_pos_joh_03,8,0.07537783614444064
710_01_044_sort_pos_joh_04,0,-0.9209289920547206
710_01_044_sort_pos_joh_04,1,0.25819888974716093
710_01_044_sort_pos_joh_04,2,0.7816972093343189
710_01_044_sort_pos_joh_04,3,-0.7453559924999298
710_01_044_sort_pos_joh_04,4,-0.248943495502618
710_01_044_sort_pos_joh_04,5,-0.07738232325341379
710_01_044_sort_pos_joh_04,6,1.0890171046725803
710_01_044_sort_pos_joh_04,7,0.25819888974716093
710_01_044_sort_pos_joh_04,8,-0.2446740513980985
710_01_046_sort_pos_joh_01,0,-0.5054884735734667
710_01_046_sort_pos_joh_01,1,-0.6043279907596778
710_01_046_sort_pos_joh_01,2,-0.17561144865979478
710_01_046_sort_pos_joh_01,3,-0.0466219420892553
710_01_046_sort_pos_joh_01,4,-0.17432645325358162
710_01_046_sort_pos_joh_01,5,-0.6484551028432115
710_01_046_sort_pos_joh_01,6,-0.014453342234025357
710_01_046_sort_pos_joh_01,7,1.0163773301754189
710_01_046_sort_pos_joh_01,8,1.3830190368208228
710_01_046_sort_pos_joh_02,0,-0.5247146845274875
710_01_046_sort_pos_joh_02,1,-0.8749575550687252
710_01_046_sort_pos_joh_02,2,-0.15348531735885762
710_01_046_sort_pos_joh_02,3,-0.3310777569202253
710_01_046_sort_pos_joh_02,4,0.38303464555214534
710_01_046_sort_pos_joh_02,5,-0.15348531735885762
710_01_046_sort_pos_joh_02,6,0.7645502250729155
710_01_046_sort_pos_joh_02,7,0.4796164601864586
710_01_046_sort_pos_joh_02,8,0.3903319232621636
710_01_046_sort_pos_joh_03,0,-0.3715705223954433
710_01_046_sort_pos_joh_03,1,-0.5012253467128638
710_01_046_sort_pos_joh_03,2,-0.636700899104489
710_01_046_sort_pos_joh_03,3,-0.10944823939147502
710_01_046_sort_pos_joh_03,4,0.8264463103608283
710_01_046_sort_pos_joh_03,5,-0.1766234428228393
710_01_046_sort_pos_joh_03,6,0.02202609925903413
710_01_046_sort_pos_joh_03,7,0.641090636416297
710_01_046_sort_pos_joh_03,8,0.4755714712838286
710_01_046_sort_pos_joh_04,0,-0.35520852604634456
710_01_046_sort_pos_joh_04,1,-0.4992861311175482
710_01_046_sort_pos_joh_04,2,-0.35084551266022335
710_01_046_sort_pos_joh_04,3,0.08044659194025533
710_01_046_sort_pos_joh_04,4,-0.20536842908438213
710_01_046_sort_pos_joh_04,5,-0.06495698024616318
710_01_046_sort_pos_joh_04,6,-0.22193867722867633
710_01_046_sort_pos_joh_04,7,0.7285507758750258
710_01_046_sort_pos_joh_04,8,1.0773672726048567
710_01_046_sort_pos_joh_05,0,-0.2670666578007805
710_01_046_sort_pos_joh_05,1,1.437476631580168
710_01_046_sort_pos_joh_05,2,-0.2670666578007805
710_01_046_sort_pos_joh_05,3,-0.6030226891555271
710_01_046_sort_pos_joh_05,4,0.07738232325341372
710_01_046_sort_pos_joh_05,5,-0.2670666578007805
710_01_046_sort_pos_joh_05,6,0.07738232325341374
710_01_046_sort_pos_joh_05,7,-0.2670666578007805
710_01_046_sort_pos_joh_05,8,0.43245462368391346
710_01_049_sort_pos_joh_04,0,0.12632001168240917
710_01_049_sort_pos_joh_04,1,0.3818237211489381
710_01_049_sort_pos_joh_04,2,-0.028925906309485893
710_01_049_sort_pos_joh_04,3,0.4045330255467088
710_01_049_sort_pos_joh_04,4,0.023993858358290054
710_01_049_sort_pos_joh_04,5,0.2789183006943726
710_01_049_sort_pos_joh_04,6,-0.4253234960329024
710_01_049_sort_pos_joh_04,7,-0.7726899225774209
710_01_049_sort_pos_joh_04,8,0.022628141110070943
710_01_050_sort_pos_joh_01,0,0.14648448814427859
710_01_050_sort_pos_joh_01,1,0.25416428388767437
710_01_050_sort_pos_joh_01,2,-0.20359463942371497
710_01_050_sort_pos_joh_01,3,0.14173798473750704
710_01_050_sort_pos_joh_01,4,-0.09368374128787983
710_01_050_sort_pos_joh_01,5,-0.09619778178325593
710_01_050_sort_pos_joh_01,6,-0.08919549868980957
710_01_050_sort_pos_joh_01,7,0.25416428388767437
710_01_050_sort_pos_joh_01,8,-0.31773101246955715
710_01_050_sort_pos_joh_02,0,-0.12403473458920883
710_01_050_sort_pos_joh_02,1,0.25491557319725233
710_01_050_sort_pos_joh_02,2,-0.12598815766974225
710_01_050_sort_pos_joh_02,3,-0.3947861861824598
710_01_050_sort_pos_joh_02,4,-0.4991341984846217
710_01_050_sort_pos_joh_02,5,-0.4866642633922876
710_01_050_sort_pos_joh_02,6,1.9345580813353425
710_01_050_sort_pos_joh_02,7,-0.3264729040547651
710_01_050_sort_pos_joh_02,8,0.15531745678900044
710_01_050_sort_pos_joh_03,0,1.1877228899880654
710_01_050_sort_pos_joh_03,1,-0.4185402533783539
710_01_050_sort_pos_joh_03,2,-0.42113487104341946
710_01_050_sort_pos_joh_03,3,-0.1129673097311421
710_01_050_sort_pos_joh_03,4,-0.011340959542474814
710_01_050_sort_pos_joh_03,5,-0.31399291281137953
710_01_050_sort_pos_joh_03,6,0.08944271909999142
710_01_050_sort_pos_joh_03,7,0.08944271909999141
710_01_050_sort_pos_joh_03,8,0.09534625892455936
710_01_050_sort_pos_joh_04,0,-0.017859990659227266
710_01_050_sort_pos_joh_04,1,1.266625661990427
710_01_050_sort_pos_joh_04,2,-0.017592660465642156
710_01_050_sort_pos_joh_04,3,0.3067672641386597
710_01_050_sort_pos_joh_04,4,0.1414213562373096
710_01_050_sort_pos_joh_04,5,-0.3314009499011368
710_01_050_sort_pos_joh_04,6,0.6391161786638978
710_01_050_sort_pos_joh_04,7,-0.8177858547149948
710_01_050_sort_pos_joh_04,8,-0.9899069531194047
710_01_051_sort_pos_joh_01,0,-0.3116676767024411
710_01_051_sort_pos_joh_01,1,0.8865193404172291
710_01_051_sort_pos_joh_01,2,0.8708893221049226
710_01_051_sort_pos_joh_01,3,-0.013216115512503884
710_01_051_sort_pos_joh_01,4,0.4205407781971574
710_01_051_sort_pos_joh_01,5,0.04813387654653787
710_01_051_sort_pos_joh_01,6,-1.09137190121708
710_01_051_sort_pos_joh_01,7,-0.3775671785271507
710_01_051_sort_pos_joh_01,8,-0.43589972224215384
710_01_051_sort_pos_joh_02,0,1.3516128414642865
710_01_051_sort_pos_joh_02,1,0.05072284894220495
710_01_051_sort_pos_joh_02,2,-0.05499889161513795
710_01_051_sort_pos_joh_02,3,0.40122190195998136
710_01_051_sort_pos_joh_02,4,-0.3872200404226767
710_01_051_sort_pos_joh_02,5,-0.8336000000517846
710_01_051_sort_pos_joh_02,6,-0.6996394733833301
710_01_051_sort_pos_joh_02,7,0.12356286643428616
710_01_051_sort_pos_joh_02,8,0.0891777902732245
710_01_051_sort_pos_joh_03,0,0.9990682032533987
710_01_051_sort_pos_joh_03,1,0.4517411826472003
710_01_051_sort_pos_joh_03,2,0.23596458909150445
710_01_051_sort_pos_joh_03,3,-0.9208238632325402
710_01_051_sort_pos_joh_03,4,-0.8063867299148189
710_01_051_sort_pos_joh_03,5,-0.566450414198815
710_01_051_sort_pos_joh_03,6,0.08177718153355334
710_01_051_sort_pos_joh_03,7,0.02510218561693949
710_01_051_sort_pos_joh_03,8,0.5315095895586138
710_01_051_sort_pos_joh_04,0,0.03713906763541024
710_01_051_sort_pos_joh_04,1,0.03745029431365678
710_01_051_sort_pos_joh_04,2,-1.0492746059526399
710_01_051_sort_pos_joh_04,3,0.03683547343418822
710_01_051_sort_pos_joh_04,4,0.036686441912353006
710_01_051_sort_pos_joh_04,5,0.6537596613082516
710_01_051_sort_pos_joh_04,6,0.035691530512412355
710_01_051_sort_pos_joh_04,7,0.40824829046386263
710_01_051_sort_pos_joh_04,8,-0.208309065384471
710_01_051_sort_pos_joh_05,0,0.47446270087079695
710_01_051_sort_pos_joh_05,1,0.06805888885393961
710_01_051_sort_pos_joh_05,2,0.4632478172058512
710_01_051_sort_pos_joh_05,3,0.0635142932063801
710_01_051_sort_pos_joh_05,4,-0.12598815766974253
710_01_051_sort_pos_joh_05,5,-0.5183210553488159
710_01_051_sort_pos_joh_05,6,-0.3192935110071503
710_01_051_sort_pos_joh_05,7,0.2621112169983113
710_01_051_sort_pos_joh_05,8,-0.33415943951558474
710_01_053_sort_pos_joh_01,0,-0.3150638769245625
710_01_053_sort_pos_joh_01,1,0.2676830959520237
710_01_053_sort_pos_joh_01,2,-0.7802816458067704
710_01_053_sort_pos_joh_01,3,0.6376988900149796
710_01_053_sort_pos_joh_01,4,0.9749134953100589
710_01_053_sort_pos_joh_01,5,-0.9992305186939494
710_01_053_sort_pos_joh_01,6,0.2523386656730614
710_01_053_sort_pos_joh_01,7,-0.3824423989514102
710_01_053_sort_pos_joh_01,8,0.3234686762529626
710_01_053_sort_pos_joh_02,0,0.6637215814210963
710_01_053_sort_pos_joh_02,1,0.7142278750440078
710_01_053_sort_pos_joh_02,2,0.3766586717190553
710_01_053_sort_pos_joh_02,3,-0.5510240298410215
710_01_053_sort_pos_joh_02,4,-0.6616222554481779
710_01_053_sort_pos_joh_02,5,-0.7238197286990081
710_01_053_sort_pos_joh_02,6,-0.6451556196348385
710_01_053_sort_pos_joh_02,7,0.5812419470081401
710_01_053_sort_pos_joh_02,8,0.28613467918731217
710_01_053_sort_pos_joh_03,0,-1.1438662884337683
710_01_053_sort_pos_joh_03,1,0.03277454550327849
710_01_053_sort_pos_joh_03,2,0.8802933361770352
710_01_053_sort_pos_joh_03,3,0.6038893451374892
710_01_053_sort_pos_joh_03,4,0.41499190944441716
710_01_053_sort_pos_joh_03,5,0.13554155383017158
710_01_053_sort_pos_joh_03,6,-0.16812711329390737
710_01_053_sort_pos_joh_03,7,-0.7814103059615444
710_01_053_sort_pos_joh_03,8,0.06753567670262704
710_01_053_sort_pos_joh_04,0,-0.1503216678461245
710_01_053_sort_pos_joh_04,1,-0.3537605170888494
710_01_053_sort_pos_joh_04,2,0.5855266604555457
710_01_053_sort_pos_joh_04,3,0.060674071512546765
710_01_053_sort_pos_joh_04,4,-0.4879500364742668
710_01_053_sort_pos_joh_04,5,0.4926191186640408
710_01_053_sort_pos_joh_04,6,-0.04569116623849522
710_01_053_sort_pos_joh_04,7,0.27017720549275837
710_01_053_sort_pos_joh_04,8,-0.35156974581672046
710_01_053_sort_pos_joh_05,0,-0.43432319047116624
710_01_053_sort_pos_joh_05,1,0.019857971798420873
710_01_053_sort_pos_joh_05,2,-0.03776349354993331
710_01_053_sort_pos_joh_05,3,0.3030457633656635
710_01_053_sort_pos_joh_05,4,0.3614915006686949
710_01_053_sort_pos_joh_05,5,0.3560344974581563
710_01_053_sort_pos_joh_05,6,0.47633691619548874
710_01_053_sort_pos_joh_05,7,-0.9788253834691121
710_01_053_sort_pos_joh_05,8,-0.03727067555968637
710_01_053_sort_pos_joh_06,0,0.2831196760730233
710_01_053_sort_pos_joh_06,1,-0.3268929384818832
710_01_053_sort_pos_joh_06,2,0.47360222277831493
710_01_053_sort_pos_joh_06,3,0.029498368211792223
710_01_053_sort_pos_joh_06,4,0.029362417255448296
710_01_053_sort_pos_joh_06,5,0.38127338868912547
710_01_053_sort_pos_joh_06,6,0.5026246899500351
710_01_053_sort_pos_joh_06,7,-0.5878963512522152
710_01_053_sort_pos_joh_06,8,-0.7884018276015263
710_01_055_sort_pos_joh_01,0,-0.07292062297098278
710_01_055_sort_pos_joh_01,1,-0.4406927792715032
710_01_055_sort_pos_joh_01,2,-0.6027525539947431
710_01_055_sort_pos_joh_01,3,0.14318884466632925
710_01_055_sort_pos_joh_01,4,0.8308331293711871
710_01_055_sort_pos_joh_01,5,-0.17107978455365813
710_01_055_sort_pos_joh_01,6,-0.6404751020143536
710_01_055_sort_pos_joh_01,7,0.34834622878161053
710_01_055_sort_pos_joh_01,8,0.5871077175106079
710_01_055_sort_pos_joh_02,0,-0.43447387804335014
710_01_055_sort_pos_joh_02,1,0.8253462739612454
710_01_055_sort_pos_joh_02,2,0.009976582514381492
710_01_055_sort_pos_joh_02,3,-0.17527636153436246
710_01_055_sort_pos_joh_02,4,0.18469247573320238
710_01_055_sort_pos_joh_02,5,0.009702338205672251
710_01_055_sort_pos_joh_02,6,-0.1752763615343625
710_01_055_sort_pos_joh_02,7,0.1822295711310584
710_01_055_sort_pos_joh_02,8,-0.3641292451238354
710_01_055_sort_pos_joh_03,0,-0.009376144618770127
710_01_055_sort_pos_joh_03,1,0.25658450024404256
710_01_055_sort_pos_joh_03,2,-0.2845904698636102
710_01_055_sort_pos_joh_03,3,-0.18539453081875776
710_01_055_sort_pos_joh_03,4,-0.5504680969081798
710_01_055_sort_pos_joh_03,5,0.5572159949986609
710_01_055_sort_pos_joh_03,6,-0.1862476594239904
710_01_055_sort_pos_joh_03,7,-0.009622950003751485
710_01_055_sort_pos_joh_03,8,0.4494478155449906
710_01_056_sort_pos_joh_01,0,-0.14693684348101455
710_01_056_sort_pos_joh_01,1,-0.32728545749738225
710_01_056_sort_pos_joh_01,2,0.3065162382263575
710_01_056_sort_pos_joh_01,3,-0.6861252941708154
710_01_056_sort_pos_joh_01,4,-0.41805780692676486
710_01_056_sort_pos_joh_01,5,0.13957867405740776
710_01_056_sort_pos_joh_01,6,-0.047026253789721785
710_01_056_sort_pos_joh_01,7,0.07669546319433863
710_01_056_sort_pos_joh_01,8,1.141337287391445
710_01_056_sort_pos_joh_02,0,-0.36001152055298946
710_01_056_sort_pos_joh_02,1,-0.6164397219157414
710_01_056_sort_pos_joh_02,2,-1.0718680194727555
710_01_056_sort_pos_joh_02,3,0.3120373835537398
710_01_056_sort_pos_joh_02,4,0.856961043717197
710_01_056_sort_pos_joh_02,5,0.2666166521153384
710_01_056_sort_pos_joh_02,6,-0.08643128798116496
710_01_056_sort_pos_joh_02,7,0.19160041630983685
710_01_056_sort_pos_joh_02,8,0.48989794855663577
710_01_056_sort_pos_joh_03,0,-0.6324039093317138
710_01_056_sort_pos_joh_03,1,-0.6802513503162115
710_01_056_sort_pos_joh_03,2,0.3089124631022512
710_01_056_sort_pos_joh_03,3,0.0970189666564893
710_01_056_sort_pos_joh_03,4,0.4047064995552143
710_01_056_sort_pos_joh_03,5,-0.20696527265060463
710_01_056_sort_pos_joh_03,6,1.0545021917468453
710_01_056_sort_pos_joh_03,7,0.3069711243888615
710_01_056_sort_pos_joh_03,8,-0.6529371599931532
710_01_056_sort_pos_joh_04,0,-0.6617276548977441
710_01_056_sort_pos_joh_04,1,-0.5835647522105882
710_01_056_sort_pos_joh_04,2,-0.18189523533686994
710_01_056_sort_pos_joh_04,3,0.033438515413097794
710_01_056_sort_pos_joh_04,4,0.5049909775691406
710_01_056_sort_pos_joh_04,5,0.7329721787739667
710_01_056_sort_pos_joh_04,6,0.16145143060637504
710_01_056_sort_pos_joh_04,7,-0.27083813138694796
710_01_056_sort_pos_joh_04,8,0.3307848985393006
710_01_056_sort_pos_joh_05,0,-0.08543576577167579
710_01_056_sort_pos_joh_05,1,-0.2803000318530322
710_01_056_sort_pos_joh_05,2,-0.5819258832312257
710_01_056_sort_pos_joh_05,3,-0.36603590196434455
710_01_056_sort_pos_joh_05,4,0.3942645466663642
710_01_056_sort_pos_joh_05,5,0.9069197719523721
710_01_056_sort_pos_joh_05,6,0.20301416340319534
710_01_056_sort_pos_joh_05,7,-0.17896719968042757
710_01_056_sort_pos_joh_05,8,0.11138647983852815
710_01_056_sort_pos_joh_06,0,0.8455310511158176
710_01_056_sort_pos_joh_06,1,0.05031546054266258
710_01_056_sort_pos_joh_06,2,-0.30563603375838383
710_01_056_sort_pos_joh_06,3,-0.3922322702763676
710_01_056_sort_pos_joh_06,4,0.2646954745882822
710_01_056_sort_pos_joh_06,5,0.6087543674748801
710_01_056_sort_pos_joh_06,6,0.16281831568213898
710_01_056_sort_pos_joh_06,7,-0.5013813728021526
710_01_056_sort_pos_joh_06,8,-0.7455225870690395
710_01_068_sort_pos_joh_01,0,-1.5417214239088437
710_01_068_sort_pos_joh_01,1,-0.6398930756905027
710_01_068_sort_pos_joh_01,2,0.6803920187367234
710_01_068_sort_pos_joh_01,3,-0.01630844279210515
710_01_068_sort_pos_joh_01,4,0.8103046826887268
710_01_068_sort_pos_joh_01,5,0.2938369633551156
710_01_068_sort_pos_joh_01,6,0.40006109965528147
710_01_068_sort_pos_joh_01,7,0.05506086434581489
710_01_068_sort_pos_joh_01,8,-0.21216028242795604
710_01_068_sort_pos_joh_02,0,-1.0741320753655719
710_01_068_sort_pos_joh_02,1,-0.4872875106609372
710_01_068_sort_pos_joh_02,2,2.150921307564185
710_01_068_sort_pos_joh_02,3,-0.23292042452292558
710_01_068_sort_pos_joh_02,4,0.22399601788396742
710_01_068_sort_pos_joh_02,5,0.05500190982169297
710_01_068_sort_pos_joh_02,6,-0.06912589196258086
710_01_068_sort_pos_joh_02,7,0.3137454842240943
710_01_068_sort_pos_joh_02,8,-0.3616230286594705
710_01_068_sort_pos_joh_03,0,-0.45138152081879873
710_01_068_sort_pos_joh_03,1,-0.5896343388549423
710_01_068_sort_pos_joh_03,2,0.8313672405040012
710_01_068_sort_pos_joh_03,3,-0.2551563311439095
710_01_068_sort_pos_joh_03,4,0.8055804475639264
710_01_068_sort_pos_joh_03,5,0.6911149547984258
710_01_068_sort_pos_joh_03,6,-0.4501998273270448
710_01_068_sort_pos_joh_03,7,-0.47030339362408446
710_01_068_sort_pos_joh_03,8,0.0815755321963369
710_01_068_sort_pos_joh_04,0,-0.04437656187444874
710_01_068_sort_pos_joh_04,1,-0.27768405380024974
710_01_068_sort_pos_joh_04,2,-0.04278821329950118
710_01_068_sort_pos_joh_04,3,0.2058683713923895
710_01_068_sort_pos_joh_04,4,0.11028439796584444
710_01_068_sort_pos_joh_04,5,-0.5338328265446817
710_01_068_sort_pos_joh_04,6,0.12074882111947458
710_01_068_sort_pos_joh_04,7,-0.26998692282513076
710_01_068_sort_pos_joh_04,8,0.7469082801775329
710_01_069_sort_pos_joh_01,0,0.3720026238384108
710_01_069_sort_pos_joh_01,1,-0.4798738213969911
710_01_069_sort_pos_joh_01,2,-0.09835121640717087
710_01_069_sort_pos_joh_01,3,-0.01406746364058205
710_01_069_sort_pos_joh_01,4,0.3786764722707981
710_01_069_sort_pos_joh_01,5,1.4677303147024974
710_01_069_sort_pos_joh_01,6,-0.5217366089335438
710_01_069_sort_pos_joh_01,7,-0.22478059477960663
710_01_069_sort_pos_joh_01,8,-0.22337423731498207
710_01_069_sort_pos_joh_03,0,
710_01_069_sort_pos_joh_03,1,
710_01_069_sort_pos_joh_03,2,
710_01_069_sort_pos_joh_03,3,
710_01_069_sort_pos_joh_03,4,
710_01_069_sort_pos_joh_03,5,
710_01_069_sort_pos_joh_03,6,
710_01_069_sort_pos_joh_03,7,
710_01_069_sort_pos_joh_03,8,
710_01_069_sort_pos_joh_04,0,0.0
710_01_069_sort_pos_joh_04,1,0.0
710_01_069_sort_pos_joh_04,2,-0.4256853928563619
710_01_069_sort_pos_joh_04,3,-0.4256853928563619
710_01_069_sort_pos_joh_04,4,-0.4256853928563619
710_01_069_sort_pos_joh_04,5,0.9649012813540154
710_01_069_sort_pos_joh_04,6,1.1338934190276817
710_01_069_sort_pos_joh_04,7,0.0
710_01_069_sort_pos_joh_04,8,-0.42568539285636187
710_01_070_sort_pos_joh_01,0,-0.3883786668018931
710_01_070_sort_pos_joh_01,1,0.2884938111519094
710_01_070_sort_pos_joh_01,2,0.27387536735401535
710_01_070_sort_pos_joh_01,3,0.30203912177890185
710_01_070_sort_pos_joh_01,4,-0.18561633568967448
710_01_070_sort_pos_joh_01,5,0.0923234754474684
710_01_070_sort_pos_joh_01,6,-0.09647349620764994
710_01_070_sort_pos_joh_01,7,-0.760638829255665
710_01_070_sort_pos_joh_01,8,0.5059374430161636
710_01_070_sort_pos_joh_02,0,-0.7359303219609088
710_01_070_sort_pos_joh_02,1,-0.3428176532904368
710_01_070_sort_pos_joh_02,2,-0.6653172065430848
710_01_070_sort_pos_joh_02,3,0.39371720206154764
710_01_070_sort_pos_joh_02,4,1.9886761813859233
710_01_070_sort_pos_joh_02,5,0.19175540883689549
710_01_070_sort_pos_joh_02,6,0.2437923722390667
710_01_070_sort_pos_joh_02,7,-0.5082779715310978
710_01_070_sort_pos_joh_02,8,-0.25754579295906993
710_01_070_sort_pos_joh_03,0,-0.28915380978847344
710_01_070_sort_pos_joh_03,1,0.16302302211619144
710_01_070_sort_pos_joh_03,2,-0.2370674871690314
710_01_070_sort_pos_joh_03,3,0.21947564065307307
710_01_070_sort_pos_joh_03,4,-0.2802586566461286
710_01_070_sort_pos_joh_03,5,0.27967105989950714
710_01_070_sort_pos_joh_03,6,-0.22262108873839836
710_01_070_sort_pos_joh_03,7,-0.41202096209968303
710_01_070_sort_pos_joh_03,8,0.7775081347991671
710_01_070_sort_pos_joh_04,0,0.39111497399412765
710_01_070_sort_pos_joh_04,1,0.6016299267309017
710_01_070_sort_pos_joh_04,2,0.07784989441615228
710_01_070_sort_pos_joh_04,3,-0.41396108948629656
710_01_070_sort_pos_joh_04,4,-0.40165865318825184
710_01_070_sort_pos_joh_04,5,0.5374465673387582
710_01_070_sort_pos_joh_04,6,-0.40165865318825184
710_01_070_sort_pos_joh_04,7,0.07053456158585981
710_01_070_sort_pos_joh_04,8,-0.41396108948629656
710_01_070_sort_pos_joh_05,0,0.16590037908279948
710_01_070_sort_pos_joh_05,1,-0.08414890701798224
710_01_070_sort_pos_joh_05,2,-0.4541905656215265
710_01_070_sort_pos_joh_05,3,-0.2150993630056896
710_01_070_sort_pos_joh_05,4,0.16590037908279928
710_01_070_sort_pos_joh_05,5,0.16903085094570347
710_01_070_sort_pos_joh_05,6,-0.579986585499413
710_01_070_sort_pos_joh_05,7,-0.08114037255597457
710_01_070_sort_pos_joh_05,8,1.0083683467310323
710_01_071_sort_pos_joh_01,0,-0.10365059815378046
710_01_071_sort_pos_joh_01,1,0.08944271909999142
710_01_071_sort_pos_joh_01,2,0.2632312536666744
710_01_071_sort_pos_joh_01,3,0.2685698199464829
710_01_071_sort_pos_joh_01,4,-0.4695833740957807
710_01_071_sort_pos_joh_01,5,-0.5386845276191019
710_01_071_sort_pos_joh_01,6,-0.47927068635022496
710_01_071_sort_pos_joh_01,7,0.6528124384711249
710_01_071_sort_pos_joh_01,8,0.2742469561698039
710_01_071_sort_pos_joh_02,0,-0.5538487756217112
710_01_071_sort_pos_joh_02,1,0.6904602208326344
710_01_071_sort_pos_joh_02,2,0.21077072228088706
710_01_071_sort_pos_joh_02,3,-0.05744849896214259
710_01_071_sort_pos_joh_02,4,-0.05581455721859475
710_01_071_sort_pos_joh_02,5,-0.18626629987549595
710_01_071_sort_pos_joh_02,6,-0.18099250395977637
710_01_071_sort_pos_joh_02,7,-0.3115010094837297
710_01_071_sort_pos_joh_02,8,0.4747126632775416
710_01_071_sort_pos_joh_03,0,0.852966850207233
710_01_071_sort_pos_joh_03,1,0.08692913816996159
710_01_071_sort_pos_joh_03,2,0.09065968278232518
710_01_071_sort_pos_joh_03,3,-0.7223151185146155
710_01_071_sort_pos_joh_03,4,-0.045027587848925264
710_01_071_sort_pos_joh_03,5,0.09271455408231183
710_01_071_sort_pos_joh_03,6,-0.17349447958987202
710_01_071_sort_pos_joh_03,7,0.08968219133339254
710_01_071_sort_pos_joh_03,8,-0.17708440083028634
710_01_071_sort_pos_joh_04,0,-0.6213664431593422
710_01_071_sort_pos_joh_04,1,0.6075304364080837
710_01_071_sort_pos_joh_04,2,0.26726124191242456
710_01_071_sort_pos_joh_04,3,0.699286559321268
710_01_071_sort_pos_joh_04,4,0.2672612419124245
710_01_071_sort_pos_joh_04,5,-0.03313147809612868
710_01_071_sort_pos_joh_04,6,-0.32897584747988456
710_01_071_sort_pos_joh_04,7,-0.32897584747988445
710_01_071_sort_pos_joh_04,8,-0.32897584747988456
710_01_071_sort_pos_joh_05,0,0.019121472563061074
710_01_071_sort_pos_joh_05,1,0.9460935802581862
710_01_071_sort_pos_joh_05,2,-0.5018594337134188
710_01_071_sort_pos_joh_05,3,0.5980503604017325
710_01_071_sort_pos_joh_05,4,0.019466160726095152
710_01_071_sort_pos_joh_05,5,-0.5018594337134189
710_01_071_sort_pos_joh_05,6,0.19657028349268765
710_01_071_sort_pos_joh_05,7,-0.493118107177073
710_01_071_sort_pos_joh_05,8,-0.15430334996209213
711_01_002_sort_pos_joh_01,0,-0.14858823677143732
711_01_002_sort_pos_joh_01,1,-0.1479229681298036
711_01_002_sort_pos_joh_01,2,1.829512335190825
711_01_002_sort_pos_joh_01,3,-0.2789856062832235
711_01_002_sort_pos_joh_01,4,-0.019657028349268812
711_01_002_sort_pos_joh_01,5,-0.3434541857751218
711_01_002_sort_pos_joh_01,6,0.11250632622561664
711_01_002_sort_pos_joh_01,7,0.3778897099834721
711_01_002_sort_pos_joh_01,8,0.04614760514152558
711_01_002_sort_pos_joh_01,9,-0.7410991322229893
711_01_002_sort_pos_joh_02,0,-0.09642053928037905
711_01_002_sort_pos_joh_02,1,-0.09642053928037905
711_01_002_sort_pos_joh_02,2,0.43757679099553554
711_01_002_sort_pos_joh_02,3,0.15075567228888173
711_01_002_sort_pos_joh_02,4,-0.334855411264458
711_01_002_sort_pos_joh_02,5,-0.09642053928037905
711_01_002_sort_pos_joh_02,6,-0.33485541126445795
711_01_002_sort_pos_joh_02,7,1.6263455967290592
711_01_002_sort_pos_joh_02,8,-0.33485541126445795
711_01_002_sort_pos_joh_02,9,-0.33485541126445795
711_01_004_sort_pos_joh_01,0,-0.22340859401971658
711_01_004_sort_pos_joh_01,1,-0.13768058048836612
711_01_004_sort_pos_joh_01,2,-0.24602862833395103
711_01_004_sort_pos_joh_01,3,0.5633794085700816
711_01_004_sort_pos_joh_01,4,0.29503930716276494
711_01_004_sort_pos_joh_01,5,-0.3851564424197121
711_01_004_sort_pos_joh_01,6,-0.5555838995037159
711_01_004_sort_pos_joh_01,7,-0.2182486403087493
711_01_004_sort_pos_joh_01,8,-0.30065841120113135
711_01_004_sort_pos_joh_01,9,1.360368483036326
711_01_004_sort_pos_joh_03,0,-0.19611613513818396
711_01_004_sort_pos_joh_03,1,-0.19611613513818396
711_01_004_sort_pos_joh_03,2,1.0988845115895127
711_01_004_sort_pos_joh_03,3,1.0988845115895127
711_01_004_sort_pos_joh_03,4,-0.19611613513818402
711_01_004_sort_pos_joh_03,5,-0.19611613513818402
711_01_004_sort_pos_joh_03,6,-0.19611613513818402
711_01_004_sort_pos_joh_03,7,-0.19611613513818402
711_01_004_sort_pos_joh_03,8,-0.19611613513818402
711_01_004_sort_pos_joh_03,9,-0.19611613513818402
711_01_004_sort_pos_joh_04,0,
711_01_004_sort_pos_joh_04,1,
711_01_004_sort_pos_joh_04,2,
711_01_004_sort_pos_joh_04,3,
711_01_004_sort_pos_joh_04,4,
711_01_004_sort_pos_joh_04,5,
711_01_004_sort_pos_joh_04,6,
711_01_004_sort_pos_joh_04,7,
711_01_004_sort_pos_joh_04,8,
711_01_004_sort_pos_joh_04,9,
711_01_006_sort_pos_joh_02,0,0.9362924091343745
711_01_006_sort_pos_joh_02,1,-0.07668706270653833
711_01_006_sort_pos_joh_02,2,-0.5758381047392382
711_01_006_sort_pos_joh_02,3,0.23015858222750019
711_01_006_sort_pos_joh_02,4,0.4646209295685491
711_01_006_sort_pos_joh_02,5,0.2846805387470593
711_01_006_sort_pos_joh_02,6,-0.198088693354221
711_01_006_sort_pos_joh_02,7,0.061567612871948105
711_01_006_sort_pos_joh_02,8,-0.25569199143441707
711_01_006_sort_pos_joh_02,9,-0.7555290802765244
711_01_006_sort_pos_joh_03,0,0.5643930646976184
711_01_006_sort_pos_joh_03,1,0.3685811851304329
711_01_006_sort_pos_joh_03,2,0.3020014213132444
711_01_006_sort_pos_joh_03,3,-0.38528661912493395
711_01_006_sort_pos_joh_03,4,0.42045004777954836
711_01_006_sort_pos_joh_03,5,-0.19296124624698996
711_01_006_sort_pos_joh_03,6,-0.4713139270512134
711_01_006_sort_pos_joh_03,7,0.47889850371976544
711_01_006_sort_pos_joh_03,8,-0.662049629709842
711_01_006_sort_pos_joh_03,9,-0.28668087344975685
711_01_006_sort_pos_joh_04,0,-0.3132057248629993
711_01_006_sort_pos_joh_04,1,-0.10754733830691242
711_01_006_sort_pos_joh_04,2,-0.023964558660395312
711_01_006_sort_pos_joh_04,3,0.190157514874393
711_01_006_sort_pos_joh_04,4,-0.3114963388070174
711_01_006_sort_pos_joh_04,5,-0.47722484381444424
711_01_006_sort_pos_joh_04,6,-0.4716538422527529
711_01_006_sort_pos_joh_04,7,1.3269669925373393
711_01_006_sort_pos_joh_04,8,0.18589410585608115
711_01_006_sort_pos_joh_04,9,0.1014040253126789
711_01_006_sort_pos_joh_05,0,-0.07071067811865475
711_01_006_sort_pos_joh_05,1,0.6764814252025457
711_01_006_sort_pos_joh_05,2,0.6764814252025461
711_01_006_sort_pos_joh_05,3,-0.3070104848595891
711_01_006_sort_pos_joh_05,4,0.16476290360524756
711_01_006_sort_pos_joh_05,5,-0.2981620006687967
711_01_006_sort_pos_joh_05,6,-0.5287705633524584
711_01_006_sort_pos_joh_05,7,0.6546536707079772
711_01_006_sort_pos_joh_05,8,-0.5287705633524584
711_01_006_sort_pos_joh_05,9,-0.2981620006687968
711_01_007_sort_pos_joh_01,0,-1.1800292039029863
711_01_007_sort_pos_joh_01,1,-1.1957087324625855
711_01_007_sort_pos_joh_01,2,0.5325843713446129
711_01_007_sort_pos_joh_01,3,-0.08186871882015737
711_01_007_sort_pos_joh_01,4,0.14567194332373692
711_01_007_sort_pos_joh_01,5,-0.11598599771581448
711_01_007_sort_pos_joh_01,6,0.34095218089073326
711_01_007_sort_pos_joh_01,7,-0.9582674301241423
711_01_007_sort_pos_joh_01,8,1.0503674719709333
711_01_007_sort_pos_joh_01,9,1.4383828501988136
711_01_007_sort_pos_joh_02,0,-0.8452522190185575
711_01_007_sort_pos_joh_02,1,-0.05799335047702961
711_01_007_sort_pos_joh_02,2,0.201946898099504
711_01_007_sort_pos_joh_02,3,0.13641829285935805
711_01_007_sort_pos_joh_02,4,-0.056857353268417545
711_01_007_sort_pos_joh_02,5,-0.6934942405370291
711_01_007_sort_pos_joh_02,6,-0.244587425779735
711_01_007_sort_pos_joh_02,7,-0.5803744443568545
711_01_007_sort_pos_joh_02,8,0.5097970656333184
711_01_007_sort_pos_joh_02,9,1.9825952192376908
711_01_008_sort_pos_joh_02,0,-0.2182178902359924
711_01_008_sort_pos_joh_02,1,0.02506273535585441
711_01_008_sort_pos_joh_02,2,1.1624483531036727
711_01_008_sort_pos_joh_02,3,0.5466081666101209
711_01_008_sort_pos_joh_02,4,-0.22549380840084865
711_01_008_sort_pos_joh_02,5,-0.22549380840084865
711_01_008_sort_pos_joh_02,6,0.02425356250363334
711_01_008_sort_pos_joh_02,7,0.02425356250363343
711_01_008_sort_pos_joh_02,8,-0.7039747410693383
711_01_008_sort_pos_joh_02,9,-0.2182178902359924
711_01_008_sort_pos_joh_03,0,-0.34657943108728445
711_01_008_sort_pos_joh_03,1,0.43305019054662414
711_01_008_sort_pos_joh_03,2,1.5785335202159123
711_01_008_sort_pos_joh_03,3,0.19487094073848937
711_01_008_sort_pos_joh_03,4,-0.6751906048969997
711_01_008_sort_pos_joh_03,5,-0.5688243019723217
711_01_008_sort_pos_joh_03,6,0.31078514948643965
711_01_008_sort_pos_joh_03,7,0.19611613513818418
711_01_008_sort_pos_joh_03,8,-0.23941346297349403
711_01_008_sort_pos_joh_03,9,-0.5616127150558049
711_01_008_sort_pos_joh_04,0,0.11495012246792578
711_01_008_sort_pos_joh_04,1,0.36760731104690386
711_01_008_sort_pos_joh_04,2,0.34585723193303725
711_01_008_sort_pos_joh_04,3,0.6362332481991094
711_01_008_sort_pos_joh_04,4,-0.3340765523905305
711_01_008_sort_pos_joh_04,5,-0.3340765523905305
711_01_008_sort_pos_joh_04,6,-0.3340765523905305
711_01_008_sort_pos_joh_04,7,0.11180339887498957
711_01_008_sort_pos_joh_04,8,0.12213299218650778
711_01_008_sort_pos_joh_04,9,-0.5561050666251612
711_01_008_sort_pos_joh_05,0,0.4583492485141057
711_01_008_sort_pos_joh_05,1,0.4583492485141056
711_01_008_sort_pos_joh_05,2,1.1026356928399428
711_01_008_sort_pos_joh_05,3,0.0
711_01_008_sort_pos_joh_05,4,-0.4271788288583803
711_01_008_sort_pos_joh_05,5,-0.4271788288583803
711_01_008_sort_pos_joh_05,6,-0.4271788288583803
711_01_008_sort_pos_joh_05,7,-0.4271788288583803
711_01_008_sort_pos_joh_05,8,0.0
711_01_008_sort_pos_joh_05,9,0.0
711_01_010_sort_pos_joh_01,0,-0.3794888088754652
711_01_010_sort_pos_joh_01,1,-0.3833099747353756
711_01_010_sort_pos_joh_01,2,0.16724840200141827
711_01_010_sort_pos_joh_01,3,-0.10878565864408428
711_01_010_sort_pos_joh_01,4,-0.3794888088754652
711_01_010_sort_pos_joh_01,5,0.02711381526323825
711_01_010_sort_pos_joh_01,6,3.021932406871158
711_01_010_sort_pos_joh_01,7,0.16552117772047373
711_01_010_sort_pos_joh_01,8,-0.5168752625177329
711_01_010_sort_pos_joh_01,9,-0.3833099747353755
711_01_010_sort_pos_joh_02,0,-0.3194382824999699
711_01_010_sort_pos_joh_02,1,-0.3194382824999699
711_01_010_sort_pos_joh_02,2,-0.3194382824999699
711_01_010_sort_pos_joh_02,3,0.3535533905932736
711_01_010_sort_pos_joh_02,4,-0.3194382824999699
711_01_010_sort_pos_joh_02,5,0.3535533905932736
711_01_010_sort_pos_joh_02,6,0.3535533905932736
711_01_010_sort_pos_joh_02,7,1.2126781251816647
711_01_010_sort_pos_joh_02,8,-0.3194382824999699
711_01_010_sort_pos_joh_02,9,-0.3194382824999699
711_01_017_sort_pos_joh_01,0,0.05355182557804077
711_01_017_sort_pos_joh_01,1,0.18930617312985734
711_01_017_sort_pos_joh_01,2,0.08449896623828829
711_01_017_sort_pos_joh_01,3,-0.1263933882980986
711_01_017_sort_pos_joh_01,4,1.977382918693421
711_01_017_sort_pos_joh_01,5,-0.40382783841251463
711_01_017_sort_pos_joh_01,6,-0.5446323762457855
711_01_017_sort_pos_joh_01,7,-0.49156228152365644
711_01_017_sort_pos_joh_01,8,-0.5747506123396303
711_01_017_sort_pos_joh_01,9,0.154897586489327
711_01_017_sort_pos_joh_02,0,-0.2907165165271347
711_01_017_sort_pos_joh_02,1,0.0789287862681877
711_01_017_sort_pos_joh_02,2,-0.23492049286746985
711_01_017_sort_pos_joh_02,3,0.5916079783099619
711_01_017_sort_pos_joh_02,4,0.42059895561034816
711_01_017_sort_pos_joh_02,5,-0.18426157537491417
711_01_017_sort_pos_joh_02,6,0.527249166287915
711_01_017_sort_pos_joh_02,7,-0.2349204928674699
711_01_017_sort_pos_joh_02,8,0.08697296430744252
711_01_017_sort_pos_joh_02,9,-0.6646585908857974
711_01_017_sort_pos_joh_03,0,-0.18596271821212307
711_01_017_sort_pos_joh_03,1,-0.08638684255813596
711_01_017_sort_pos_joh_03,2,-0.29923001537515626
711_01_017_sort_pos_joh_03,3,-0.39572600034149247
711_01_017_sort_pos_joh_03,4,0.4451741005242255
711_01_017_sort_pos_joh_03,5,-0.4104092917715498
711_01_017_sort_pos_joh_03,6,-0.08428995039221787
711_01_017_sort_pos_joh_03,7,-0.5049555224782428
711_01_017_sort_pos_joh_03,8,0.5666922820348048
711_01_017_sort_pos_joh_03,9,1.1069083482782711
711_01_017_sort_pos_joh_04,0,-0.23491331550389155
711_01_017_sort_pos_joh_04,1,0.3153052532766386
711_01_017_sort_pos_joh_04,2,-0.3711537444790448
711_01_017_sort_pos_joh_04,3,0.04331480818242084
711_01_017_sort_pos_joh_04,4,0.4648348401006844
711_01_017_sort_pos_joh_04,5,0.04192218081503212
711_01_017_sort_pos_joh_04,6,0.19571567068939513
711_01_017_sort_pos_joh_04,7,-0.23737368499629252
711_01_017_sort_pos_joh_04,8,-0.09435367655300855
711_01_017_sort_pos_joh_04,9,-0.09828979235280234
711_01_018_sort_pos_joh_01,0,-0.3418986420767093
711_01_018_sort_pos_joh_01,1,0.1123311912603464
711_01_018_sort_pos_joh_01,2,-0.24900942632861528
711_01_018_sort_pos_joh_01,3,0.9794570432566515
711_01_018_sort_pos_joh_01,4,-0.07260735958267829
711_01_018_sort_pos_joh_01,5,0.6237222542610452
711_01_018_sort_pos_joh_01,6,0.198037531668714
711_01_018_sort_pos_joh_01,7,-0.24900942632861545
711_01_018_sort_pos_joh_01,8,-0.5117536386655465
711_01_018_sort_pos_joh_01,9,-0.3375012234149361
711_01_018_sort_pos_joh_02,0,0.048679238351123484
711_01_018_sort_pos_joh_02,1,-0.420084025208403
711_01_018_sort_pos_joh_02,2,1.2639240088533825
711_01_018_sort_pos_joh_02,3,0.04719291781830086
711_01_018_sort_pos_joh_02,4,-0.18767763553943528
711_01_018_sort_pos_joh_02,5,0.04719291781830086
711_01_018_sort_pos_joh_02,6,-0.420084025208403
711_01_018_sort_pos_joh_02,7,-0.18767763553943528
711_01_018_sort_pos_joh_02,8,0.2849881999516386
711_01_018_sort_pos_joh_02,9,0.04719291781830081
711_01_040_sort_pos_joh_01,0,-0.8248030870525142
711_01_040_sort_pos_joh_01,1,-0.4101710496131292
711_01_040_sort_pos_joh_01,2,0.9597030518428673
711_01_040_sort_pos_joh_01,3,-0.3198216782974271
711_01_040_sort_pos_joh_01,4,0.2675509560808619
711_01_040_sort_pos_joh_01,5,-0.043046033825473666
711_01_040_sort_pos_joh_01,6,0.09176320196082813
711_01_040_sort_pos_joh_01,7,-0.6684545907440421
711_01_040_sort_pos_joh_01,8,0.09127089232445271
711_01_040_sort_pos_joh_01,9,0.914853982576495
711_01_040_sort_pos_joh_02,0,-0.5243387303742633
711_01_040_sort_pos_joh_02,1,-0.12779012380849142
711_01_040_sort_pos_joh_02,2,1.082572044277437
711_01_040_sort_pos_joh_02,3,-0.2816320403303579
711_01_040_sort_pos_joh_02,4,0.4316529199445264
711_01_040_sort_pos_joh_02,5,-0.4259708297147922
711_01_040_sort_pos_joh_02,6,0.2870302486435247
711_01_040_sort_pos_joh_02,7,-0.5750877581804174
711_01_040_sort_pos_joh_02,8,-0.10192178104090124
711_01_040_sort_pos_joh_02,9,0.34502467831333716
711_01_040_sort_pos_joh_03,0,-0.44331034746678666
711_01_040_sort_pos_joh_03,1,-0.09265644699876176
711_01_040_sort_pos_joh_03,2,0.9414688716912718
711_01_040_sort_pos_joh_03,3,-0.1627811286744705
711_01_040_sort_pos_joh_03,4,0.2660562645084267
711_01_040_sort_pos_joh_03,5,-0.4635863249727655
711_01_040_sort_pos_joh_03,6,0.11886077670679675
711_01_040_sort_pos_joh_03,7,-0.16278112867447073
711_01_040_sort_pos_joh_03,8,-0.5130043762473099
711_01_040_sort_pos_joh_03,9,0.6249941941207343
711_01_040_sort_pos_joh_04,0,-0.43406607926570634
711_01_040_sort_pos_joh_04,1,0.023518021709590057
711_01_040_sort_pos_joh_04,2,0.2514983847516145
711_01_040_sort_pos_joh_04,3,0.49497474683058307
711_01_040_sort_pos_joh_04,4,0.8757621239158236
711_01_040_sort_pos_joh_04,5,0.023518021709590057
711_01_040_sort_pos_joh_04,6,-0.2116036847575795
711_01_040_sort_pos_joh_04,7,-0.20555661294825953
711_01_040_sort_pos_joh_04,8,-0.2116036847575795
711_01_040_sort_pos_joh_04,9,-0.43406607926570634
711_01_043_sort_pos_joh_01,0,0.20373053842133457
711_01_043_sort_pos_joh_01,1,-0.3652307257248481
711_01_043_sort_pos_joh_01,2,-0.664176904712874
711_01_043_sort_pos_joh_01,3,0.15468550497038658
711_01_043_sort_pos_joh_01,4,0.1125681771593361
711_01_043_sort_pos_joh_01,5,1.0761255086244337
711_01_043_sort_pos_joh_01,6,0.008133980136998948
711_01_043_sort_pos_joh_01,7,-0.14598442113928645
711_01_043_sort_pos_joh_01,8,0.02850236344925542
711_01_043_sort_pos_joh_01,9,-0.24471186845759743
711_01_043_sort_pos_joh_02,0,-0.1680274459748631
711_01_043_sort_pos_joh_02,1,0.03939990214363018
711_01_043_sort_pos_joh_02,2,0.855446718792276
711_01_043_sort_pos_joh_02,3,-0.14684902756897641
711_01_043_sort_pos_joh_02,4,-0.2702434469464253
711_01_043_sort_pos_joh_02,5,-0.76460777228853
711_01_043_sort_pos_joh_02,6,0.17606850880483574
711_01_043_sort_pos_joh_02,7,0.21624489060349844
711_01_043_sort_pos_joh_02,8,0.020551451441461824
711_01_043_sort_pos_joh_02,9,0.0591857460934889
711_01_043_sort_pos_joh_03,0,-0.2565669241662478
711_01_043_sort_pos_joh_03,1,-0.07954031910179062
711_01_043_sort_pos_joh_03,2,0.491153812691375
711_01_043_sort_pos_joh_03,3,0.3572252404383517
711_01_043_sort_pos_joh_03,4,0.3568245311830682
711_01_043_sort_pos_joh_03,5,0.25734089551557404
711_01_043_sort_pos_joh_03,6,0.3976407667712867
711_01_043_sort_pos_joh_03,7,-1.031529881981631
711_01_043_sort_pos_joh_03,8,-0.35944881437262916
711_01_043_sort_pos_joh_03,9,-0.14474264865019226
711_01_043_sort_pos_joh_04,0,-0.6702772697836971
711_01_043_sort_pos_joh_04,1,0.03449670779130484
711_01_043_sort_pos_joh_04,2,0.23456148075741004
711_01_043_sort_pos_joh_04,3,-8.054649699887589e-16
711_01_043_sort_pos_joh_04,4,-0.2727644351864223
711_01_043_sort_pos_joh_04,5,-0.34311627248620263
711_01_043_sort_pos_joh_04,6,0.03515812769673166
711_01_043_sort_pos_joh_04,7,-0.477104870595574
711_01_043_sort_pos_joh_04,8,0.6271472455890647
711_01_043_sort_pos_joh_04,9,0.8907916284155307
711_01_043_sort_pos_joh_05,0,-0.23153942057946786
711_01_043_sort_pos_joh_05,1,0.09667364890456626
711_01_043_sort_pos_joh_05,2,0.26385976282048274
711_01_043_sort_pos_joh_05,3,0.09667364890456624
711_01_043_sort_pos_joh_05,4,0.6460582824697987
711_01_043_sort_pos_joh_05,5,0.2638597628204826
711_01_043_sort_pos_joh_05,6,-0.5533028716685012
711_01_043_sort_pos_joh_05,7,-0.3826918985879518
711_01_043_sort_pos_joh_05,8,-0.23153942057946783
711_01_043_sort_pos_joh_05,9,0.1025978352085153
711_01_043_sort_pos_joh_06,0,0.34912981118193687
711_01_043_sort_pos_joh_06,1,0.5310618628043176
711_01_043_sort_pos_joh_06,2,-0.2994901085547089
711_01_043_sort_pos_joh_06,3,-0.20797829061219936
711_01_043_sort_pos_joh_06,4,-0.3421221136849814
711_01_043_sort_pos_joh_06,5,-0.16078025257567483
711_01_043_sort_pos_joh_06,6,-0.6711687821747655
711_01_043_sort_pos_joh_06,7,0.989907109368376
711_01_043_sort_pos_joh_06,8,0.0026937059132342268
711_01_043_sort_pos_joh_06,9,-0.15509998059490415
711_01_043_sort_pos_joh_07,0,0.8422691784694694
711_01_043_sort_pos_joh_07,1,-0.21711804506974353
711_01_043_sort_pos_joh_07,2,-0.33461785960870605
711_01_043_sort_pos_joh_07,3,0.06741041158374084
711_01_043_sort_pos_joh_07,4,-0.6073841098303984
711_01_043_sort_pos_joh_07,5,-0.22563156632667578
711_01_043_sort_pos_joh_07,6,0.12398745023603681
711_01_043_sort_pos_joh_07,7,0.2981178978506641
711_01_043_sort_pos_joh_07,8,0.06811039424772881
711_01_043_sort_pos_joh_07,9,0.06706841743603403
711_01_043_sort_pos_joh_08,0,-0.223606797749979
711_01_043_sort_pos_joh_08,1,-0.8016376680394155
711_01_043_sort_pos_joh_08,2,0.37139067635410417
711_01_043_sort_pos_joh_08,3,0.3631365196012816
711_01_043_sort_pos_joh_08,4,-0.4211345892347341
711_01_043_sort_pos_joh_08,5,0.9701425001453318
711_01_043_sort_pos_joh_08,6,-0.223606797749979
711_01_043_sort_pos_joh_08,7,0.5491251783869154
711_01_043_sort_pos_joh_08,8,-0.4211345892347341
711_01_043_sort_pos_joh_08,9,-0.03770900990025208
711_01_058_sort_pos_joh_01,0,0.3970605364628892
711_01_058_sort_pos_joh_01,1,1.3273107746237842
711_01_058_sort_pos_joh_01,2,-1.5524917913586065
711_01_058_sort_pos_joh_01,3,0.9772570700821503
711_01_058_sort_pos_joh_01,4,0.2726947994168951
711_01_058_sort_pos_joh_01,5,-0.7490189107111892
711_01_058_sort_pos_joh_01,6,-0.3667660560997935
711_01_058_sort_pos_joh_01,7,-0.21165627950303179
711_01_058_sort_pos_joh_01,8,0.031365392941551294
711_01_058_sort_pos_joh_01,9,-0.11189175936621977
711_01_058_sort_pos_joh_02,0,0.3610374469899469
711_01_058_sort_pos_joh_02,1,-0.49975864692353794
711_01_058_sort_pos_joh_02,2,-0.36135788778636735
711_01_058_sort_pos_joh_02,3,0.7128120419523235
711_01_058_sort_pos_joh_02,4,0.4795985555660568
711_01_058_sort_pos_joh_02,5,0.1995962671228359
711_01_058_sort_pos_joh_02,6,-0.26414396217594177
711_01_058_sort_pos_joh_02,7,-0.4582257869319445
711_01_058_sort_pos_joh_02,8,-0.21175986743706415
711_01_058_sort_pos_joh_02,9,0.07273445796188234
711_01_058_sort_pos_joh_03,0,1.3146189548746352
711_01_058_sort_pos_joh_03,1,0.03999800014998742
711_01_058_sort_pos_joh_03,2,-0.16346115473594586
711_01_058_sort_pos_joh_03,3,-0.15496050069949382
711_01_058_sort_pos_joh_03,4,-0.2612043161819634
711_01_058_sort_pos_joh_03,5,-0.25436465606332026
711_01_058_sort_pos_joh_03,6,-0.4571742524637239
711_01_058_sort_pos_joh_03,7,-0.05902813361009576
711_01_058_sort_pos_joh_03,8,0.14005603362241548
711_01_058_sort_pos_joh_03,9,-0.05902813361009561
711_01_058_sort_pos_joh_04,0,0.32719029271154565
711_01_058_sort_pos_joh_04,1,0.91104916757798
711_01_058_sort_pos_joh_04,2,0.3244615538206657
711_01_058_sort_pos_joh_04,3,-0.37989186229393357
711_01_058_sort_pos_joh_04,4,0.5237519540989728
711_01_058_sort_pos_joh_04,5,0.24253562503633289
711_01_058_sort_pos_joh_04,6,-0.8366164992325074
711_01_058_sort_pos_joh_04,7,-0.37517758685837976
711_01_058_sort_pos_joh_04,8,-0.02862991671569331
711_01_058_sort_pos_joh_04,9,-0.6517597358598965
711_01_058_sort_pos_joh_05,0,-0.1813853782495851
711_01_058_sort_pos_joh_05,1,-0.17427374171302557
711_01_058_sort_pos_joh_05,2,0.2713814126211039
711_01_058_sort_pos_joh_05,3,-0.3928623626829905
711_01_058_sort_pos_joh_05,4,1.057545404440697
711_01_058_sort_pos_joh_05,5,-0.38790491030114155
711_01_058_sort_pos_joh_05,6,-0.29401532747073517
711_01_058_sort_pos_joh_05,7,-0.3980148760839956
711_01_058_sort_pos_joh_05,8,-0.06593804733957831
711_01_058_sort_pos_joh_05,9,0.7335032780963315
711_01_058_sort_pos_joh_06,0,0.3669485652428092
711_01_058_sort_pos_joh_06,1,-0.8120802322729505
711_01_058_sort_pos_joh_06,2,-0.6150987373527222
711_01_058_sort_pos_joh_06,3,0.18057877962865404
711_01_058_sort_pos_joh_06,4,-0.01881441736767169
711_01_058_sort_pos_joh_06,5,-0.8120802322729505
711_01_058_sort_pos_joh_06,6,0.35977364303149106
711_01_058_sort_pos_joh_06,7,-0.018814417367671688
711_01_058_sort_pos_joh_06,8,0.830539534499922
711_01_058_sort_pos_joh_06,9,0.5740604972870498
711_01_062_sort_pos_joh_01,0,-0.4699481687404205
711_01_062_sort_pos_joh_01,1,-0.015072484535930174
711_01_062_sort_pos_joh_01,2,0.23968113266035157
711_01_062_sort_pos_joh_01,3,-0.20580488803280272
711_01_062_sort_pos_joh_01,4,-0.1621410405389262
711_01_062_sort_pos_joh_01,5,0.47217693857361864
711_01_062_sort_pos_joh_01,6,0.09776040521112832
711_01_062_sort_pos_joh_01,7,-0.41589640012385004
711_01_062_sort_pos_joh_01,8,0.6392767818684602
711_01_062_sort_pos_joh_01,9,-0.17768784160643644
711_01_062_sort_pos_joh_02,0,1.815975709596239
711_01_062_sort_pos_joh_02,1,-0.47230621717601706
711_01_062_sort_pos_joh_02,2,-0.28050524856527764
711_01_062_sort_pos_joh_02,3,-0.08997310389821243
711_01_062_sort_pos_joh_02,4,-0.41599682803627963
711_01_062_sort_pos_joh_02,5,0.43859872255589466
711_01_062_sort_pos_joh_02,6,-0.4841671283959479
711_01_062_sort_pos_joh_02,7,-0.5348149188702458
711_01_062_sort_pos_joh_02,8,0.23693955110363688
711_01_062_sort_pos_joh_02,9,0.10099714036168721
711_01_062_sort_pos_joh_03,0,2.5269238775647653
711_01_062_sort_pos_joh_03,1,-0.6213187273739836
711_01_062_sort_pos_joh_03,2,-0.5441254520355302
711_01_062_sort_pos_joh_03,3,0.44528574386691344
711_01_062_sort_pos_joh_03,4,-0.3466027721272202
711_01_062_sort_pos_joh_03,5,0.370999258002226
711_01_062_sort_pos_joh_03,6,0.10219522606151918
711_01_062_sort_pos_joh_03,7,-0.5441254520355302
711_01_062_sort_pos_joh_03,8,-0.219063252370559
711_01_062_sort_pos_joh_03,9,-0.3481553119113958
711_01_062_sort_pos_joh_05,0,0.19705090998378083
711_01_062_sort_pos_joh_05,1,-0.9352862574562835
711_01_062_sort_pos_joh_05,2,-0.8052385081024989
711_01_062_sort_pos_joh_05,3,0.8088804006823074
711_01_062_sort_pos_joh_05,4,-0.4260665010495228
711_01_062_sort_pos_joh_05,5,0.07669649888473697
711_01_062_sort_pos_joh_05,6,0.1954565252064622
711_01_062_sort_pos_joh_05,7,-0.17129307448133824
711_01_062_sort_pos_joh_05,8,0.46816458878452233
711_01_062_sort_pos_joh_05,9,0.7241042988498093
711_01_062_sort_pos_joh_06,0,-0.8259025055961765
711_01_062_sort_pos_joh_06,1,0.643267520902677
711_01_062_sort_pos_joh_06,2,1.3446290908829457
711_01_062_sort_pos_joh_06,3,-0.809790814324693
711_01_062_sort_pos_joh_06,4,0.22128581422494867
711_01_062_sort_pos_joh_06,5,-0.5749513537627287
711_01_062_sort_pos_joh_06,6,-0.24091425899999658
711_01_062_sort_pos_joh_06,7,0.22292470978157772
711_01_062_sort_pos_joh_06,8,-0.06831869856851527
711_01_062_sort_pos_joh_06,9,0.21928713910973874
711_01_070_sort_pos_joh_01,0,-0.607863853743435
711_01_070_sort_pos_joh_01,1,0.03141921118033448
711_01_070_sort_pos_joh_01,2,0.6092356490800065
711_01_070_sort_pos_joh_01,3,0.24910396609398577
711_01_070_sort_pos_joh_01,4,-0.6193822983068682
711_01_070_sort_pos_joh_01,5,-0.075482941242407
711_01_070_sort_pos_joh_01,6,-0.49853520812012225
711_01_070_sort_pos_joh_01,7,-0.38810002646536057
711_01_070_sort_pos_joh_01,8,0.3750968867087601
711_01_070_sort_pos_joh_01,9,1.0645443706023399
711_01_070_sort_pos_joh_02,0,-0.15107791492009962
711_01_070_sort_pos_joh_02,1,-0.7551995825578489
711_01_070_sort_pos_joh_02,2,0.4844795311722026
711_01_070_sort_pos_joh_02,3,0.34931840246901086
711_01_070_sort_pos_joh_02,4,-0.023877299420036437
711_01_070_sort_pos_joh_02,5,-0.9196819982872175
711_01_070_sort_pos_joh_02,6,0.10152643977757123
711_01_070_sort_pos_joh_02,7,0.33041942262450913
711_01_070_sort_pos_joh_02,8,0.09440554932128824
711_01_070_sort_pos_joh_02,9,0.4683156655248057
711_04_001_sort_pos_joh_01,0,0.6984355535095841
711_04_001_sort_pos_joh_01,1,-0.20829469252415783
711_04_001_sort_pos_joh_01,2,-0.09783681138327543
711_04_001_sort_pos_joh_01,3,0.12927393727207204
711_04_001_sort_pos_joh_01,4,0.2929497652482276
711_04_001_sort_pos_joh_01,5,0.3958717526892535
711_04_001_sort_pos_joh_01,6,-0.33973792006740827
711_04_001_sort_pos_joh_01,7,-0.8337461456152285
711_04_003_sort_pos_joh_02,0,0.8864060518622463
711_04_003_sort_pos_joh_02,1,0.3267075530452448
711_04_003_sort_pos_joh_02,2,0.7475531812759273
711_04_003_sort_pos_joh_02,3,0.12950902402005526
711_04_003_sort_pos_joh_02,4,0.0
711_04_003_sort_pos_joh_02,5,-0.693687975619296
711_04_003_sort_pos_joh_02,6,-0.59850560166458
711_04_003_sort_pos_joh_02,7,-0.6868365684385705
711_04_003_sort_pos_joh_05,0,2.7394277296023493
711_04_003_sort_pos_joh_05,1,-0.006529396220694604
711_04_003_sort_pos_joh_05,2,-0.10889384595341267
711_04_003_sort_pos_joh_05,3,0.045952300011204796
711_04_003_sort_pos_joh_05,4,-0.6498515228845221
711_04_003_sort_pos_joh_05,5,-0.470928540358761
711_04_003_sort_pos_joh_05,6,-0.27233658986226417
711_04_003_sort_pos_joh_05,7,-0.4321823795522004
711_04_003_sort_pos_joh_06,0,2.9587741653010546
711_04_003_sort_pos_joh_06,1,0.09756677987400907
711_04_003_sort_pos_joh_06,2,-0.2753800572577619
711_04_003_sort_pos_joh_06,3,0.09186691875800357
711_04_003_sort_pos_joh_06,4,-0.20109151559405347
711_04_003_sort_pos_joh_06,5,-0.49700500714614093
711_04_003_sort_pos_joh_06,6,-0.49350580843761477
711_04_003_sort_pos_joh_06,7,-0.5672102659258536
711_04_004_sort_pos_joh_01,0,-0.6222822379719356
711_04_004_sort_pos_joh_01,1,-0.032404868062911645
711_04_004_sort_pos_joh_01,2,1.6519381186994193
711_04_004_sort_pos_joh_01,3,1.9262632611271275
711_04_004_sort_pos_joh_01,4,-0.6240418761707189
711_04_004_sort_pos_joh_01,5,-0.5526994179727976
711_04_004_sort_pos_joh_01,6,-0.7626521243540518
711_04_004_sort_pos_joh_01,7,-0.2899739012859212
711_04_007_sort_pos_joh_01,0,-1.1974720506227718
711_04_007_sort_pos_joh_01,1,-1.16585413436933
711_04_007_sort_pos_joh_01,2,-0.5130411294200649
711_04_007_sort_pos_joh_01,3,-0.7429782796644347
711_04_007_sort_pos_joh_01,4,0.47236884973849164
711_04_007_sort_pos_joh_01,5,1.3189482955018166
711_04_007_sort_pos_joh_01,6,0.956505755102036
711_04_007_sort_pos_joh_01,7,0.9636475297000039
711_04_007_sort_pos_joh_02,0,-0.41548265528902667
711_04_007_sort_pos_joh_02,1,-0.6695340634119862
711_04_007_sort_pos_joh_02,2,-0.13582520872889095
711_04_007_sort_pos_joh_02,3,-0.868326481223024
711_04_007_sort_pos_joh_02,4,-0.19143159718747935
711_04_007_sort_pos_joh_02,5,0.5160618686981394
711_04_007_sort_pos_joh_02,6,0.6162495185552515
711_04_007_sort_pos_joh_02,7,1.273941126664003
711_04_007_sort_pos_joh_03,0,0.19900743804199783
711_04_007_sort_pos_joh_03,1,0.3702105314053776
711_04_007_sort_pos_joh_03,2,0.03987261114144486
711_04_007_sort_pos_joh_03,3,-1.165950496136332
711_04_007_sort_pos_joh_03,4,-0.45783681782268887
711_04_007_sort_pos_joh_03,5,0.04368520283305174
711_04_007_sort_pos_joh_03,6,0.8944271909999161
711_04_007_sort_pos_joh_03,7,0.041274417170649655
711_04_010_sort_pos_joh_01,0,0.3990662504648483
711_04_010_sort_pos_joh_01,1,-1.4412524212247908
711_04_010_sort_pos_joh_01,2,-0.6176042202781465
711_04_010_sort_pos_joh_01,3,0.8920088496354894
711_04_010_sort_pos_joh_01,4,0.8682822437500827
711_04_010_sort_pos_joh_01,5,0.6887035654678104
711_04_010_sort_pos_joh_01,6,-0.04558963996900353
711_04_010_sort_pos_joh_01,7,-0.6694369679753626
711_04_010_sort_pos_joh_02,0,0.6861611477069857
711_04_010_sort_pos_joh_02,1,-1.040545499244268
711_04_010_sort_pos_joh_02,2,-0.22336464298473344
711_04_010_sort_pos_joh_02,3,-0.3768291345904305
711_04_010_sort_pos_joh_02,4,-0.3663852760328017
711_04_010_sort_pos_joh_02,5,0.09795921631294705
711_04_010_sort_pos_joh_02,6,0.7399630027747689
711_04_010_sort_pos_joh_02,7,0.4996004793608945
711_04_010_sort_pos_joh_03,0,0.6660137364865344
711_04_010_sort_pos_joh_03,1,-0.7460707420661995
711_04_010_sort_pos_joh_03,2,-0.012634967392981679
711_04_010_sort_pos_joh_03,3,-0.11556520841018178
711_04_010_sort_pos_joh_03,4,-0.64833875193058
711_04_010_sort_pos_joh_03,5,-0.012807887989464254
711_04_010_sort_pos_joh_03,6,0.4077535723676082
711_04_010_sort_pos_joh_03,7,0.5537069739686943
711_04_010_sort_pos_joh_04,0,-0.6166698388447784
711_04_010_sort_pos_joh_04,1,0.20889318714683758
711_04_010_sort_pos_joh_04,2,0.8771974451117899
711_04_010_sort_pos_joh_04,3,-0.06917144638660752
711_04_010_sort_pos_joh_04,4,-0.34401045807689073
711_04_010_sort_pos_joh_04,5,0.25065359588661407
711_04_010_sort_pos_joh_04,6,0.20889318714683758
711_04_010_sort_pos_joh_04,7,-0.34401045807689073
711_04_010_sort_pos_joh_05,0,0.0
711_04_010_sort_pos_joh_05,1,-0.7844645405527361
711_04_010_sort_pos_joh_05,2,0.41202096209968375
711_04_010_sort_pos_joh_05,3,0.8432740427115678
711_04_010_sort_pos_joh_05,4,0.0
711_04_010_sort_pos_joh_05,5,-0.39752319599996255
711_04_010_sort_pos_joh_05,6,0.0
711_04_010_sort_pos_joh_05,7,0.0
711_04_017_sort_pos_joh_01,0,-0.44172610429938625
711_04_017_sort_pos_joh_01,1,-0.19189218687795367
711_04_017_sort_pos_joh_01,2,0.2391824366174699
711_04_017_sort_pos_joh_01,3,-0.6331114606082514
711_04_017_sort_pos_joh_01,4,-0.2892563655579545
711_04_017_sort_pos_joh_01,5,-0.43357762411795453
711_04_017_sort_pos_joh_01,6,0.9963436806278277
711_04_017_sort_pos_joh_01,7,1.2097065414356476
711_04_017_sort_pos_joh_02,0,-0.5222329678670935
711_04_017_sort_pos_joh_02,1,1.0599978800063599
711_04_017_sort_pos_joh_02,2,-0.1772968828711745
711_04_017_sort_pos_joh_02,3,0.18107149208503706
711_04_017_sort_pos_joh_02,4,-0.1772968828711745
711_04_017_sort_pos_joh_02,5,-0.1772968828711745
711_04_017_sort_pos_joh_02,6,-0.17729688287117443
711_04_017_sort_pos_joh_02,7,0.19900743804199783
711_04_019_sort_pos_joh_01,0,-0.4732863826479693
711_04_019_sort_pos_joh_01,1,0.06465926450262484
711_04_019_sort_pos_joh_01,2,0.3852347298744612
711_04_019_sort_pos_joh_01,3,-0.31583322092743327
711_04_019_sort_pos_joh_01,4,-0.32005121229127825
711_04_019_sort_pos_joh_01,5,0.06852892584684482
711_04_019_sort_pos_joh_01,6,0.1424432687290411
711_04_019_sort_pos_joh_01,7,0.47187288108618
711_04_019_sort_pos_joh_02,0,0.3883169970846167
711_04_019_sort_pos_joh_02,1,-0.32987845785124387
711_04_019_sort_pos_joh_02,2,-0.6135013766716031
711_04_019_sort_pos_joh_02,3,0.6837541115337957
711_04_019_sort_pos_joh_02,4,-0.33567943534186345
711_04_019_sort_pos_joh_02,5,0.6628872064507297
711_04_019_sort_pos_joh_02,6,0.24151038052018514
711_04_019_sort_pos_joh_02,7,-0.5558385457855327
711_04_019_sort_pos_joh_03,0,0.36292885873932823
711_04_019_sort_pos_joh_03,1,-0.8534959194705303
711_04_019_sort_pos_joh_03,2,-0.23767036440892256
711_04_019_sort_pos_joh_03,3,0.12048138118237435
711_04_019_sort_pos_joh_03,4,-0.120100626429612
711_04_019_sort_pos_joh_03,5,0.0
711_04_019_sort_pos_joh_03,6,0.7897985036787902
711_04_019_sort_pos_joh_03,7,0.1228445378366608
711_04_019_sort_pos_joh_06,0,-0.5222329678670935
711_04_019_sort_pos_joh_06,1,0.6147786234942721
711_04_019_sort_pos_joh_06,2,0.18107149208503706
711_04_019_sort_pos_joh_06,3,-0.1772968828711745
711_04_019_sort_pos_joh_06,4,-0.1772968828711745
711_04_019_sort_pos_joh_06,5,-0.1772968828711745
711_04_019_sort_pos_joh_06,6,-0.1772968828711745
711_04_019_sort_pos_joh_06,7,0.6147786234942723
711_04_019_sort_pos_joh_07,0,-0.1388234440148243
711_04_019_sort_pos_joh_07,1,-0.5052467333920877
711_04_019_sort_pos_joh_07,2,0.4181525941722139
711_04_019_sort_pos_joh_07,3,0.8870906854854338
711_04_019_sort_pos_joh_07,4,0.04937142986113121
711_04_019_sort_pos_joh_07,5,0.2391824366174699
711_04_019_sort_pos_joh_07,6,-0.6946752669712339
711_04_019_sort_pos_joh_07,7,-0.14552137502179985
711_04_019_sort_pos_joh_08,0,-0.03901371573204361
711_04_019_sort_pos_joh_08,1,-0.34822045464036167
711_04_019_sort_pos_joh_08,2,0.29580398915498085
711_04_019_sort_pos_joh_08,3,0.2758386421836852
711_04_019_sort_pos_joh_08,4,-0.04177559931443578
711_04_019_sort_pos_joh_08,5,0.29580398915498085
711_04_019_sort_pos_joh_08,6,-0.03901371573204361
711_04_019_sort_pos_joh_08,7,-0.3482204546403618
711_04_020_sort_pos_joh_01,0,-0.44417817402687515
711_04_020_sort_pos_joh_01,1,0.2663568019517165
711_04_020_sort_pos_joh_01,2,0.4792681781395263
711_04_020_sort_pos_joh_01,3,-0.8617042008095545
711_04_020_sort_pos_joh_01,4,0.06821847431797703
711_04_020_sort_pos_joh_01,5,0.17527603078004153
711_04_020_sort_pos_joh_01,6,-0.24567824425261423
711_04_020_sort_pos_joh_01,7,0.4759260713741504
711_04_020_sort_pos_joh_02,0,-0.547250712417285
711_04_020_sort_pos_joh_02,1,-0.555629012590857
711_04_020_sort_pos_joh_02,2,-0.12161051817323758
711_04_020_sort_pos_joh_02,3,-0.1276242726003429
711_04_020_sort_pos_joh_02,4,0.412783322000763
711_04_020_sort_pos_joh_02,5,-0.1255216696613034
711_04_020_sort_pos_joh_02,6,0.8256918067035822
711_04_020_sort_pos_joh_02,7,0.31078243533160727
711_04_020_sort_pos_joh_03,0,0.5590169943749472
711_04_020_sort_pos_joh_03,1,0.5590169943749472
711_04_020_sort_pos_joh_03,2,-0.2773500981126146
711_04_020_sort_pos_joh_03,3,-0.2773500981126146
711_04_020_sort_pos_joh_03,4,-0.2773500981126146
711_04_020_sort_pos_joh_03,5,-0.2773500981126146
711_04_020_sort_pos_joh_03,6,-0.2773500981126146
711_04_020_sort_pos_joh_03,7,0.5590169943749472
711_04_022_sort_pos_joh_01,0,-0.37339505662603123
711_04_022_sort_pos_joh_01,1,-0.2545372019850745
711_04_022_sort_pos_joh_01,2,-0.444467602035076
711_04_022_sort_pos_joh_01,3,-0.7660359612429374
711_04_022_sort_pos_joh_01,4,0.6258701346784441
711_04_022_sort_pos_joh_01,5,0.6239595832595296
711_04_022_sort_pos_joh_01,6,0.43128446448739155
711_04_022_sort_pos_joh_01,7,0.32453607925322336
711_04_022_sort_pos_joh_02,0,0.024806946917841688
711_04_022_sort_pos_joh_02,1,-0.08887123050338742
711_04_022_sort_pos_joh_02,2,-0.14419378117212273
711_04_022_sort_pos_joh_02,3,-0.6199887437710679
711_04_022_sort_pos_joh_02,4,0.29165797817640465
711_04_022_sort_pos_joh_02,5,-0.1439695847776324
711_04_022_sort_pos_joh_02,6,0.29635652226935155
711_04_022_sort_pos_joh_02,7,0.49864155352556233
711_04_023_sort_pos_joh_01,0,-0.3112302539924883
711_04_023_sort_pos_joh_01,1,0.6024690538639292
711_04_023_sort_pos_joh_01,2,0.2351772915307697
711_04_023_sort_pos_joh_01,3,-0.9292121802982455
711_04_023_sort_pos_joh_01,4,-0.14468675148528032
711_04_023_sort_pos_joh_01,5,0.5149827997112622
711_04_023_sort_pos_joh_01,6,1.015254935952101
711_04_023_sort_pos_joh_01,7,-0.9377689610309002
711_04_023_sort_pos_joh_02,0,-0.6657358351722066
711_04_023_sort_pos_joh_02,1,-0.5397004685422098
711_04_023_sort_pos_joh_02,2,1.077148144932155
711_04_023_sort_pos_joh_02,3,0.173578460851896
711_04_023_sort_pos_joh_02,4,0.7053921185441457
711_04_023_sort_pos_joh_02,5,0.27652640062676187
711_04_023_sort_pos_joh_02,6,-0.3147325908983446
711_04_023_sort_pos_joh_02,7,-0.5397004685422099
711_04_023_sort_pos_joh_03,0,0.14917482812564065
711_04_023_sort_pos_joh_03,1,0.1449998867188831
711_04_023_sort_pos_joh_03,2,0.0
711_04_023_sort_pos_joh_03,3,-0.28244580194739394
711_04_023_sort_pos_joh_03,4,-0.13703774196550644
711_04_023_sort_pos_joh_03,5,-0.2753305817142816
711_04_023_sort_pos_joh_03,6,0.8355119862887139
711_04_023_sort_pos_joh_03,7,-0.2985053846601021
711_04_023_sort_pos_joh_04,0,0.37685379040514233
711_04_023_sort_pos_joh_04,1,-0.16874182676570665
711_04_023_sort_pos_joh_04,2,-0.7099295739719539
711_04_023_sort_pos_joh_04,3,-0.1667593364912674
711_04_023_sort_pos_joh_04,4,-0.31834731182744974
711_04_023_sort_pos_joh_04,5,0.42720460055933973
711_04_023_sort_pos_joh_04,6,0.8436462435114928
711_04_023_sort_pos_joh_04,7,-0.16874182676570684
711_04_023_sort_pos_joh_05,0,0.0
711_04_023_sort_pos_joh_05,1,-0.48507125007266594
711_04_023_sort_pos_joh_05,2,0.5443310539518172
711_04_023_sort_pos_joh_05,3,-9.309503074677273e-17
711_04_023_sort_pos_joh_05,4,-9.309503074677273e-17
711_04_023_sort_pos_joh_05,5,0.5443310539518172
711_04_023_sort_pos_joh_05,6,-9.309503074677273e-17
711_04_023_sort_pos_joh_05,7,-0.48507125007266594
711_04_023_sort_pos_joh_23,0,-0.44126130406091413
711_04_023_sort_pos_joh_23,1,-0.24992191160203073
711_04_023_sort_pos_joh_23,2,-0.6418285881947063
711_04_023_sort_pos_joh_23,3,0.5852637152762562
711_04_023_sort_pos_joh_23,4,0.1719910949138445
711_04_023_sort_pos_joh_23,5,-0.24992191160203073
711_04_023_sort_pos_joh_23,6,0.5532950003106426
711_04_023_sort_pos_joh_23,7,0.3535533905932738
711_04_024_sort_pos_joh_01,0,-0.3913171107496685
711_04_024_sort_pos_joh_01,1,-0.2703569024035682
711_04_024_sort_pos_joh_01,2,-0.5662595796463529
711_04_024_sort_pos_joh_01,3,-0.1337868993272053
711_04_024_sort_pos_joh_01,4,0.546164149483741
711_04_024_sort_pos_joh_01,5,1.2572108330448304
711_04_024_sort_pos_joh_01,6,0.399430782558748
711_04_024_sort_pos_joh_01,7,-0.8517485240241705
711_04_024_sort_pos_joh_02,0,0.704640706236945
711_04_024_sort_pos_joh_02,1,-0.10417859945720984
711_04_024_sort_pos_joh_02,2,-0.7639837079179761
711_04_024_sort_pos_joh_02,3,-0.6523665233244991
711_04_024_sort_pos_joh_02,4,0.7990338889976846
711_04_024_sort_pos_joh_02,5,0.8399462546859914
711_04_024_sort_pos_joh_02,6,0.034309809633407386
711_04_024_sort_pos_joh_02,7,-0.7979812024090134
711_04_024_sort_pos_joh_03,0,-0.23624522877315693
711_04_024_sort_pos_joh_03,1,0.1114694905169277
711_04_024_sort_pos_joh_03,2,-0.22759161936565134
711_04_024_sort_pos_joh_03,3,-0.06495698024616287
711_04_024_sort_pos_joh_03,4,0.11146949051692731
711_04_024_sort_pos_joh_03,5,0.46770717334674283
711_04_024_sort_pos_joh_03,6,0.27053993780431623
711_04_024_sort_pos_joh_03,7,-0.3974756230225386
711_04_024_sort_pos_joh_05,0,-0.11605177063713187
711_04_024_sort_pos_joh_05,1,0.894427190999916
711_04_024_sort_pos_joh_05,2,-0.1160517706371319
711_04_024_sort_pos_joh_05,3,0.8944271909999159
711_04_024_sort_pos_joh_05,4,-0.5590169943749473
711_04_024_sort_pos_joh_05,5,-0.5590169943749473
711_04_024_sort_pos_joh_05,6,0.36380343755449934
711_04_024_sort_pos_joh_05,7,-0.5590169943749475
711_04_043_sort_pos_joh_01,0,-0.3945464117755845
711_04_043_sort_pos_joh_01,1,-0.26367031687788206
711_04_043_sort_pos_joh_01,2,-0.1678878744340864
711_04_043_sort_pos_joh_01,3,-0.06306011382672826
711_04_043_sort_pos_joh_01,4,0.29172998299579
711_04_043_sort_pos_joh_01,5,-0.16877691359624963
711_04_043_sort_pos_joh_01,6,0.8055481848411596
711_04_043_sort_pos_joh_01,7,-0.01380780567042025
711_04_043_sort_pos_joh_02,0,0.5160691067318003
711_04_043_sort_pos_joh_02,1,0.4267850009471614
711_04_043_sort_pos_joh_02,2,-0.07911975990228474
711_04_043_sort_pos_joh_02,3,-0.35325915935199687
711_04_043_sort_pos_joh_02,4,-0.42157303796595336
711_04_043_sort_pos_joh_02,5,-0.6549378956962426
711_04_043_sort_pos_joh_02,6,0.37030650866905984
711_04_043_sort_pos_joh_02,7,0.15496929414568916
711_04_043_sort_pos_joh_03,0,-0.28741595028634453
711_04_043_sort_pos_joh_03,1,0.18525780682922613
711_04_043_sort_pos_joh_03,2,-0.258633503760948
711_04_043_sort_pos_joh_03,3,-0.29140239654300015
711_04_043_sort_pos_joh_03,4,0.3211458065412313
711_04_043_sort_pos_joh_03,5,0.4717660872115231
711_04_043_sort_pos_joh_03,6,0.1409926476862194
711_04_043_sort_pos_joh_03,7,-0.28920757170778
711_04_043_sort_pos_joh_04,0,0.2562238177514307
711_04_043_sort_pos_joh_04,1,0.2094074219722815
711_04_043_sort_pos_joh_04,2,-0.2883438749061254
711_04_043_sort_pos_joh_04,3,0.641930278010527
711_04_043_sort_pos_joh_04,4,-0.2185048482130883
711_04_043_sort_pos_joh_04,5,-0.3538818513844165
711_04_043_sort_pos_joh_04,6,-0.07476553885567844
711_04_043_sort_pos_joh_04,7,-0.19798098978813933
711_04_043_sort_pos_joh_05,0,-0.022881438097813695
711_04_043_sort_pos_joh_05,1,-0.38214310169994875
711_04_043_sort_pos_joh_05,2,-0.3883749130272107
711_04_043_sort_pos_joh_05,3,-0.2954354709495087
711_04_043_sort_pos_joh_05,4,0.43934305868970036
711_04_043_sort_pos_joh_05,5,-0.11761450567990041
711_04_043_sort_pos_joh_05,6,0.2456452793997073
711_04_043_sort_pos_joh_05,7,0.5049155959525754
711_04_047_sort_pos_joh_01,0,0.5590169943749473
711_04_047_sort_pos_joh_01,1,-0.2773500981126146
711_04_047_sort_pos_joh_01,2,-0.2773500981126146
711_04_047_sort_pos_joh_01,3,-0.2773500981126146
711_04_047_sort_pos_joh_01,4,0.5590169943749473
711_04_047_sort_pos_joh_01,5,0.5590169943749473
711_04_047_sort_pos_joh_01,6,-0.2773500981126146
711_04_047_sort_pos_joh_01,7,-0.2773500981126146
711_04_047_sort_pos_joh_02,0,-0.1677050983124842
711_04_047_sort_pos_joh_02,1,-0.5956833971812705
711_04_047_sort_pos_joh_02,2,0.7882407813680824
711_04_047_sort_pos_joh_02,3,-0.1677050983124842
711_04_047_sort_pos_joh_02,4,0.2901294265928297
711_04_047_sort_pos_joh_02,5,0.2901294265928297
711_04_047_sort_pos_joh_02,6,-0.1677050983124842
711_04_047_sort_pos_joh_02,7,-0.1677050983124842
711_04_047_sort_pos_joh_03,0,0.5590169943749472
711_04_047_sort_pos_joh_03,1,0.5590169943749472
711_04_047_sort_pos_joh_03,2,0.5590169943749472
711_04_047_sort_pos_joh_03,3,-0.2773500981126145
711_04_047_sort_pos_joh_03,4,-0.2773500981126145
711_04_047_sort_pos_joh_03,5,-0.2773500981126145
711_04_047_sort_pos_joh_03,6,-0.2773500981126145
711_04_047_sort_pos_joh_03,7,-0.2773500981126145
711_04_047_sort_pos_joh_04,0,
711_04_047_sort_pos_joh_04,1,
711_04_047_sort_pos_joh_04,2,
711_04_047_sort_pos_joh_04,3,
711_04_047_sort_pos_joh_04,4,
711_04_047_sort_pos_joh_04,5,
711_04_047_sort_pos_joh_04,6,
711_04_047_sort_pos_joh_04,7,
711_04_047_sort_pos_joh_05,0,-0.22360679774997896
711_04_047_sort_pos_joh_05,1,-0.22360679774997896
711_04_047_sort_pos_joh_05,2,-0.22360679774997896
711_04_047_sort_pos_joh_05,3,-0.22360679774997896
711_04_047_sort_pos_joh_05,4,-0.22360679774997896
711_04_047_sort_pos_joh_05,5,-0.22360679774997896
711_04_047_sort_pos_joh_05,6,0.9370425713316363
711_04_047_sort_pos_joh_05,7,0.9370425713316363
711_04_047_sort_pos_joh_06,0,
711_04_047_sort_pos_joh_06,1,
711_04_047_sort_pos_joh_06,2,
711_04_047_sort_pos_joh_06,3,
711_04_047_sort_pos_joh_06,4,
711_04_047_sort_pos_joh_06,5,
711_04_047_sort_pos_joh_06,6,
711_04_047_sort_pos_joh_06,7,
711_04_054_sort_pos_joh_01,0,-0.8209407309828335
711_04_054_sort_pos_joh_01,1,-0.17577684367944646
711_04_054_sort_pos_joh_01,2,-0.040293328635191035
711_04_054_sort_pos_joh_01,3,0.0477322871910654
711_04_054_sort_pos_joh_01,4,0.39500153280618683
711_04_054_sort_pos_joh_01,5,0.7135778675534066
711_04_054_sort_pos_joh_01,6,-0.1632514720761903
711_04_054_sort_pos_joh_01,7,0.02863165518104975
711_04_054_sort_pos_joh_02,0,0.34829262204077616
711_04_054_sort_pos_joh_02,1,0.07768193328323342
711_04_054_sort_pos_joh_02,2,-0.05531619915141567
711_04_054_sort_pos_joh_02,3,0.03345904088189959
711_04_054_sort_pos_joh_02,4,-0.6151468807053682
711_04_054_sort_pos_joh_02,5,-0.4735535185157138
711_04_054_sort_pos_joh_02,6,0.21553021431561287
711_04_054_sort_pos_joh_02,7,0.43341360254460504
711_04_054_sort_pos_joh_03,0,0.366819539996914
711_04_054_sort_pos_joh_03,1,-0.2840374813940115
711_04_054_sort_pos_joh_03,2,-0.16076837984061998
711_04_054_sort_pos_joh_03,3,0.09499904341722579
711_04_054_sort_pos_joh_03,4,0.09706501623988857
711_04_054_sort_pos_joh_03,5,0.7641238183128597
711_04_054_sort_pos_joh_03,6,-0.42508863487591386
711_04_054_sort_pos_joh_03,7,-0.456985055954198
711_04_054_sort_pos_joh_04,0,-0.8283017902177118
711_04_054_sort_pos_joh_04,1,-0.587446519823657
711_04_054_sort_pos_joh_04,2,0.07435750298197076
711_04_054_sort_pos_joh_04,3,0.37490985307293595
711_04_054_sort_pos_joh_04,4,0.570034274341148
711_04_054_sort_pos_joh_04,5,0.3330764289920219
711_04_054_sort_pos_joh_04,6,-0.3040422933243092
711_04_054_sort_pos_joh_04,7,0.3919073855921358
711_04_054_sort_pos_joh_05,0,0.28434741622920845
711_04_054_sort_pos_joh_05,1,0.09345386270319962
711_04_054_sort_pos_joh_05,2,-0.4707511531578505
711_04_054_sort_pos_joh_05,3,-0.27329251120456616
711_04_054_sort_pos_joh_05,4,0.481125224324688
711_04_054_sort_pos_joh_05,5,0.09805806756909209
711_04_054_sort_pos_joh_05,6,-0.10464895197052106
711_04_054_sort_pos_joh_05,7,-0.09435956992421439
711_04_054_sort_pos_joh_06,0,0.08341936771565395
711_04_054_sort_pos_joh_06,1,-0.07045519084943139
711_04_054_sort_pos_joh_06,2,-0.07022679274796467
711_04_054_sort_pos_joh_06,3,-0.07338214359595888
711_04_054_sort_pos_joh_06,4,-0.07000060157025519
711_04_054_sort_pos_joh_06,5,-0.06785267367463754
711_04_054_sort_pos_joh_06,6,-0.06826644335991106
711_04_054_sort_pos_joh_06,7,0.3526042891884051
711_04_055_sort_pos_joh_01,0,-0.7854645081564906
711_04_055_sort_pos_joh_01,1,0.42896744756912125
711_04_055_sort_pos_joh_01,2,0.33005418679443566
711_04_055_sort_pos_joh_01,3,-0.3214449038405626
711_04_055_sort_pos_joh_01,4,0.35872968127928817
711_04_055_sort_pos_joh_01,5,0.08292295876549964
711_04_055_sort_pos_joh_01,6,-0.47904651973967816
711_04_055_sort_pos_joh_01,7,0.4186324681978192
711_04_055_sort_pos_joh_02,0,0.5734674052331701
711_04_055_sort_pos_joh_02,1,0.09785664715599475
711_04_055_sort_pos_joh_02,2,0.21446085588772357
711_04_055_sort_pos_joh_02,3,0.430223720781361
711_04_055_sort_pos_joh_02,4,-0.2340434697154604
711_04_055_sort_pos_joh_02,5,-0.8132076839453517
711_04_055_sort_pos_joh_02,6,-0.014636410327796284
711_04_055_sort_pos_joh_02,7,-0.2359291372026819
711_04_055_sort_pos_joh_03,0,-0.17986613385775135
711_04_055_sort_pos_joh_03,1,-0.33902794629177657
711_04_055_sort_pos_joh_03,2,0.4791879851827605
711_04_055_sort_pos_joh_03,3,0.0
711_04_055_sort_pos_joh_03,4,-0.6089835196064978
711_04_055_sort_pos_joh_03,5,0.26432744018203574
711_04_055_sort_pos_joh_03,6,0.16860797949558526
711_04_055_sort_pos_joh_03,7,0.27735009811261496
711_04_055_sort_pos_joh_04,0,-0.014421743613443805
711_04_055_sort_pos_joh_04,1,-0.2460926845481133
711_04_055_sort_pos_joh_04,2,-0.1424271730546617
711_04_055_sort_pos_joh_04,3,0.6116941569913978
711_04_055_sort_pos_joh_04,4,-0.0157096055901675
711_04_055_sort_pos_joh_04,5,-0.248287651080719
711_04_055_sort_pos_joh_04,6,0.24794235184023206
711_04_055_sort_pos_joh_04,7,-0.13548011159952977
711_04_055_sort_pos_joh_05,0,0.04580820050370625
711_04_055_sort_pos_joh_05,1,0.045366107342416216
711_04_055_sort_pos_joh_05,2,0.31911372331224835
711_04_055_sort_pos_joh_05,3,0.7396224848653148
711_04_055_sort_pos_joh_05,4,-0.5750446317481933
711_04_055_sort_pos_joh_05,5,0.04536610734241586
711_04_055_sort_pos_joh_05,6,-0.5637205626858048
711_04_055_sort_pos_joh_05,7,0.045808200503706265
711_04_055_sort_pos_joh_06,0,0.027925408461537585
711_04_055_sort_pos_joh_06,1,-0.11759530429754377
711_04_055_sort_pos_joh_06,2,-0.19296124624699013
711_04_055_sort_pos_joh_06,3,0.5026887774707578
711_04_055_sort_pos_joh_06,4,-0.12562292261055696
711_04_055_sort_pos_joh_06,5,0.17203907112610478
711_04_055_sort_pos_joh_06,6,-0.11924598334343293
711_04_055_sort_pos_joh_06,7,-0.11966962968718793
711_04_055_sort_pos_joh_07,0,0.8223919396586156
711_04_055_sort_pos_joh_07,1,0.3885958201131297
711_04_055_sort_pos_joh_07,2,0.16314401485113986
711_04_055_sort_pos_joh_07,3,-0.7728951918013199
711_04_055_sort_pos_joh_07,4,-0.11310451557868137
711_04_055_sort_pos_joh_07,5,-0.46791030350761004
711_04_055_sort_pos_joh_07,6,-0.022965760608731185
711_04_055_sort_pos_joh_07,7,0.07039364295893201
711_04_058_sort_pos_joh_01,0,0.43990652979257394
711_04_058_sort_pos_joh_01,1,0.5769916326057546
711_04_058_sort_pos_joh_01,2,1.2486073217071103
711_04_058_sort_pos_joh_01,3,-0.13358403866283328
711_04_058_sort_pos_joh_01,4,-0.7071506286910813
711_04_058_sort_pos_joh_01,5,-0.7482928268639767
711_04_058_sort_pos_joh_01,6,-0.568182857495523
711_04_058_sort_pos_joh_01,7,0.10154097756279037
711_04_058_sort_pos_joh_02,0,-0.2833288360859135
711_04_058_sort_pos_joh_02,1,-0.7422946835984724
711_04_058_sort_pos_joh_02,2,-0.08822614878280013
711_04_058_sort_pos_joh_02,3,0.18448755080477555
711_04_058_sort_pos_joh_02,4,0.6375185820181445
711_04_058_sort_pos_joh_02,5,1.4186232182654066
711_04_058_sort_pos_joh_02,6,-0.1536862757131567
711_04_058_sort_pos_joh_02,7,-0.8175399207958752
711_04_058_sort_pos_joh_03,0,0.040171766759007674
711_04_058_sort_pos_joh_03,1,0.5808689689801714
711_04_058_sort_pos_joh_03,2,-0.180887347078259
711_04_058_sort_pos_joh_03,3,-0.593700612897249
711_04_058_sort_pos_joh_03,4,0.2925848269443019
711_04_058_sort_pos_joh_03,5,-0.48268169651413295
711_04_058_sort_pos_joh_03,6,-0.06618019189742129
711_04_058_sort_pos_joh_03,7,0.4814437448655854
711_04_058_sort_pos_joh_04,0,-0.14849629027511002
711_04_058_sort_pos_joh_04,1,-0.05808850601432163
711_04_058_sort_pos_joh_04,2,0.2811127713994906
711_04_058_sort_pos_joh_04,3,-0.05150262026246077
711_04_058_sort_pos_joh_04,4,0.11599529893042021
711_04_058_sort_pos_joh_04,5,0.20045584738235347
711_04_058_sort_pos_joh_04,6,-0.14097163168784652
711_04_058_sort_pos_joh_04,7,-0.22771001702132462
711_04_058_sort_pos_joh_05,0,-0.19900743804199744
711_04_058_sort_pos_joh_05,1,-0.38974188147697864
711_04_058_sort_pos_joh_05,2,-0.18268295807338214
711_04_058_sort_pos_joh_05,3,0.33918173268560736
711_04_058_sort_pos_joh_05,4,-0.1813903737387306
711_04_058_sort_pos_joh_05,5,0.6544480193563152
711_04_058_sort_pos_joh_05,6,0.3759047057780565
711_04_058_sort_pos_joh_05,7,-0.3953876864748644
711_04_058_sort_pos_joh_06,0,-0.39765049362540356
711_04_058_sort_pos_joh_06,1,0.30005358578233304
711_04_058_sort_pos_joh_06,2,0.5090192947210223
711_04_058_sort_pos_joh_06,3,0.1377945636523878
711_04_058_sort_pos_joh_06,4,-0.37524437930257487
711_04_058_sort_pos_joh_06,5,-0.206901472150592
711_04_058_sort_pos_joh_06,6,-0.37524437930257487
711_04_058_sort_pos_joh_06,7,0.5090192947210223
711_04_062_sort_pos_joh_01,0,0.09064028411241604
711_04_062_sort_pos_joh_01,1,-0.26846242208560955
711_04_062_sort_pos_joh_01,2,1.0730909390954586
711_04_062_sort_pos_joh_01,3,0.18509792535309916
711_04_062_sort_pos_joh_01,4,-0.7487044601760827
711_04_062_sort_pos_joh_01,5,-0.7281328963814908
711_04_062_sort_pos_joh_01,6,0.08944271909999206
711_04_062_sort_pos_joh_01,7,0.29528538821022465
711_04_062_sort_pos_joh_02,0,-0.3602220957892883
711_04_062_sort_pos_joh_02,1,-0.091095170503876
711_04_062_sort_pos_joh_02,2,0.03235124265643874
711_04_062_sort_pos_joh_02,3,-0.4963950503147782
711_04_062_sort_pos_joh_02,4,0.3812860132285166
711_04_062_sort_pos_joh_02,5,-0.4546556410580402
711_04_062_sort_pos_joh_02,6,0.271713805372076
711_04_062_sort_pos_joh_02,7,0.7828549859437371
711_04_062_sort_pos_joh_03,0,-0.5618732588582984
711_04_062_sort_pos_joh_03,1,-0.1335246909982594
711_04_062_sort_pos_joh_03,2,2.3522596309422705
711_04_062_sort_pos_joh_03,3,0.4322258346203865
711_04_062_sort_pos_joh_03,4,0.15205262246998558
711_04_062_sort_pos_joh_03,5,-0.4958175333850422
711_04_062_sort_pos_joh_03,6,-0.8694036154549648
711_04_062_sort_pos_joh_03,7,-0.2801103169823412
711_04_062_sort_pos_joh_04,0,-0.53310428137952
711_04_062_sort_pos_joh_04,1,0.05344308749549419
711_04_062_sort_pos_joh_04,2,-0.19592835433910036
711_04_062_sort_pos_joh_04,3,0.8608203489414912
711_04_062_sort_pos_joh_04,4,0.05127463536877716
711_04_062_sort_pos_joh_04,5,0.13194060418442283
711_04_062_sort_pos_joh_04,6,-0.19335480649065961
711_04_062_sort_pos_joh_04,7,-0.03041651646201787
711_04_062_sort_pos_joh_05,0,-0.2788556932665804
711_04_062_sort_pos_joh_05,1,-0.05463583647081543
711_04_062_sort_pos_joh_05,2,0.05585263176383331
711_04_062_sort_pos_joh_05,3,-0.3851549958924681
711_04_062_sort_pos_joh_05,4,0.29294793715852024
711_04_062_sort_pos_joh_05,5,0.1620438387883906
711_04_062_sort_pos_joh_05,6,0.5802678984597136
711_04_062_sort_pos_joh_05,7,-0.2744106499742254
712_01_004_sort_pos_joh_01,0,0.5209319996699198
712_01_004_sort_pos_joh_01,1,-0.31378581622109447
712_01_004_sort_pos_joh_01,2,0.04516603453283813
712_01_004_sort_pos_joh_01,3,-0.9755372173595078
712_01_004_sort_pos_joh_01,4,-0.03886197631861557
712_01_004_sort_pos_joh_01,5,0.07700499525948513
712_01_004_sort_pos_joh_01,6,-0.1569608385576716
712_01_004_sort_pos_joh_01,7,0.9267070424314329
712_01_026_sort_pos_joh_01,0,-0.4341215710622294
712_01_026_sort_pos_joh_01,1,-0.43701253466756534
712_01_026_sort_pos_joh_01,2,-0.3572247251928065
712_01_026_sort_pos_joh_01,3,2.258885588639695
712_01_026_sort_pos_joh_01,4,0.370288394358836
712_01_026_sort_pos_joh_01,5,0.19826849491634174
712_01_026_sort_pos_joh_01,6,-0.7196660103155744
712_01_026_sort_pos_joh_01,7,-0.3730202549284316
712_01_026_sort_pos_joh_02,0,0.5222329678670934
712_01_026_sort_pos_joh_02,1,0.5046949386828398
712_01_026_sort_pos_joh_02,2,0.26416599065942353
712_01_026_sort_pos_joh_02,3,-0.17004606037954081
712_01_026_sort_pos_joh_02,4,-0.36342189215581555
712_01_026_sort_pos_joh_02,5,-0.5739998553141045
712_01_026_sort_pos_joh_02,6,-0.1596173768935244
712_01_026_sort_pos_joh_02,7,0.05299989400031795
712_01_027_sort_pos_joh_01,0,-0.12531367677927127
712_01_027_sort_pos_joh_01,1,0.49982695967642343
712_01_027_sort_pos_joh_01,2,-0.12213299218650779
712_01_027_sort_pos_joh_01,3,1.049108636327816
712_01_027_sort_pos_joh_01,4,-0.13249973500079507
712_01_027_sort_pos_joh_01,5,-0.32694704563810706
712_01_027_sort_pos_joh_01,6,-0.12213299218650779
712_01_027_sort_pos_joh_01,7,-0.5166712228703791
712_01_027_sort_pos_joh_03,0,0.6582183780869636
712_01_027_sort_pos_joh_03,1,0.18569533817705167
712_01_027_sort_pos_joh_03,2,-0.6737100695453694
712_01_027_sort_pos_joh_03,3,-0.9014913017684525
712_01_027_sort_pos_joh_03,4,-0.6737100695453694
712_01_027_sort_pos_joh_03,5,0.4337361989746803
712_01_027_sort_pos_joh_03,6,0.6582183780869636
712_01_027_sort_pos_joh_03,7,0.4061477708054116
712_01_027_sort_pos_joh_04,0,-0.30485538042484617
712_01_027_sort_pos_joh_04,1,-0.30485538042484617
712_01_027_sort_pos_joh_04,2,0.19528336647123576
712_01_027_sort_pos_joh_04,3,2.1242645786248002
712_01_027_sort_pos_joh_04,4,0.19528336647123576
712_01_027_sort_pos_joh_04,5,-0.30485538042484617
712_01_027_sort_pos_joh_04,6,-0.30485538042484617
712_01_027_sort_pos_joh_04,7,-0.30485538042484617
712_01_034_sort_pos_joh_01,0,-0.05823635349347584
712_01_034_sort_pos_joh_01,1,0.37205142942832137
712_01_034_sort_pos_joh_01,2,0.1995725741115165
712_01_034_sort_pos_joh_01,3,-0.3597442149220732
712_01_034_sort_pos_joh_01,4,0.5923420525253009
712_01_034_sort_pos_joh_01,5,0.7076877506734252
712_01_034_sort_pos_joh_01,6,-0.8798170433558792
712_01_034_sort_pos_joh_01,7,-0.48374314342144803
712_01_034_sort_pos_joh_02,0,-0.8840663153518864
712_01_034_sort_pos_joh_02,1,-0.49480211872085517
712_01_034_sort_pos_joh_02,2,0.8617980051151355
712_01_034_sort_pos_joh_02,3,0.36398055336191387
712_01_034_sort_pos_joh_02,4,0.4042560110364067
712_01_034_sort_pos_joh_02,5,-0.49480211872085517
712_01_034_sort_pos_joh_02,6,-0.01519342813656887
712_01_034_sort_pos_joh_02,7,0.3602114223967874
712_01_034_sort_pos_joh_03,0,-0.20386214519425036
712_01_034_sort_pos_joh_03,1,-0.4779830698360185
712_01_034_sort_pos_joh_03,2,-0.11830385141499879
712_01_034_sort_pos_joh_03,3,-0.02309401076758495
712_01_034_sort_pos_joh_03,4,1.6766431124280177
712_01_034_sort_pos_joh_03,5,-0.02223870144007633
712_01_034_sort_pos_joh_03,6,-0.11132434338973787
712_01_034_sort_pos_joh_03,7,-0.20170045570658754
712_01_043_sort_pos_joh_01,0,-0.12270958616929721
712_01_043_sort_pos_joh_01,1,-0.40864865691294877
712_01_043_sort_pos_joh_01,2,0.0
712_01_043_sort_pos_joh_01,3,-0.2271542042713278
712_01_043_sort_pos_joh_01,4,0.3865862221482634
712_01_043_sort_pos_joh_01,5,-0.6202785215516724
712_01_043_sort_pos_joh_01,6,0.759193784678375
712_01_043_sort_pos_joh_01,7,0.2610304237618242
712_01_043_sort_pos_joh_02,0,0.033820087603069364
712_01_043_sort_pos_joh_02,1,0.032303813024706994
712_01_043_sort_pos_joh_02,2,-0.17802885766637092
712_01_043_sort_pos_joh_02,3,-0.07022914088935932
712_01_043_sort_pos_joh_02,4,0.23657269659686275
712_01_043_sort_pos_joh_02,5,-0.8348822279131003
712_01_043_sort_pos_joh_02,6,0.3407180232028961
712_01_043_sort_pos_joh_02,7,0.4201404843209768
712_01_050_sort_pos_joh_01,0,-0.4718963357612997
712_01_050_sort_pos_joh_01,1,-0.17822218959841057
712_01_050_sort_pos_joh_01,2,-0.09547246363362541
712_01_050_sort_pos_joh_01,3,1.2461136048627441
712_01_050_sort_pos_joh_01,4,0.5491867730784664
712_01_050_sort_pos_joh_01,5,-0.3190730536316083
712_01_050_sort_pos_joh_01,6,-0.2909561857794051
712_01_050_sort_pos_joh_01,7,-0.23639786671319798
712_01_050_sort_pos_joh_02,0,0.9045340337332908
712_01_050_sort_pos_joh_02,1,-0.12543630150106366
712_01_050_sort_pos_joh_02,2,-0.12107014684068906
712_01_050_sort_pos_joh_02,3,-0.4414147946478204
712_01_050_sort_pos_joh_02,4,-0.4490731195102494
712_01_050_sort_pos_joh_02,5,-0.11905136851988203
712_01_050_sort_pos_joh_02,6,0.5641519475835701
712_01_050_sort_pos_joh_02,7,-0.12543630150106366
712_01_050_sort_pos_joh_03,0,-0.02858309752375154
712_01_050_sort_pos_joh_03,1,0.4678371461638537
712_01_050_sort_pos_joh_03,2,-0.027650063180466613
712_01_050_sort_pos_joh_03,3,-0.03077287274483325
712_01_050_sort_pos_joh_03,4,-0.2605687248156495
712_01_050_sort_pos_joh_03,5,-0.7189966356788134
712_01_050_sort_pos_joh_03,6,0.44982010792805055
712_01_050_sort_pos_joh_03,7,0.1977527376584116
712_01_050_sort_pos_joh_04,0,-0.19311881878798007
712_01_050_sort_pos_joh_04,1,0.7889895672346254
712_01_050_sort_pos_joh_04,2,0.22483546935607523
712_01_050_sort_pos_joh_04,3,0.371852573317956
712_01_050_sort_pos_joh_04,4,-0.4070148558898246
712_01_050_sort_pos_joh_04,5,-0.3984523172635108
712_01_050_sort_pos_joh_04,6,-0.1958651866858906
712_01_050_sort_pos_joh_04,7,0.013281489140293526
712_01_057_sort_pos_joh_01,0,0.17151083360414449
712_01_057_sort_pos_joh_01,1,-0.6354094068958657
712_01_057_sort_pos_joh_01,2,-0.49247732307967423
712_01_057_sort_pos_joh_01,3,-0.09639608976469861
712_01_057_sort_pos_joh_01,4,0.18075152613455986
712_01_057_sort_pos_joh_01,5,0.040649382954309435
712_01_057_sort_pos_joh_01,6,0.3425009769342654
712_01_057_sort_pos_joh_01,7,0.451670506910569
712_01_057_sort_pos_joh_02,0,-0.14782211467452322
712_01_057_sort_pos_joh_02,1,0.2146843857267224
712_01_057_sort_pos_joh_02,2,0.4494853811645517
712_01_057_sort_pos_joh_02,3,-0.8701712794560491
712_01_057_sort_pos_joh_02,4,-0.5513733142167084
712_01_057_sort_pos_joh_02,5,0.2714993651630306
712_01_057_sort_pos_joh_02,6,0.6223065108774037
712_01_057_sort_pos_joh_02,7,0.05852428530159168
712_01_058_sort_pos_joh_01,0,-0.6339667779924167
712_01_058_sort_pos_joh_01,1,-0.0690829654144076
712_01_058_sort_pos_joh_01,2,-0.030275242098833522
712_01_058_sort_pos_joh_01,3,-0.17492400209684814
712_01_058_sort_pos_joh_01,4,0.19775273765841112
712_01_058_sort_pos_joh_01,5,-0.21497909109988944
712_01_058_sort_pos_joh_01,6,0.4320536471114442
712_01_058_sort_pos_joh_01,7,0.4662597919938725
712_01_058_sort_pos_joh_02,0,0.10374165912768736
712_01_058_sort_pos_joh_02,1,0.2677740557678834
712_01_058_sort_pos_joh_02,2,0.188169153541008
712_01_058_sort_pos_joh_02,3,-0.8939981748151903
712_01_058_sort_pos_joh_02,4,-0.3149183286488873
712_01_058_sort_pos_joh_02,5,-0.41386615776488983
712_01_058_sort_pos_joh_02,6,0.43103100005892114
712_01_058_sort_pos_joh_02,7,0.7365807443426111
712_01_058_sort_pos_joh_03,0,-0.6903523978812512
712_01_058_sort_pos_joh_03,1,-0.8455855292529597
712_01_058_sort_pos_joh_03,2,-0.4274822999274578
712_01_058_sort_pos_joh_03,3,0.40450718451338513
712_01_058_sort_pos_joh_03,4,0.14520446738787912
712_01_058_sort_pos_joh_03,5,0.2940046335495375
712_01_058_sort_pos_joh_03,6,0.3052970628799897
712_01_058_sort_pos_joh_03,7,0.8458297901270772
712_01_058_sort_pos_joh_04,0,-0.3444233600968322
712_01_058_sort_pos_joh_04,1,-0.3444233600968322
712_01_058_sort_pos_joh_04,2,0.16484511834894683
712_01_058_sort_pos_joh_04,3,0.7369555266607759
712_01_058_sort_pos_joh_04,4,-0.34442336009683233
712_01_058_sort_pos_joh_04,5,-0.34442336009683233
712_01_058_sort_pos_joh_04,6,0.16484511834894683
712_01_058_sort_pos_joh_04,7,0.4775669329409193
712_01_058_sort_pos_joh_05,0,0.482600482600724
712_01_058_sort_pos_joh_05,1,0.06661733875264941
712_01_058_sort_pos_joh_05,2,-0.3757192800598859
712_01_058_sort_pos_joh_05,3,0.1647971447964884
712_01_058_sort_pos_joh_05,4,0.34027255404779483
712_01_058_sort_pos_joh_05,5,-0.11847809009550375
712_01_058_sort_pos_joh_05,6,-0.6460415830634643
712_01_058_sort_pos_joh_05,7,0.16108989310567232
712_01_059_sort_pos_joh_01,0,-0.153642169416646
712_01_059_sort_pos_joh_01,1,-0.7259561649647388
712_01_059_sort_pos_joh_01,2,-0.45455288245664843
712_01_059_sort_pos_joh_01,3,-0.5867673821369949
712_01_059_sort_pos_joh_01,4,0.3076993118014355
712_01_059_sort_pos_joh_01,5,0.4252127439599968
712_01_059_sort_pos_joh_01,6,0.64101215459199
712_01_059_sort_pos_joh_01,7,0.6163895298076231
712_01_059_sort_pos_joh_02,0,0.0589870419701622
712_01_059_sort_pos_joh_02,1,-0.5651338141518688
712_01_059_sort_pos_joh_02,2,-0.369754986443726
712_01_059_sort_pos_joh_02,3,-0.030818303563456335
712_01_059_sort_pos_joh_02,4,-0.11880268972334344
712_01_059_sort_pos_joh_02,5,-0.37327096081946015
712_01_059_sort_pos_joh_02,6,0.9643537308280224
712_01_059_sort_pos_joh_02,7,0.46854668183819054
712_01_060_sort_pos_joh_01,0,-0.6993996651406947
712_01_060_sort_pos_joh_01,1,0.3226138030480435
712_01_060_sort_pos_joh_01,2,0.18952451089472586
712_01_060_sort_pos_joh_01,3,-0.4043680421515942
712_01_060_sort_pos_joh_01,4,0.35239964768754084
712_01_060_sort_pos_joh_01,5,0.03970724559546884
712_01_060_sort_pos_joh_01,6,-0.11188112109423026
712_01_060_sort_pos_joh_01,7,0.327056562964287
712_01_060_sort_pos_joh_02,0,-0.22360679774997885
712_01_060_sort_pos_joh_02,1,-0.06759578833420188
712_01_060_sort_pos_joh_02,2,1.0114598335522964
712_01_060_sort_pos_joh_02,3,0.8449886842979476
712_01_060_sort_pos_joh_02,4,-0.07040956669482451
712_01_060_sort_pos_joh_02,5,-0.6000000000000001
712_01_060_sort_pos_joh_02,6,-0.4426679755461366
712_01_060_sort_pos_joh_02,7,-0.2910445315544173
712_01_060_sort_pos_joh_04,0,-0.21821789023599253
712_01_060_sort_pos_joh_04,1,0.30743414355831966
712_01_060_sort_pos_joh_04,2,-0.4498201079280503
712_01_060_sort_pos_joh_04,3,-0.4498201079280503
712_01_060_sort_pos_joh_04,4,0.7854802795083686
712_01_060_sort_pos_joh_04,5,0.2811127713994908
712_01_060_sort_pos_joh_04,6,0.29339161498746363
712_01_060_sort_pos_joh_04,7,-0.4498201079280503
712_01_062_sort_pos_joh_01,0,0.06594501653506685
712_01_062_sort_pos_joh_01,1,0.42548496441633005
712_01_062_sort_pos_joh_01,2,0.23092420435264252
712_01_062_sort_pos_joh_01,3,-0.41923099255865404
712_01_062_sort_pos_joh_01,4,-0.7091344412363859
712_01_062_sort_pos_joh_01,5,-0.023359879724960824
712_01_062_sort_pos_joh_01,6,-0.14860019827525545
712_01_062_sort_pos_joh_01,7,0.588409526625107
712_01_062_sort_pos_joh_02,0,-0.6403533647513134
712_01_062_sort_pos_joh_02,1,-0.2667260270290127
712_01_062_sort_pos_joh_02,2,0.2130470581616992
712_01_062_sort_pos_joh_02,3,0.8650741277237369
712_01_062_sort_pos_joh_02,4,1.1086438321655607
712_01_062_sort_pos_joh_02,5,0.210115595374931
712_01_062_sort_pos_joh_02,6,-0.6268967061322127
712_01_062_sort_pos_joh_02,7,-0.7090046332632824
712_01_062_sort_pos_joh_03,0,0.1060713208766216
712_01_062_sort_pos_joh_03,1,1.2348479248840167
712_01_062_sort_pos_joh_03,2,-0.32864010737097626
712_01_062_sort_pos_joh_03,3,0.10760778282064778
712_01_062_sort_pos_joh_03,4,-0.15436899699759243
712_01_062_sort_pos_joh_03,5,-0.1450407336759028
712_01_062_sort_pos_joh_03,6,-0.2293160095737957
712_01_062_sort_pos_joh_03,7,-0.3176248588306704
712_01_062_sort_pos_joh_04,0,-0.47044212127921115
712_01_062_sort_pos_joh_04,1,0.8490571267203347
712_01_062_sort_pos_joh_04,2,0.7034073575272692
712_01_062_sort_pos_joh_04,3,-1.1549835978210425
712_01_062_sort_pos_joh_04,4,-0.3345153701396701
712_01_062_sort_pos_joh_04,5,-0.2035228946026736
712_01_062_sort_pos_joh_04,6,0.31269630887140065
712_01_062_sort_pos_joh_04,7,0.3200631322513747
712_01_062_sort_pos_joh_05,0,0.6090261131835892
712_01_062_sort_pos_joh_05,1,0.42918850218717064
712_01_062_sort_pos_joh_05,2,-0.38938332678625803
712_01_062_sort_pos_joh_05,3,-0.6897525089594745
712_01_062_sort_pos_joh_05,4,-0.38938332678625864
712_01_062_sort_pos_joh_05,5,0.01712971774568843
712_01_062_sort_pos_joh_05,6,0.7617449945084065
712_01_062_sort_pos_joh_05,7,-0.27570548328517824
712_01_062_sort_pos_joh_06,0,-0.3041143685078822
712_01_062_sort_pos_joh_06,1,-0.29622857916678746
712_01_062_sort_pos_joh_06,2,0.29814239699997175
712_01_062_sort_pos_joh_06,3,0.2981423969999719
712_01_062_sort_pos_joh_06,4,0.8263938705413372
712_01_062_sort_pos_joh_06,5,-0.32198090978115307
712_01_062_sort_pos_joh_06,6,-0.5109761303075959
712_01_062_sort_pos_joh_06,7,0.1026992331926193
712_01_062_sort_pos_joh_07,0,-0.6331379505326532
712_01_062_sort_pos_joh_07,1,-0.2768734341986341
712_01_062_sort_pos_joh_07,2,0.5468074393645818
712_01_062_sort_pos_joh_07,3,1.810594386526238
712_01_062_sort_pos_joh_07,4,0.07444702453153762
712_01_062_sort_pos_joh_07,5,0.07666429376096369
712_01_062_sort_pos_joh_07,6,-0.35485922473595566
712_01_062_sort_pos_joh_07,7,-0.8126677067450865
712_01_062_sort_pos_joh_08,0,-0.924500327042048
712_01_062_sort_pos_joh_08,1,-0.4995665365461759
712_01_062_sort_pos_joh_08,2,-0.3955054753168235
712_01_062_sort_pos_joh_08,3,-0.2760525157047809
712_01_062_sort_pos_joh_08,4,0.1669083177529304
712_01_062_sort_pos_joh_08,5,0.28594780785029783
712_01_062_sort_pos_joh_08,6,0.7336324423780302
712_01_062_sort_pos_joh_08,7,0.9314928656652446
712_01_066_sort_pos_joh_01,0,-0.48326967931701803
712_01_066_sort_pos_joh_01,1,-0.6763877142566086
712_01_066_sort_pos_joh_01,2,0.3593909888870697
712_01_066_sort_pos_joh_01,3,0.06959358098412115
712_01_066_sort_pos_joh_01,4,1.2760971175808682
712_01_066_sort_pos_joh_01,5,-0.29869276581730325
712_01_066_sort_pos_joh_01,6,0.16012815380508683
712_01_066_sort_pos_joh_01,7,-0.29869276581730325
712_01_066_sort_pos_joh_02,0,-0.13088918861170915
712_01_066_sort_pos_joh_02,1,-0.014390351338241148
712_01_066_sort_pos_joh_02,2,-0.25227439331436685
712_01_066_sort_pos_joh_02,3,-0.13206763594884377
712_01_066_sort_pos_joh_02,4,0.46002977604384454
712_01_066_sort_pos_joh_02,5,-0.014781194909838572
712_01_066_sort_pos_joh_02,6,0.7030604707342479
712_01_066_sort_pos_joh_02,7,-0.5965253610288085
712_01_066_sort_pos_joh_03,0,-0.3921538034201451
712_01_066_sort_pos_joh_03,1,-0.08878560065057185
712_01_066_sort_pos_joh_03,2,0.33882929363880854
712_01_066_sort_pos_joh_03,3,-0.2938112749268677
712_01_066_sort_pos_joh_03,4,-0.1896304962496254
712_01_066_sort_pos_joh_03,5,0.877442427325088
712_01_066_sort_pos_joh_03,6,-0.18837027962420874
712_01_066_sort_pos_joh_03,7,0.118257374526218
712_01_066_sort_pos_joh_04,0,-0.2349640582960806
712_01_066_sort_pos_joh_04,1,-0.11962972091091577
712_01_066_sort_pos_joh_04,2,-0.23712162224941566
712_01_066_sort_pos_joh_04,3,-0.4622173718184613
712_01_066_sort_pos_joh_04,4,0.0
712_01_066_sort_pos_joh_04,5,0.0
712_01_066_sort_pos_joh_04,6,0.5036404503661158
712_01_066_sort_pos_joh_04,7,0.6438227799796508
712_01_074_sort_pos_joh_01,0,0.20358731677043357
712_01_074_sort_pos_joh_01,1,-0.23032821169191323
712_01_074_sort_pos_joh_01,2,-0.3186256722148343
712_01_074_sort_pos_joh_01,3,0.49327034467124553
712_01_074_sort_pos_joh_01,4,-0.1035585501454436
712_01_074_sort_pos_joh_01,5,1.0938859489259656
712_01_074_sort_pos_joh_01,6,-0.19072785220518382
712_01_074_sort_pos_joh_01,7,-0.8398113885372307
712_01_074_sort_pos_joh_02,0,-0.01519649791469438
712_01_074_sort_pos_joh_02,1,0.10460293557314632
712_01_074_sort_pos_joh_02,2,-0.20859492673684601
712_01_074_sort_pos_joh_02,3,-0.01530826446476972
712_01_074_sort_pos_joh_02,4,0.8907831696811733
712_01_074_sort_pos_joh_02,5,-0.014228839996105127
712_01_074_sort_pos_joh_02,6,-0.07370495700194143
712_01_074_sort_pos_joh_02,7,-0.6052196198531259
712_01_074_sort_pos_joh_03,0,-0.06037549574145734
712_01_074_sort_pos_joh_03,1,-0.7501339644558325
712_01_074_sort_pos_joh_03,2,-1.057515697615143
712_01_074_sort_pos_joh_03,3,-0.37262065676254946
712_01_074_sort_pos_joh_03,4,0.271778653252305
712_01_074_sort_pos_joh_03,5,0.9214426752509274
712_01_074_sort_pos_joh_03,6,0.7568377284995345
712_01_074_sort_pos_joh_03,7,0.17973956630659066
712_01_074_sort_pos_joh_04,0,0.45746624172592315
712_01_074_sort_pos_joh_04,1,0.8611187047839651
712_01_074_sort_pos_joh_04,2,0.3610267761426604
712_01_074_sort_pos_joh_04,3,-1.110180850855759
712_01_074_sort_pos_joh_04,4,-0.6812694293156621
712_01_074_sort_pos_joh_04,5,0.5022660042881582
712_01_074_sort_pos_joh_04,6,0.07132755515482113
712_01_074_sort_pos_joh_04,7,-0.3981308308937632
712_01_074_sort_pos_joh_05,0,0.3208444739598739
712_01_074_sort_pos_joh_05,1,0.7970469032297196
712_01_074_sort_pos_joh_05,2,-0.04177559931443578
712_01_074_sort_pos_joh_05,3,-0.37242264987106544
712_01_074_sort_pos_joh_05,4,-0.710805708506027
712_01_074_sort_pos_joh_05,5,-0.04339630366027447
712_01_074_sort_pos_joh_05,6,-0.37930477676498053
712_01_074_sort_pos_joh_05,7,0.48180316786624344
712_01_074_sort_pos_joh_06,0,-0.11847809009550347
712_01_074_sort_pos_joh_06,1,0.6790438640176067
712_01_074_sort_pos_joh_06,2,0.07293249574894729
712_01_074_sort_pos_joh_06,3,-0.11847809009550347
712_01_074_sort_pos_joh_06,4,-0.2942411746381851
712_01_074_sort_pos_joh_06,5,-0.3007841286987858
712_01_074_sort_pos_joh_06,6,0.27491410276223394
712_01_074_sort_pos_joh_06,7,-0.11847809009550374
712_01_074_sort_pos_joh_07,0,0.6821865008193589
712_01_074_sort_pos_joh_07,1,-0.28867513459481303
712_01_074_sort_pos_joh_07,2,0.03922322702763644
712_01_074_sort_pos_joh_07,3,0.37930477676498053
712_01_074_sort_pos_joh_07,4,-0.5790685773616371
712_01_074_sort_pos_joh_07,5,0.03987261114144509
712_01_074_sort_pos_joh_07,6,-0.28867513459481303
712_01_074_sort_pos_joh_07,7,0.03860457182410968
712_01_089_sort_pos_joh_02,0,-0.015198886806745965
712_01_089_sort_pos_joh_02,1,-0.6765893540959472
712_01_089_sort_pos_joh_02,2,-0.3887054035260437
712_01_089_sort_pos_joh_02,3,0.6521269063639304
712_01_089_sort_pos_joh_02,4,-0.21381394948514668
712_01_089_sort_pos_joh_02,5,0.39886201760873286
712_01_089_sort_pos_joh_02,6,0.026001845156400433
712_01_089_sort_pos_joh_02,7,0.2848762530131495
712_01_089_sort_pos_joh_03,0,0.6502224736874026
712_01_089_sort_pos_joh_03,1,0.6895702826152005
712_01_089_sort_pos_joh_03,2,-0.3383126446713962
712_01_089_sort_pos_joh_03,3,-0.1755617207941959
712_01_089_sort_pos_joh_03,4,-0.6740310804196753
712_01_089_sort_pos_joh_03,5,0.6169230579301934
712_01_089_sort_pos_joh_03,6,-0.5081972676135883
712_01_089_sort_pos_joh_03,7,-0.1755617207941959
712_02_030_sort_pos_joh_01,0,-0.6000907578283821
712_02_030_sort_pos_joh_01,1,-0.07913942138215026
712_02_030_sort_pos_joh_01,2,-0.25756672313245205
712_02_030_sort_pos_joh_01,3,-0.2543370435931665
712_02_030_sort_pos_joh_01,4,-0.1590863566516203
712_02_030_sort_pos_joh_01,5,0.008524929243380294
712_02_030_sort_pos_joh_01,6,-0.24822617835687177
712_02_030_sort_pos_joh_01,7,0.5649116872646848
712_02_030_sort_pos_joh_01,8,0.8010550965605848
712_02_030_sort_pos_joh_01,9,0.2644169684647283
712_02_030_sort_pos_joh_02,0,-0.6102644348250773
712_02_030_sort_pos_joh_02,1,-0.5013064110954016
712_02_030_sort_pos_joh_02,2,0.601147808394598
712_02_030_sort_pos_joh_02,3,0.5963206698012639
712_02_030_sort_pos_joh_02,4,0.2282539596833475
712_02_030_sort_pos_joh_02,5,-0.13166337210100804
712_02_030_sort_pos_joh_02,6,-0.12871000373024963
712_02_030_sort_pos_joh_02,7,-0.36392597718327
712_02_030_sort_pos_joh_02,8,0.10350983390135278
712_02_030_sort_pos_joh_02,9,0.22309753007990496
712_02_030_sort_pos_joh_03,0,-0.12180638428352415
712_02_030_sort_pos_joh_03,1,-0.12590824129146982
712_02_030_sort_pos_joh_03,2,-0.12180638428352404
712_02_030_sort_pos_joh_03,3,0.3940552031195502
712_02_030_sort_pos_joh_03,4,0.13598207330510517
712_02_030_sort_pos_joh_03,5,-0.12590824129146982
712_02_030_sort_pos_joh_03,6,-0.12180638428352404
712_02_030_sort_pos_joh_03,7,0.12626906806902644
712_02_030_sort_pos_joh_03,8,0.12626906806902644
712_02_030_sort_pos_joh_03,9,-0.12180638428352406
712_02_030_sort_pos_joh_04,0,-0.5191220960013095
712_02_030_sort_pos_joh_04,1,-0.2067663899064365
712_02_030_sort_pos_joh_04,2,-0.0476731294622795
712_02_030_sort_pos_joh_04,3,-0.0476731294622795
712_02_030_sort_pos_joh_04,4,-0.36132092857384956
712_02_030_sort_pos_joh_04,5,0.4931969619160719
712_02_030_sort_pos_joh_04,6,-0.5191220960013095
712_02_030_sort_pos_joh_04,7,0.46108396762070397
712_02_030_sort_pos_joh_04,8,0.46108396762070397
712_02_030_sort_pos_joh_04,9,0.46108396762070397
712_02_030_sort_pos_joh_05,0,-0.32547227745205953
712_02_030_sort_pos_joh_05,1,-0.11056644552171178
712_02_030_sort_pos_joh_05,2,-0.11056644552171178
712_02_030_sort_pos_joh_05,3,0.34585723193303697
712_02_030_sort_pos_joh_05,4,0.5729365606426319
712_02_030_sort_pos_joh_05,5,0.33633639699815643
712_02_030_sort_pos_joh_05,6,-0.5464562462349679
712_02_030_sort_pos_joh_05,7,-0.3340765523905305
712_02_030_sort_pos_joh_05,8,0.11282342060163107
712_02_030_sort_pos_joh_05,9,0.11282342060163107
712_02_030_sort_pos_joh_06,0,-0.242535625036333
712_02_030_sort_pos_joh_06,1,-0.242535625036333
712_02_030_sort_pos_joh_06,2,-0.242535625036333
712_02_030_sort_pos_joh_06,3,-0.242535625036333
712_02_030_sort_pos_joh_06,4,-0.242535625036333
712_02_030_sort_pos_joh_06,5,-0.242535625036333
712_02_030_sort_pos_joh_06,6,-0.242535625036333
712_02_030_sort_pos_joh_06,7,0.686406472983644
712_02_030_sort_pos_joh_06,8,0.686406472983644
712_02_030_sort_pos_joh_06,9,0.686406472983644
712_02_030_sort_pos_joh_07,0,0.8267519009735611
712_02_030_sort_pos_joh_07,1,1.0954451150103324
712_02_030_sort_pos_joh_07,2,0.16384638410380825
712_02_030_sort_pos_joh_07,3,-0.10878565864408428
712_02_030_sort_pos_joh_07,4,-0.6488856845230501
712_02_030_sort_pos_joh_07,5,-0.3794888088754652
712_02_030_sort_pos_joh_07,6,-0.3794888088754652
712_02_030_sort_pos_joh_07,7,-0.10878565864408428
712_02_030_sort_pos_joh_07,8,0.17087153154335233
712_02_030_sort_pos_joh_07,9,-0.3794888088754652
712_02_049_sort_pos_joh_01,0,-0.28498819995163877
712_02_049_sort_pos_joh_01,1,-0.27869320571664724
712_02_049_sort_pos_joh_01,2,-0.16264781684009955
712_02_049_sort_pos_joh_01,3,0.18629857313304884
712_02_049_sort_pos_joh_01,4,0.8103804155521334
712_02_049_sort_pos_joh_01,5,0.5497658927038489
712_02_049_sort_pos_joh_01,6,0.4758309514308861
712_02_049_sort_pos_joh_01,7,-0.2940858488375231
712_02_049_sort_pos_joh_01,8,-0.39468234623127907
712_02_049_sort_pos_joh_01,9,-0.5144176108994513
712_02_049_sort_pos_joh_02,0,-0.6235085832351269
712_02_049_sort_pos_joh_02,1,-0.49526055654364864
712_02_049_sort_pos_joh_02,2,-0.11677484162422841
712_02_049_sort_pos_joh_02,3,0.2714483570153185
712_02_049_sort_pos_joh_02,4,0.2690318547084308
712_02_049_sort_pos_joh_02,5,0.4421358766734756
712_02_049_sort_pos_joh_02,6,0.9887850566657513
712_02_049_sort_pos_joh_02,7,0.6762236915493707
712_02_049_sort_pos_joh_02,8,-0.2446983038568778
712_02_049_sort_pos_joh_02,9,-1.0404649037609914
712_02_049_sort_pos_joh_03,0,-1.055473303849877
712_02_049_sort_pos_joh_03,1,-0.8267519009735613
712_02_049_sort_pos_joh_03,2,-0.08428995039221772
712_02_049_sort_pos_joh_03,3,0.021246560161586683
712_02_049_sort_pos_joh_03,4,1.043569629093745
712_02_049_sort_pos_joh_03,5,0.7895420339517228
712_02_049_sort_pos_joh_03,6,0.126238880619561
712_02_049_sort_pos_joh_03,7,0.022068818567214796
712_02_049_sort_pos_joh_03,8,-0.08638684255813549
712_02_049_sort_pos_joh_03,9,0.12403473458920863
712_02_049_sort_pos_joh_04,0,0.2435450262191932
712_02_049_sort_pos_joh_04,1,0.23488808780588136
712_02_049_sort_pos_joh_04,2,0.08662961636484202
712_02_049_sort_pos_joh_04,3,-0.057472213513807685
712_02_049_sort_pos_joh_04,4,-0.3577708763999662
712_02_049_sort_pos_joh_04,5,0.43891625387303185
712_02_049_sort_pos_joh_04,6,0.6030226891555274
712_02_049_sort_pos_joh_04,7,-0.3455473702325439
712_02_049_sort_pos_joh_04,8,-0.20247372079721834
712_02_049_sort_pos_joh_04,9,-0.4929607495629117
712_02_050_sort_pos_joh_01,0,0.18728363799171827
712_02_050_sort_pos_joh_01,1,1.2038140250985736
712_02_050_sort_pos_joh_01,2,0.8545825383956601
712_02_050_sort_pos_joh_01,3,0.6636093666128268
712_02_050_sort_pos_joh_01,4,-0.03695909131277566
712_02_050_sort_pos_joh_01,5,0.00880587442095448
712_02_050_sort_pos_joh_01,6,-0.48362464694609003
712_02_050_sort_pos_joh_01,7,-0.43980250872052934
712_02_050_sort_pos_joh_01,8,-0.7517625112430829
712_02_050_sort_pos_joh_01,9,-1.109343146993067
712_02_050_sort_pos_joh_02,0,0.14544853530866586
712_02_050_sort_pos_joh_02,1,1.4703285774821386
712_02_050_sort_pos_joh_02,2,0.8309275704499347
712_02_050_sort_pos_joh_02,3,0.5249256749661263
712_02_050_sort_pos_joh_02,4,-0.32722575551482613
712_02_050_sort_pos_joh_02,5,-0.4141921796933106
712_02_050_sort_pos_joh_02,6,-0.6053650564495676
712_02_050_sort_pos_joh_02,7,-0.40097878751981386
712_02_050_sort_pos_joh_02,8,-0.4141921796933109
712_02_050_sort_pos_joh_02,9,-0.6950272000079435
712_02_050_sort_pos_joh_03,0,0.7239300246860823
712_02_050_sort_pos_joh_03,1,1.0690449676496971
712_02_050_sort_pos_joh_03,2,0.505076272276105
712_02_050_sort_pos_joh_03,3,-0.2489905223561462
712_02_050_sort_pos_joh_03,4,-0.08246458648705812
712_02_050_sort_pos_joh_03,5,-0.32586084965345713
712_02_050_sort_pos_joh_03,6,0.08287134720863339
712_02_050_sort_pos_joh_03,7,-0.2567480829815485
712_02_050_sort_pos_joh_03,8,-0.8547320749391976
712_02_050_sort_pos_joh_03,9,-0.5050762722761059
712_02_050_sort_pos_joh_04,0,0.024000768036866002
712_02_050_sort_pos_joh_04,1,0.2615343689010107
712_02_050_sort_pos_joh_04,2,-0.21821789023599217
712_02_050_sort_pos_joh_04,3,0.024000768036866002
712_02_050_sort_pos_joh_04,4,-0.21821789023599217
712_02_050_sort_pos_joh_04,5,0.024000768036866002
712_02_050_sort_pos_joh_04,6,-0.21821789023599217
712_02_050_sort_pos_joh_04,7,-0.23354968324845662
712_02_050_sort_pos_joh_04,8,0.26990309764655407
712_02_050_sort_pos_joh_04,9,0.2615343689010107
712_02_050_sort_pos_joh_05,0,1.414213562373095
712_02_050_sort_pos_joh_05,1,1.146776925649218
712_02_050_sort_pos_joh_05,2,-1.6543421096339706e-16
712_02_050_sort_pos_joh_05,3,-1.6543421096339706e-16
712_02_050_sort_pos_joh_05,4,-0.22178456109386105
712_02_050_sort_pos_joh_05,5,-0.21611836153683825
712_02_050_sort_pos_joh_05,6,-0.8787495503274936
712_02_050_sort_pos_joh_05,7,-0.43437224276306946
712_02_050_sort_pos_joh_05,8,-0.23459704442429408
712_02_050_sort_pos_joh_05,9,-0.4458779620677097
712_02_052_sort_pos_joh_01,0,0.2231005994234895
712_02_052_sort_pos_joh_01,1,0.01517941851797346
712_02_052_sort_pos_joh_01,2,-0.1905596949711038
712_02_052_sort_pos_joh_01,3,0.0661811180877429
712_02_052_sort_pos_joh_01,4,0.015617376188861174
712_02_052_sort_pos_joh_01,5,-0.037360574972998724
712_02_052_sort_pos_joh_01,6,-0.49705043249560826
712_02_052_sort_pos_joh_01,7,0.21425142771995606
712_02_052_sort_pos_joh_01,8,0.2663989375473913
712_02_052_sort_pos_joh_01,9,-0.08664902550826337
712_02_052_sort_pos_joh_02,0,0.6187184335382289
712_02_052_sort_pos_joh_02,1,0.5980503604017324
712_02_052_sort_pos_joh_02,2,0.7218741800728496
712_02_052_sort_pos_joh_02,3,0.7218741800728498
712_02_052_sort_pos_joh_02,4,-0.24743582965269667
712_02_052_sort_pos_joh_02,5,-0.3791755125527497
712_02_052_sort_pos_joh_02,6,-0.6637918509160179
712_02_052_sort_pos_joh_02,7,-0.7904519368610405
712_02_052_sort_pos_joh_02,8,-0.37547548228740196
712_02_052_sort_pos_joh_02,9,-0.10833586072935707
712_02_052_sort_pos_joh_03,0,0.5262013605584338
712_02_052_sort_pos_joh_03,1,0.882108554271954
712_02_052_sort_pos_joh_03,2,-0.07084363469758137
712_02_052_sort_pos_joh_03,3,-0.5414763329027468
712_02_052_sort_pos_joh_03,4,-0.30304347618467226
712_02_052_sort_pos_joh_03,5,-0.18494947090439046
712_02_052_sort_pos_joh_03,6,0.7653837971759038
712_02_052_sort_pos_joh_03,7,0.16507184504792688
712_02_052_sort_pos_joh_03,8,-0.6552509280812727
712_02_052_sort_pos_joh_03,9,-0.4296689244236597
712_02_052_sort_pos_joh_04,0,0.5948430054102948
712_02_052_sort_pos_joh_04,1,0.4455663943395036
712_02_052_sort_pos_joh_04,2,-0.20700217047200636
712_02_052_sort_pos_joh_04,3,-0.04598004898717012
712_02_052_sort_pos_joh_04,4,0.25498406399398515
712_02_052_sort_pos_joh_04,5,0.2581393488978173
712_02_052_sort_pos_joh_04,6,-0.4979466032338519
712_02_052_sort_pos_joh_04,7,-0.34733059248920956
712_02_052_sort_pos_joh_04,8,-0.34733059248920956
712_02_052_sort_pos_joh_04,9,-0.046574643283262294
712_02_056_sort_pos_joh_01,0,-0.43970938972874374
712_02_056_sort_pos_joh_01,1,0.38783358287314473
712_02_056_sort_pos_joh_01,2,0.2501629195350501
712_02_056_sort_pos_joh_01,3,0.5315725217902169
712_02_056_sort_pos_joh_01,4,-0.2327239132321922
712_02_056_sort_pos_joh_01,5,-0.1656275652050863
712_02_056_sort_pos_joh_01,6,-0.5259482291109944
712_02_056_sort_pos_joh_01,7,-0.4639996375004248
712_02_056_sort_pos_joh_01,8,0.26666666666666666
712_02_056_sort_pos_joh_01,9,0.4096330555445535
712_02_056_sort_pos_joh_02,0,0.3273614273578212
712_02_056_sort_pos_joh_02,1,0.8669214468630103
712_02_056_sort_pos_joh_02,2,0.07537783614444082
712_02_056_sort_pos_joh_02,3,-0.16992493749949555
712_02_056_sort_pos_joh_02,4,0.07537783614444082
712_02_056_sort_pos_joh_02,5,0.35238246538436035
712_02_056_sort_pos_joh_02,6,-0.4123105625617661
712_02_056_sort_pos_joh_02,7,-0.6546536707079772
712_02_056_sort_pos_joh_02,8,-0.4123105625617661
712_02_056_sort_pos_joh_02,9,0.07537783614444092
712_02_056_sort_pos_joh_03,0,0.14176199428093575
712_02_056_sort_pos_joh_03,1,0.7157479178923352
712_02_056_sort_pos_joh_03,2,-0.13553171745552337
712_02_056_sort_pos_joh_03,3,-0.13553171745552337
712_02_056_sort_pos_joh_03,4,0.42717882885838043
712_02_056_sort_pos_joh_03,5,-0.4055535528269064
712_02_056_sort_pos_joh_03,6,-0.6746907251875057
712_02_056_sort_pos_joh_03,7,-0.6746907251875057
712_02_056_sort_pos_joh_03,8,0.14176199428093575
712_02_056_sort_pos_joh_03,9,0.7497001798800838
712_02_056_sort_pos_joh_04,0,-0.47673129462279606
712_02_056_sort_pos_joh_04,1,0.0
712_02_056_sort_pos_joh_04,2,0.0
712_02_056_sort_pos_joh_04,3,0.0
712_02_056_sort_pos_joh_04,4,-0.47673129462279606
712_02_056_sort_pos_joh_04,5,0.0
712_02_056_sort_pos_joh_04,6,0.0
712_02_056_sort_pos_joh_04,7,0.5212860351426868
712_02_056_sort_pos_joh_04,8,0.0
712_02_056_sort_pos_joh_04,9,0.5212860351426868
712_02_063_sort_pos_joh_01,0,0.2022240556662236
712_02_063_sort_pos_joh_01,1,-0.04975185951049934
712_02_063_sort_pos_joh_01,2,-0.4222055392196148
712_02_063_sort_pos_joh_01,3,0.07974522228289012
712_02_063_sort_pos_joh_01,4,0.4898979485566355
712_02_063_sort_pos_joh_01,5,-0.05397525801500074
712_02_063_sort_pos_joh_01,6,0.20580586870233544
712_02_063_sort_pos_joh_01,7,-0.3041143685078825
712_02_063_sort_pos_joh_01,8,-0.051047656089015854
712_02_063_sort_pos_joh_01,9,-0.05196997003347399
712_02_063_sort_pos_joh_02,0,0.1350858067395748
712_02_063_sort_pos_joh_02,1,-0.40555355282690636
712_02_063_sort_pos_joh_02,2,-0.8297398136450221
712_02_063_sort_pos_joh_02,3,-0.6979538070371127
712_02_063_sort_pos_joh_02,4,0.27861206838491176
712_02_063_sort_pos_joh_02,5,1.0610933595339573
712_02_063_sort_pos_joh_02,6,0.7131223817314118
712_02_063_sort_pos_joh_02,7,0.1378294616049928
712_02_063_sort_pos_joh_02,8,-0.5410842694463305
712_02_063_sort_pos_joh_02,9,0.2729501225810748
712_02_063_sort_pos_joh_03,0,-0.42008402520840304
712_02_063_sort_pos_joh_03,1,-0.1849494709043906
712_02_063_sort_pos_joh_03,2,-0.67028625796877
712_02_063_sort_pos_joh_03,3,-0.5335507875449309
712_02_063_sort_pos_joh_03,4,-0.785213671273075
712_02_063_sort_pos_joh_03,5,-0.07084363469758156
712_02_063_sort_pos_joh_03,6,2.11529147198743
712_02_063_sort_pos_joh_03,7,0.9214791886839045
712_02_063_sort_pos_joh_03,8,0.04649905549752777
712_02_063_sort_pos_joh_03,9,0.16147517376174592
712_02_063_sort_pos_joh_06,0,0.5049555224782425
712_02_063_sort_pos_joh_06,1,-0.12475657231036098
712_02_063_sort_pos_joh_06,2,-0.7427813527082074
712_02_063_sort_pos_joh_06,3,-0.7427813527082074
712_02_063_sort_pos_joh_06,4,-0.4347490658311759
712_02_063_sort_pos_joh_06,5,0.569976399903277
712_02_063_sort_pos_joh_06,6,0.19900743804199794
712_02_063_sort_pos_joh_06,7,0.5049555224782423
712_02_063_sort_pos_joh_06,8,0.5049555224782423
712_02_063_sort_pos_joh_06,9,-0.12475657231036125
712_02_066_sort_pos_joh_01,0,-0.20184275888809977
712_02_066_sort_pos_joh_01,1,0.20119461874364092
712_02_066_sort_pos_joh_01,2,0.44650565189324254
712_02_066_sort_pos_joh_01,3,0.7534229453013759
712_02_066_sort_pos_joh_01,4,-0.36498619161695406
712_02_066_sort_pos_joh_01,5,0.12888481555661682
712_02_066_sort_pos_joh_01,6,-0.5278972903001675
712_02_066_sort_pos_joh_01,7,-0.2047461533780144
712_02_066_sort_pos_joh_01,8,-0.04183404719095695
712_02_066_sort_pos_joh_01,9,-0.12626906806902613
712_02_066_sort_pos_joh_02,0,-0.7095242473194601
712_02_066_sort_pos_joh_02,1,-0.5989943460446304
712_02_066_sort_pos_joh_02,2,0.07775378339874683
712_02_066_sort_pos_joh_02,3,0.19224079103855787
712_02_066_sort_pos_joh_02,4,0.5141296575519063
712_02_066_sort_pos_joh_02,5,0.07576094781311213
712_02_066_sort_pos_joh_02,6,0.18837793805062264
712_02_066_sort_pos_joh_02,7,-0.034836650714580766
712_02_066_sort_pos_joh_02,8,0.44478350907176956
712_02_066_sort_pos_joh_02,9,-0.1481776179794141
712_02_066_sort_pos_joh_03,0,-0.07358236637186924
712_02_066_sort_pos_joh_03,1,0.8264562857826565
712_02_066_sort_pos_joh_03,2,0.6919735266348833
712_02_066_sort_pos_joh_03,3,1.092577757027154
712_02_066_sort_pos_joh_03,4,-0.5606570836846478
712_02_066_sort_pos_joh_03,5,-0.23749113526600202
712_02_066_sort_pos_joh_03,6,-0.13258049847005204
712_02_066_sort_pos_joh_03,7,-0.5124766016795818
712_02_066_sort_pos_joh_03,8,-0.4048857408924925
712_02_066_sort_pos_joh_03,9,-0.5116560307606078
712_02_066_sort_pos_joh_04,0,-0.5052911526399114
712_02_066_sort_pos_joh_04,1,-0.5052911526399114
712_02_066_sort_pos_joh_04,2,0.35355339059327356
712_02_066_sort_pos_joh_04,3,0.35355339059327356
712_02_066_sort_pos_joh_04,4,0.05623215571155351
712_02_066_sort_pos_joh_04,5,1.3930520662939845
712_02_066_sort_pos_joh_04,6,0.0562321557115533
712_02_066_sort_pos_joh_04,7,-0.22466238252069232
712_02_066_sort_pos_joh_04,8,-0.2246623825206922
712_02_066_sort_pos_joh_04,9,-0.5052911526399114
712_02_074_sort_pos_joh_01,0,-1.77341012415314
712_02_074_sort_pos_joh_01,1,-1.0991364314639471
712_02_074_sort_pos_joh_01,2,0.09939398344534729
712_02_074_sort_pos_joh_01,3,0.5034774553564905
712_02_074_sort_pos_joh_01,4,0.6513875673623994
712_02_074_sort_pos_joh_01,5,0.6261347713060672
712_02_074_sort_pos_joh_01,6,0.4107129826343006
712_02_074_sort_pos_joh_01,7,0.009126808071428408
712_02_074_sort_pos_joh_01,8,0.1943694706824745
712_02_074_sort_pos_joh_01,9,0.1924016197405082
712_02_074_sort_pos_joh_02,0,0.15175301164325683
712_02_074_sort_pos_joh_02,1,-0.12316927391978312
712_02_074_sort_pos_joh_02,2,-0.2613737223543701
712_02_074_sort_pos_joh_02,3,-0.49110595755711584
712_02_074_sort_pos_joh_02,4,0.2905965576669411
712_02_074_sort_pos_joh_02,5,0.9928461012943524
712_02_074_sort_pos_joh_02,6,-0.058234590118098936
712_02_074_sort_pos_joh_02,7,0.3726473723133293
712_02_074_sort_pos_joh_02,8,-0.13178063603857884
712_02_074_sort_pos_joh_02,9,-0.691152744615079
712_02_074_sort_pos_joh_03,0,-0.16217712456020192
712_02_074_sort_pos_joh_03,1,0.029210311891849777
712_02_074_sort_pos_joh_03,2,-0.1606062239063101
712_02_074_sort_pos_joh_03,3,-0.25883878884437284
712_02_074_sort_pos_joh_03,4,0.4480139024578192
712_02_074_sort_pos_joh_03,5,-0.16217712456020192
712_02_074_sort_pos_joh_03,6,0.5916079783099615
712_02_074_sort_pos_joh_03,7,-0.35829574929238317
712_02_074_sort_pos_joh_03,8,-0.06958030491548026
712_02_074_sort_pos_joh_03,9,0.12793763613933257
712_02_074_sort_pos_joh_04,0,0.39117097189998606
712_02_074_sort_pos_joh_04,1,0.1849000654084101
712_02_074_sort_pos_joh_04,2,-0.2203860135817117
712_02_074_sort_pos_joh_04,3,-0.21920136984979907
712_02_074_sort_pos_joh_04,4,1.2990381056766584
712_02_074_sort_pos_joh_04,5,0.41301908040631935
712_02_074_sort_pos_joh_04,6,-0.3230510883858728
712_02_074_sort_pos_joh_04,7,-0.5335087430842798
712_02_074_sort_pos_joh_04,8,-0.4226926750474177
712_02_074_sort_pos_joh_04,9,-0.31955293861016454
712_02_074_sort_pos_joh_05,0,0.8013239513747886
712_02_074_sort_pos_joh_05,1,0.5773502691896253
712_02_074_sort_pos_joh_05,2,-0.06388765649999409
712_02_074_sort_pos_joh_05,3,-0.060971076084969024
712_02_074_sort_pos_joh_05,4,0.14211916321875218
712_02_074_sort_pos_joh_05,5,-0.26608300880432245
712_02_074_sort_pos_joh_05,6,-0.16597474652948538
712_02_074_sort_pos_joh_05,7,-0.06166264159782052
712_02_074_sort_pos_joh_05,8,-0.16997248129269313
712_02_074_sort_pos_joh_05,9,-0.6861611477069857
712_02_074_sort_pos_joh_06,0,0.18725147156828464
712_02_074_sort_pos_joh_06,1,0.807718326138046
712_02_074_sort_pos_joh_06,2,0.06021038135738628
712_02_074_sort_pos_joh_06,3,-0.06001488553764867
712_02_074_sort_pos_joh_06,4,-0.2982749931359467
712_02_074_sort_pos_joh_06,5,0.18569533817705194
712_02_074_sort_pos_joh_06,6,0.06117609802904982
712_02_074_sort_pos_joh_06,7,0.0606874776783915
712_02_074_sort_pos_joh_06,8,-0.8257006159504146
712_02_074_sort_pos_joh_06,9,-0.20480798012975998
712_02_074_sort_pos_joh_07,0,0.2894298421169689
712_02_074_sort_pos_joh_07,1,0.6666666666666667
712_02_074_sort_pos_joh_07,2,0.4245690158414025
712_02_074_sort_pos_joh_07,3,0.5508613944197479
712_02_074_sort_pos_joh_07,4,-0.6939542359352535
712_02_074_sort_pos_joh_07,5,-0.672021505032247
712_02_074_sort_pos_joh_07,6,-0.8038625047660568
712_02_074_sort_pos_joh_07,7,-0.5483578388737712
712_02_074_sort_pos_joh_07,8,0.2964997266644405
712_02_074_sort_pos_joh_07,9,0.5811651794507315
712_02_074_sort_pos_joh_08,0,-0.1373605639486891
712_02_074_sort_pos_joh_08,1,-0.1373605639486891
712_02_074_sort_pos_joh_08,2,-0.1373605639486891
712_02_074_sort_pos_joh_08,3,-0.1373605639486891
712_02_074_sort_pos_joh_08,4,inf
712_02_074_sort_pos_joh_08,5,-0.1373605639486891
712_02_074_sort_pos_joh_08,6,-0.1373605639486891
712_02_074_sort_pos_joh_08,7,-0.1373605639486891
712_02_074_sort_pos_joh_08,8,-0.1373605639486891
712_02_074_sort_pos_joh_08,9,-0.1373605639486891
712_03_030_sort_pos_joh_01,0,1.1066057433370027
712_03_030_sort_pos_joh_01,1,-0.28971359796263413
712_03_030_sort_pos_joh_01,2,0.015184667582224563
712_03_030_sort_pos_joh_01,3,0.164712005764757
712_03_030_sort_pos_joh_01,4,0.3260225029828356
712_03_030_sort_pos_joh_01,5,0.015184667582224563
712_03_030_sort_pos_joh_01,6,-0.28971359796263413
712_03_030_sort_pos_joh_01,7,-0.4377888420133972
712_03_030_sort_pos_joh_01,8,-0.4377888420133972
712_03_030_sort_pos_joh_01,9,0.1781624758077276
712_03_030_sort_pos_joh_02,0,0.10437013511635991
712_03_030_sort_pos_joh_02,1,-0.46874898976306545
712_03_030_sort_pos_joh_02,2,-0.23876165079580164
712_03_030_sort_pos_joh_02,3,0.533452062399531
712_03_030_sort_pos_joh_02,4,1.633440070313498
712_03_030_sort_pos_joh_02,5,0.48314103737593084
712_03_030_sort_pos_joh_02,6,-0.006702772697836882
712_03_030_sort_pos_joh_02,7,-0.5721647675682756
712_03_030_sort_pos_joh_02,8,-0.7476273244813323
712_03_030_sort_pos_joh_02,9,-0.3706334250285454
712_03_030_sort_pos_joh_03,0,0.0
712_03_030_sort_pos_joh_03,1,-0.26936179620310635
712_03_030_sort_pos_joh_03,2,-0.5428752851659945
712_03_030_sort_pos_joh_03,3,-0.13830319420447768
712_03_030_sort_pos_joh_03,4,1.0980476589917776
712_03_030_sort_pos_joh_03,5,1.0980476589917776
712_03_030_sort_pos_joh_03,6,0.5806867051395413
712_03_030_sort_pos_joh_03,7,-0.6814240835008968
712_03_030_sort_pos_joh_03,8,-0.5428752851659944
712_03_030_sort_pos_joh_03,9,-0.27203961185143816
712_03_030_sort_pos_joh_04,0,0.23268787336008676
712_03_030_sort_pos_joh_04,1,-0.3968656320672313
712_03_030_sort_pos_joh_04,2,-0.3968656320672313
712_03_030_sort_pos_joh_04,3,-0.09284766908852601
712_03_030_sort_pos_joh_04,4,0.5756926422568072
712_03_030_sort_pos_joh_04,5,1.0834726777719228
712_03_030_sort_pos_joh_04,6,0.2199344782623432
712_03_030_sort_pos_joh_04,7,-0.09284766908852596
712_03_030_sort_pos_joh_04,8,-0.39686563206723124
712_03_030_sort_pos_joh_04,9,-0.39686563206723124
712_03_039_sort_pos_joh_01,0,-0.6930492971646673
712_03_039_sort_pos_joh_01,1,-0.29669826822457757
712_03_039_sort_pos_joh_01,2,-0.8031127233769259
712_03_039_sort_pos_joh_01,3,-0.3709508212358145
712_03_039_sort_pos_joh_01,4,-0.22538337544922446
712_03_039_sort_pos_joh_01,5,0.509020720255518
712_03_039_sort_pos_joh_01,6,1.4679640940115537
712_03_039_sort_pos_joh_01,7,0.46438364948934524
712_03_039_sort_pos_joh_01,8,0.09196009797434025
712_03_039_sort_pos_joh_01,9,-0.03508154975768244
712_03_039_sort_pos_joh_03,0,-0.5783541827789473
712_03_039_sort_pos_joh_03,1,-0.6106764362376388
712_03_039_sort_pos_joh_03,2,-0.32762290838133173
712_03_039_sort_pos_joh_03,3,-0.1947970830562633
712_03_039_sort_pos_joh_03,4,0.5704394950277799
712_03_039_sort_pos_joh_03,5,0.3857277979828202
712_03_039_sort_pos_joh_03,6,0.7056434494190097
712_03_039_sort_pos_joh_03,7,0.399878908443361
712_03_039_sort_pos_joh_03,8,0.2651676853338123
712_03_039_sort_pos_joh_03,9,-0.5620823335451576
712_03_039_sort_pos_joh_04,0,-0.4870514168599286
712_03_039_sort_pos_joh_04,1,-0.6737463139003319
712_03_039_sort_pos_joh_04,2,-0.5118359580023574
712_03_039_sort_pos_joh_04,3,-0.26121561159571105
712_03_039_sort_pos_joh_04,4,0.3578739589461681
712_03_039_sort_pos_joh_04,5,0.36190100668840247
712_03_039_sort_pos_joh_04,6,0.4843661687418403
712_03_039_sort_pos_joh_04,7,0.9746102338441093
712_03_039_sort_pos_joh_04,8,0.36606713291088966
712_03_039_sort_pos_joh_04,9,-0.6389203781852344
712_03_039_sort_pos_joh_06,0,0.5788596842339372
712_03_039_sort_pos_joh_06,1,0.2136056563526713
712_03_039_sort_pos_joh_06,2,0.4421894195198185
712_03_039_sort_pos_joh_06,3,0.3130495168499707
712_03_039_sort_pos_joh_06,4,0.5240974256643346
712_03_039_sort_pos_joh_06,5,0.30890704714848155
712_03_039_sort_pos_joh_06,6,-0.5741039273131755
712_03_039_sort_pos_joh_06,7,-0.35124563196700936
712_03_039_sort_pos_joh_06,8,-0.589843703400812
712_03_039_sort_pos_joh_06,9,-0.8164965809277258
712_03_049_sort_pos_joh_01,0,0.210072183685071
712_03_049_sort_pos_joh_01,1,0.08032193289025
712_03_049_sort_pos_joh_01,2,-0.4399659001582696
712_03_049_sort_pos_joh_01,3,0.48154341234307696
712_03_049_sort_pos_joh_01,4,0.6213947110020438
712_03_049_sort_pos_joh_01,5,-0.05208880899372005
712_03_049_sort_pos_joh_01,6,-0.1824501122999403
712_03_049_sort_pos_joh_01,7,-0.17919288976719816
712_03_049_sort_pos_joh_01,8,-0.1914398460605467
712_03_049_sort_pos_joh_01,9,-0.3102266937317923
712_03_050_sort_pos_joh_01,0,-3.9550987151743614e-16
712_03_050_sort_pos_joh_01,1,0.35041373245062835
712_03_050_sort_pos_joh_01,2,0.06741385799232369
712_03_050_sort_pos_joh_01,3,-0.26397609012858514
712_03_050_sort_pos_joh_01,4,-0.3915551640972672
712_03_050_sort_pos_joh_01,5,0.12954009088710822
712_03_050_sort_pos_joh_01,6,0.265858503559374
712_03_050_sort_pos_joh_01,7,0.26335744901833325
712_03_050_sort_pos_joh_01,8,-0.12561733628819358
712_03_050_sort_pos_joh_01,9,-0.2579786270336292
712_03_050_sort_pos_joh_02,0,-0.18464772811525407
712_03_050_sort_pos_joh_02,1,-0.4674530648097387
712_03_050_sort_pos_joh_02,2,-0.6561570937076583
712_03_050_sort_pos_joh_02,3,-0.1829710535244688
712_03_050_sort_pos_joh_02,4,0.38201065633589004
712_03_050_sort_pos_joh_02,5,0.5754353376484355
712_03_050_sort_pos_joh_02,6,0.5842062378369853
712_03_050_sort_pos_joh_02,7,0.4946617249987322
712_03_050_sort_pos_joh_02,8,-5.500418945945797e-16
712_03_050_sort_pos_joh_02,9,-0.4719291781830087
712_03_050_sort_pos_joh_03,0,0.13363062095621217
712_03_050_sort_pos_joh_03,1,0.6919201840360544
712_03_050_sort_pos_joh_03,2,0.6919201840360544
712_03_050_sort_pos_joh_03,3,0.13363062095621214
712_03_050_sort_pos_joh_03,4,-0.29984705581468357
712_03_050_sort_pos_joh_03,5,-0.29984705581468357
712_03_050_sort_pos_joh_03,6,-0.29984705581468357
712_03_050_sort_pos_joh_03,7,-0.29984705581468357
712_03_050_sort_pos_joh_03,8,0.13363062095621214
712_03_050_sort_pos_joh_03,9,-0.2998470558146835
712_03_050_sort_pos_joh_04,0,-0.29468378747350304
712_03_050_sort_pos_joh_04,1,-0.29468378747350304
712_03_050_sort_pos_joh_04,2,-0.29468378747350304
712_03_050_sort_pos_joh_04,3,0.07474350927519356
712_03_050_sort_pos_joh_04,4,-0.29468378747350304
712_03_050_sort_pos_joh_04,5,0.9296696802013683
712_03_050_sort_pos_joh_04,6,0.07474350927519356
712_03_050_sort_pos_joh_04,7,0.455842305838552
712_03_050_sort_pos_joh_04,8,0.07474350927519355
712_03_050_sort_pos_joh_04,9,-0.294683787473503
712_03_052_sort_pos_joh_01,0,0.4550688224235808
712_03_052_sort_pos_joh_01,1,-0.16811121620522085
712_03_052_sort_pos_joh_01,2,-0.3482758748676573
712_03_052_sort_pos_joh_01,3,-0.18058695005960756
712_03_052_sort_pos_joh_01,4,0.052607296787392246
712_03_052_sort_pos_joh_01,5,0.05111986324432493
712_03_052_sort_pos_joh_01,6,-0.28254956050867674
712_03_052_sort_pos_joh_01,7,-0.005755782970323561
712_03_052_sort_pos_joh_01,8,-0.33175209362610963
712_03_052_sort_pos_joh_01,9,0.8022895909833598
712_03_052_sort_pos_joh_02,0,0.14585009692938128
712_03_052_sort_pos_joh_02,1,-0.13730461723867116
712_03_052_sort_pos_joh_02,2,-0.3546885313397307
712_03_052_sort_pos_joh_02,3,-0.2951661680002455
712_03_052_sort_pos_joh_02,4,-0.027601150351595414
712_03_052_sort_pos_joh_02,5,0.5034523855420499
712_03_052_sort_pos_joh_02,6,0.31567516592764994
712_03_052_sort_pos_joh_02,7,-0.13959728988228784
712_03_052_sort_pos_joh_02,8,-0.5140244125530714
712_03_052_sort_pos_joh_02,9,0.5878410692594044
712_03_052_sort_pos_joh_03,0,0.10453998460280765
712_03_052_sort_pos_joh_03,1,0.34798711060040266
712_03_052_sort_pos_joh_03,2,-0.375196439329652
712_03_052_sort_pos_joh_03,3,-0.36647243116168576
712_03_052_sort_pos_joh_03,4,-0.13146731640896522
712_03_052_sort_pos_joh_03,5,0.10207465655937273
712_03_052_sort_pos_joh_03,6,0.7229427592932064
712_03_052_sort_pos_joh_03,7,0.11135950450112239
712_03_052_sort_pos_joh_03,8,-0.38319178995145553
712_03_052_sort_pos_joh_03,9,-0.055625674926585274
712_03_052_sort_pos_joh_04,0,1.0837808844903063
712_03_052_sort_pos_joh_04,1,1.0929786240943924
712_03_052_sort_pos_joh_04,2,-0.03324112476572673
712_03_052_sort_pos_joh_04,3,0.07832114211343544
712_03_052_sort_pos_joh_04,4,-0.5872959245107654
712_03_052_sort_pos_joh_04,5,-0.4776303837351594
712_03_052_sort_pos_joh_04,6,-0.25681097391787583
712_03_052_sort_pos_joh_04,7,0.07940203699626311
712_03_052_sort_pos_joh_04,8,-0.5912292414354371
712_03_052_sort_pos_joh_04,9,-0.1455629269322764
712_03_052_sort_pos_joh_05,0,0.2988703184166068
712_03_052_sort_pos_joh_05,1,-0.14596008983995212
712_03_052_sort_pos_joh_05,2,0.5275173857986405
712_03_052_sort_pos_joh_05,3,0.5131423604911344
712_03_052_sort_pos_joh_05,4,0.06388765649999392
712_03_052_sort_pos_joh_05,5,0.06388765649999392
712_03_052_sort_pos_joh_05,6,-0.14951259010043297
712_03_052_sort_pos_joh_05,7,-0.14951259010043297
712_03_052_sort_pos_joh_05,8,-0.5669467095138409
712_03_052_sort_pos_joh_05,9,-0.35563608375700834
712_03_053_sort_pos_joh_01,0,0.34015067152490375
712_03_053_sort_pos_joh_01,1,-0.02469888817369948
712_03_053_sort_pos_joh_01,2,-0.025116037283227675
712_03_053_sort_pos_joh_01,3,0.3709992580022263
712_03_053_sort_pos_joh_01,4,0.10044039219036487
712_03_053_sort_pos_joh_01,5,0.35457244171083413
712_03_053_sort_pos_joh_01,6,-0.3958165567962349
712_03_053_sort_pos_joh_01,7,-0.2742085083347852
712_03_053_sort_pos_joh_01,8,-0.6497969701652798
712_03_053_sort_pos_joh_01,9,0.22792115291927603
712_03_053_sort_pos_joh_02,0,0.23938794927456047
712_03_053_sort_pos_joh_02,1,-0.24189615691743
712_03_053_sort_pos_joh_02,2,-1.802777518484591e-16
712_03_053_sort_pos_joh_02,3,-1.802777518484591e-16
712_03_053_sort_pos_joh_02,4,-1.802777518484591e-16
712_03_053_sort_pos_joh_02,5,0.4920678313051229
712_03_053_sort_pos_joh_02,6,-0.24189615691743
712_03_053_sort_pos_joh_02,7,-0.24189615691743
712_03_053_sort_pos_joh_02,8,-0.7124704998790967
712_03_053_sort_pos_joh_02,9,0.735214622093808
712_03_053_sort_pos_joh_03,0,-0.02778850071883646
712_03_053_sort_pos_joh_03,1,-0.4300438255467874
712_03_053_sort_pos_joh_03,2,0.10833586072935726
712_03_053_sort_pos_joh_03,3,0.10833586072935726
712_03_053_sort_pos_joh_03,4,-0.026697534996903877
712_03_053_sort_pos_joh_03,5,1.426935379865974
712_03_053_sort_pos_joh_03,6,-0.16103393644569486
712_03_053_sort_pos_joh_03,7,-0.15949044456577993
712_03_053_sort_pos_joh_03,8,-0.4300438255467874
712_03_053_sort_pos_joh_03,9,-0.02722663850586644
712_03_053_sort_pos_joh_04,0,-0.08072921046507826
712_03_053_sort_pos_joh_04,1,-0.08072921046507826
712_03_053_sort_pos_joh_04,2,-0.23918243661746996
712_03_053_sort_pos_joh_04,3,-0.23918243661746996
712_03_053_sort_pos_joh_04,4,-0.39929785312496263
712_03_053_sort_pos_joh_04,5,-0.08072921046507832
712_03_053_sort_pos_joh_04,6,-0.23918243661746996
712_03_053_sort_pos_joh_04,7,0.27950849718747356
712_03_053_sort_pos_joh_04,8,0.46544363958390916
712_03_053_sort_pos_joh_04,9,0.7938841860374447
712_03_056_sort_pos_joh_01,0,-0.04841119783690388
712_03_056_sort_pos_joh_01,1,-0.08796858107930855
712_03_056_sort_pos_joh_01,2,-0.2533061835483105
712_03_056_sort_pos_joh_01,3,-0.4245796760583763
712_03_056_sort_pos_joh_01,4,-0.6583850291143115
712_03_056_sort_pos_joh_01,5,-0.3921940192625167
712_03_056_sort_pos_joh_01,6,-0.09030942518344408
712_03_056_sort_pos_joh_01,7,0.08183879352824967
712_03_056_sort_pos_joh_01,8,0.6637448457418276
712_03_056_sort_pos_joh_01,9,1.3787408481403898
712_03_056_sort_pos_joh_02,0,0.205793361213249
712_03_056_sort_pos_joh_02,1,0.5365152426331328
712_03_056_sort_pos_joh_02,2,0.6085109699563921
712_03_056_sort_pos_joh_02,3,-0.08932370012631202
712_03_056_sort_pos_joh_02,4,-0.09128709291752737
712_03_056_sort_pos_joh_02,5,-0.783870580224377
712_03_056_sort_pos_joh_02,6,-0.4718523696599491
712_03_056_sort_pos_joh_02,7,-0.08980265101338744
712_03_056_sort_pos_joh_02,8,-0.2805109217936246
712_03_056_sort_pos_joh_02,9,0.5271476220041362
712_03_056_sort_pos_joh_03,0,-0.4283752552022018
712_03_056_sort_pos_joh_03,1,-0.02921031189184963
712_03_056_sort_pos_joh_03,2,-0.029669541454846675
712_03_056_sort_pos_joh_03,3,-0.717585520091703
712_03_056_sort_pos_joh_03,4,-0.32854123009922453
712_03_056_sort_pos_joh_03,5,-0.029361010975735367
712_03_056_sort_pos_joh_03,6,-0.12727372310995036
712_03_056_sort_pos_joh_03,7,-0.029210311891849194
712_03_056_sort_pos_joh_03,8,0.6927863713084397
712_03_056_sort_pos_joh_03,9,1.1798201913387387
712_03_060_sort_pos_joh_01,0,-0.2540617279847425
712_03_060_sort_pos_joh_01,1,0.29925462389373103
712_03_060_sort_pos_joh_01,2,0.6325265338949515
712_03_060_sort_pos_joh_01,3,0.24432065650807777
712_03_060_sort_pos_joh_01,4,0.1278692923218922
712_03_060_sort_pos_joh_01,5,-0.1690716141952878
712_03_060_sort_pos_joh_01,6,-0.9049034574912839
712_03_060_sort_pos_joh_01,7,0.0
712_03_060_sort_pos_joh_01,8,-0.08088949821879207
712_03_060_sort_pos_joh_01,9,0.12786929232189012
712_03_060_sort_pos_joh_02,0,0.8520563361656317
712_03_060_sort_pos_joh_02,1,-0.7476765119980698
712_03_060_sort_pos_joh_02,2,-0.5875120888504801
712_03_060_sort_pos_joh_02,3,-0.37266008721820226
712_03_060_sort_pos_joh_02,4,-0.15652475842498514
712_03_060_sort_pos_joh_02,5,0.5343060925533845
712_03_060_sort_pos_joh_02,6,0.35547400809782825
712_03_060_sort_pos_joh_02,7,0.20663217897861444
712_03_060_sort_pos_joh_02,8,0.0645945953809907
712_03_060_sort_pos_joh_02,9,-0.0070859639937009096
712_03_060_sort_pos_joh_03,0,0.6248116858092239
712_03_060_sort_pos_joh_03,1,0.6983296006794248
712_03_060_sort_pos_joh_03,2,0.7183254632931728
712_03_060_sort_pos_joh_03,3,0.3389395367368234
712_03_060_sort_pos_joh_03,4,-0.20535740928233112
712_03_060_sort_pos_joh_03,5,-0.2571297386132901
712_03_060_sort_pos_joh_03,6,-0.5413042976166909
712_03_060_sort_pos_joh_03,7,-0.6696659212872725
712_03_060_sort_pos_joh_03,8,-0.48891907000994017
712_03_060_sort_pos_joh_03,9,-0.21144747571860442
712_03_060_sort_pos_joh_04,0,-0.36285378619969405
712_03_060_sort_pos_joh_04,1,0.06097107608496933
712_03_060_sort_pos_joh_04,2,0.2686271515342737
712_03_060_sort_pos_joh_04,3,-0.044562886048343554
712_03_060_sort_pos_joh_04,4,0.3954134437913623
712_03_060_sort_pos_joh_04,5,0.7160390103945312
712_03_060_sort_pos_joh_04,6,-0.35016209350352495
712_03_060_sort_pos_joh_04,7,0.060302268915552806
712_03_060_sort_pos_joh_04,8,-0.44345016032552875
712_03_060_sort_pos_joh_04,9,-0.2428706962875664
712_03_062_sort_pos_joh_01,0,-0.1813030381123092
712_03_062_sort_pos_joh_01,1,-0.7302913205392327
712_03_062_sort_pos_joh_01,2,-0.40819859801763636
712_03_062_sort_pos_joh_01,3,-0.29656008284352203
712_03_062_sort_pos_joh_01,4,0.607432402173524
712_03_062_sort_pos_joh_01,5,0.8550448292549754
712_03_062_sort_pos_joh_01,6,-0.1859284216854181
712_03_062_sort_pos_joh_01,7,-0.29464677201224315
712_03_062_sort_pos_joh_01,8,0.14323818828942264
712_03_062_sort_pos_joh_01,9,0.594905082725335
712_03_062_sort_pos_joh_02,0,-0.15044825131628684
712_03_062_sort_pos_joh_02,1,-0.4485613040162567
712_03_062_sort_pos_joh_02,2,-0.5253662422571053
712_03_062_sort_pos_joh_02,3,-0.29767969928650106
712_03_062_sort_pos_joh_02,4,0.586910531410446
712_03_062_sort_pos_joh_02,5,0.7488308644489767
712_03_062_sort_pos_joh_02,6,0.2315584223237447
712_03_062_sort_pos_joh_02,7,-0.2976796992865012
712_03_062_sort_pos_joh_02,8,0.07959351912277679
712_03_062_sort_pos_joh_02,9,0.24536645240595836
712_03_062_sort_pos_joh_03,0,-0.6062316211840899
712_03_062_sort_pos_joh_03,1,-0.7648598520123403
712_03_062_sort_pos_joh_03,2,-0.7648598520123403
712_03_062_sort_pos_joh_03,3,-0.27458670886176867
712_03_062_sort_pos_joh_03,4,0.049937616943892045
712_03_062_sort_pos_joh_03,5,0.3837065628999179
712_03_062_sort_pos_joh_03,6,0.048507125007266415
712_03_062_sort_pos_joh_03,7,0.5642880936468346
712_03_062_sort_pos_joh_03,8,1.093216333220242
712_03_062_sort_pos_joh_03,9,0.39578771121427964
712_03_062_sort_pos_joh_04,0,-0.2254938084008488
712_03_062_sort_pos_joh_04,1,-0.7275051119091854
712_03_062_sort_pos_joh_04,2,-0.47619197176123146
712_03_062_sort_pos_joh_04,3,-0.2254938084008488
712_03_062_sort_pos_joh_04,4,0.02506273535585441
712_03_062_sort_pos_joh_04,5,0.546608166610121
712_03_062_sort_pos_joh_04,6,0.875762123915824
712_03_062_sort_pos_joh_04,7,0.2968639190825023
712_03_062_sort_pos_joh_04,8,0.025958706582558288
712_03_062_sort_pos_joh_04,9,0.025958706582558288
712_03_062_sort_pos_joh_05,0,-0.02323069967623421
712_03_062_sort_pos_joh_05,1,-0.24745669886621618
712_03_062_sort_pos_joh_05,2,-0.4708709557974187
712_03_062_sort_pos_joh_05,3,-0.4708709557974187
712_03_062_sort_pos_joh_05,4,-0.022581937608857364
712_03_062_sort_pos_joh_05,5,0.2041241452319315
712_03_062_sort_pos_joh_05,6,-0.022581937608857364
712_03_062_sort_pos_joh_05,7,-0.02323069967623421
712_03_062_sort_pos_joh_05,8,-0.02323069967623421
712_03_062_sort_pos_joh_05,9,1.6480483452909653
712_03_065_sort_pos_joh_01,0,-0.5922917357363712
712_03_065_sort_pos_joh_01,1,0.12609766499825503
712_03_065_sort_pos_joh_01,2,-0.17918432802946674
712_03_065_sort_pos_joh_01,3,0.2809757434745078
712_03_065_sort_pos_joh_01,4,0.325561707928859
712_03_065_sort_pos_joh_01,5,0.5934602951767022
712_03_065_sort_pos_joh_01,6,-0.08328703044565369
712_03_065_sort_pos_joh_01,7,0.17580981459830627
712_03_065_sort_pos_joh_01,8,-0.4340335526303997
712_03_065_sort_pos_joh_01,9,-0.1896181852559899
712_03_065_sort_pos_joh_02,0,-0.3820287239802084
712_03_065_sort_pos_joh_02,1,0.04406526492392346
712_03_065_sort_pos_joh_02,2,-0.518918259944223
712_03_065_sort_pos_joh_02,3,-0.6623003693112615
712_03_065_sort_pos_joh_02,4,0.04248592886620858
712_03_065_sort_pos_joh_02,5,0.18908215838359066
712_03_065_sort_pos_joh_02,6,-0.10008173274760417
712_03_065_sort_pos_joh_02,7,0.7557181165774499
712_03_065_sort_pos_joh_02,8,0.26826110040593837
712_03_065_sort_pos_joh_02,9,0.4791675260559353
712_03_065_sort_pos_joh_03,0,-0.07083738559596424
712_03_065_sort_pos_joh_03,1,0.06349222672731043
712_03_065_sort_pos_joh_03,2,0.06011518800270694
712_03_065_sort_pos_joh_03,3,0.016994831701585673
712_03_065_sort_pos_joh_03,4,-0.4396782594930865
712_03_065_sort_pos_joh_03,5,0.275921028367996
712_03_065_sort_pos_joh_03,6,0.7497771504927776
712_03_065_sort_pos_joh_03,7,-0.06868977506313023
712_03_065_sort_pos_joh_03,8,-0.46654857272209854
712_03_065_sort_pos_joh_03,9,-0.162088179694621
712_03_065_sort_pos_joh_04,0,0.07982072277991664
712_03_065_sort_pos_joh_04,1,0.32705458337478444
712_03_065_sort_pos_joh_04,2,-0.04297067024977172
712_03_065_sort_pos_joh_04,3,-0.5479506462685872
712_03_065_sort_pos_joh_04,4,-0.47775428105289386
712_03_065_sort_pos_joh_04,5,-0.22263317862130738
712_03_065_sort_pos_joh_04,6,0.370999258002225
712_03_065_sort_pos_joh_04,7,0.6823467468622603
712_03_065_sort_pos_joh_04,8,0.19791728785690157
712_03_065_sort_pos_joh_04,9,-0.40725909044086545
712_03_065_sort_pos_joh_05,0,-0.05485239879996127
712_03_065_sort_pos_joh_05,1,0.054412150675794045
712_03_065_sort_pos_joh_05,2,0.05212860351426861
712_03_065_sort_pos_joh_05,3,0.26149712040956485
712_03_065_sort_pos_joh_05,4,-0.05672669004870676
712_03_065_sort_pos_joh_05,5,-0.15971914124998474
712_03_065_sort_pos_joh_05,6,0.1580348853102539
712_03_065_sort_pos_joh_05,7,-0.26344996796185144
712_03_065_sort_pos_joh_05,8,0.05275153878482978
712_03_065_sort_pos_joh_05,9,-0.05160126337951716
712_03_065_sort_pos_joh_06,0,0.3240006009151666
712_03_065_sort_pos_joh_06,1,0.9238803324156328
712_03_065_sort_pos_joh_06,2,0.13481496275998536
712_03_065_sort_pos_joh_06,3,0.519615242270663
712_03_065_sort_pos_joh_06,4,-0.05725983343138691
712_03_065_sort_pos_joh_06,5,-0.8437863213990896
712_03_065_sort_pos_joh_06,6,-1.0322934379493962
712_03_065_sort_pos_joh_06,7,-0.05842062378369869
712_03_065_sort_pos_joh_06,8,0.33751158756148447
712_03_065_sort_pos_joh_06,9,-0.2509297168567095
712_03_066_sort_pos_joh_01,0,0.596083014881251
712_03_066_sort_pos_joh_01,1,-0.33580938097996443
712_03_066_sort_pos_joh_01,2,-0.34158855172449476
712_03_066_sort_pos_joh_01,3,-0.5661088045164596
712_03_066_sort_pos_joh_01,4,-0.23262010079303583
712_03_066_sort_pos_joh_01,5,-0.23009205523682538
712_03_066_sort_pos_joh_01,6,0.16986416298270493
712_03_066_sort_pos_joh_01,7,0.787520339114381
712_03_066_sort_pos_joh_01,8,-0.12662003978402223
712_03_066_sort_pos_joh_01,9,0.2891216547914566
712_03_066_sort_pos_joh_02,0,-0.03031695312954161
712_03_066_sort_pos_joh_02,1,0.7222716252062199
712_03_066_sort_pos_joh_02,2,0.7222716252062199
712_03_066_sort_pos_joh_02,3,0.27735009811261463
712_03_066_sort_pos_joh_02,4,-0.03031695312954161
712_03_066_sort_pos_joh_02,5,-0.03031695312954161
712_03_066_sort_pos_joh_02,6,-0.3285412300992245
712_03_066_sort_pos_joh_02,7,-0.3285412300992245
712_03_066_sort_pos_joh_02,8,-0.3285412300992245
712_03_066_sort_pos_joh_02,9,-0.3285412300992245
712_03_066_sort_pos_joh_03,0,0.17677669529663684
712_03_066_sort_pos_joh_03,1,0.8305395344999218
712_03_066_sort_pos_joh_03,2,0.8305395344999218
712_03_066_sort_pos_joh_03,3,0.17677669529663684
712_03_066_sort_pos_joh_03,4,-0.3859224924939798
712_03_066_sort_pos_joh_03,5,-0.3859224924939798
712_03_066_sort_pos_joh_03,6,-0.3859224924939798
712_03_066_sort_pos_joh_03,7,-0.3859224924939798
712_03_066_sort_pos_joh_03,8,-0.3859224924939798
712_03_066_sort_pos_joh_03,9,0.17677669529663678
712_03_066_sort_pos_joh_04,0,-0.3849800354530287
712_03_066_sort_pos_joh_04,1,-0.8360246129269121
712_03_066_sort_pos_joh_04,2,-0.6783234474692019
712_03_066_sort_pos_joh_04,3,-0.2291746242570528
712_03_066_sort_pos_joh_04,4,0.7216878364870323
712_03_066_sort_pos_joh_04,5,1.2484404235973061
712_03_066_sort_pos_joh_04,6,0.23287321641631112
712_03_066_sort_pos_joh_04,7,0.07621384510621154
712_03_066_sort_pos_joh_04,8,-0.07489428642797642
712_03_066_sort_pos_joh_04,9,0.07621384510621156
712_03_066_sort_pos_joh_05,0,-0.22792115291927584
712_03_066_sort_pos_joh_05,1,-0.22792115291927584
712_03_066_sort_pos_joh_05,2,0.3713906763541036
712_03_066_sort_pos_joh_05,3,1.5689290811054721
712_03_066_sort_pos_joh_05,4,0.3713906763541036
712_03_066_sort_pos_joh_05,5,-0.22792115291927584
712_03_066_sort_pos_joh_05,6,-0.22792115291927584
712_03_066_sort_pos_joh_05,7,-0.22792115291927584
712_03_066_sort_pos_joh_05,8,-0.22792115291927584
712_03_066_sort_pos_joh_05,9,-0.22792115291927584
712_03_069_sort_pos_joh_01,0,0.8640554498230343
712_03_069_sort_pos_joh_01,1,-0.10330577291648814
712_03_069_sort_pos_joh_01,2,-0.8936134111140032
712_03_069_sort_pos_joh_01,3,-0.3037319212314418
712_03_069_sort_pos_joh_01,4,0.19986789958928644
712_03_069_sort_pos_joh_01,5,0.5116832047635463
712_03_069_sort_pos_joh_01,6,0.3230926588126107
712_03_069_sort_pos_joh_01,7,-0.10435144375193021
712_03_069_sort_pos_joh_01,8,0.0200804832225624
712_03_069_sort_pos_joh_01,9,-0.561337053937198
712_03_069_sort_pos_joh_02,0,0.35493776853021203
712_03_069_sort_pos_joh_02,1,-0.15875859852645605
712_03_069_sort_pos_joh_02,2,-0.2602603906511393
712_03_069_sort_pos_joh_02,3,-0.261680146724254
712_03_069_sort_pos_joh_02,4,-0.16224644050028567
712_03_069_sort_pos_joh_02,5,0.040511652257247795
712_03_069_sort_pos_joh_02,6,0.4475604968543827
712_03_069_sort_pos_joh_02,7,0.4378814004133636
712_03_069_sort_pos_joh_02,8,-0.15628547684260555
712_03_069_sort_pos_joh_02,9,-0.261680146724254
712_03_069_sort_pos_joh_03,0,0.7344270727303812
712_03_069_sort_pos_joh_03,1,0.3231438532915102
712_03_069_sort_pos_joh_03,2,0.7024988164801159
712_03_069_sort_pos_joh_03,3,0.0166016555166239
712_03_069_sort_pos_joh_03,4,-0.14106912317171938
712_03_069_sort_pos_joh_03,5,-0.29271500543722917
712_03_069_sort_pos_joh_03,6,-0.6140209697191777
712_03_069_sort_pos_joh_03,7,0.18090612716068058
712_03_069_sort_pos_joh_03,8,-0.06551217820804194
712_03_069_sort_pos_joh_03,9,-0.7927754408906349
712_03_069_sort_pos_joh_04,0,0.3672550842227647
712_03_069_sort_pos_joh_04,1,0.08111071056538127
712_03_069_sort_pos_joh_04,2,0.08111071056538127
712_03_069_sort_pos_joh_04,3,0.0928476690885257
712_03_069_sort_pos_joh_04,4,-0.1968125449904366
712_03_069_sort_pos_joh_04,5,-0.45828928611461334
712_03_069_sort_pos_joh_04,6,-0.1889134030525018
712_03_069_sort_pos_joh_04,7,0.3672550842227647
712_03_069_sort_pos_joh_04,8,0.08111071056538127
712_03_069_sort_pos_joh_04,9,-0.1889134030525018
712_03_070_sort_pos_joh_01,0,-1.585553859903229
712_03_070_sort_pos_joh_01,1,-0.5576049342565151
712_03_070_sort_pos_joh_01,2,0.09717537039442199
712_03_070_sort_pos_joh_01,3,0.6335677716373247
712_03_070_sort_pos_joh_01,4,0.9726502311087322
712_03_070_sort_pos_joh_01,5,1.385831246103877
712_03_070_sort_pos_joh_01,6,0.4250480586576076
712_03_070_sort_pos_joh_01,7,0.14382092945855557
712_03_070_sort_pos_joh_01,8,-0.4746850372023131
712_03_070_sort_pos_joh_01,9,-1.0665176879242477
712_03_070_sort_pos_joh_02,0,-0.5322462954123496
712_03_070_sort_pos_joh_02,1,-0.3333851972870883
712_03_070_sort_pos_joh_02,2,0.2448011590050177
712_03_070_sort_pos_joh_02,3,0.30322148208172706
712_03_070_sort_pos_joh_02,4,0.11396501674159593
712_03_070_sort_pos_joh_02,5,-0.33472721307833564
712_03_070_sort_pos_joh_02,6,-0.26541917906001455
712_03_070_sort_pos_joh_02,7,0.09042463647391143
712_03_070_sort_pos_joh_02,8,0.247744605969545
712_03_070_sort_pos_joh_02,9,0.5209850473675797
712_03_070_sort_pos_joh_03,0,-0.5813863997279117
712_03_070_sort_pos_joh_03,1,-0.5138890261878374
712_03_070_sort_pos_joh_03,2,-0.1731295451404037
712_03_070_sort_pos_joh_03,3,0.22941051150896227
712_03_070_sort_pos_joh_03,4,0.6205390900491113
712_03_070_sort_pos_joh_03,5,1.5991606142315404
712_03_070_sort_pos_joh_03,6,0.3062950067011607
712_03_070_sort_pos_joh_03,7,0.0274101222343426
712_03_070_sort_pos_joh_03,8,-0.44860606465740205
712_03_070_sort_pos_joh_03,9,-0.7272395636333506
712_03_070_sort_pos_joh_04,0,-0.3402255496836389
712_03_070_sort_pos_joh_04,1,-0.6000907578283816
712_03_070_sort_pos_joh_04,2,-0.6000907578283816
712_03_070_sort_pos_joh_04,3,-0.07881104062391014
712_03_070_sort_pos_joh_04,4,0.7499999999999997
712_03_070_sort_pos_joh_04,5,0.7499999999999997
712_03_070_sort_pos_joh_04,6,0.8215838362577488
712_03_070_sort_pos_joh_04,7,0.48972852162832586
712_03_070_sort_pos_joh_04,8,-0.3402255496836389
712_03_070_sort_pos_joh_04,9,-0.6000907578283816
713_01_022_sort_pos_joh_01,0,0.46632523433382356
713_01_022_sort_pos_joh_01,1,0.3026068769272055
713_01_022_sort_pos_joh_01,2,-0.07594632491572424
713_01_022_sort_pos_joh_01,3,-0.4934763489817595
713_01_022_sort_pos_joh_01,4,-0.5903423411736719
713_01_022_sort_pos_joh_01,5,-0.5914695131019128
713_01_022_sort_pos_joh_01,6,-0.03318504680064221
713_01_022_sort_pos_joh_01,7,0.7968303591987997
713_01_022_sort_pos_joh_01,8,0.29324825251884556
713_01_022_sort_pos_joh_02,0,0.31886037468610234
713_01_022_sort_pos_joh_02,1,-0.15030844880480457
713_01_022_sort_pos_joh_02,2,-0.32574426281800045
713_01_022_sort_pos_joh_02,3,-0.05951397006436213
713_01_022_sort_pos_joh_02,4,-0.45965877062871674
713_01_022_sort_pos_joh_02,5,-0.7855180071479919
713_01_022_sort_pos_joh_02,6,0.033163852822891166
713_01_022_sort_pos_joh_02,7,0.7463870440497457
713_01_022_sort_pos_joh_02,8,0.8164240131294289
713_01_022_sort_pos_joh_03,0,-0.19687480773953928
713_01_022_sort_pos_joh_03,1,0.1554644148672947
713_01_022_sort_pos_joh_03,2,1.3056943872670779
713_01_022_sort_pos_joh_03,3,-0.6552965422527759
713_01_022_sort_pos_joh_03,4,-0.203615740593842
713_01_022_sort_pos_joh_03,5,-0.4612500549744223
713_01_022_sort_pos_joh_03,6,-0.01964564506773362
713_01_022_sort_pos_joh_03,7,-0.1094378389854325
713_01_022_sort_pos_joh_03,8,0.5183439448387849
713_01_022_sort_pos_joh_04,0,-0.7436911905747027
713_01_022_sort_pos_joh_04,1,-0.7171247082281907
713_01_022_sort_pos_joh_04,2,-0.4268347654494287
713_01_022_sort_pos_joh_04,3,-0.22514616382348268
713_01_022_sort_pos_joh_04,4,0.3658158323659849
713_01_022_sort_pos_joh_04,5,0.005565958502249971
713_01_022_sort_pos_joh_04,6,0.639245368751782
713_01_022_sort_pos_joh_04,7,-0.42359782689391684
713_01_022_sort_pos_joh_04,8,2.04711101788311
713_01_022_sort_pos_joh_05,0,0.2258227255529945
713_01_022_sort_pos_joh_05,1,-0.09225312080288833
713_01_022_sort_pos_joh_05,2,-0.1996961953642132
713_01_022_sort_pos_joh_05,3,1.4812462622337135
713_01_022_sort_pos_joh_05,4,0.924198729816408
713_01_022_sort_pos_joh_05,5,-0.4000326570601027
713_01_022_sort_pos_joh_05,6,-0.8312768777186975
713_01_022_sort_pos_joh_05,7,-0.7213204519277457
713_01_022_sort_pos_joh_05,8,-0.09284766908852607
713_01_022_sort_pos_joh_06,0,-0.49770113724839804
713_01_022_sort_pos_joh_06,1,-0.25009650646952786
713_01_022_sort_pos_joh_06,2,-0.49770113724839804
713_01_022_sort_pos_joh_06,3,-0.25009650646952786
713_01_022_sort_pos_joh_06,4,-0.497701137248398
713_01_022_sort_pos_joh_06,5,-0.497701137248398
713_01_022_sort_pos_joh_06,6,0.8829944192264336
713_01_022_sort_pos_joh_06,7,0.25324497354750886
713_01_022_sort_pos_joh_06,8,2.0893227278421693
713_01_040_sort_pos_joh_01,0,
713_01_040_sort_pos_joh_01,1,
713_01_040_sort_pos_joh_01,2,
713_01_040_sort_pos_joh_01,3,
713_01_040_sort_pos_joh_01,4,
713_01_040_sort_pos_joh_01,5,
713_01_040_sort_pos_joh_01,6,
713_01_040_sort_pos_joh_01,7,
713_01_040_sort_pos_joh_01,8,
713_01_040_sort_pos_joh_02,0,
713_01_040_sort_pos_joh_02,1,
713_01_040_sort_pos_joh_02,2,
713_01_040_sort_pos_joh_02,3,
713_01_040_sort_pos_joh_02,4,
713_01_040_sort_pos_joh_02,5,
713_01_040_sort_pos_joh_02,6,
713_01_040_sort_pos_joh_02,7,
713_01_040_sort_pos_joh_02,8,
713_01_040_sort_pos_joh_03,0,
713_01_040_sort_pos_joh_03,1,
713_01_040_sort_pos_joh_03,2,
713_01_040_sort_pos_joh_03,3,
713_01_040_sort_pos_joh_03,4,
713_01_040_sort_pos_joh_03,5,
713_01_040_sort_pos_joh_03,6,
713_01_040_sort_pos_joh_03,7,
713_01_040_sort_pos_joh_03,8,
713_01_040_sort_pos_joh_05,0,
713_01_040_sort_pos_joh_05,1,
713_01_040_sort_pos_joh_05,2,
713_01_040_sort_pos_joh_05,3,
713_01_040_sort_pos_joh_05,4,
713_01_040_sort_pos_joh_05,5,
713_01_040_sort_pos_joh_05,6,
713_01_040_sort_pos_joh_05,7,
713_01_040_sort_pos_joh_05,8,
713_01_046_sort_pos_joh_01,0,0.136528218921524
713_01_046_sort_pos_joh_01,1,0.3580227314427207
713_01_046_sort_pos_joh_01,2,-0.058271654674806675
713_01_046_sort_pos_joh_01,3,0.27188982690415725
713_01_046_sort_pos_joh_01,4,0.7238020133768029
713_01_046_sort_pos_joh_01,5,-0.38812479147387163
713_01_046_sort_pos_joh_01,6,-0.39321878913417263
713_01_046_sort_pos_joh_01,7,-0.8354192427777323
713_01_046_sort_pos_joh_01,8,0.20065627739948466
713_01_046_sort_pos_joh_02,0,1.0854507082585139
713_01_046_sort_pos_joh_02,1,-0.012400612109321234
713_01_046_sort_pos_joh_02,2,0.5680375574437544
713_01_046_sort_pos_joh_02,3,0.2712677315761169
713_01_046_sort_pos_joh_02,4,0.0424570042689365
713_01_046_sort_pos_joh_02,5,-0.13217526428635742
713_01_046_sort_pos_joh_02,6,-0.4565814005199361
713_01_046_sort_pos_joh_02,7,-0.9154369703447672
713_01_046_sort_pos_joh_02,8,-0.34697711796762687
713_01_046_sort_pos_joh_03,0,0.24806528763326513
713_01_046_sort_pos_joh_03,1,1.0679005654173859
713_01_046_sort_pos_joh_03,2,-0.17059544823095588
713_01_046_sort_pos_joh_03,3,-0.2287288588742429
713_01_046_sort_pos_joh_03,4,-0.054554472558998264
713_01_046_sort_pos_joh_03,5,-0.16784326585731393
713_01_046_sort_pos_joh_03,6,-0.5288858853479451
713_01_046_sort_pos_joh_03,7,-0.10930046526735311
713_01_046_sort_pos_joh_03,8,0.006391505453849481
713_01_046_sort_pos_joh_04,0,0.0756621030343801
713_01_046_sort_pos_joh_04,1,0.5207556439232954
713_01_046_sort_pos_joh_04,2,-0.1286145313346251
713_01_046_sort_pos_joh_04,3,0.14920903597603563
713_01_046_sort_pos_joh_04,4,0.1462100916229875
713_01_046_sort_pos_joh_04,5,0.07875236506747707
713_01_046_sort_pos_joh_04,6,0.6607214220646711
713_01_046_sort_pos_joh_04,7,-0.89244169216428
713_01_046_sort_pos_joh_04,8,-0.5667319390975297
713_01_046_sort_pos_joh_05,0,-0.13376338862031298
713_01_046_sort_pos_joh_05,1,-0.5222329678670936
713_01_046_sort_pos_joh_05,2,0.7094756547606035
713_01_046_sort_pos_joh_05,3,-0.133763388620313
713_01_046_sort_pos_joh_05,4,-0.5222329678670936
713_01_046_sort_pos_joh_05,5,-0.13376338862031298
713_01_046_sort_pos_joh_05,6,0.27500954910846337
713_01_046_sort_pos_joh_05,7,0.800640769025436
713_01_046_sort_pos_joh_05,8,-0.13376338862031295
713_01_046_sort_pos_joh_06,0,0.593390829096927
713_01_046_sort_pos_joh_06,1,-0.4472135954999579
713_01_046_sort_pos_joh_06,2,0.8006407690254356
713_01_046_sort_pos_joh_06,3,-0.447213595499958
713_01_046_sort_pos_joh_06,4,-0.447213595499958
713_01_046_sort_pos_joh_06,5,0.5933908290969269
713_01_046_sort_pos_joh_06,6,0.23214696976024105
713_01_046_sort_pos_joh_06,7,-0.44721359549995804
713_01_046_sort_pos_joh_06,8,-0.11379648627163226
713_01_046_sort_pos_joh_07,0,-0.2581988897471612
713_01_046_sort_pos_joh_07,1,-0.2581988897471612
713_01_046_sort_pos_joh_07,2,-0.2581988897471612
713_01_046_sort_pos_joh_07,3,-0.2581988897471612
713_01_046_sort_pos_joh_07,4,0.6255432421712244
713_01_046_sort_pos_joh_07,5,0.6255432421712244
713_01_046_sort_pos_joh_07,6,-0.25819888974716115
713_01_046_sort_pos_joh_07,7,0.6255432421712244
713_01_046_sort_pos_joh_07,8,-0.25819888974716115
713_01_049_sort_pos_joh_01,0,-0.27635143124874534
713_01_049_sort_pos_joh_01,1,-0.08034033706055721
713_01_049_sort_pos_joh_01,2,-0.14230617001769338
713_01_049_sort_pos_joh_01,3,-0.6350889876850547
713_01_049_sort_pos_joh_01,4,0.14321672730445634
713_01_049_sort_pos_joh_01,5,0.3892902931675584
713_01_049_sort_pos_joh_01,6,0.6664260519026223
713_01_049_sort_pos_joh_01,7,-0.1239874502360363
713_01_049_sort_pos_joh_01,8,0.028787499450968618
713_01_049_sort_pos_joh_02,0,-0.7142306081512173
713_01_049_sort_pos_joh_02,1,-0.48579210315883253
713_01_049_sort_pos_joh_02,2,0.12262786789699313
713_01_049_sort_pos_joh_02,3,0.1202769558648523
713_01_049_sort_pos_joh_02,4,0.05174124805471494
713_01_049_sort_pos_joh_02,5,0.6384476798296204
713_01_049_sort_pos_joh_02,6,0.27906376176643105
713_01_049_sort_pos_joh_02,7,-0.08226613103355501
713_01_049_sort_pos_joh_02,8,0.12439408271422414
713_01_049_sort_pos_joh_03,0,0.22984759126701115
713_01_049_sort_pos_joh_03,1,-0.3096094122692019
713_01_049_sort_pos_joh_03,2,-0.24100419347639027
713_01_049_sort_pos_joh_03,3,-0.3802243704142708
713_01_049_sort_pos_joh_03,4,-0.14773963858222863
713_01_049_sort_pos_joh_03,5,0.6937790158739274
713_01_049_sort_pos_joh_03,6,0.5346090812306542
713_01_049_sort_pos_joh_03,7,-0.6232890249579989
713_01_049_sort_pos_joh_03,8,0.23652382395887794
713_01_049_sort_pos_joh_04,0,0.6445033866354896
713_01_049_sort_pos_joh_04,1,-0.1417542571214584
713_01_049_sort_pos_joh_04,2,0.14405994140603165
713_01_049_sort_pos_joh_04,3,0.1477396385822282
713_01_049_sort_pos_joh_04,4,-0.1400958514341082
713_01_049_sort_pos_joh_04,5,-0.14347298733220804
713_01_049_sort_pos_joh_04,6,0.15603287438867156
713_01_049_sort_pos_joh_04,7,-0.28138742976632486
713_01_049_sort_pos_joh_04,8,-0.28138742976632486
713_01_049_sort_pos_joh_05,0,0.010081485265427015
713_01_049_sort_pos_joh_05,1,0.6629366323720333
713_01_049_sort_pos_joh_05,2,-0.3591539891946725
713_01_049_sort_pos_joh_05,3,-0.03137562644324708
713_01_049_sort_pos_joh_05,4,-0.4828768826919549
713_01_049_sort_pos_joh_05,5,0.3405116243860115
713_01_049_sort_pos_joh_05,6,0.2217400535937844
713_01_049_sort_pos_joh_05,7,0.050904654633625854
713_01_049_sort_pos_joh_05,8,-0.31554589327323357
713_01_049_sort_pos_joh_06,0,-0.6702001246075903
713_01_049_sort_pos_joh_06,1,-0.22285148320880202
713_01_049_sort_pos_joh_06,2,1.116312611302876
713_01_049_sort_pos_joh_06,3,-0.22285148320880202
713_01_049_sort_pos_joh_06,4,1.699674944388148e-16
713_01_049_sort_pos_joh_06,5,-0.22285148320880202
713_01_049_sort_pos_joh_06,6,0.9878783399072127
713_01_049_sort_pos_joh_06,7,1.699674944388148e-16
713_01_049_sort_pos_joh_06,8,-0.4461134373869488
713_01_049_sort_pos_joh_07,0,-0.14586499149789453
713_01_049_sort_pos_joh_07,1,-0.14586499149789453
713_01_049_sort_pos_joh_07,2,inf
713_01_049_sort_pos_joh_07,3,-0.14586499149789453
713_01_049_sort_pos_joh_07,4,-0.14586499149789453
713_01_049_sort_pos_joh_07,5,-0.14586499149789453
713_01_049_sort_pos_joh_07,6,-0.14586499149789453
713_01_049_sort_pos_joh_07,7,-0.14586499149789453
713_01_049_sort_pos_joh_07,8,-0.14586499149789453
713_01_054_sort_pos_joh_01,0,-0.14469688467515762
713_01_054_sort_pos_joh_01,1,-0.053637489887713045
713_01_054_sort_pos_joh_01,2,-0.32659863237109
713_01_054_sort_pos_joh_01,3,-0.2376105751905525
713_01_054_sort_pos_joh_01,4,-0.10921705038325778
713_01_054_sort_pos_joh_01,5,-0.47883073093349043
713_01_054_sort_pos_joh_01,6,0.17062952824117109
713_01_054_sort_pos_joh_01,7,0.7204805590583124
713_01_054_sort_pos_joh_01,8,0.464870497999311
713_01_054_sort_pos_joh_02,0,-0.4449425555875929
713_01_054_sort_pos_joh_02,1,-0.4643837682459453
713_01_054_sort_pos_joh_02,2,0.07124704998790986
713_01_054_sort_pos_joh_02,3,0.2698613156056946
713_01_054_sort_pos_joh_02,4,0.0312254281069396
713_01_054_sort_pos_joh_02,5,0.1524740331529871
713_01_054_sort_pos_joh_02,6,-0.35928716045081754
713_01_054_sort_pos_joh_02,7,0.5765508914865056
713_01_054_sort_pos_joh_02,8,0.18855478339074574
713_01_054_sort_pos_joh_03,0,-0.4449492083146098
713_01_054_sort_pos_joh_03,1,-0.16299534165970195
713_01_054_sort_pos_joh_03,2,0.19647313378218043
713_01_054_sort_pos_joh_03,3,0.3305834520359027
713_01_054_sort_pos_joh_03,4,0.5512665554723386
713_01_054_sort_pos_joh_03,5,-0.08629906589612128
713_01_054_sort_pos_joh_03,6,-0.01668753914405857
713_01_054_sort_pos_joh_03,7,-0.2322528286913269
713_01_054_sort_pos_joh_03,8,-0.16404467873119694
713_01_054_sort_pos_joh_04,0,-0.2733320502653263
713_01_054_sort_pos_joh_04,1,0.04463040619933184
713_01_054_sort_pos_joh_04,2,0.12407369634125762
713_01_054_sort_pos_joh_04,3,0.050843368121067274
713_01_054_sort_pos_joh_04,4,-0.5212759293380714
713_01_054_sort_pos_joh_04,5,-0.6860502374404128
713_01_054_sort_pos_joh_04,6,-0.03502847220520281
713_01_054_sort_pos_joh_04,7,1.200238716738609
713_01_054_sort_pos_joh_04,8,0.1994727914007672
713_01_054_sort_pos_joh_05,0,0.18608862207297241
713_01_054_sort_pos_joh_05,1,-0.2860280321207891
713_01_054_sort_pos_joh_05,2,0.06512205543038023
713_01_054_sort_pos_joh_05,3,-0.17238589904296642
713_01_054_sort_pos_joh_05,4,0.4714045207910314
713_01_054_sort_pos_joh_05,5,0.3209649521160453
713_01_054_sort_pos_joh_05,6,0.1945195050318546
713_01_054_sort_pos_joh_05,7,-0.41194421941347337
713_01_054_sort_pos_joh_05,8,-0.2837351852625169
713_01_054_sort_pos_joh_06,0,0.0
713_01_054_sort_pos_joh_06,1,-0.6255432421712244
713_01_054_sort_pos_joh_06,2,-0.3152562498468266
713_01_054_sort_pos_joh_06,3,-0.3152562498468266
713_01_054_sort_pos_joh_06,4,-0.3152562498468266
713_01_054_sort_pos_joh_06,5,0.34337141717243225
713_01_054_sort_pos_joh_06,6,0.0
713_01_054_sort_pos_joh_06,7,0.696440909280723
713_01_054_sort_pos_joh_06,8,0.6964409092807233
713_01_058_sort_pos_joh_01,0,-0.16879056056067152
713_01_058_sort_pos_joh_01,1,-0.9026976808426486
713_01_058_sort_pos_joh_01,2,0.3043708417655988
713_01_058_sort_pos_joh_01,3,0.34380662627248576
713_01_058_sort_pos_joh_01,4,0.39692831006786783
713_01_058_sort_pos_joh_01,5,0.6203922382637073
713_01_058_sort_pos_joh_01,6,-0.009528131652247408
713_01_058_sort_pos_joh_01,7,-0.5767872751316
713_01_058_sort_pos_joh_01,8,-0.008610776586280669
713_01_058_sort_pos_joh_02,0,0.7420596626072915
713_01_058_sort_pos_joh_02,1,-0.27776471675023795
713_01_058_sort_pos_joh_02,2,0.5901605926229786
713_01_058_sort_pos_joh_02,3,-0.536795923221011
713_01_058_sort_pos_joh_02,4,-0.014707472779848359
713_01_058_sort_pos_joh_02,5,0.7006227308283305
713_01_058_sort_pos_joh_02,6,0.12586335510551072
713_01_058_sort_pos_joh_02,7,-0.48129665679915573
713_01_058_sort_pos_joh_02,8,-0.7523290511977767
713_01_058_sort_pos_joh_03,0,-0.30151134457776363
713_01_058_sort_pos_joh_03,1,-0.30151134457776363
713_01_058_sort_pos_joh_03,2,-0.30151134457776363
713_01_058_sort_pos_joh_03,3,0.038604571824109174
713_01_058_sort_pos_joh_03,4,0.038604571824109174
713_01_058_sort_pos_joh_03,5,-0.30151134457776363
713_01_058_sort_pos_joh_03,6,-0.30151134457776363
713_01_058_sort_pos_joh_03,7,1.077391156535111
713_01_058_sort_pos_joh_03,8,0.8471681279286489
713_01_058_sort_pos_joh_04,0,-0.4256853928563619
713_01_058_sort_pos_joh_04,1,0.0
713_01_058_sort_pos_joh_04,2,0.45987851727683626
713_01_058_sort_pos_joh_04,3,-0.42568539285636187
713_01_058_sort_pos_joh_04,4,0.0
713_01_058_sort_pos_joh_04,5,-0.42568539285636187
713_01_058_sort_pos_joh_04,6,-0.42568539285636187
713_01_058_sort_pos_joh_04,7,0.45987851727683626
713_01_058_sort_pos_joh_04,8,1.1338934190276817
713_01_058_sort_pos_joh_05,0,-0.20632904982764833
713_01_058_sort_pos_joh_05,1,0.06819943394704722
713_01_058_sort_pos_joh_05,2,-0.20632904982764833
713_01_058_sort_pos_joh_05,3,0.6201736729460422
713_01_058_sort_pos_joh_05,4,0.33995336496847706
713_01_058_sort_pos_joh_05,5,-0.20632904982764833
713_01_058_sort_pos_joh_05,6,-0.47140452079103157
713_01_058_sort_pos_joh_05,7,0.339953364968477
713_01_058_sort_pos_joh_05,8,-0.20632904982764833
713_01_061_sort_pos_joh_02,0,0.43033148291193524
713_01_061_sort_pos_joh_02,1,0.43033148291193524
713_01_061_sort_pos_joh_02,2,-0.3015113445777636
713_01_061_sort_pos_joh_02,3,-0.3015113445777636
713_01_061_sort_pos_joh_02,4,-0.3015113445777636
713_01_061_sort_pos_joh_02,5,0.43033148291193524
713_01_061_sort_pos_joh_02,6,-0.3015113445777636
713_01_061_sort_pos_joh_02,7,0.43033148291193524
713_01_061_sort_pos_joh_02,8,-0.3015113445777636
713_01_063_sort_pos_joh_01,0,2.7136021011998723
713_01_063_sort_pos_joh_01,1,0.0
713_01_063_sort_pos_joh_01,2,-0.2485656794997483
713_01_063_sort_pos_joh_01,3,-0.2485656794997483
713_01_063_sort_pos_joh_01,4,0.0
713_01_063_sort_pos_joh_01,5,-0.2485656794997483
713_01_063_sort_pos_joh_01,6,-0.2485656794997483
713_01_063_sort_pos_joh_01,7,-0.2485656794997483
713_01_063_sort_pos_joh_01,8,0.2548644623048696
713_01_063_sort_pos_joh_02,0,1.7566154222676906
713_01_063_sort_pos_joh_02,1,0.6709789608903148
713_01_063_sort_pos_joh_02,2,-0.2144011898482993
713_01_063_sort_pos_joh_02,3,-0.2144011898482993
713_01_063_sort_pos_joh_02,4,-0.2144011898482993
713_01_063_sort_pos_joh_02,5,-0.2144011898482993
713_01_063_sort_pos_joh_02,6,-0.2144011898482993
713_01_063_sort_pos_joh_02,7,-0.2144011898482993
713_01_063_sort_pos_joh_02,8,-0.2144011898482993
713_01_063_sort_pos_joh_03,0,inf
713_01_063_sort_pos_joh_03,1,-0.14586499149789453
713_01_063_sort_pos_joh_03,2,-0.14586499149789453
713_01_063_sort_pos_joh_03,3,-0.14586499149789453
713_01_063_sort_pos_joh_03,4,-0.14586499149789453
713_01_063_sort_pos_joh_03,5,-0.14586499149789453
713_01_063_sort_pos_joh_03,6,-0.14586499149789453
713_01_063_sort_pos_joh_03,7,-0.14586499149789453
713_01_063_sort_pos_joh_03,8,-0.14586499149789453
713_01_063_sort_pos_joh_04,0,
713_01_063_sort_pos_joh_04,1,
713_01_063_sort_pos_joh_04,2,
713_01_063_sort_pos_joh_04,3,
713_01_063_sort_pos_joh_04,4,
713_01_063_sort_pos_joh_04,5,
713_01_063_sort_pos_joh_04,6,
713_01_063_sort_pos_joh_04,7,
713_01_063_sort_pos_joh_04,8,
713_01_063_sort_pos_joh_05,0,1.2179612237632655
713_01_063_sort_pos_joh_05,1,0.8769747398101597
713_01_063_sort_pos_joh_05,2,-0.2322479046015206
713_01_063_sort_pos_joh_05,3,-0.19905204990570052
713_01_063_sort_pos_joh_05,4,-0.2656266012454299
713_01_063_sort_pos_joh_05,5,-0.19905204990570052
713_01_063_sort_pos_joh_05,6,-0.19892235316614082
713_01_063_sort_pos_joh_05,7,-0.19905204990570052
713_01_063_sort_pos_joh_05,8,-0.19905204990570052
713_01_066_sort_pos_joh_01,0,0.4024672049660062
713_01_066_sort_pos_joh_01,1,-0.4859470941504359
713_01_066_sort_pos_joh_01,2,0.6926893670595311
713_01_066_sort_pos_joh_01,3,-0.23948955698085236
713_01_066_sort_pos_joh_01,4,-0.5583772095188902
713_01_066_sort_pos_joh_01,5,0.2843222834024112
713_01_066_sort_pos_joh_01,6,0.13333333333333355
713_01_066_sort_pos_joh_01,7,-0.016504706575539593
713_01_066_sort_pos_joh_01,8,-0.1651145466709567
713_01_066_sort_pos_joh_02,0,1.3696970345683743
713_01_066_sort_pos_joh_02,1,0.6686591244200772
713_01_066_sort_pos_joh_02,2,0.021148692570079772
713_01_066_sort_pos_joh_02,3,-0.20357553011487295
713_01_066_sort_pos_joh_02,4,-0.31777196380269473
713_01_066_sort_pos_joh_02,5,0.2897212898484695
713_01_066_sort_pos_joh_02,6,-0.016944285592512022
713_01_066_sort_pos_joh_02,7,-0.9336099140580459
713_01_066_sort_pos_joh_02,8,-0.8193410748609613
713_01_066_sort_pos_joh_03,0,0.038604571824109014
713_01_066_sort_pos_joh_03,1,-0.6375498105247467
713_01_066_sort_pos_joh_03,2,0.5671032697373956
713_01_066_sort_pos_joh_03,3,-0.6485904546590382
713_01_066_sort_pos_joh_03,4,1.0077857827475274
713_01_066_sort_pos_joh_03,5,-0.1346402834197437
713_01_066_sort_pos_joh_03,6,0.20941936332491198
713_01_066_sort_pos_joh_03,7,-0.13009893936608244
713_01_066_sort_pos_joh_03,8,-0.13231119466220678
713_01_066_sort_pos_joh_04,0,0.05842062378369858
713_01_066_sort_pos_joh_04,1,-0.5019646441105268
713_01_066_sort_pos_joh_04,2,0.5832118435198043
713_01_066_sort_pos_joh_04,3,-0.33710717282797925
713_01_066_sort_pos_joh_04,4,-0.3303629428752113
713_01_066_sort_pos_joh_04,5,-0.2092584464445829
713_01_066_sort_pos_joh_04,6,0.18972543358520708
713_01_066_sort_pos_joh_04,7,0.19372799281145825
713_01_066_sort_pos_joh_04,8,0.331211135012823
713_01_072_sort_pos_joh_01,0,-0.046733053986819095
713_01_072_sort_pos_joh_01,1,0.3946685189819297
713_01_072_sort_pos_joh_01,2,0.45186726950973993
713_01_072_sort_pos_joh_01,3,-0.20913412308518925
713_01_072_sort_pos_joh_01,4,-0.04882523815605487
713_01_072_sort_pos_joh_01,5,-0.39079533739540717
713_01_072_sort_pos_joh_01,6,0.3009992471896093
713_01_072_sort_pos_joh_01,7,-0.20913412308518878
713_01_072_sort_pos_joh_01,8,-0.21253518898746362
713_01_072_sort_pos_joh_03,0,-0.14586499149789453
713_01_072_sort_pos_joh_03,1,inf
713_01_072_sort_pos_joh_03,2,-0.14586499149789453
713_01_072_sort_pos_joh_03,3,-0.14586499149789453
713_01_072_sort_pos_joh_03,4,-0.14586499149789453
713_01_072_sort_pos_joh_03,5,-0.14586499149789453
713_01_072_sort_pos_joh_03,6,-0.14586499149789453
713_01_072_sort_pos_joh_03,7,-0.14586499149789453
713_01_072_sort_pos_joh_03,8,-0.14586499149789453
713_01_072_sort_pos_joh_04,0,-0.01527296154408285
713_01_072_sort_pos_joh_04,1,-0.1539372679517699
713_01_072_sort_pos_joh_04,2,0.8306638648688888
713_01_072_sort_pos_joh_04,3,-0.015446894115618873
713_01_072_sort_pos_joh_04,4,-0.2851747230431931
713_01_072_sort_pos_joh_04,5,-0.4332891224131212
713_01_072_sort_pos_joh_04,6,-0.28830932297611095
713_01_072_sort_pos_joh_04,7,0.4384791172806751
713_01_072_sort_pos_joh_04,8,-0.015104775147647869
713_01_072_sort_pos_joh_05,0,0.0
713_01_072_sort_pos_joh_05,1,-0.3560344974581559
713_01_072_sort_pos_joh_05,2,0.8115026712006894
713_01_072_sort_pos_joh_05,3,0.16198477414681156
713_01_072_sort_pos_joh_05,4,0.0
713_01_072_sort_pos_joh_05,5,-0.5053132752358654
713_01_072_sort_pos_joh_05,6,0.16727006489924887
713_01_072_sort_pos_joh_05,7,0.0
713_01_072_sort_pos_joh_05,8,-0.16369048514061724
713_01_072_sort_pos_joh_06,0,0.5720775535473553
713_01_072_sort_pos_joh_06,1,0.34241578083078933
713_01_072_sort_pos_joh_06,2,-0.28221626051507925
713_01_072_sort_pos_joh_06,3,-0.2750095491084635
713_01_072_sort_pos_joh_06,4,-0.6853674935774308
713_01_072_sort_pos_joh_06,5,0.8015471764694793
713_01_072_sort_pos_joh_06,6,0.8015471764694793
713_01_072_sort_pos_joh_06,7,-0.47446270087079656
713_01_072_sort_pos_joh_06,8,-0.6853674935774307
713_01_072_sort_pos_joh_07,0,-0.4131969352706686
713_01_072_sort_pos_joh_07,1,0.12598815766974242
713_01_072_sort_pos_joh_07,2,0.12598815766974242
713_01_072_sort_pos_joh_07,3,0.12598815766974242
713_01_072_sort_pos_joh_07,4,0.12598815766974242
713_01_072_sort_pos_joh_07,5,0.1259881576697423
713_01_072_sort_pos_joh_07,6,0.1259881576697423
713_01_072_sort_pos_joh_07,7,-0.4131969352706687
713_01_072_sort_pos_joh_07,8,0.1259881576697423
713_01_072_sort_pos_joh_09,0,-0.4875380904012768
713_01_072_sort_pos_joh_09,1,-0.1482498633322202
713_01_072_sort_pos_joh_09,2,0.18966081045272049
713_01_072_sort_pos_joh_09,3,-0.3168313070233239
713_01_072_sort_pos_joh_09,4,-0.1507556722888818
713_01_072_sort_pos_joh_09,5,0.1930228591205457
713_01_072_sort_pos_joh_09,6,0.9518521427483017
713_01_072_sort_pos_joh_09,7,-0.3222495489972972
713_01_072_sort_pos_joh_09,8,0.3715504181038109
713_01_076_sort_pos_joh_01,0,-0.3410977950491773
713_01_076_sort_pos_joh_01,1,-0.3789998651129187
713_01_076_sort_pos_joh_01,2,0.23889975640656505
713_01_076_sort_pos_joh_01,3,0.5552973130657566
713_01_076_sort_pos_joh_01,4,0.3901952886249269
713_01_076_sort_pos_joh_01,5,-0.31818981447820643
713_01_076_sort_pos_joh_01,6,0.0880962080462565
713_01_076_sort_pos_joh_01,7,0.45082113360554216
713_01_076_sort_pos_joh_01,8,-0.593242305014981
713_01_076_sort_pos_joh_02,0,0.897955672091603
713_01_076_sort_pos_joh_02,1,0.46104390589516764
713_01_076_sort_pos_joh_02,2,-0.7786429132279064
713_01_076_sort_pos_joh_02,3,-0.17521829127589095
713_01_076_sort_pos_joh_02,4,-0.04021810150797924
713_01_076_sort_pos_joh_02,5,0.025847509575938763
713_01_076_sort_pos_joh_02,6,0.4255437502742361
713_01_076_sort_pos_joh_02,7,-0.3315966677021629
713_01_076_sort_pos_joh_02,8,-0.3018860514357817
713_01_076_sort_pos_joh_03,0,0.43458612076289677
713_01_076_sort_pos_joh_03,1,0.26850205856971326
713_01_076_sort_pos_joh_03,2,-0.11598670095405879
713_01_076_sort_pos_joh_03,3,-0.37492490237233217
713_01_076_sort_pos_joh_03,4,-0.37753919639296357
713_01_076_sort_pos_joh_03,5,-0.221766381286372
713_01_076_sort_pos_joh_03,6,-0.17578855202395322
713_01_076_sort_pos_joh_03,7,0.766969932527382
713_01_076_sort_pos_joh_03,8,-0.1765988838452868
713_01_076_sort_pos_joh_04,0,0.8034946526872571
713_01_076_sort_pos_joh_04,1,0.14262568102460155
713_01_076_sort_pos_joh_04,2,-0.27708554753099723
713_01_076_sort_pos_joh_04,3,-0.2734297042722635
713_01_076_sort_pos_joh_04,4,0.3608982932086325
713_01_076_sort_pos_joh_04,5,0.05986843400892475
713_01_076_sort_pos_joh_04,6,-0.28900076936793734
713_01_076_sort_pos_joh_04,7,-0.28011821068293696
713_01_076_sort_pos_joh_04,8,-0.14338499698677515
713_01_076_sort_pos_joh_05,0,-0.11228474130013845
713_01_076_sort_pos_joh_05,1,0.38942289095031507
713_01_076_sort_pos_joh_05,2,-0.13865653312738366
713_01_076_sort_pos_joh_05,3,0.046952324087224204
713_01_076_sort_pos_joh_05,4,-0.3503563769002888
713_01_076_sort_pos_joh_05,5,-0.6229867432764514
713_01_076_sort_pos_joh_05,6,0.22347827225722
713_01_076_sort_pos_joh_05,7,0.2581625105763647
713_01_076_sort_pos_joh_05,8,0.34177109002884853
713_01_076_sort_pos_joh_06,0,0.755182201841306
713_01_076_sort_pos_joh_06,1,0.2268211381569442
713_01_076_sort_pos_joh_06,2,-0.07742857304814141
713_01_076_sort_pos_joh_06,3,0.36285750571482994
713_01_076_sort_pos_joh_06,4,-0.15839325555745085
713_01_076_sort_pos_joh_06,5,-0.2225007210598067
713_01_076_sort_pos_joh_06,6,-0.41027734275739625
713_01_076_sort_pos_joh_06,7,0.1088829155652957
713_01_076_sort_pos_joh_06,8,-0.409286466204113
713_01_076_sort_pos_joh_07,0,0.37536674825391253
713_01_076_sort_pos_joh_07,1,0.7831678476596117
713_01_076_sort_pos_joh_07,2,0.020289267933248867
713_01_076_sort_pos_joh_07,3,-0.22630891906740405
713_01_076_sort_pos_joh_07,4,0.14249492007394718
713_01_076_sort_pos_joh_07,5,-0.10180083620907644
713_01_076_sort_pos_joh_07,6,-0.4083995775879977
713_01_076_sort_pos_joh_07,7,-0.22529402834439252
713_01_076_sort_pos_joh_07,8,-0.10202665284303862
713_01_076_sort_pos_joh_08,0,0.2358420237687073
713_01_076_sort_pos_joh_08,1,0.3903146734103024
713_01_076_sort_pos_joh_08,2,0.1664234628437086
713_01_076_sort_pos_joh_08,3,0.001992747639146888
713_01_076_sort_pos_joh_08,4,-0.02475467150000544
713_01_076_sort_pos_joh_08,5,-0.14825147097145652
713_01_076_sort_pos_joh_08,6,-0.22647266964953774
713_01_076_sort_pos_joh_08,7,-0.11285584960905123
713_01_076_sort_pos_joh_08,8,-0.23585967182348114
713_01_076_sort_pos_joh_10,0,-0.2860122462559031
713_01_076_sort_pos_joh_10,1,-0.2860122462559028
713_01_076_sort_pos_joh_10,2,-0.6666666666666666
713_01_076_sort_pos_joh_10,3,0.08192319205190403
713_01_076_sort_pos_joh_10,4,-0.10437071518085843
713_01_076_sort_pos_joh_10,5,0.28456542241783495
713_01_076_sort_pos_joh_10,6,-0.1090310935596588
713_01_076_sort_pos_joh_10,7,0.4619565781223894
713_01_076_sort_pos_joh_10,8,0.667168253488017
713_01_076_sort_pos_joh_11,0,0.639686727444159
713_01_076_sort_pos_joh_11,1,0.1476867323565124
713_01_076_sort_pos_joh_11,2,-0.062439054105446354
713_01_076_sort_pos_joh_11,3,-0.06225728063646892
713_01_076_sort_pos_joh_11,4,-0.06375767130633392
713_01_076_sort_pos_joh_11,5,-0.261638826750911
713_01_076_sort_pos_joh_11,6,-0.12538359788727946
713_01_076_sort_pos_joh_11,7,0.007453766976957727
713_01_076_sort_pos_joh_11,8,-0.12843821613480416
713_01_090_sort_pos_joh_01,0,0.3955566901928503
713_01_090_sort_pos_joh_01,1,-0.04478609736843455
713_01_090_sort_pos_joh_01,2,-0.639597343695374
713_01_090_sort_pos_joh_01,3,-0.5295475480366856
713_01_090_sort_pos_joh_01,4,0.7636559345365621
713_01_090_sort_pos_joh_01,5,1.0275666997494444
713_01_090_sort_pos_joh_01,6,-0.25157145439049333
713_01_090_sort_pos_joh_01,7,-0.3627309513389406
713_01_090_sort_pos_joh_01,8,-0.3133087931647501
713_01_090_sort_pos_joh_02,0,-0.12305540524795151
713_01_090_sort_pos_joh_02,1,0.5279815136578923
713_01_090_sort_pos_joh_02,2,0.1806707365743708
713_01_090_sort_pos_joh_02,3,-0.39157087997106743
713_01_090_sort_pos_joh_02,4,0.17996941612691028
713_01_090_sort_pos_joh_02,5,0.5487114331450119
713_01_090_sort_pos_joh_02,6,0.05848904619432663
713_01_090_sort_pos_joh_02,7,-0.34080700492646865
713_01_090_sort_pos_joh_02,8,-0.582625874690301
713_01_090_sort_pos_joh_03,0,0.7661772592030789
713_01_090_sort_pos_joh_03,1,0.14549909353916687
713_01_090_sort_pos_joh_03,2,-0.10727959096943514
713_01_090_sort_pos_joh_03,3,0.3858456163534574
713_01_090_sort_pos_joh_03,4,0.2356755413271997
713_01_090_sort_pos_joh_03,5,-0.5779670965762204
713_01_090_sort_pos_joh_03,6,-0.16114323943064585
713_01_090_sort_pos_joh_03,7,-0.4064661060851967
713_01_090_sort_pos_joh_03,8,-0.20533070213081894
713_01_090_sort_pos_joh_04,0,-0.6961875832977269
713_01_090_sort_pos_joh_04,1,-0.22873556153133964
713_01_090_sort_pos_joh_04,2,-0.6279607471512277
713_01_090_sort_pos_joh_04,3,0.13612400852992454
713_01_090_sort_pos_joh_04,4,0.3780829293227237
713_01_090_sort_pos_joh_04,5,0.10976425998968996
713_01_090_sort_pos_joh_04,6,0.2761920071906642
713_01_090_sort_pos_joh_04,7,0.35480211916170806
713_01_090_sort_pos_joh_04,8,0.2529298320283031
713_01_090_sort_pos_joh_05,0,0.9580503921838904
713_01_090_sort_pos_joh_05,1,0.10814761408717519
713_01_090_sort_pos_joh_05,2,-0.25159494735513066
713_01_090_sort_pos_joh_05,3,-0.13180734356074125
713_01_090_sort_pos_joh_05,4,0.21948734765956418
713_01_090_sort_pos_joh_05,5,0.3318097645786013
713_01_090_sort_pos_joh_05,6,-0.7187853878712689
713_01_090_sort_pos_joh_05,7,-0.8479983040050881
713_01_090_sort_pos_joh_05,8,0.47990254071067406
713_01_090_sort_pos_joh_06,0,-0.5757728064897146
713_01_090_sort_pos_joh_06,1,0.4012901658609389
713_01_090_sort_pos_joh_06,2,0.6026845771641821
713_01_090_sort_pos_joh_06,3,2.6666694486768915e-16
713_01_090_sort_pos_joh_06,4,0.3605773860967518
713_01_090_sort_pos_joh_06,5,0.0
713_01_090_sort_pos_joh_06,6,-0.18754070335443604
713_01_090_sort_pos_joh_06,7,0.0
713_01_090_sort_pos_joh_06,8,-0.5636018619766343
713_01_090_sort_pos_joh_07,0,-0.43390507675663276
713_01_090_sort_pos_joh_07,1,0.2554880651537983
713_01_090_sort_pos_joh_07,2,-0.20050188284683415
713_01_090_sort_pos_joh_07,3,-0.31135882063201237
713_01_090_sort_pos_joh_07,4,-0.45581158214596074
713_01_090_sort_pos_joh_07,5,0.25751310131230215
713_01_090_sort_pos_joh_07,6,0.3889552706345761
713_01_090_sort_pos_joh_07,7,0.8249579113843055
713_01_090_sort_pos_joh_07,8,-0.2020305089104421
713_01_091_sort_pos_joh_01,0,0.8304818663752366
713_01_091_sort_pos_joh_01,1,-0.1186781658193853
713_01_091_sort_pos_joh_01,2,-0.6585527740981747
713_01_091_sort_pos_joh_01,3,0.14789275156935228
713_01_091_sort_pos_joh_01,4,0.4131969352706686
713_01_091_sort_pos_joh_01,5,0.15452425680385323
713_01_091_sort_pos_joh_01,6,-0.1186781658193853
713_01_091_sort_pos_joh_01,7,-0.40486852891179487
713_01_091_sort_pos_joh_01,8,-0.1186781658193853
713_01_091_sort_pos_joh_02,0,-0.06726727939963134
713_01_091_sort_pos_joh_02,1,-0.3744443546633885
713_01_091_sort_pos_joh_02,2,-0.21693800887276218
713_01_091_sort_pos_joh_02,3,-0.5237712126356704
713_01_091_sort_pos_joh_02,4,0.08721077628977297
713_01_091_sort_pos_joh_02,5,0.5743665268941904
713_01_091_sort_pos_joh_02,6,-0.6804138174397719
713_01_091_sort_pos_joh_02,7,0.9828514174634394
713_01_091_sort_pos_joh_02,8,0.43598468393752
713_01_092_sort_pos_joh_01,0,-0.27811325501980494
713_01_092_sort_pos_joh_01,1,-0.7843726401919234
713_01_092_sort_pos_joh_01,2,-0.22223174703387846
713_01_092_sort_pos_joh_01,3,-0.8809388259564939
713_01_092_sort_pos_joh_01,4,-0.5236509258607563
713_01_092_sort_pos_joh_01,5,1.2071836687858246
713_01_092_sort_pos_joh_01,6,0.9709981800007347
713_01_092_sort_pos_joh_01,7,0.39394951158992375
713_01_092_sort_pos_joh_01,8,0.3112067852477192
713_01_092_sort_pos_joh_02,0,0.22197913494192728
713_01_092_sort_pos_joh_02,1,-0.44501207777050106
713_01_092_sort_pos_joh_02,2,0.005723450572964293
713_01_092_sort_pos_joh_02,3,-0.8045472782871612
713_01_092_sort_pos_joh_02,4,-0.7391534173618535
713_01_092_sort_pos_joh_02,5,0.28109462765019416
713_01_092_sort_pos_joh_02,6,0.22713924510870206
713_01_092_sort_pos_joh_02,7,0.7678097297718692
713_01_092_sort_pos_joh_02,8,0.4873016709301458
713_01_092_sort_pos_joh_03,0,0.3723659858563824
713_01_092_sort_pos_joh_03,1,-0.20188087513439396
713_01_092_sort_pos_joh_03,2,-0.17318891190625477
713_01_092_sort_pos_joh_03,3,-0.7785502946410593
713_01_092_sort_pos_joh_03,4,-0.12571306108282376
713_01_092_sort_pos_joh_03,5,0.09576708748211421
713_01_092_sort_pos_joh_03,6,0.3272910289072504
713_01_092_sort_pos_joh_03,7,-0.014143097387054136
713_01_092_sort_pos_joh_03,8,0.5052846583586379
713_01_092_sort_pos_joh_04,0,-0.21126518113816728
713_01_092_sort_pos_joh_04,1,-0.310762302608829
713_01_092_sort_pos_joh_04,2,-0.2954794014453077
713_01_092_sort_pos_joh_04,3,-0.38866103716823613
713_01_092_sort_pos_joh_04,4,-0.12579925206984158
713_01_092_sort_pos_joh_04,5,1.5346060672135864
713_01_092_sort_pos_joh_04,6,0.22265132094969645
713_01_092_sort_pos_joh_04,7,0.050592880949239714
713_01_092_sort_pos_joh_04,8,-0.21510813679694324
713_01_092_sort_pos_joh_05,0,-0.26824058283377133
713_01_092_sort_pos_joh_05,1,-0.3081468631488193
713_01_092_sort_pos_joh_05,2,0.44230600248958674
713_01_092_sort_pos_joh_05,3,-0.9187896802070287
713_01_092_sort_pos_joh_05,4,-0.31256141441058083
713_01_092_sort_pos_joh_05,5,0.44721359549995743
713_01_092_sort_pos_joh_05,6,0.07965030629335322
713_01_092_sort_pos_joh_05,7,0.528758873262235
713_01_092_sort_pos_joh_05,8,0.36911455131147386
713_01_092_sort_pos_joh_06,0,-0.6969462304022709
713_01_092_sort_pos_joh_06,1,-0.22126490202783722
713_01_092_sort_pos_joh_06,2,-0.22126490202783758
713_01_092_sort_pos_joh_06,3,-0.45961213845308335
713_01_092_sort_pos_joh_06,4,0.013345201011101815
713_01_092_sort_pos_joh_06,5,0.24746381063544487
713_01_092_sort_pos_joh_06,6,1.0366348522496087
713_01_092_sort_pos_joh_06,7,0.24547311919033846
713_01_092_sort_pos_joh_06,8,0.13072174640400042
713_01_094_sort_pos_joh_01,0,0.23401322716380643
713_01_094_sort_pos_joh_01,1,-0.10665279163506884
713_01_094_sort_pos_joh_01,2,0.06538881355859771
713_01_094_sort_pos_joh_01,3,0.6660157693088521
713_01_094_sort_pos_joh_01,4,-0.05119796850491361
713_01_094_sort_pos_joh_01,5,0.3990037344430537
713_01_094_sort_pos_joh_01,6,-0.048168305085908636
713_01_094_sort_pos_joh_01,7,-0.5660757594559103
713_01_094_sort_pos_joh_01,8,-0.5423704520737213
713_01_094_sort_pos_joh_02,0,0.0570265948512199
713_01_094_sort_pos_joh_02,1,-0.20473438320094328
713_01_094_sort_pos_joh_02,2,0.560761310036863
713_01_094_sort_pos_joh_02,3,-0.007068417652057758
713_01_094_sort_pos_joh_02,4,0.12103706919547502
713_01_094_sort_pos_joh_02,5,0.5933908290969273
713_01_094_sort_pos_joh_02,6,0.32766550780397385
713_01_094_sort_pos_joh_02,7,-0.6467251712619477
713_01_094_sort_pos_joh_02,8,-0.7154547587901777
713_01_094_sort_pos_joh_03,0,0.33580938097996454
713_01_094_sort_pos_joh_03,1,0.6870134051901388
713_01_094_sort_pos_joh_03,2,0.2363624244561843
713_01_094_sort_pos_joh_03,3,-0.1321261664286026
713_01_094_sort_pos_joh_03,4,-0.4863749292041424
713_01_094_sort_pos_joh_03,5,-0.00667929505096731
713_01_094_sort_pos_joh_03,6,-0.0694511433731671
713_01_094_sort_pos_joh_03,7,0.05492350363810951
713_01_094_sort_pos_joh_03,8,-0.5734966907613542
713_01_094_sort_pos_joh_04,0,0.18055875425796533
713_01_094_sort_pos_joh_04,1,-0.3823083779064887
713_01_094_sort_pos_joh_04,2,-0.37954757720714455
713_01_094_sort_pos_joh_04,3,-0.04993761694389239
713_01_094_sort_pos_joh_04,4,0.06046077398460381
713_01_094_sort_pos_joh_04,5,-0.397077097668736
713_01_094_sort_pos_joh_04,6,0.8922685978385129
713_01_094_sort_pos_joh_04,7,0.3030779190885886
713_01_094_sort_pos_joh_04,8,-0.16795529207760024
713_01_094_sort_pos_joh_05,0,0.4326049354607559
713_01_094_sort_pos_joh_05,1,1.0339555420191495
713_01_094_sort_pos_joh_05,2,-0.17593716215861582
713_01_094_sort_pos_joh_05,3,-0.174618439041434
713_01_094_sort_pos_joh_05,4,-0.06147592613027657
713_01_094_sort_pos_joh_05,5,-0.6283470077093417
713_01_094_sort_pos_joh_05,6,-0.5112632800251738
713_01_094_sort_pos_joh_05,7,0.2750859778041956
713_01_094_sort_pos_joh_05,8,0.05070201265633954
713_01_094_sort_pos_joh_06,0,1.2487574818114726
713_01_094_sort_pos_joh_06,1,0.28352398856187166
713_01_094_sort_pos_joh_06,2,-0.4947139312824849
713_01_094_sort_pos_joh_06,3,-0.14928270581251843
713_01_094_sort_pos_joh_06,4,-0.6319694973271853
713_01_094_sort_pos_joh_06,5,-0.36665318984897627
713_01_094_sort_pos_joh_06,6,-0.14754416896173464
713_01_094_sort_pos_joh_06,7,0.13782022133134605
713_01_094_sort_pos_joh_06,8,0.1309747666749212
713_01_094_sort_pos_joh_07,0,0.38691161626706816
713_01_094_sort_pos_joh_07,1,-0.13045994995078042
713_01_094_sort_pos_joh_07,2,-0.4534972508172992
713_01_094_sort_pos_joh_07,3,-0.13045994995078017
713_01_094_sort_pos_joh_07,4,-0.12631593229238908
713_01_094_sort_pos_joh_07,5,0.03883678186903073
713_01_094_sort_pos_joh_07,6,0.03688555567816574
713_01_094_sort_pos_joh_07,7,0.5367609963932344
713_01_094_sort_pos_joh_07,8,-0.12631593229238908
713_02_001_sort_pos_joh_01,0,-0.0675674416612407
713_02_001_sort_pos_joh_01,1,0.12420445152321818
713_02_001_sort_pos_joh_01,2,-0.01955037949335072
713_02_001_sort_pos_joh_01,3,0.174796417001501
713_02_001_sort_pos_joh_01,4,0.36178582693075617
713_02_001_sort_pos_joh_01,5,0.22278706804507664
713_02_001_sort_pos_joh_01,6,-0.1108016236711897
713_02_001_sort_pos_joh_01,7,-0.15627270833803034
713_02_001_sort_pos_joh_01,8,-0.5679415788958814
713_02_001_sort_pos_joh_01,9,0.07497209200087583
713_02_001_sort_pos_joh_02,0,0.12754909509521126
713_02_001_sort_pos_joh_02,1,0.4477952109127417
713_02_001_sort_pos_joh_02,2,-0.06714647604670966
713_02_001_sort_pos_joh_02,3,-0.5316895838980535
713_02_001_sort_pos_joh_02,4,0.028250391094058875
713_02_001_sort_pos_joh_02,5,-0.06522997497539022
713_02_001_sort_pos_joh_02,6,-0.1590174573885181
713_02_001_sort_pos_joh_02,7,0.02880756009578391
713_02_001_sort_pos_joh_02,8,-0.1590174573885181
713_02_001_sort_pos_joh_02,9,0.46736369624925544
713_02_001_sort_pos_joh_03,0,-0.06784535315527584
713_02_001_sort_pos_joh_03,1,-0.06831869856851551
713_02_001_sort_pos_joh_03,2,-0.06980048127597761
713_02_001_sort_pos_joh_03,3,0.04605312990585056
713_02_001_sort_pos_joh_03,4,-0.4140393356054124
713_02_001_sort_pos_joh_03,5,0.047075115315785204
713_02_001_sort_pos_joh_03,6,0.16936447698583681
713_02_001_sort_pos_joh_03,7,0.04854998214271295
713_02_001_sort_pos_joh_03,8,-0.41111322589651905
713_02_001_sort_pos_joh_03,9,0.9851985148913269
713_02_001_sort_pos_joh_04,0,0.3123475237772121
713_02_001_sort_pos_joh_04,1,-0.4472135954999581
713_02_001_sort_pos_joh_04,2,0.3417430630867044
713_02_001_sort_pos_joh_04,3,0.7947194142390263
713_02_001_sort_pos_joh_04,4,-0.07619393177594598
713_02_001_sort_pos_joh_04,5,0.3123475237772121
713_02_001_sort_pos_joh_04,6,-0.4472135954999581
713_02_001_sort_pos_joh_04,7,-0.4472135954999581
713_02_001_sort_pos_joh_04,8,0.3123475237772121
713_02_001_sort_pos_joh_04,9,-0.4472135954999581
713_02_003_sort_pos_joh_01,0,0.169851762866093
713_02_003_sort_pos_joh_01,1,-0.22140965692566883
713_02_003_sort_pos_joh_01,2,-1.1737111440228203
713_02_003_sort_pos_joh_01,3,-0.1780540859113012
713_02_003_sort_pos_joh_01,4,0.8014597765532131
713_02_003_sort_pos_joh_01,5,-0.6017558594595296
713_02_003_sort_pos_joh_01,6,-0.16684635498868888
713_02_003_sort_pos_joh_01,7,0.9153586203115409
713_02_003_sort_pos_joh_01,8,0.499013344834889
713_02_003_sort_pos_joh_01,9,-0.05449024921228927
713_02_003_sort_pos_joh_02,0,-0.1990074380419978
713_02_003_sort_pos_joh_02,1,-0.48131899173929094
713_02_003_sort_pos_joh_02,2,-1.0829555719373185
713_02_003_sort_pos_joh_02,3,0.6821429239154093
713_02_003_sort_pos_joh_02,4,0.9267459693520697
713_02_003_sort_pos_joh_02,5,-0.4558182946343903
713_02_003_sort_pos_joh_02,6,0.34786718900534536
713_02_003_sort_pos_joh_02,7,0.45638695664716555
713_02_003_sort_pos_joh_02,8,0.30526018266379046
713_02_003_sort_pos_joh_02,9,-0.4614528186351584
713_02_003_sort_pos_joh_03,0,-0.6871824799457203
713_02_003_sort_pos_joh_03,1,-0.5888107617966465
713_02_003_sort_pos_joh_03,2,-0.49420606161438896
713_02_003_sort_pos_joh_03,3,0.7594412240342542
713_02_003_sort_pos_joh_03,4,-0.6839176494144226
713_02_003_sort_pos_joh_03,5,-0.3049678351507851
713_02_003_sort_pos_joh_03,6,0.7716996107766289
713_02_003_sort_pos_joh_03,7,-0.31075430203464705
713_02_003_sort_pos_joh_03,8,2.186723236314664
713_02_003_sort_pos_joh_03,9,-0.1230970091686966
713_02_003_sort_pos_joh_04,0,-0.7401876017552701
713_02_003_sort_pos_joh_04,1,-0.5164181033142918
713_02_003_sort_pos_joh_04,2,-1.2636411637904523
713_02_003_sort_pos_joh_04,3,0.36918785854807845
713_02_003_sort_pos_joh_04,4,0.30534105281089574
713_02_003_sort_pos_joh_04,5,-0.04794408088950547
713_02_003_sort_pos_joh_04,6,0.6981807430283893
713_02_003_sort_pos_joh_04,7,0.4892282312940274
713_02_003_sort_pos_joh_04,8,0.0880289407556656
713_02_003_sort_pos_joh_04,9,0.5744529291841479
713_02_003_sort_pos_joh_05,0,-0.11327854494009174
713_02_003_sort_pos_joh_05,1,-0.22479005982349878
713_02_003_sort_pos_joh_05,2,-0.7899147824641145
713_02_003_sort_pos_joh_05,3,-0.6819943394704735
713_02_003_sort_pos_joh_05,4,0.1097841022832432
713_02_003_sort_pos_joh_05,5,0.11275884962655297
713_02_003_sort_pos_joh_05,6,-3.353098075268412e-16
713_02_003_sort_pos_joh_05,7,0.48809532456337984
713_02_003_sort_pos_joh_05,8,0.8528345110749166
713_02_003_sort_pos_joh_05,9,0.3280893574623935
713_02_003_sort_pos_joh_07,0,-0.5583013096066928
713_02_003_sort_pos_joh_07,1,-0.4210775143162249
713_02_003_sort_pos_joh_07,2,-0.28459046986360953
713_02_003_sort_pos_joh_07,3,0.2751312616831802
713_02_003_sort_pos_joh_07,4,-0.5583013096066928
713_02_003_sort_pos_joh_07,5,-0.28459046986360964
713_02_003_sort_pos_joh_07,6,1.7465452092823783
713_02_003_sort_pos_joh_07,7,0.9514891483773443
713_02_003_sort_pos_joh_07,8,0.12126781251816644
713_02_003_sort_pos_joh_07,9,-0.4210775143162249
713_02_003_sort_pos_joh_08,0,-0.3194382824999699
713_02_003_sort_pos_joh_08,1,0.3535533905932736
713_02_003_sort_pos_joh_08,2,0.3535533905932736
713_02_003_sort_pos_joh_08,3,1.2126781251816647
713_02_003_sort_pos_joh_08,4,-0.3194382824999699
713_02_003_sort_pos_joh_08,5,-0.3194382824999699
713_02_003_sort_pos_joh_08,6,-0.3194382824999699
713_02_003_sort_pos_joh_08,7,-0.3194382824999699
713_02_003_sort_pos_joh_08,8,0.3535533905932736
713_02_003_sort_pos_joh_08,9,-0.3194382824999699
713_02_004_sort_pos_joh_01,0,-0.377683679786652
713_02_004_sort_pos_joh_01,1,0.388374913027211
713_02_004_sort_pos_joh_01,2,-0.3729283213981396
713_02_004_sort_pos_joh_01,3,0.33076349666442206
713_02_004_sort_pos_joh_01,4,-0.7682733253465363
713_02_004_sort_pos_joh_01,5,-0.30006214948497434
713_02_004_sort_pos_joh_01,6,0.2337509934742381
713_02_004_sort_pos_joh_01,7,0.08558303106230311
713_02_004_sort_pos_joh_01,8,-0.22202837709280895
713_02_004_sort_pos_joh_01,9,1.3738571621459634
713_02_004_sort_pos_joh_03,0,0.16768872326012743
713_02_004_sort_pos_joh_03,1,-0.242535625036333
713_02_004_sort_pos_joh_03,2,-0.242535625036333
713_02_004_sort_pos_joh_03,3,-0.242535625036333
713_02_004_sort_pos_joh_03,4,-0.242535625036333
713_02_004_sort_pos_joh_03,5,-0.242535625036333
713_02_004_sort_pos_joh_03,6,0.16768872326012743
713_02_004_sort_pos_joh_03,7,3.3339742973491275
713_02_004_sort_pos_joh_03,8,-0.24253562503633297
713_02_004_sort_pos_joh_03,9,-0.24253562503633297
713_02_004_sort_pos_joh_04,0,-0.242535625036333
713_02_004_sort_pos_joh_04,1,-0.242535625036333
713_02_004_sort_pos_joh_04,2,-0.242535625036333
713_02_004_sort_pos_joh_04,3,-0.242535625036333
713_02_004_sort_pos_joh_04,4,-0.242535625036333
713_02_004_sort_pos_joh_04,5,2.335129587127714
713_02_004_sort_pos_joh_04,6,0.686406472983644
713_02_004_sort_pos_joh_04,7,-0.242535625036333
713_02_004_sort_pos_joh_04,8,-0.242535625036333
713_02_004_sort_pos_joh_04,9,-0.242535625036333
713_02_004_sort_pos_joh_05,0,-0.2661231477061747
713_02_004_sort_pos_joh_05,1,-0.2661231477061747
713_02_004_sort_pos_joh_05,2,-0.2661231477061747
713_02_004_sort_pos_joh_05,3,0.28490144114909477
713_02_004_sort_pos_joh_05,4,-0.2661231477061747
713_02_004_sort_pos_joh_05,5,0.28490144114909477
713_02_004_sort_pos_joh_05,6,1.2126781251816647
713_02_004_sort_pos_joh_05,7,0.28490144114909477
713_02_004_sort_pos_joh_05,8,-0.2661231477061747
713_02_004_sort_pos_joh_05,9,-0.2661231477061747
713_02_005_sort_pos_joh_01,0,-0.009695951185895285
713_02_005_sort_pos_joh_01,1,0.08574929257125469
713_02_005_sort_pos_joh_01,2,0.40369556112894905
713_02_005_sort_pos_joh_01,3,0.18238062491155926
713_02_005_sort_pos_joh_01,4,-0.19775273765841198
713_02_005_sort_pos_joh_01,5,0.181479891973146
713_02_005_sort_pos_joh_01,6,-0.20266456374550532
713_02_005_sort_pos_joh_01,7,-1.12172726579304
713_02_005_sort_pos_joh_01,8,-1.0003923492058762
713_02_005_sort_pos_joh_01,9,1.9922375765513045
713_02_005_sort_pos_joh_03,0,-0.242535625036333
713_02_005_sort_pos_joh_03,1,-0.242535625036333
713_02_005_sort_pos_joh_03,2,-0.242535625036333
713_02_005_sort_pos_joh_03,3,2.335129587127714
713_02_005_sort_pos_joh_03,4,-0.242535625036333
713_02_005_sort_pos_joh_03,5,-0.242535625036333
713_02_005_sort_pos_joh_03,6,-0.242535625036333
713_02_005_sort_pos_joh_03,7,0.686406472983644
713_02_005_sort_pos_joh_03,8,-0.242535625036333
713_02_005_sort_pos_joh_03,9,-0.242535625036333
713_02_008_sort_pos_joh_01,0,-0.3265451384943582
713_02_008_sort_pos_joh_01,1,0.2963181323768587
713_02_008_sort_pos_joh_01,2,0.23116952461867873
713_02_008_sort_pos_joh_01,3,-0.2469637735858974
713_02_008_sort_pos_joh_01,4,0.2970465192709754
713_02_008_sort_pos_joh_01,5,-0.3020568788398996
713_02_008_sort_pos_joh_01,6,-0.511266025928901
713_02_008_sort_pos_joh_01,7,-0.04025848411142399
713_02_008_sort_pos_joh_01,8,-0.31883000947582135
713_02_008_sort_pos_joh_01,9,0.9529705890301882
713_02_008_sort_pos_joh_02,0,-0.46153846153846134
713_02_008_sort_pos_joh_02,1,-0.03864779397441533
713_02_008_sort_pos_joh_02,2,-0.5521346164774601
713_02_008_sort_pos_joh_02,3,-0.20851441405707502
713_02_008_sort_pos_joh_02,4,0.6717514421272199
713_02_008_sort_pos_joh_02,5,0.5886057194025434
713_02_008_sort_pos_joh_02,6,0.49543943923162764
713_02_008_sort_pos_joh_02,7,-0.0342644629234224
713_02_008_sort_pos_joh_02,8,-0.29818825800578097
713_02_008_sort_pos_joh_02,9,-0.12250105274794577
713_02_008_sort_pos_joh_03,0,0.9128182518949203
713_02_008_sort_pos_joh_03,1,0.6552509280812723
713_02_008_sort_pos_joh_03,2,-0.7076252513389549
713_02_008_sort_pos_joh_03,3,-0.04551335586270298
713_02_008_sort_pos_joh_03,4,-0.38106152843894414
713_02_008_sort_pos_joh_03,5,-0.15493514436360553
713_02_008_sort_pos_joh_03,6,-0.38106152843894414
713_02_008_sort_pos_joh_03,7,-0.15194967267963233
713_02_008_sort_pos_joh_03,8,-0.04458779620677139
713_02_008_sort_pos_joh_03,9,0.40269363312841483
713_02_008_sort_pos_joh_04,0,-0.16685595311797863
713_02_008_sort_pos_joh_04,1,0.07124704998790958
713_02_008_sort_pos_joh_04,2,0.0735214622093807
713_02_008_sort_pos_joh_04,3,0.0735214622093807
713_02_008_sort_pos_joh_04,4,0.07124704998790948
713_02_008_sort_pos_joh_04,5,-0.17222374095679294
713_02_008_sort_pos_joh_04,6,0.07881104062390987
713_02_008_sort_pos_joh_04,7,0.8922178162191942
713_02_008_sort_pos_joh_04,8,-0.40695951376675316
713_02_008_sort_pos_joh_04,9,-0.40695951376675316
713_02_008_sort_pos_joh_05,0,0.045834924851410545
713_02_008_sort_pos_joh_05,1,-0.3973597071195131
713_02_008_sort_pos_joh_05,2,-0.3973597071195131
713_02_008_sort_pos_joh_05,3,1.0552897060221726
713_02_008_sort_pos_joh_05,4,-0.39735970711951313
713_02_008_sort_pos_joh_05,5,0.045834924851410545
713_02_008_sort_pos_joh_05,6,0.045834924851410545
713_02_008_sort_pos_joh_05,7,0.045834924851410594
713_02_008_sort_pos_joh_05,8,0.6064496310619681
713_02_008_sort_pos_joh_05,9,-0.39735970711951313
713_02_008_sort_pos_joh_06,0,-0.19611613513818396
713_02_008_sort_pos_joh_06,1,1.0988845115895127
713_02_008_sort_pos_joh_06,2,1.0988845115895127
713_02_008_sort_pos_joh_06,3,-0.19611613513818396
713_02_008_sort_pos_joh_06,4,-0.19611613513818396
713_02_008_sort_pos_joh_06,5,-0.19611613513818396
713_02_008_sort_pos_joh_06,6,-0.19611613513818396
713_02_008_sort_pos_joh_06,7,-0.19611613513818396
713_02_008_sort_pos_joh_06,8,-0.19611613513818396
713_02_008_sort_pos_joh_06,9,-0.19611613513818396
713_02_009_sort_pos_joh_01,0,0.6151158077114842
713_02_009_sort_pos_joh_01,1,-0.3266161287122069
713_02_009_sort_pos_joh_01,2,0.11301357314336719
713_02_009_sort_pos_joh_01,3,0.2927354624767923
713_02_009_sort_pos_joh_01,4,-0.32256948937109986
713_02_009_sort_pos_joh_01,5,-0.236188746486665
713_02_009_sort_pos_joh_01,6,0.22754439349941719
713_02_009_sort_pos_joh_01,7,-0.1492319345894244
713_02_009_sort_pos_joh_01,8,-0.06017513114662194
713_02_009_sort_pos_joh_01,9,0.02598498501673731
713_02_009_sort_pos_joh_02,0,0.13525044520011492
713_02_009_sort_pos_joh_02,1,0.1369306393762917
713_02_009_sort_pos_joh_02,2,0.2909337355009223
713_02_009_sort_pos_joh_02,3,-0.46670659933625
713_02_009_sort_pos_joh_02,4,-0.33485541126445784
713_02_009_sort_pos_joh_02,5,-0.4610971909142652
713_02_009_sort_pos_joh_02,6,0.2909337355009223
713_02_009_sort_pos_joh_02,7,-0.16339837553113432
713_02_009_sort_pos_joh_02,8,0.3068910275513887
713_02_009_sort_pos_joh_02,9,0.3113081297972353
713_02_009_sort_pos_joh_03,0,0.8595358880206613
713_02_009_sort_pos_joh_03,1,-0.43458154704060337
713_02_009_sort_pos_joh_03,2,0.13305003622219821
713_02_009_sort_pos_joh_03,3,-0.2492636213753952
713_02_009_sort_pos_joh_03,4,-0.05725983343138691
713_02_009_sort_pos_joh_03,5,-0.44321011086902307
713_02_009_sort_pos_joh_03,6,-0.2492636213753952
713_02_009_sort_pos_joh_03,7,-0.0572598334313869
713_02_009_sort_pos_joh_03,8,0.13305003622219835
713_02_009_sort_pos_joh_03,9,0.5417363388859614
713_02_009_sort_pos_joh_04,0,1.1692256444309352
713_02_009_sort_pos_joh_04,1,0.07084363469758136
713_02_009_sort_pos_joh_04,2,0.07337288382470528
713_02_009_sort_pos_joh_04,3,0.07773220743364713
713_02_009_sort_pos_joh_04,4,-0.2844472538139113
713_02_009_sort_pos_joh_04,5,-0.4555798095276479
713_02_009_sort_pos_joh_04,6,-0.2844472538139113
713_02_009_sort_pos_joh_04,7,-0.4555798095276479
713_02_009_sort_pos_joh_04,8,0.24760346475468303
713_02_009_sort_pos_joh_04,9,0.06967330142916167
713_02_018_sort_pos_joh_01,0,0.08502943324962743
713_02_018_sort_pos_joh_01,1,-0.1218666695553585
713_02_018_sort_pos_joh_01,2,-0.45486221822402034
713_02_018_sort_pos_joh_01,3,1.053268721647045
713_02_018_sort_pos_joh_01,4,0.3531862233623073
713_02_018_sort_pos_joh_01,5,0.013771178713925568
713_02_018_sort_pos_joh_01,6,0.35675903121636054
713_02_018_sort_pos_joh_01,7,-0.48378055986757607
713_02_018_sort_pos_joh_01,8,0.1545926071494548
713_02_018_sort_pos_joh_01,9,-0.8796679536538717
713_02_018_sort_pos_joh_02,0,-0.2980197803396348
713_02_018_sort_pos_joh_02,1,0.034401045807688956
713_02_018_sort_pos_joh_02,2,0.14491033767200542
713_02_018_sort_pos_joh_02,3,0.16352524676365363
713_02_018_sort_pos_joh_02,4,-0.31740552713636894
713_02_018_sort_pos_joh_02,5,0.7365021550234889
713_02_018_sort_pos_joh_02,6,0.03324112476572656
713_02_018_sort_pos_joh_02,7,-0.8859944120811992
713_02_018_sort_pos_joh_02,8,0.6063581095920656
713_02_018_sort_pos_joh_02,9,-0.19392195708368692
713_02_018_sort_pos_joh_03,0,0.18765838625341444
713_02_018_sort_pos_joh_03,1,0.11297620843581767
713_02_018_sort_pos_joh_03,2,-0.09837711364056195
713_02_018_sort_pos_joh_03,3,-0.5170907197968264
713_02_018_sort_pos_joh_03,4,0.25982792098465257
713_02_018_sort_pos_joh_03,5,0.2541711253644768
713_02_018_sort_pos_joh_03,6,-0.3810003810005716
713_02_018_sort_pos_joh_03,7,0.8215938655409551
713_02_018_sort_pos_joh_03,8,0.2583783815239638
713_02_018_sort_pos_joh_03,9,-0.7339063936848483
713_02_018_sort_pos_joh_04,0,0.22176638128637235
713_02_018_sort_pos_joh_04,1,0.09712142837535072
713_02_018_sort_pos_joh_04,2,0.3661147454539025
713_02_018_sort_pos_joh_04,3,-0.27063730721781754
713_02_018_sort_pos_joh_04,4,-0.40109825662669113
713_02_018_sort_pos_joh_04,5,0.500867905530817
713_02_018_sort_pos_joh_04,6,-0.1473418937367513
713_02_018_sort_pos_joh_04,7,-0.6663928928196875
713_02_018_sort_pos_joh_04,8,0.21997067253202987
713_02_018_sort_pos_joh_04,9,0.10303086478184346
713_02_018_sort_pos_joh_05,0,0.3646452637445894
713_02_018_sort_pos_joh_05,1,0.08276058886023681
713_02_018_sort_pos_joh_05,2,0.49112730544203487
713_02_018_sort_pos_joh_05,3,1.0751248932666724
713_02_018_sort_pos_joh_05,4,-0.5881322887459679
713_02_018_sort_pos_joh_05,5,-0.44264229733480104
713_02_018_sort_pos_joh_05,6,-0.5718144762987791
713_02_018_sort_pos_joh_05,7,0.08032193289024991
713_02_018_sort_pos_joh_05,8,-0.4386457794624414
713_02_018_sort_pos_joh_05,9,0.07808688094430336
713_02_018_sort_pos_joh_06,0,-0.49756440033509075
713_02_018_sort_pos_joh_06,1,0.9151977966322673
713_02_018_sort_pos_joh_06,2,0.5555085618482533
713_02_018_sort_pos_joh_06,3,-0.26548932463998864
713_02_018_sort_pos_joh_06,4,0.2898747077234407
713_02_018_sort_pos_joh_06,5,0.06561787149247877
713_02_018_sort_pos_joh_06,6,0.9151977966322673
713_02_018_sort_pos_joh_06,7,-0.26548932463998864
713_02_018_sort_pos_joh_06,8,-0.6221710168382552
713_02_018_sort_pos_joh_06,9,-0.9615239476408232
713_02_018_sort_pos_joh_07,0,-0.38963999083669804
713_02_018_sort_pos_joh_07,1,-0.38963999083669804
713_02_018_sort_pos_joh_07,2,-0.38963999083669804
713_02_018_sort_pos_joh_07,3,1.3872581323813256
713_02_018_sort_pos_joh_07,4,0.3333333333333334
713_02_018_sort_pos_joh_07,5,-0.38963999083669804
713_02_018_sort_pos_joh_07,6,-0.03617873026462114
713_02_018_sort_pos_joh_07,7,0.7862255941722496
713_02_018_sort_pos_joh_07,8,-0.036178730264621074
713_02_018_sort_pos_joh_07,9,-0.38963999083669804
713_02_042_sort_pos_joh_01,0,-0.21242964433104355
713_02_042_sort_pos_joh_01,1,-0.21242964433104333
713_02_042_sort_pos_joh_01,2,-0.07047848162343699
713_02_042_sort_pos_joh_01,3,0.14897604974213402
713_02_042_sort_pos_joh_01,4,0.38014296063485287
713_02_042_sort_pos_joh_01,5,-0.47786044616328865
713_02_042_sort_pos_joh_01,6,0.0
713_02_042_sort_pos_joh_01,7,-0.5355333005763092
713_02_042_sort_pos_joh_01,8,0.7387571704234375
713_02_042_sort_pos_joh_01,9,0.3194382824999697
713_02_042_sort_pos_joh_02,0,-0.08807819061932724
713_02_042_sort_pos_joh_02,1,-0.21696578995095092
713_02_042_sort_pos_joh_02,2,-0.4736103058723849
713_02_042_sort_pos_joh_02,3,0.44203807353870767
713_02_042_sort_pos_joh_02,4,-0.08864844143558699
713_02_042_sort_pos_joh_02,5,0.298997720151076
713_02_042_sort_pos_joh_02,6,-0.08845712893389601
713_02_042_sort_pos_joh_02,7,-0.6749263711465145
713_02_042_sort_pos_joh_02,8,-0.08982298027208063
713_02_042_sort_pos_joh_02,9,1.5189362183761637
713_02_042_sort_pos_joh_03,0,0.6356780147696931
713_02_042_sort_pos_joh_03,1,0.12542787602506508
713_02_042_sort_pos_joh_03,2,-0.2592302024083138
713_02_042_sort_pos_joh_03,3,0.8004971050068798
713_02_042_sort_pos_joh_03,4,0.013508580673957701
713_02_042_sort_pos_joh_03,5,-0.29793082847823665
713_02_042_sort_pos_joh_03,6,-0.8754605708509952
713_02_042_sort_pos_joh_03,7,-0.4808466726812116
713_02_042_sort_pos_joh_03,8,0.4682495451214309
713_02_042_sort_pos_joh_03,9,-0.032365119526902936
713_02_042_sort_pos_joh_04,0,0.3715632933494975
713_02_042_sort_pos_joh_04,1,-0.31860339083200606
713_02_042_sort_pos_joh_04,2,0.5297038951074238
713_02_042_sort_pos_joh_04,3,0.044571848895042024
713_02_042_sort_pos_joh_04,4,-0.3214935194120748
713_02_042_sort_pos_joh_04,5,0.04576575162113807
713_02_042_sort_pos_joh_04,6,-0.22460627338754344
713_02_042_sort_pos_joh_04,7,-0.23508661716498638
713_02_042_sort_pos_joh_04,8,0.04872081887834226
713_02_042_sort_pos_joh_04,9,0.13926550093883824
713_02_042_sort_pos_joh_05,0,0.26499947000159013
713_02_042_sort_pos_joh_05,1,0.0
713_02_042_sort_pos_joh_05,2,-0.44571848895041816
713_02_042_sort_pos_joh_05,3,0.9583099581758615
713_02_042_sort_pos_joh_05,4,-0.09022566592313519
713_02_042_sort_pos_joh_05,5,-0.0906249291993017
713_02_042_sort_pos_joh_05,6,-0.2585438449975093
713_02_042_sort_pos_joh_05,7,-0.2617119612951066
713_02_042_sort_pos_joh_05,8,0.46399840830259037
713_02_042_sort_pos_joh_05,9,-0.4311626714552118
713_02_042_sort_pos_joh_06,0,-0.18814417367671954
713_02_042_sort_pos_joh_06,1,-0.18814417367671954
713_02_042_sort_pos_joh_06,2,-0.49613893835683387
713_02_042_sort_pos_joh_06,3,1.2952968401910805
713_02_042_sort_pos_joh_06,4,0.47823088997960866
713_02_042_sort_pos_joh_06,5,0.12700012700019042
713_02_042_sort_pos_joh_06,6,-0.4961389383568338
713_02_042_sort_pos_joh_06,7,-0.4961389383568338
713_02_042_sort_pos_joh_06,8,-0.18814417367671954
713_02_042_sort_pos_joh_06,9,0.47823088997960855
713_02_046_sort_pos_joh_01,0,-0.16012815380508735
713_02_046_sort_pos_joh_01,1,-0.5185189413928097
713_02_046_sort_pos_joh_01,2,0.15286651027948686
713_02_046_sort_pos_joh_01,3,-0.5673086289311762
713_02_046_sort_pos_joh_01,4,0.4408677809220855
713_02_046_sort_pos_joh_01,5,-0.30505577704769193
713_02_046_sort_pos_joh_01,6,0.1960460422019957
713_02_046_sort_pos_joh_01,7,-0.16923243819795544
713_02_046_sort_pos_joh_01,8,-0.02699500301255832
713_02_046_sort_pos_joh_01,9,1.2203889737005935
713_02_046_sort_pos_joh_02,0,0.2740466081902877
713_02_046_sort_pos_joh_02,1,-0.312549469838411
713_02_046_sort_pos_joh_02,2,-0.303960501186119
713_02_046_sort_pos_joh_02,3,-0.8552818820877506
713_02_046_sort_pos_joh_02,4,0.020129242055713002
713_02_046_sort_pos_joh_02,5,-0.17407765595569757
713_02_046_sort_pos_joh_02,6,0.7516481897178667
713_02_046_sort_pos_joh_02,7,0.14350356484644392
713_02_046_sort_pos_joh_02,8,0.14472566426428124
713_02_046_sort_pos_joh_02,9,0.27285230690222284
713_02_046_sort_pos_joh_03,0,0.21027089828472076
713_02_046_sort_pos_joh_03,1,0.058798103203785264
713_02_046_sort_pos_joh_03,2,0.5619137657550185
713_02_046_sort_pos_joh_03,3,-1.0173127151326844
713_02_046_sort_pos_joh_03,4,0.23715191966029964
713_02_046_sort_pos_joh_03,5,-0.2392594418218317
713_02_046_sort_pos_joh_03,6,0.31121219822869645
713_02_046_sort_pos_joh_03,7,-0.48904119655625966
713_02_046_sort_pos_joh_03,8,-0.2874635446343131
713_02_046_sort_pos_joh_03,9,0.686161147706986
713_02_046_sort_pos_joh_04,0,0.7969027679765226
713_02_046_sort_pos_joh_04,1,0.5665213125209287
713_02_046_sort_pos_joh_04,2,0.6996102080405924
713_02_046_sort_pos_joh_04,3,-0.47431343371731627
713_02_046_sort_pos_joh_04,4,-0.4924414253643651
713_02_046_sort_pos_joh_04,5,-0.5976881708444354
713_02_046_sort_pos_joh_04,6,-0.12800220038731594
713_02_046_sort_pos_joh_04,7,-0.34928607431632763
713_02_046_sort_pos_joh_04,8,-0.3566990490197036
713_02_046_sort_pos_joh_04,9,0.33342144682504804
713_02_046_sort_pos_joh_05,0,0.27832496965309206
713_02_046_sort_pos_joh_05,1,0.17729688287117454
713_02_046_sort_pos_joh_05,2,0.025062735355854498
713_02_046_sort_pos_joh_05,3,-0.2314550249431374
713_02_046_sort_pos_joh_05,4,0.2911928443486547
713_02_046_sort_pos_joh_05,5,-0.2314550249431378
713_02_046_sort_pos_joh_05,6,-0.23354968324845662
713_02_046_sort_pos_joh_05,7,-0.23354968324845662
713_02_046_sort_pos_joh_05,8,0.2807621084895862
713_02_046_sort_pos_joh_05,9,-0.11054744259006662
713_02_046_sort_pos_joh_06,0,0.3692744729379983
713_02_046_sort_pos_joh_06,1,0.38729833462074176
713_02_046_sort_pos_joh_06,2,0.055448697300142985
713_02_046_sort_pos_joh_06,3,0.4296064589258488
713_02_046_sort_pos_joh_06,4,-0.036019960588781604
713_02_046_sort_pos_joh_06,5,-0.6726994758025772
713_02_046_sort_pos_joh_06,6,0.14507139155764295
713_02_046_sort_pos_joh_06,7,-0.30725539857096124
713_02_046_sort_pos_joh_06,8,-0.3964124835860458
713_02_046_sort_pos_joh_06,9,0.146376842819575
713_02_054_sort_pos_joh_01,0,0.14668510291628448
713_02_054_sort_pos_joh_01,1,0.5336230958248769
713_02_054_sort_pos_joh_01,2,2.655796032348034
713_02_054_sort_pos_joh_01,3,-0.6973207503739622
713_02_054_sort_pos_joh_01,4,-0.44853367785940457
713_02_054_sort_pos_joh_01,5,-0.35275783616141926
713_02_054_sort_pos_joh_01,6,-0.1440341414312798
713_02_054_sort_pos_joh_01,7,-0.3534158419890519
713_02_054_sort_pos_joh_01,8,-0.1464653113178859
713_02_054_sort_pos_joh_01,9,-0.18569533817705206
713_02_054_sort_pos_joh_02,0,0.20891791262329829
713_02_054_sort_pos_joh_02,1,0.04719291781830081
713_02_054_sort_pos_joh_02,2,1.9685019685029526
713_02_054_sort_pos_joh_02,3,-0.5814706999135808
713_02_054_sort_pos_joh_02,4,-0.4214636152117622
713_02_054_sort_pos_joh_02,5,-0.4271210980886245
713_02_054_sort_pos_joh_02,6,0.5317050689751147
713_02_054_sort_pos_joh_02,7,-0.11079056412076074
713_02_054_sort_pos_joh_02,8,-0.743879501953679
713_02_054_sort_pos_joh_02,9,0.04719291781830081
713_02_054_sort_pos_joh_03,0,-0.1577673216207205
713_02_054_sort_pos_joh_03,1,0.5455954715763786
713_02_054_sort_pos_joh_03,2,4.764413722402235
713_02_054_sort_pos_joh_03,3,-0.42519520276218703
713_02_054_sort_pos_joh_03,4,-0.48425853631800986
713_02_054_sort_pos_joh_03,5,-0.5749290233087673
713_02_054_sort_pos_joh_03,6,-0.07015384947473852
713_02_054_sort_pos_joh_03,7,-0.041127225669679315
713_02_054_sort_pos_joh_03,8,-0.4539771594132613
713_02_054_sort_pos_joh_03,9,-0.6055999248972321
713_02_055_sort_pos_joh_01,0,-0.023931390370504922
713_02_055_sort_pos_joh_01,1,0.31629140500939523
713_02_055_sort_pos_joh_01,2,-0.7275875368149675
713_02_055_sort_pos_joh_01,3,0.1653078063212111
713_02_055_sort_pos_joh_01,4,0.2675077025640804
713_02_055_sort_pos_joh_01,5,-0.35494036792864947
713_02_055_sort_pos_joh_01,6,-0.07459363910469041
713_02_055_sort_pos_joh_01,7,-0.1178563683749805
713_02_055_sort_pos_joh_01,8,0.17578398701189904
713_02_055_sort_pos_joh_01,9,0.4269918660532217
713_02_055_sort_pos_joh_02,0,-0.1619380815542374
713_02_055_sort_pos_joh_02,1,0.9990867578003675
713_02_055_sort_pos_joh_02,2,-0.09023491657267774
713_02_055_sort_pos_joh_02,3,0.14730087783578472
713_02_055_sort_pos_joh_02,4,-0.4001104994200117
713_02_055_sort_pos_joh_02,5,0.17571259933283168
713_02_055_sort_pos_joh_02,6,0.01010926509072333
713_02_055_sort_pos_joh_02,7,0.24440016020254615
713_02_055_sort_pos_joh_02,8,0.14502137732660927
713_02_055_sort_pos_joh_02,9,-0.9754925812476466
713_02_055_sort_pos_joh_03,0,1.188901455189452
713_02_055_sort_pos_joh_03,1,0.4354941703556924
713_02_055_sort_pos_joh_03,2,0.24759378423606912
713_02_055_sort_pos_joh_03,3,-0.02747405677762506
713_02_055_sort_pos_joh_03,4,0.1035539056976939
713_02_055_sort_pos_joh_03,5,-0.7071558182846671
713_02_055_sort_pos_joh_03,6,-0.3577178850827238
713_02_055_sort_pos_joh_03,7,-0.42856609031931076
713_02_055_sort_pos_joh_03,8,-0.4985907141130346
713_02_055_sort_pos_joh_03,9,0.17628840591366396
713_02_055_sort_pos_joh_04,0,-0.1199925007030515
713_02_055_sort_pos_joh_04,1,0.6767155423319643
713_02_055_sort_pos_joh_04,2,0.029591497808608935
713_02_055_sort_pos_joh_04,3,-0.7265225746984
713_02_055_sort_pos_joh_04,4,-0.11999250070305127
713_02_055_sort_pos_joh_04,5,0.029947637411774034
713_02_055_sort_pos_joh_04,6,0.8492696876732625
713_02_055_sort_pos_joh_04,7,-0.11717917486340783
713_02_055_sort_pos_joh_04,8,0.032393177419586895
713_02_055_sort_pos_joh_04,9,-0.4269463548923028
713_02_055_sort_pos_joh_05,0,-0.1732592327296841
713_02_055_sort_pos_joh_05,1,-0.5916079783099618
713_02_055_sort_pos_joh_05,2,-0.1732592327296841
713_02_055_sort_pos_joh_05,3,0.2672612419124243
713_02_055_sort_pos_joh_05,4,-0.5916079783099618
713_02_055_sort_pos_joh_05,5,0.2672612419124243
713_02_055_sort_pos_joh_05,6,-0.1732592327296841
713_02_055_sort_pos_joh_05,7,0.7356807837947247
713_02_055_sort_pos_joh_05,8,0.2672612419124243
713_02_055_sort_pos_joh_05,9,0.2672612419124243
713_02_060_sort_pos_joh_01,0,-0.3550515939533779
713_02_060_sort_pos_joh_01,1,0.9018963037597219
713_02_060_sort_pos_joh_01,2,-0.37043425362491966
713_02_060_sort_pos_joh_01,3,-0.5258404954841742
713_02_060_sort_pos_joh_01,4,0.6121189477898467
713_02_060_sort_pos_joh_01,5,-0.5532962401915615
713_02_060_sort_pos_joh_01,6,0.29951320955395
713_02_060_sort_pos_joh_01,7,0.9219264074021035
713_02_060_sort_pos_joh_01,8,-0.3572652008661296
713_02_060_sort_pos_joh_01,9,-0.4740149822670234
713_02_060_sort_pos_joh_02,0,-0.2937149845801361
713_02_060_sort_pos_joh_02,1,-0.2702505165969774
713_02_060_sort_pos_joh_02,2,-0.43771048747019015
713_02_060_sort_pos_joh_02,3,-0.2231248511611922
713_02_060_sort_pos_joh_02,4,-0.4255949633699689
713_02_060_sort_pos_joh_02,5,-0.4014342378742568
713_02_060_sort_pos_joh_02,6,0.22011286356311122
713_02_060_sort_pos_joh_02,7,0.8121624487362457
713_02_060_sort_pos_joh_02,8,1.045768063722189
713_02_060_sort_pos_joh_02,9,0.3081645069770406
713_02_060_sort_pos_joh_03,0,
713_02_060_sort_pos_joh_03,1,
713_02_060_sort_pos_joh_03,2,
713_02_060_sort_pos_joh_03,3,
713_02_060_sort_pos_joh_03,4,
713_02_060_sort_pos_joh_03,5,
713_02_060_sort_pos_joh_03,6,
713_02_060_sort_pos_joh_03,7,
713_02_060_sort_pos_joh_03,8,
713_02_060_sort_pos_joh_03,9,
713_02_061_sort_pos_joh_04,0,-0.16816819849907816
713_02_061_sort_pos_joh_04,1,-0.1681681984990781
713_02_061_sort_pos_joh_04,2,-0.1681681984990781
713_02_061_sort_pos_joh_04,3,-0.4975185951049946
713_02_061_sort_pos_joh_04,4,0.5212860351426871
713_02_061_sort_pos_joh_04,5,-0.16816819849907808
713_02_061_sort_pos_joh_04,6,0.17079674642128873
713_02_061_sort_pos_joh_04,7,1.1495012246792569
713_02_061_sort_pos_joh_04,8,0.17079674642128873
713_02_061_sort_pos_joh_04,9,-0.4975185951049947
713_02_062_sort_pos_joh_01,0,-0.3541852827159662
713_02_062_sort_pos_joh_01,1,-0.3541852827159662
713_02_062_sort_pos_joh_01,2,-0.2036532699906391
713_02_062_sort_pos_joh_01,3,-0.05253662422571051
713_02_062_sort_pos_joh_01,4,-0.05253662422571051
713_02_062_sort_pos_joh_01,5,-0.20365326999063915
713_02_062_sort_pos_joh_01,6,-0.3541852827159662
713_02_062_sort_pos_joh_01,7,-0.05352251354616414
713_02_062_sort_pos_joh_01,8,6.249285673464721
713_02_062_sort_pos_joh_01,9,-0.20303047565772367
713_02_062_sort_pos_joh_02,0,-0.39686563206723124
713_02_062_sort_pos_joh_02,1,-0.39686563206723124
713_02_062_sort_pos_joh_02,2,-0.39686563206723124
713_02_062_sort_pos_joh_02,3,-0.09284766908852601
713_02_062_sort_pos_joh_02,4,-0.3968656320672313
713_02_062_sort_pos_joh_02,5,1.0834726777719224
713_02_062_sort_pos_joh_02,6,-0.09284766908852601
713_02_062_sort_pos_joh_02,7,-0.09284766908852601
713_02_062_sort_pos_joh_02,8,1.839252128457856
713_02_062_sort_pos_joh_02,9,-0.39686563206723136
713_02_063_sort_pos_joh_01,0,-0.35021148414021697
713_02_063_sort_pos_joh_01,1,-0.35021148414021697
713_02_063_sort_pos_joh_01,2,-0.19217226355682532
713_02_063_sort_pos_joh_01,3,-0.19151035941964867
713_02_063_sort_pos_joh_01,4,-0.5900583622012846
713_02_063_sort_pos_joh_01,5,-0.11206097776236784
713_02_063_sort_pos_joh_01,6,-0.1105416273246016
713_02_063_sort_pos_joh_01,7,-0.11206097776236809
713_02_063_sort_pos_joh_01,8,3.2426271637615174
713_02_063_sort_pos_joh_01,9,0.12933120252951147
713_02_063_sort_pos_joh_02,0,-0.5991921745658738
713_02_063_sort_pos_joh_02,1,-0.49721207348800495
713_02_063_sort_pos_joh_02,2,-0.3088746575156267
713_02_063_sort_pos_joh_02,3,-0.1097314863855791
713_02_063_sort_pos_joh_02,4,0.3919647479510925
713_02_063_sort_pos_joh_02,5,0.18950791828920915
713_02_063_sort_pos_joh_02,6,-0.2993946571210318
713_02_063_sort_pos_joh_02,7,-0.3968072277831916
713_02_063_sort_pos_joh_02,8,2.239835443505188
713_02_063_sort_pos_joh_02,9,-0.009749719699587765
713_02_063_sort_pos_joh_03,0,0.056182213490085016
713_02_063_sort_pos_joh_03,1,-0.3646452637445892
713_02_063_sort_pos_joh_03,2,-0.2236723363565593
713_02_063_sort_pos_joh_03,3,0.646988867442551
713_02_063_sort_pos_joh_03,4,-0.36464526374458933
713_02_063_sort_pos_joh_03,5,-0.08451542547285157
713_02_063_sort_pos_joh_03,6,-0.085435765771676
713_02_063_sort_pos_joh_03,7,0.20499759443009788
713_02_063_sort_pos_joh_03,8,0.9649012813540151
713_02_063_sort_pos_joh_03,9,-0.5013071917732285
713_02_063_sort_pos_joh_04,0,-0.0606339062590831
713_02_063_sort_pos_joh_04,1,-0.0606339062590831
713_02_063_sort_pos_joh_04,2,0.14455283597377003
713_02_063_sort_pos_joh_04,3,-0.4663865857509424
713_02_063_sort_pos_joh_04,4,-0.06201736729460408
713_02_063_sort_pos_joh_04,5,0.14455283597377003
713_02_063_sort_pos_joh_04,6,-0.4663865857509424
713_02_063_sort_pos_joh_04,7,-0.2691447934582653
713_02_063_sort_pos_joh_04,8,0.35083254595052327
713_02_063_sort_pos_joh_04,9,1.039063519158201
713_02_063_sort_pos_joh_05,0,-0.22741584613280097
713_02_063_sort_pos_joh_05,1,-0.3611575592573077
713_02_063_sort_pos_joh_05,2,-0.22741584613280097
713_02_063_sort_pos_joh_05,3,-0.09366696561556574
713_02_063_sort_pos_joh_05,4,-0.3611575592573077
713_02_063_sort_pos_joh_05,5,0.17943413520810778
713_02_063_sort_pos_joh_05,6,-0.22741584613280097
713_02_063_sort_pos_joh_05,7,-0.09366696561556574
713_02_063_sort_pos_joh_05,8,4.711101707389167
713_02_063_sort_pos_joh_05,9,-0.36115755925730764
713_02_063_sort_pos_joh_06,0,-0.1999375292816245
713_02_063_sort_pos_joh_06,1,-0.4472135954999579
713_02_063_sort_pos_joh_06,2,-0.1999375292816245
713_02_063_sort_pos_joh_06,3,0.3417430630867043
713_02_063_sort_pos_joh_06,4,-0.4472135954999578
713_02_063_sort_pos_joh_06,5,0.050315460542662734
713_02_063_sort_pos_joh_06,6,-0.4472135954999579
713_02_063_sort_pos_joh_06,7,-0.1999375292816245
713_02_063_sort_pos_joh_06,8,1.7285384878177872
713_02_063_sort_pos_joh_06,9,0.3152441624956404
713_02_065_sort_pos_joh_01,0,1.2027704548200613
713_02_065_sort_pos_joh_01,1,0.09924770559756542
713_02_065_sort_pos_joh_01,2,0.055023528402795764
713_02_065_sort_pos_joh_01,3,0.012943424970157979
713_02_065_sort_pos_joh_01,4,0.31194302493740617
713_02_065_sort_pos_joh_01,5,-0.635452124007903
713_02_065_sort_pos_joh_01,6,0.35214727651140504
713_02_065_sort_pos_joh_01,7,0.1812668639671662
713_02_065_sort_pos_joh_01,8,-0.8792452726951575
713_02_065_sort_pos_joh_01,9,-0.7310511900023154
713_02_065_sort_pos_joh_02,0,0.51330113328836
713_02_065_sort_pos_joh_02,1,0.6193822983068681
713_02_065_sort_pos_joh_02,2,1.1962963679623877
713_02_065_sort_pos_joh_02,3,0.39849502288209654
713_02_065_sort_pos_joh_02,4,-0.8781716756967108
713_02_065_sort_pos_joh_02,5,-0.6965260331469922
713_02_065_sort_pos_joh_02,6,-0.13526996890215784
713_02_065_sort_pos_joh_02,7,-0.03052812554363261
713_02_065_sort_pos_joh_02,8,-0.13295797933099898
713_02_065_sort_pos_joh_02,9,-0.7630708341314705
713_02_065_sort_pos_joh_03,0,0.0
713_02_065_sort_pos_joh_03,1,0.0
713_02_065_sort_pos_joh_03,2,-0.33864273073929824
713_02_065_sort_pos_joh_03,3,0.0
713_02_065_sort_pos_joh_03,4,0.7826604801948327
713_02_065_sort_pos_joh_03,5,0.9567297464698798
713_02_065_sort_pos_joh_03,6,-0.33864273073929824
713_02_065_sort_pos_joh_03,7,0.0
713_02_065_sort_pos_joh_03,8,-0.33864273073929824
713_02_065_sort_pos_joh_03,9,-0.33864273073929824
713_02_068_sort_pos_joh_01,0,-0.22635968618993751
713_02_068_sort_pos_joh_01,1,0.65
713_02_068_sort_pos_joh_01,2,-0.5234116043925326
713_02_068_sort_pos_joh_01,3,-0.2759443727065454
713_02_068_sort_pos_joh_01,4,0.729869603063988
713_02_068_sort_pos_joh_01,5,1.0719192948015799
713_02_068_sort_pos_joh_01,6,0.8477305654765678
713_02_068_sort_pos_joh_01,7,-0.7194130610693974
713_02_068_sort_pos_joh_01,8,-0.9402451636061547
713_02_068_sort_pos_joh_01,9,-0.44146438140042976
713_02_068_sort_pos_joh_02,0,0.5192581154965795
713_02_068_sort_pos_joh_02,1,0.3824818975302929
713_02_068_sort_pos_joh_02,2,-0.09387292199919489
713_02_068_sort_pos_joh_02,3,-2.6926863520719046e-16
713_02_068_sort_pos_joh_02,4,0.36488999939500044
713_02_068_sort_pos_joh_02,5,-8.336326801188806e-16
713_02_068_sort_pos_joh_02,6,0.18429462035037986
713_02_068_sort_pos_joh_02,7,-0.8333333333333334
713_02_068_sort_pos_joh_02,8,-2.8595316466313757e-16
713_02_068_sort_pos_joh_02,9,-0.4625665565515801
713_02_068_sort_pos_joh_03,0,-0.2545569188416595
713_02_068_sort_pos_joh_03,1,0.3036220542625567
713_02_068_sort_pos_joh_03,2,0.4456018762161242
713_02_068_sort_pos_joh_03,3,-0.6993623635808234
713_02_068_sort_pos_joh_03,4,0.6416047967741498
713_02_068_sort_pos_joh_03,5,1.1385083982991573
713_02_068_sort_pos_joh_03,6,-0.546190791447669
713_02_068_sort_pos_joh_03,7,-0.730441487743095
713_02_068_sort_pos_joh_03,8,-0.33129995724365374
713_02_068_sort_pos_joh_03,9,0.11107105266453739
713_02_068_sort_pos_joh_04,0,-0.5557076115454175
713_02_068_sort_pos_joh_04,1,0.6047078979069523
713_02_068_sort_pos_joh_04,2,0.18163064367459997
713_02_068_sort_pos_joh_04,3,-0.543300834915566
713_02_068_sort_pos_joh_04,4,-0.6853646990049905
713_02_068_sort_pos_joh_04,5,0.9668634354052982
713_02_068_sort_pos_joh_04,6,0.4872594259766629
713_02_068_sort_pos_joh_04,7,0.028490144114909525
713_02_068_sort_pos_joh_04,8,-0.5433008349155659
713_02_068_sort_pos_joh_04,9,0.17134117475124777
713_02_068_sort_pos_joh_05,0,-0.0708436346975815
713_02_068_sort_pos_joh_05,1,-0.41702882811414965
713_02_068_sort_pos_joh_05,2,0.2894298421169687
713_02_068_sort_pos_joh_05,3,0.3123475237772121
713_02_068_sort_pos_joh_05,4,-0.4170288281141497
713_02_068_sort_pos_joh_05,5,0.7223151185146152
713_02_068_sort_pos_joh_05,6,-0.4170288281141497
713_02_068_sort_pos_joh_05,7,-0.0708436346975815
713_02_068_sort_pos_joh_05,8,0.7223151185146152
713_02_068_sort_pos_joh_05,9,-0.4170288281141496
713_02_068_sort_pos_joh_06,0,-0.1856953381770519
713_02_068_sort_pos_joh_06,1,-0.1856953381770519
713_02_068_sort_pos_joh_06,2,-0.1856953381770519
713_02_068_sort_pos_joh_06,3,-0.1856953381770519
713_02_068_sort_pos_joh_06,4,-0.1856953381770519
713_02_068_sort_pos_joh_06,5,2.335129587127714
713_02_068_sort_pos_joh_06,6,-0.1856953381770519
713_02_068_sort_pos_joh_06,7,-0.1856953381770519
713_02_068_sort_pos_joh_06,8,0.48076197382041175
713_02_068_sort_pos_joh_06,9,-0.1856953381770519
713_02_069_sort_pos_joh_01,0,-0.31087166269658467
713_02_069_sort_pos_joh_01,1,0.08753141158247629
713_02_069_sort_pos_joh_01,2,-0.04336321606755845
713_02_069_sort_pos_joh_01,3,-0.2726533600597259
713_02_069_sort_pos_joh_01,4,-0.009706908098161635
713_02_069_sort_pos_joh_01,5,0.8372405457506004
713_02_069_sort_pos_joh_01,6,-0.5150726915698202
713_02_069_sort_pos_joh_01,7,-0.4034956216702007
713_02_069_sort_pos_joh_01,8,-0.6027797470832937
713_02_069_sort_pos_joh_01,9,1.5673480098090888
713_02_069_sort_pos_joh_02,0,-0.9090375017553919
713_02_069_sort_pos_joh_02,1,-0.13714290283812594
713_02_069_sort_pos_joh_02,2,0.0572989854588203
713_02_069_sort_pos_joh_02,3,-1.0738210672337205
713_02_069_sort_pos_joh_02,4,0.7561017017232347
713_02_069_sort_pos_joh_02,5,-0.30083356529902255
713_02_069_sort_pos_joh_02,6,-0.06985957759687106
713_02_069_sort_pos_joh_02,7,0.9217991041093676
713_02_069_sort_pos_joh_02,8,-0.4603382916777382
713_02_069_sort_pos_joh_02,9,1.2363290754092287
713_02_069_sort_pos_joh_03,0,-0.19503866358291932
713_02_069_sort_pos_joh_03,1,0.1525904630464733
713_02_069_sort_pos_joh_03,2,-0.45784895811741033
713_02_069_sort_pos_joh_03,3,0.1464538901797742
713_02_069_sort_pos_joh_03,4,0.0882108554271952
713_02_069_sort_pos_joh_03,5,-0.4732863826479698
713_02_069_sort_pos_joh_03,6,0.08763736196559317
713_02_069_sort_pos_joh_03,7,0.14145274716431366
713_02_069_sort_pos_joh_03,8,-0.5272833701442688
713_02_069_sort_pos_joh_03,9,1.2427370355363891
713_02_069_sort_pos_joh_04,0,-0.12803687993289609
713_02_069_sort_pos_joh_04,1,0.1582938647206531
713_02_069_sort_pos_joh_04,2,-0.41273037710929233
713_02_069_sort_pos_joh_04,3,-0.41273037710929233
713_02_069_sort_pos_joh_04,4,-0.12803687993289609
713_02_069_sort_pos_joh_04,5,1.9251429294482993
713_02_069_sort_pos_joh_04,6,-0.12803687993289603
713_02_069_sort_pos_joh_04,7,0.014227759830611824
713_02_069_sort_pos_joh_04,8,0.014227759830611824
713_02_069_sort_pos_joh_04,9,0.16009423194180947
713_02_070_sort_pos_joh_01,0,-0.2828547633484654
713_02_070_sort_pos_joh_01,1,-0.3729936184306246
713_02_070_sort_pos_joh_01,2,-0.10352521593332711
713_02_070_sort_pos_joh_01,3,1.0783447609953307
713_02_070_sort_pos_joh_01,4,0.23296720576256064
713_02_070_sort_pos_joh_01,5,-0.02126600869708489
713_02_070_sort_pos_joh_01,6,0.4799338408263113
713_02_070_sort_pos_joh_01,7,-1.2185211318028861
713_02_070_sort_pos_joh_01,8,0.31811662409955516
713_02_070_sort_pos_joh_01,9,-0.10611144259853546
713_02_070_sort_pos_joh_02,0,-0.005509161088054146
713_02_070_sort_pos_joh_02,1,-0.1159601733364503
713_02_070_sort_pos_joh_02,2,-0.6344514701998981
713_02_070_sort_pos_joh_02,3,0.4601117792334994
713_02_070_sort_pos_joh_02,4,-0.0661057214819931
713_02_070_sort_pos_joh_02,5,-0.06148322391072369
713_02_070_sort_pos_joh_02,6,-0.11771773894935461
713_02_070_sort_pos_joh_02,7,-0.23001787120821843
713_02_070_sort_pos_joh_02,8,1.1347310392449017
713_02_070_sort_pos_joh_02,9,-0.24411682296763945
713_02_070_sort_pos_joh_03,0,0.16941464681940402
713_02_070_sort_pos_joh_03,1,0.5805057625024124
713_02_070_sort_pos_joh_03,2,-0.16827101990293716
713_02_070_sort_pos_joh_03,3,-0.5008019251343774
713_02_070_sort_pos_joh_03,4,0.10221123952055967
713_02_070_sort_pos_joh_03,5,0.034887494795222
713_02_070_sort_pos_joh_03,6,-0.40782159301147014
713_02_070_sort_pos_joh_03,7,-0.4444450937912463
713_02_070_sort_pos_joh_03,8,0.6300619191619357
713_02_070_sort_pos_joh_03,9,0.033920334633078315
713_02_070_sort_pos_joh_04,0,0.5876835207772628
713_02_070_sort_pos_joh_04,1,1.1805991838848997
713_02_070_sort_pos_joh_04,2,0.11774896188189267
713_02_070_sort_pos_joh_04,3,-0.6064073145538936
713_02_070_sort_pos_joh_04,4,-0.47222506888076404
713_02_070_sort_pos_joh_04,5,-0.32821201206064154
713_02_070_sort_pos_joh_04,6,-0.02944681096342827
713_02_070_sort_pos_joh_04,7,-0.02878070267648201
713_02_070_sort_pos_joh_04,8,-0.46676797279326226
713_02_070_sort_pos_joh_04,9,0.11508706752968713
713_02_070_sort_pos_joh_05,0,0.15075567228888162
713_02_070_sort_pos_joh_05,1,-0.10842537396441879
713_02_070_sort_pos_joh_05,2,0.38839985714170366
713_02_070_sort_pos_joh_05,3,-0.5881716976750464
713_02_070_sort_pos_joh_05,4,-0.3419723781222221
713_02_070_sort_pos_joh_05,5,-0.09744510742681914
713_02_070_sort_pos_joh_05,6,-0.09744510742681914
713_02_070_sort_pos_joh_05,7,0.15075567228888181
713_02_070_sort_pos_joh_05,8,0.4318020641200034
713_02_070_sort_pos_joh_05,9,0.15075567228888184
713_02_070_sort_pos_joh_06,0,0.5240974256643348
713_02_070_sort_pos_joh_06,1,0.30756234261462273
713_02_070_sort_pos_joh_06,2,0.0862060957407909
713_02_070_sort_pos_joh_06,3,0.0841220233735072
713_02_070_sort_pos_joh_06,4,-0.12700012700019037
713_02_070_sort_pos_joh_06,5,-0.12700012700019037
713_02_070_sort_pos_joh_06,6,0.09088562141317658
713_02_070_sort_pos_joh_06,7,-0.5449883505954141
713_02_070_sort_pos_joh_06,8,-0.12700012700019037
713_02_070_sort_pos_joh_06,9,-0.12700012700019037
713_02_070_sort_pos_joh_07,0,0.8406728074767076
713_02_070_sort_pos_joh_07,1,0.38112741077138046
713_02_070_sort_pos_joh_07,2,0.15523563869817553
713_02_070_sort_pos_joh_07,3,0.03363363969981558
713_02_070_sort_pos_joh_07,4,0.149583472169553
713_02_070_sort_pos_joh_07,5,-0.29277002188455997
713_02_070_sort_pos_joh_07,6,-0.1839585535236671
713_02_070_sort_pos_joh_07,7,-0.1851329077943386
713_02_070_sort_pos_joh_07,8,-0.18755070719729236
713_02_070_sort_pos_joh_07,9,-0.5119291162820134
713_02_072_sort_pos_joh_01,0,0.3029802470394476
713_02_072_sort_pos_joh_01,1,1.1277418186179315
713_02_072_sort_pos_joh_01,2,1.6526079136710523
713_02_072_sort_pos_joh_01,3,-0.32587526795614136
713_02_072_sort_pos_joh_01,4,-0.11730127175698239
713_02_072_sort_pos_joh_01,5,-0.5070001778381042
713_02_072_sort_pos_joh_01,6,-0.5957561968634475
713_02_072_sort_pos_joh_01,7,-0.6843792511868523
713_02_072_sort_pos_joh_01,8,-0.5431652971565819
713_02_072_sort_pos_joh_01,9,-0.08864844143558719
713_02_072_sort_pos_joh_02,0,-0.5265469894526189
713_02_072_sort_pos_joh_02,1,-0.0993399267798781
713_02_072_sort_pos_joh_02,2,0.9400193421607687
713_02_072_sort_pos_joh_02,3,-0.7438731614561233
713_02_072_sort_pos_joh_02,4,0.11812261438657855
713_02_072_sort_pos_joh_02,5,0.991869783800371
713_02_072_sort_pos_joh_02,6,-0.09999999999999981
713_02_072_sort_pos_joh_02,7,-0.0993399267798781
713_02_072_sort_pos_joh_02,8,-0.20211622280983518
713_02_072_sort_pos_joh_02,9,-0.09563650695950056
713_02_072_sort_pos_joh_03,0,-0.3417430630867044
713_02_072_sort_pos_joh_03,1,-0.3417430630867044
713_02_072_sort_pos_joh_03,2,-0.3417430630867044
713_02_072_sort_pos_joh_03,3,-0.3417430630867044
713_02_072_sort_pos_joh_03,4,-0.05725983343138678
713_02_072_sort_pos_joh_03,5,-0.05725983343138679
713_02_072_sort_pos_joh_03,6,0.5477225575051661
713_02_072_sort_pos_joh_03,7,0.23046048076627118
713_02_072_sort_pos_joh_03,8,-0.05725983343138689
713_02_072_sort_pos_joh_03,9,1.0313932561572599
713_02_090_sort_pos_joh_01,0,0.38440560918465494
713_02_090_sort_pos_joh_01,1,-0.00637482781972042
713_02_090_sort_pos_joh_01,2,0.6238363597979435
713_02_090_sort_pos_joh_01,3,0.02684866111582483
713_02_090_sort_pos_joh_01,4,0.7725444349239703
713_02_090_sort_pos_joh_01,5,-0.15865755950430188
713_02_090_sort_pos_joh_01,6,0.11420890784337126
713_02_090_sort_pos_joh_01,7,-0.2461974063635296
713_02_090_sort_pos_joh_01,8,-0.9058163701872535
713_02_090_sort_pos_joh_01,9,-0.5902692853212043
713_02_090_sort_pos_joh_02,0,0.9113905225724053
713_02_090_sort_pos_joh_02,1,0.576370091105756
713_02_090_sort_pos_joh_02,2,0.4819907805551811
713_02_090_sort_pos_joh_02,3,-0.5295581227451269
713_02_090_sort_pos_joh_02,4,-0.07938841860374499
713_02_090_sort_pos_joh_02,5,-0.44516032181250137
713_02_090_sort_pos_joh_02,6,0.5682106480557996
713_02_090_sort_pos_joh_02,7,-0.3364445118857354
713_02_090_sort_pos_joh_02,8,-0.6044265809117818
713_02_090_sort_pos_joh_02,9,-0.43188991645771224
713_02_090_sort_pos_joh_03,0,0.6406873170356726
713_02_090_sort_pos_joh_03,1,0.12994442454726368
713_02_090_sort_pos_joh_03,2,-0.45174915471924426
713_02_090_sort_pos_joh_03,3,-0.39655312728705006
713_02_090_sort_pos_joh_03,4,1.1890098594119363
713_02_090_sort_pos_joh_03,5,-0.3955791040343381
713_02_090_sort_pos_joh_03,6,-0.5416876939971731
713_02_090_sort_pos_joh_03,7,-0.9523580232129079
713_02_090_sort_pos_joh_03,8,-0.11345615455850158
713_02_090_sort_pos_joh_03,9,1.1418522491399121
713_02_090_sort_pos_joh_05,0,-0.07537783614444071
713_02_090_sort_pos_joh_05,1,-0.07537783614444071
713_02_090_sort_pos_joh_05,2,-0.3166965991371624
713_02_090_sort_pos_joh_05,3,0.6546536707079769
713_02_090_sort_pos_joh_05,4,-0.07537783614444071
713_02_090_sort_pos_joh_05,5,0.45828928611461317
713_02_090_sort_pos_joh_05,6,-0.3166965991371624
713_02_090_sort_pos_joh_05,7,-0.07537783614444092
713_02_090_sort_pos_joh_05,8,0.1818948951171599
713_02_090_sort_pos_joh_05,9,-0.3166965991371624
713_02_092_sort_pos_joh_01,0,-0.35486113803890096
713_02_092_sort_pos_joh_01,1,-0.5543342772788138
713_02_092_sort_pos_joh_01,2,-0.6564026634371255
713_02_092_sort_pos_joh_01,3,0.3851441321211671
713_02_092_sort_pos_joh_01,4,0.5506852198237322
713_02_092_sort_pos_joh_01,5,2.3182406923156957
713_02_092_sort_pos_joh_01,6,-0.005895730413561722
713_02_092_sort_pos_joh_01,7,-0.34111209055524
713_02_092_sort_pos_joh_01,8,-0.23870718314305567
713_02_092_sort_pos_joh_01,9,-0.4299055291109597
713_02_092_sort_pos_joh_02,0,-0.3287837352891005
713_02_092_sort_pos_joh_02,1,-0.35721051643240775
713_02_092_sort_pos_joh_02,2,-0.5577252655654058
713_02_092_sort_pos_joh_02,3,0.5830672826204908
713_02_092_sort_pos_joh_02,4,1.6018621943522395
713_02_092_sort_pos_joh_02,5,1.354913447932121
713_02_092_sort_pos_joh_02,6,-0.4101009167655577
713_02_092_sort_pos_joh_02,7,-0.45747931154160126
713_02_092_sort_pos_joh_02,8,-0.32856029101063283
713_02_092_sort_pos_joh_02,9,-0.532779021664325
713_02_092_sort_pos_joh_03,0,-0.15209382012587438
713_02_092_sort_pos_joh_03,1,-0.27673503298464497
713_02_092_sort_pos_joh_03,2,-0.3222741195491689
713_02_092_sort_pos_joh_03,3,-0.2738895745917609
713_02_092_sort_pos_joh_03,4,0.5697721367088632
713_02_092_sort_pos_joh_03,5,0.5828511416366091
713_02_092_sort_pos_joh_03,6,0.5034989930030206
713_02_092_sort_pos_joh_03,7,0.19117248789803015
713_02_092_sort_pos_joh_03,8,0.10492762080653391
713_02_092_sort_pos_joh_03,9,-0.8047199040593058
713_02_092_sort_pos_joh_04,0,-0.17025130615174955
713_02_092_sort_pos_joh_04,1,-0.8144989425021206
713_02_092_sort_pos_joh_04,2,-0.28547658660016484
713_02_092_sort_pos_joh_04,3,0.06645528025937164
713_02_092_sort_pos_joh_04,4,-0.12067466505970913
713_02_092_sort_pos_joh_04,5,0.3021558298401994
713_02_092_sort_pos_joh_04,6,0.47990005489300896
713_02_092_sort_pos_joh_04,7,-0.16348106283743946
713_02_092_sort_pos_joh_04,8,0.4381011024541038
713_02_092_sort_pos_joh_04,9,0.21575886996427301
713_02_092_sort_pos_joh_05,0,-0.8560994286878426
713_02_092_sort_pos_joh_05,1,-0.6488856845230504
713_02_092_sort_pos_joh_05,2,-0.18998726264459476
713_02_092_sort_pos_joh_05,3,-0.24932983225225827
713_02_092_sort_pos_joh_05,4,0.832286009178148
713_02_092_sort_pos_joh_05,5,0.21362583044441735
713_02_092_sort_pos_joh_05,6,-0.2186654283064055
713_02_092_sort_pos_joh_05,7,0.1263387564596395
713_02_092_sort_pos_joh_05,8,-0.4543261094637395
713_02_092_sort_pos_joh_05,9,1.835843080244116
713_02_092_sort_pos_joh_06,0,-0.20318447339833254
713_02_092_sort_pos_joh_06,1,-0.3031695312954162
713_02_092_sort_pos_joh_06,2,-0.10101525445522078
713_02_092_sort_pos_joh_06,3,-0.20318447339833254
713_02_092_sort_pos_joh_06,4,0.5027967287899839
713_02_092_sort_pos_joh_06,5,0.5296419982587949
713_02_092_sort_pos_joh_06,6,-0.30656966974248284
713_02_092_sort_pos_joh_06,7,1.5484506861073424e-16
713_02_092_sort_pos_joh_06,8,0.40662082839944447
713_02_092_sort_pos_joh_06,9,-0.20095682278521249
713_02_092_sort_pos_joh_07,0,-0.477095881304954
713_02_092_sort_pos_joh_07,1,-0.6573981192836849
713_02_092_sort_pos_joh_07,2,0.008108670818449674
713_02_092_sort_pos_joh_07,3,0.43604079963619075
713_02_092_sort_pos_joh_07,4,0.4563039080307663
713_02_092_sort_pos_joh_07,5,1.3676435106514144
713_02_092_sort_pos_joh_07,6,0.2546808022115503
713_02_092_sort_pos_joh_07,7,-0.39634881631287816
713_02_092_sort_pos_joh_07,8,-0.15388273147938497
713_02_092_sort_pos_joh_07,9,-0.5658780060008913
713_02_094_sort_pos_joh_01,0,0.052128603514268665
713_02_094_sort_pos_joh_01,1,-0.4472135954999578
713_02_094_sort_pos_joh_01,2,0.6064496310619684
713_02_094_sort_pos_joh_01,3,0.052128603514268665
713_02_094_sort_pos_joh_01,4,0.6064496310619684
713_02_094_sort_pos_joh_01,5,-0.4472135954999578
713_02_094_sort_pos_joh_01,6,-0.4472135954999578
713_02_094_sort_pos_joh_01,7,-0.4472135954999578
713_02_094_sort_pos_joh_01,8,0.6064496310619684
713_02_094_sort_pos_joh_01,9,0.052128603514268665
713_02_094_sort_pos_joh_02,0,-0.30411436850788215
713_02_094_sort_pos_joh_02,1,0.07826604801948325
713_02_094_sort_pos_joh_02,2,0.07826604801948325
713_02_094_sort_pos_joh_02,3,0.07826604801948324
713_02_094_sort_pos_joh_02,4,2.2627416997969516
713_02_094_sort_pos_joh_02,5,-0.30411436850788215
713_02_094_sort_pos_joh_02,6,-0.30411436850788215
713_02_094_sort_pos_joh_02,7,-0.30411436850788215
713_02_094_sort_pos_joh_02,8,-0.30411436850788215
713_02_094_sort_pos_joh_02,9,0.07826604801948325
713_02_094_sort_pos_joh_03,0,0.9201575383978462
713_02_094_sort_pos_joh_03,1,0.21864326664404862
713_02_094_sort_pos_joh_03,2,-0.22477731768849787
713_02_094_sort_pos_joh_03,3,0.556853514768356
713_02_094_sort_pos_joh_03,4,-0.09505863757867168
713_02_094_sort_pos_joh_03,5,0.010386842802239204
713_02_094_sort_pos_joh_03,6,-0.20549248422137067
713_02_094_sort_pos_joh_03,7,-0.10425720702853736
713_02_094_sort_pos_joh_03,8,-0.7392479985132084
713_02_094_sort_pos_joh_03,9,-0.31536646551050745
713_02_094_sort_pos_joh_04,0,-0.1592040203096714
713_02_094_sort_pos_joh_04,1,0.3973597071195131
713_02_094_sort_pos_joh_04,2,0.5374697388100274
713_02_094_sort_pos_joh_04,3,-0.60100250696476
713_02_094_sort_pos_joh_04,4,1.2519199928801454
713_02_094_sort_pos_joh_04,5,-0.15292557261639556
713_02_094_sort_pos_joh_04,6,-0.7220698918504387
713_02_094_sort_pos_joh_04,7,-0.3687600871598383
713_02_094_sort_pos_joh_04,8,0.18107149208503698
713_02_094_sort_pos_joh_04,9,-0.2587384909412602
713_02_094_sort_pos_joh_05,0,0.34109552012032324
713_02_094_sort_pos_joh_05,1,1.5478041566460798
713_02_094_sort_pos_joh_05,2,-0.1199925007030515
713_02_094_sort_pos_joh_05,3,0.02859478078502961
713_02_094_sort_pos_joh_05,4,-0.11584474176133869
713_02_094_sort_pos_joh_05,5,-0.7091875314846984
713_02_094_sort_pos_joh_05,6,0.171341174751248
713_02_094_sort_pos_joh_05,7,-0.2611164839335467
713_02_094_sort_pos_joh_05,8,0.028284271247461943
713_02_094_sort_pos_joh_05,9,-0.7176980864260099
714_01_006_sort_pos_joh_01,0,1.1308386408381073
714_01_006_sort_pos_joh_01,1,-0.6037867665679253
714_01_006_sort_pos_joh_01,2,0.19007054607339918
714_01_006_sort_pos_joh_01,3,-0.6816741876321816
714_01_006_sort_pos_joh_01,4,-0.7841245334156648
714_01_006_sort_pos_joh_01,5,-0.46604989563265325
714_01_006_sort_pos_joh_01,6,0.07272390707061178
714_01_006_sort_pos_joh_01,7,0.8939415412973811
714_01_006_sort_pos_joh_01,8,0.4901674480163081
714_01_006_sort_pos_joh_02,0,0.5751797717724085
714_01_006_sort_pos_joh_02,1,-0.5266031944165815
714_01_006_sort_pos_joh_02,2,0.6155074064467347
714_01_006_sort_pos_joh_02,3,-0.09759000729485318
714_01_006_sort_pos_joh_02,4,-0.5250013558936826
714_01_006_sort_pos_joh_02,5,-0.7494396893960716
714_01_006_sort_pos_joh_02,6,-0.3083317073828298
714_01_006_sort_pos_joh_02,7,0.9834897856004761
714_01_006_sort_pos_joh_02,8,0.1959069445345017
714_01_007_sort_pos_joh_01,0,0.7258069026173278
714_01_007_sort_pos_joh_01,1,0.09408908116364305
714_01_007_sort_pos_joh_01,2,-0.882811084682305
714_01_007_sort_pos_joh_01,3,-0.42539039475163287
714_01_007_sort_pos_joh_01,4,-0.24663181183349517
714_01_007_sort_pos_joh_01,5,-0.025375480354459367
714_01_007_sort_pos_joh_01,6,-0.37441959306631556
714_01_007_sort_pos_joh_01,7,0.3287482218878634
714_01_007_sort_pos_joh_01,8,0.8311975260235112
714_01_007_sort_pos_joh_03,0,0.3437872407815056
714_01_007_sort_pos_joh_03,1,-0.2010391541776985
714_01_007_sort_pos_joh_03,2,-0.8617274844321392
714_01_007_sort_pos_joh_03,3,-0.5117457379973864
714_01_007_sort_pos_joh_03,4,-0.2083534301195017
714_01_007_sort_pos_joh_03,5,-0.139299076991896
714_01_007_sort_pos_joh_03,6,0.41682751078254626
714_01_007_sort_pos_joh_03,7,0.7262730392025633
714_01_007_sort_pos_joh_03,8,0.49017601003880457
714_01_007_sort_pos_joh_04,0,-0.11126384123284287
714_01_007_sort_pos_joh_04,1,-0.2196428960535209
714_01_007_sort_pos_joh_04,2,1.2604717848450833
714_01_007_sort_pos_joh_04,3,0.16841154343830692
714_01_007_sort_pos_joh_04,4,-0.32939078377480324
714_01_007_sort_pos_joh_04,5,-0.38916331583171165
714_01_007_sort_pos_joh_04,6,0.7733773112729777
714_01_007_sort_pos_joh_04,7,-0.3305736962771907
714_01_007_sort_pos_joh_04,8,-0.3288040697265216
714_01_007_sort_pos_joh_05,0,-0.47739603762933147
714_01_007_sort_pos_joh_05,1,0.14002800840280089
714_01_007_sort_pos_joh_05,2,-0.17261916993993137
714_01_007_sort_pos_joh_05,3,-0.47739603762933147
714_01_007_sort_pos_joh_05,4,-0.17261916993993137
714_01_007_sort_pos_joh_05,5,0.4931181071770731
714_01_007_sort_pos_joh_05,6,0.14907119849998587
714_01_007_sort_pos_joh_05,7,-0.17261916993993137
714_01_007_sort_pos_joh_05,8,0.9198662110078
714_01_008_sort_pos_joh_01,0,0.23153773176190875
714_01_008_sort_pos_joh_01,1,-0.1898315991505
714_01_008_sort_pos_joh_01,2,0.13168538439184388
714_01_008_sort_pos_joh_01,3,0.16511903813385784
714_01_008_sort_pos_joh_01,4,0.023646984364284442
714_01_008_sort_pos_joh_01,5,0.058730573385484625
714_01_008_sort_pos_joh_01,6,0.1590954745683355
714_01_008_sort_pos_joh_01,7,0.058387863146086294
714_01_008_sort_pos_joh_01,8,-0.6395973436953736
714_01_008_sort_pos_joh_03,0,0.7486477773933382
714_01_008_sort_pos_joh_03,1,0.22438407534037424
714_01_008_sort_pos_joh_03,2,-0.06538757100401542
714_01_008_sort_pos_joh_03,3,0.39663688785119666
714_01_008_sort_pos_joh_03,4,-0.25748464525372466
714_01_008_sort_pos_joh_03,5,0.8137285839626488
714_01_008_sort_pos_joh_03,6,-0.586203106199576
714_01_008_sort_pos_joh_03,7,-0.9988374688669923
714_01_008_sort_pos_joh_03,8,-0.2039259243902412
714_01_015_sort_pos_joh_01,0,0.9680560642180424
714_01_015_sort_pos_joh_01,1,0.30932156467616034
714_01_015_sort_pos_joh_01,2,0.325065033572035
714_01_015_sort_pos_joh_01,3,-0.3339157508081367
714_01_015_sort_pos_joh_01,4,-0.40080717038583463
714_01_015_sort_pos_joh_01,5,-0.23173276762351525
714_01_015_sort_pos_joh_01,6,-0.05580391472498678
714_01_015_sort_pos_joh_01,7,-0.6794202134310495
714_01_015_sort_pos_joh_01,8,0.18949735424749184
714_01_015_sort_pos_joh_02,0,1.3687610423417824
714_01_015_sort_pos_joh_02,1,0.0885181079545155
714_01_015_sort_pos_joh_02,2,-0.16089523917169934
714_01_015_sort_pos_joh_02,3,-0.36603021671674435
714_01_015_sort_pos_joh_02,4,-0.1108922805469308
714_01_015_sort_pos_joh_02,5,0.041738451572544126
714_01_015_sort_pos_joh_02,6,-0.21682096208671403
714_01_015_sort_pos_joh_02,7,-0.21222758767577798
714_01_015_sort_pos_joh_02,8,-0.2762651386602358
714_01_015_sort_pos_joh_03,0,1.3595409697216372
714_01_015_sort_pos_joh_03,1,-0.13446825580339572
714_01_015_sort_pos_joh_03,2,0.549442255794756
714_01_015_sort_pos_joh_03,3,-0.13487391798314588
714_01_015_sort_pos_joh_03,4,-0.21047284966382118
714_01_015_sort_pos_joh_03,5,-0.6428243465332252
714_01_015_sort_pos_joh_03,6,-0.2884103894215416
714_01_015_sort_pos_joh_03,7,-0.5820649882222326
714_01_015_sort_pos_joh_03,8,0.32118103958888145
714_01_015_sort_pos_joh_04,0,
714_01_015_sort_pos_joh_04,1,
714_01_015_sort_pos_joh_04,2,
714_01_015_sort_pos_joh_04,3,
714_01_015_sort_pos_joh_04,4,
714_01_015_sort_pos_joh_04,5,
714_01_015_sort_pos_joh_04,6,
714_01_015_sort_pos_joh_04,7,
714_01_015_sort_pos_joh_04,8,
714_01_024_sort_pos_joh_01,0,1.6446092863472788
714_01_024_sort_pos_joh_01,1,0.29466610896202644
714_01_024_sort_pos_joh_01,2,-0.3385995887898601
714_01_024_sort_pos_joh_01,3,-0.40583017318482817
714_01_024_sort_pos_joh_01,4,0.11390142225037825
714_01_024_sort_pos_joh_01,5,-0.46975386428332677
714_01_024_sort_pos_joh_01,6,-0.47321859861251714
714_01_024_sort_pos_joh_01,7,-0.46414466178370967
714_01_024_sort_pos_joh_01,8,0.4937775353506488
714_01_024_sort_pos_joh_02,0,0.9802941223581995
714_01_024_sort_pos_joh_02,1,0.08438530156892939
714_01_024_sort_pos_joh_02,2,-0.8493590282190698
714_01_024_sort_pos_joh_02,3,-0.24607560239324222
714_01_024_sort_pos_joh_02,4,-0.0836820174113844
714_01_024_sort_pos_joh_02,5,0.42599046170702465
714_01_024_sort_pos_joh_02,6,0.0
714_01_024_sort_pos_joh_02,7,-0.9580096888395637
714_01_024_sort_pos_joh_02,8,0.6784005252999683
714_01_024_sort_pos_joh_03,0,0.2170723815877265
714_01_024_sort_pos_joh_03,1,-0.39735970711951324
714_01_024_sort_pos_joh_03,2,-0.39735970711951324
714_01_024_sort_pos_joh_03,3,-0.10073014168096123
714_01_024_sort_pos_joh_03,4,1.6862212300150667
714_01_024_sort_pos_joh_03,5,-0.10073014168096124
714_01_024_sort_pos_joh_03,6,-0.10073014168096123
714_01_024_sort_pos_joh_03,7,0.20459830184114208
714_01_024_sort_pos_joh_03,8,-0.39735970711951313
714_01_039_sort_pos_joh_01,0,2.3423873897638052
714_01_039_sort_pos_joh_01,1,0.16879738280810808
714_01_039_sort_pos_joh_01,2,-0.3549987585437658
714_01_039_sort_pos_joh_01,3,-0.3180814273728066
714_01_039_sort_pos_joh_01,4,-0.27114272919423604
714_01_039_sort_pos_joh_01,5,-0.6639620219915392
714_01_039_sort_pos_joh_01,6,-0.1868229986746827
714_01_039_sort_pos_joh_01,7,0.4276886852478568
714_01_039_sort_pos_joh_01,8,-0.4906440292328329
714_01_057_sort_pos_joh_01,0,-0.6478230717171989
714_01_057_sort_pos_joh_01,1,-0.4754728610249028
714_01_057_sort_pos_joh_01,2,-0.22099938089244348
714_01_057_sort_pos_joh_01,3,-0.4374452014493088
714_01_057_sort_pos_joh_01,4,0.22690883197789846
714_01_057_sort_pos_joh_01,5,1.1182782605073782
714_01_057_sort_pos_joh_01,6,0.04572234544030715
714_01_057_sort_pos_joh_01,7,-0.3874713515311454
714_01_057_sort_pos_joh_01,8,0.8675893429898907
714_01_079_sort_pos_joh_01,0,0.42016573772137344
714_01_079_sort_pos_joh_01,1,-0.05923488777590941
714_01_079_sort_pos_joh_01,2,-0.05954913341754156
714_01_079_sort_pos_joh_01,3,-0.6843926894982081
714_01_079_sort_pos_joh_01,4,-0.5264171890205214
714_01_079_sort_pos_joh_01,5,1.014535270860068
714_01_079_sort_pos_joh_01,6,0.4311769805928912
714_01_079_sort_pos_joh_01,7,-0.4632027857417424
714_01_079_sort_pos_joh_01,8,0.14833342064873792
714_01_079_sort_pos_joh_02,0,0.06891545813090941
714_01_079_sort_pos_joh_02,1,-0.13650472655798707
714_01_079_sort_pos_joh_02,2,-0.5465850224091323
714_01_079_sort_pos_joh_02,3,-0.33821205177737695
714_01_079_sort_pos_joh_02,4,-0.13912166872805035
714_01_079_sort_pos_joh_02,5,1.644040251966419
714_01_079_sort_pos_joh_02,6,-0.13566468949384042
714_01_079_sort_pos_joh_02,7,-0.33821205177737707
714_01_079_sort_pos_joh_02,8,0.40258873572475934
714_01_079_sort_pos_joh_03,0,0.11867816581938524
714_01_079_sort_pos_joh_03,1,-0.5373851656206348
714_01_079_sort_pos_joh_03,2,-0.4212589177265693
714_01_079_sort_pos_joh_03,3,-0.09829463743659807
714_01_079_sort_pos_joh_03,4,0.1220238311408449
714_01_079_sort_pos_joh_03,5,1.8740255128519416
714_01_079_sort_pos_joh_03,6,-0.3128219245134243
714_01_079_sort_pos_joh_03,7,0.23029034247940816
714_01_079_sort_pos_joh_03,8,-0.42421905193575177
714_01_079_sort_pos_joh_05,0,0.6201736729460422
714_01_079_sort_pos_joh_05,1,0.35669943931903675
714_01_079_sort_pos_joh_05,2,-0.45291081365783836
714_01_079_sort_pos_joh_05,3,0.056704797712374355
714_01_079_sort_pos_joh_05,4,-0.19822791512600962
714_01_079_sort_pos_joh_05,5,-0.45291081365783836
714_01_079_sort_pos_joh_05,6,0.325364053452575
714_01_079_sort_pos_joh_05,7,0.05902813361009561
714_01_079_sort_pos_joh_05,8,-0.1982279151260097
714_02_003_sort_pos_joh_01,0,0.08188811968837481
714_02_003_sort_pos_joh_01,1,0.23472156085538107
714_02_003_sort_pos_joh_01,2,-0.3425233678347037
714_02_003_sort_pos_joh_01,3,-0.2554833014417689
714_02_003_sort_pos_joh_01,4,-0.6001861073152802
714_02_003_sort_pos_joh_01,5,-0.9921217046830306
714_02_003_sort_pos_joh_01,6,1.6538220329083535
714_02_003_sort_pos_joh_01,7,-0.1876285470877771
714_02_003_sort_pos_joh_01,8,0.5849286481313801
714_02_003_sort_pos_joh_02,0,0.07908440613644445
714_02_003_sort_pos_joh_02,1,-0.4916270169430648
714_02_003_sort_pos_joh_02,2,-0.40100225205048967
714_02_003_sort_pos_joh_02,3,-0.009520835476853213
714_02_003_sort_pos_joh_02,4,-0.20387857171058535
714_02_003_sort_pos_joh_02,5,0.43462458005205995
714_02_003_sort_pos_joh_02,6,0.05040059674659824
714_02_003_sort_pos_joh_02,7,1.030080239474016
714_02_003_sort_pos_joh_02,8,-0.2911386418159159
714_02_003_sort_pos_joh_03,0,0.36341283315139294
714_02_003_sort_pos_joh_03,1,-0.26613768672001925
714_02_003_sort_pos_joh_03,2,-0.49629166698546556
714_02_003_sort_pos_joh_03,3,-0.6087543674748794
714_02_003_sort_pos_joh_03,4,-0.6095225612179028
714_02_003_sort_pos_joh_03,5,0.10302042296151638
714_02_003_sort_pos_joh_03,6,0.2447858380802162
714_02_003_sort_pos_joh_03,7,1.0966822135687924
714_02_003_sort_pos_joh_03,8,0.20742163981521855
714_02_003_sort_pos_joh_04,0,-0.35261746349066153
714_02_003_sort_pos_joh_04,1,-0.11517970558806126
714_02_003_sort_pos_joh_04,2,-0.2289204488932809
714_02_003_sort_pos_joh_04,3,-0.7014367386391382
714_02_003_sort_pos_joh_04,4,-0.15459901587542108
714_02_003_sort_pos_joh_04,5,0.11640634750939707
714_02_003_sort_pos_joh_04,6,2.554344419183917
714_02_003_sort_pos_joh_04,7,0.12245559112930482
714_02_003_sort_pos_joh_04,8,-0.5950486380310948
714_02_017_sort_pos_joh_01,0,0.02418961569174307
714_02_017_sort_pos_joh_01,1,-0.5345431341168776
714_02_017_sort_pos_joh_01,2,-0.4272759652423526
714_02_017_sort_pos_joh_01,3,-0.36024531112693525
714_02_017_sort_pos_joh_01,4,-0.2521132373220751
714_02_017_sort_pos_joh_01,5,0.07954232454129954
714_02_017_sort_pos_joh_01,6,0.13908459433199497
714_02_017_sort_pos_joh_01,7,1.2736114707707868
714_02_017_sort_pos_joh_01,8,0.3285779779091821
714_02_017_sort_pos_joh_02,0,0.19376624590185954
714_02_017_sort_pos_joh_02,1,-0.6995306946035141
714_02_017_sort_pos_joh_02,2,-0.5764618812800142
714_02_017_sort_pos_joh_02,3,-0.4808678368839239
714_02_017_sort_pos_joh_02,4,-0.15461975545077686
714_02_017_sort_pos_joh_02,5,0.6031528556602962
714_02_017_sort_pos_joh_02,6,-0.10932607756185038
714_02_017_sort_pos_joh_02,7,2.328641349138025
714_02_017_sort_pos_joh_02,8,-0.480867836883924
714_02_017_sort_pos_joh_04,0,-0.3063635629064089
714_02_017_sort_pos_joh_04,1,0.0
714_02_017_sort_pos_joh_04,2,-0.3063635629064088
714_02_017_sort_pos_joh_04,3,0.9233805168766387
714_02_017_sort_pos_joh_04,4,-0.45987851727683643
714_02_017_sort_pos_joh_04,5,1.1331166295920987e-16
714_02_017_sort_pos_joh_04,6,0.6026845771641823
714_02_017_sort_pos_joh_04,7,0.15528786088428573
714_02_017_sort_pos_joh_04,8,-0.30636356290640887
714_02_020_sort_pos_joh_01,0,0.77524270494114
714_02_020_sort_pos_joh_01,1,0.5734898602558137
714_02_020_sort_pos_joh_01,2,-0.4169659059194595
714_02_020_sort_pos_joh_01,3,-0.7280166764246462
714_02_020_sort_pos_joh_01,4,-0.6659809155554773
714_02_020_sort_pos_joh_01,5,0.026616354386311752
714_02_020_sort_pos_joh_01,6,-0.6195785645299784
714_02_020_sort_pos_joh_01,7,0.09781234057365665
714_02_020_sort_pos_joh_01,8,1.0305810238072102
714_02_020_sort_pos_joh_02,0,0.16931734411898877
714_02_020_sort_pos_joh_02,1,0.050702012656339286
714_02_020_sort_pos_joh_02,2,-0.18351287678257674
714_02_020_sort_pos_joh_02,3,-0.40718927884742995
714_02_020_sort_pos_joh_02,4,-0.5244785302431132
714_02_020_sort_pos_joh_02,5,0.5555555555555555
714_02_020_sort_pos_joh_02,6,-0.06417115969640422
714_02_020_sort_pos_joh_02,7,0.49722667967456274
714_02_020_sort_pos_joh_02,8,0.05070201265633946
714_02_062_sort_pos_joh_01,0,-0.27589373314502613
714_02_062_sort_pos_joh_01,1,-0.7057577686106302
714_02_062_sort_pos_joh_01,2,-0.9096243096670567
714_02_062_sort_pos_joh_01,3,-0.41426399862880997
714_02_062_sort_pos_joh_01,4,0.4897509379562368
714_02_062_sort_pos_joh_01,5,0.5370012347768321
714_02_062_sort_pos_joh_01,6,0.1461474135925028
714_02_062_sort_pos_joh_01,7,-0.053013550546156155
714_02_062_sort_pos_joh_01,8,1.2773818575554918
714_02_062_sort_pos_joh_02,0,0.3055556416652247
714_02_062_sort_pos_joh_02,1,-0.5887505782139961
714_02_062_sort_pos_joh_02,2,-0.6516352124510746
714_02_062_sort_pos_joh_02,3,0.009104840372720215
714_02_062_sort_pos_joh_02,4,-0.20808658203093494
714_02_062_sort_pos_joh_02,5,0.4997728821141052
714_02_062_sort_pos_joh_02,6,0.1598106413967589
714_02_062_sort_pos_joh_02,7,0.2269905522939326
714_02_062_sort_pos_joh_02,8,0.30555564166522536
715_01_005_sort_pos_joh_01,0,-0.45192951074864807
715_01_005_sort_pos_joh_01,1,-0.4558115821459609
715_01_005_sort_pos_joh_01,2,-0.09224110580957058
715_01_005_sort_pos_joh_01,3,-0.9579159651319533
715_01_005_sort_pos_joh_01,4,-0.21081851067789198
715_01_005_sort_pos_joh_01,5,0.4000475709105568
715_01_005_sort_pos_joh_01,6,2.4987801902176967
715_01_005_sort_pos_joh_01,7,-0.0930196624482037
715_01_005_sort_pos_joh_01,8,0.148825409052503
715_01_006_sort_pos_joh_02,0,0.06644261603443131
715_01_006_sort_pos_joh_02,1,0.006684067894272424
715_01_006_sort_pos_joh_02,2,0.06630226886267945
715_01_006_sort_pos_joh_02,3,0.4380685425547147
715_01_006_sort_pos_joh_02,4,0.1894661866862684
715_01_006_sort_pos_joh_02,5,-0.43361944911224365
715_01_006_sort_pos_joh_02,6,-1.0799988033260883
715_01_006_sort_pos_joh_02,7,0.36184993624159834
715_01_006_sort_pos_joh_02,8,0.32400794288564355
715_01_006_sort_pos_joh_03,0,-0.39528081575523727
715_01_006_sort_pos_joh_03,1,0.4307855539141491
715_01_006_sort_pos_joh_03,2,0.11662527923531796
715_01_006_sort_pos_joh_03,3,0.2487004162350783
715_01_006_sort_pos_joh_03,4,0.12379742989658953
715_01_006_sort_pos_joh_03,5,0.21906309990867914
715_01_006_sort_pos_joh_03,6,-1.0011357187078715
715_01_006_sort_pos_joh_03,7,-0.18711680774204872
715_01_006_sort_pos_joh_03,8,0.41468120596818636
715_01_006_sort_pos_joh_04,0,-1.146425172204663
715_01_006_sort_pos_joh_04,1,0.8627635262664038
715_01_006_sort_pos_joh_04,2,-0.18635337779843253
715_01_006_sort_pos_joh_04,3,-0.5360003889346638
715_01_006_sort_pos_joh_04,4,0.03757345746510917
715_01_006_sort_pos_joh_04,5,0.26535549709236966
715_01_006_sort_pos_joh_04,6,0.15833394419077765
715_01_006_sort_pos_joh_04,7,0.15210603796901828
715_01_006_sort_pos_joh_04,8,0.3932418788198072
715_01_006_sort_pos_joh_05,0,-0.12539976842864156
715_01_006_sort_pos_joh_05,1,-0.1278042968526912
715_01_006_sort_pos_joh_05,2,-0.5023310149673529
715_01_006_sort_pos_joh_05,3,0.12501205807170135
715_01_006_sort_pos_joh_05,4,0.13544942180151512
715_01_006_sort_pos_joh_05,5,0.0
715_01_006_sort_pos_joh_05,6,0.12618613564716807
715_01_006_sort_pos_joh_05,7,0.12991734432928703
715_01_006_sort_pos_joh_05,8,0.25324497354750874
715_01_006_sort_pos_joh_06,0,0.13018891098082386
715_01_006_sort_pos_joh_06,1,-0.45279235914720567
715_01_006_sort_pos_joh_06,2,0.13018891098082405
715_01_006_sort_pos_joh_06,3,0.1373605639486892
715_01_006_sort_pos_joh_06,4,0.44880984184382144
715_01_006_sort_pos_joh_06,5,-0.45279235914720567
715_01_006_sort_pos_joh_06,6,-0.16213610878138043
715_01_006_sort_pos_joh_06,7,0.1373605639486892
715_01_006_sort_pos_joh_06,8,0.1373605639486892
715_01_041_sort_pos_joh_01,0,-0.26423032998338897
715_01_041_sort_pos_joh_01,1,0.29814283466684877
715_01_041_sort_pos_joh_01,2,0.020390242748757097
715_01_041_sort_pos_joh_01,3,2.554303853936898
715_01_041_sort_pos_joh_01,4,0.6152401358875964
715_01_041_sort_pos_joh_01,5,-0.5417189183107057
715_01_041_sort_pos_joh_01,6,-0.19700787686467303
715_01_041_sort_pos_joh_01,7,-0.7983945043518048
715_01_041_sort_pos_joh_01,8,-1.0922458791157725
715_01_041_sort_pos_joh_02,0,-0.8238028489795906
715_01_041_sort_pos_joh_02,1,0.29981585965828056
715_01_041_sort_pos_joh_02,2,0.8751946602197015
715_01_041_sort_pos_joh_02,3,0.9540075452807405
715_01_041_sort_pos_joh_02,4,-0.16750852741705383
715_01_041_sort_pos_joh_02,5,0.20984015771180886
715_01_041_sort_pos_joh_02,6,-0.5377940011020863
715_01_041_sort_pos_joh_02,7,-0.16506023600173123
715_01_041_sort_pos_joh_02,8,-0.5406927372003542
715_01_041_sort_pos_joh_03,0,0.0340783256688479
715_01_041_sort_pos_joh_03,1,0.3645461527875807
715_01_041_sort_pos_joh_03,2,0.3472557168658366
715_01_041_sort_pos_joh_03,3,0.8045405187699228
715_01_041_sort_pos_joh_03,4,0.9507993404321511
715_01_041_sort_pos_joh_03,5,0.03478350295221381
715_01_041_sort_pos_joh_03,6,-0.21807745644143853
715_01_041_sort_pos_joh_03,7,-1.2884725623320332
715_01_041_sort_pos_joh_03,8,-1.0537077778506723
715_01_041_sort_pos_joh_04,0,0.4499521566494769
715_01_041_sort_pos_joh_04,1,0.28815565256923303
715_01_041_sort_pos_joh_04,2,-0.2851977792225785
715_01_041_sort_pos_joh_04,3,-0.4289436330036711
715_01_041_sort_pos_joh_04,4,-0.13890442759165997
715_01_041_sort_pos_joh_04,5,-0.04319342127906814
715_01_041_sort_pos_joh_04,6,-0.7091237570018953
715_01_041_sort_pos_joh_04,7,0.31258578718480906
715_01_041_sort_pos_joh_04,8,0.6507607656051272
715_01_041_sort_pos_joh_05,0,-0.3387153180668571
715_01_041_sort_pos_joh_05,1,-0.5259237061407779
715_01_041_sort_pos_joh_05,2,0.01937824385646357
715_01_041_sort_pos_joh_05,3,2.5822602492549245
715_01_041_sort_pos_joh_05,4,-0.06859120031346322
715_01_041_sort_pos_joh_05,5,-0.06676970171458659
715_01_041_sort_pos_joh_05,6,0.019291507529131953
715_01_041_sort_pos_joh_05,7,-0.3324398477770937
715_01_041_sort_pos_joh_05,8,-0.6127327547271882
715_01_041_sort_pos_joh_06,0,-0.6964409092807233
715_01_041_sort_pos_joh_06,1,0.5621926349249444
715_01_041_sort_pos_joh_06,2,0.45631811390705435
715_01_041_sort_pos_joh_06,3,0.45987851727683626
715_01_041_sort_pos_joh_06,4,-0.5664524032490017
715_01_041_sort_pos_joh_06,5,0.6752110364284798
715_01_041_sort_pos_joh_06,6,0.7137464271463294
715_01_041_sort_pos_joh_06,7,-0.6855795667606845
715_01_041_sort_pos_joh_06,8,-0.9161758774067175
715_01_043_sort_pos_joh_01,0,-0.33333333333333354
715_01_043_sort_pos_joh_01,1,-0.9220167799605038
715_01_043_sort_pos_joh_01,2,-0.2524121854375115
715_01_043_sort_pos_joh_01,3,0.04192218081503212
715_01_043_sort_pos_joh_01,4,0.6241251403597577
715_01_043_sort_pos_joh_01,5,0.13890442759166013
715_01_043_sort_pos_joh_01,6,0.33168836623457787
715_01_043_sort_pos_joh_01,7,0.3537605170888494
715_01_043_sort_pos_joh_01,8,0.044324220717793905
715_01_043_sort_pos_joh_02,0,-0.6582805886043834
715_01_043_sort_pos_joh_02,1,-0.7678577021819798
715_01_043_sort_pos_joh_02,2,-0.7051627939616297
715_01_043_sort_pos_joh_02,3,-0.6483810684699612
715_01_043_sort_pos_joh_02,4,0.8039024219086308
715_01_043_sort_pos_joh_02,5,1.3105466292858365
715_01_043_sort_pos_joh_02,6,0.5280521783722062
715_01_043_sort_pos_joh_02,7,0.2595870658255823
715_01_043_sort_pos_joh_02,8,0.08551336244364986
715_01_043_sort_pos_joh_03,0,-0.32277551126406506
715_01_043_sort_pos_joh_03,1,-0.7977435254148866
715_01_043_sort_pos_joh_03,2,-0.44567412932911477
715_01_043_sort_pos_joh_03,3,-0.435040212971655
715_01_043_sort_pos_joh_03,4,0.2581988897471611
715_01_043_sort_pos_joh_03,5,0.5050976884837833
715_01_043_sort_pos_joh_03,6,-0.21199957600127184
715_01_043_sort_pos_joh_03,7,1.143479500348514
715_01_043_sort_pos_joh_03,8,0.5433008349155657
715_01_043_sort_pos_joh_04,0,-0.16728647790447299
715_01_043_sort_pos_joh_04,1,-0.28298306946571133
715_01_043_sort_pos_joh_04,2,-0.28298306946571133
715_01_043_sort_pos_joh_04,3,-0.16728647790447299
715_01_043_sort_pos_joh_04,4,0.06494601981746012
715_01_043_sort_pos_joh_04,5,-0.28298306946571133
715_01_043_sort_pos_joh_04,6,-0.16728647790447299
715_01_043_sort_pos_joh_04,7,0.8757118051300732
715_01_043_sort_pos_joh_04,8,0.8757118051300732
715_01_043_sort_pos_joh_05,0,-0.14586499149789453
715_01_043_sort_pos_joh_05,1,-0.14586499149789453
715_01_043_sort_pos_joh_05,2,-0.14586499149789453
715_01_043_sort_pos_joh_05,3,-0.14586499149789453
715_01_043_sort_pos_joh_05,4,-0.14586499149789453
715_01_043_sort_pos_joh_05,5,-0.14586499149789453
715_01_043_sort_pos_joh_05,6,inf
715_01_043_sort_pos_joh_05,7,-0.14586499149789453
715_01_043_sort_pos_joh_05,8,-0.14586499149789453
715_01_044_sort_pos_joh_01,0,0.3749671918060127
715_01_044_sort_pos_joh_01,1,-0.16223514320837815
715_01_044_sort_pos_joh_01,2,-0.16204725772844905
715_01_044_sort_pos_joh_01,3,0.15030844880480457
715_01_044_sort_pos_joh_01,4,-0.21496949331391835
715_01_044_sort_pos_joh_01,5,-0.25825184954870695
715_01_044_sort_pos_joh_01,6,-0.8039458017304142
715_01_044_sort_pos_joh_01,7,0.20100155628138822
715_01_044_sort_pos_joh_01,8,1.006865281469601
715_01_044_sort_pos_joh_02,0,0.19653653462412546
715_01_044_sort_pos_joh_02,1,0.1905001905002857
715_01_044_sort_pos_joh_02,2,-0.02485628355476492
715_01_044_sort_pos_joh_02,3,-0.23148258403413766
715_01_044_sort_pos_joh_02,4,-0.6559297999321454
715_01_044_sort_pos_joh_02,5,-0.8180180859162163
715_01_044_sort_pos_joh_02,6,-0.295327451825636
715_01_044_sort_pos_joh_02,7,0.6001420622726196
715_01_044_sort_pos_joh_02,8,1.1080315584905733
715_01_044_sort_pos_joh_03,0,-0.27039190534729657
715_01_044_sort_pos_joh_03,1,-0.27039190534729657
715_01_044_sort_pos_joh_03,2,-0.27039190534729657
715_01_044_sort_pos_joh_03,3,-0.27039190534729657
715_01_044_sort_pos_joh_03,4,-0.04956815970966095
715_01_044_sort_pos_joh_03,5,-0.2703919053472966
715_01_044_sort_pos_joh_03,6,0.8072921046507832
715_01_044_sort_pos_joh_03,7,0.18055875425796525
715_01_044_sort_pos_joh_03,8,0.8072921046507832
715_01_044_sort_pos_joh_04,0,-0.10286334654799698
715_01_044_sort_pos_joh_04,1,-0.36961063547728645
715_01_044_sort_pos_joh_04,2,0.02927282065559335
715_01_044_sort_pos_joh_04,3,0.029501220638256376
715_01_044_sort_pos_joh_04,4,-0.10286334654799707
715_01_044_sort_pos_joh_04,5,-0.43773412375313486
715_01_044_sort_pos_joh_04,6,0.03108349360801045
715_01_044_sort_pos_joh_04,7,0.42650641294339237
715_01_044_sort_pos_joh_04,8,0.761218926204254
715_01_044_sort_pos_joh_05,0,-0.43069507777139643
715_01_044_sort_pos_joh_05,1,-0.1360435409007474
715_01_044_sort_pos_joh_05,2,-0.35447004598341003
715_01_044_sort_pos_joh_05,3,0.08129275344796093
715_01_044_sort_pos_joh_05,4,-0.429336325536548
715_01_044_sort_pos_joh_05,5,-0.13731574664058593
715_01_044_sort_pos_joh_05,6,0.15415599511992165
715_01_044_sort_pos_joh_05,7,0.3345574774948102
715_01_044_sort_pos_joh_05,8,1.3669278254852681
715_01_044_sort_pos_joh_06,0,-0.20851441405707477
715_01_044_sort_pos_joh_06,1,-0.20851441405707477
715_01_044_sort_pos_joh_06,2,-0.20851441405707477
715_01_044_sort_pos_joh_06,3,-0.20851441405707477
715_01_044_sort_pos_joh_06,4,-0.20851441405707477
715_01_044_sort_pos_joh_06,5,-0.20851441405707477
715_01_044_sort_pos_joh_06,6,-0.20851441405707477
715_01_044_sort_pos_joh_06,7,1.0210549404852618
715_01_044_sort_pos_joh_06,8,1.0210549404852618
715_01_044_sort_pos_joh_07,0,-0.20851441405707477
715_01_044_sort_pos_joh_07,1,-0.20851441405707477
715_01_044_sort_pos_joh_07,2,-0.20851441405707477
715_01_044_sort_pos_joh_07,3,-0.20851441405707477
715_01_044_sort_pos_joh_07,4,-0.20851441405707477
715_01_044_sort_pos_joh_07,5,-0.20851441405707477
715_01_044_sort_pos_joh_07,6,-0.20851441405707477
715_01_044_sort_pos_joh_07,7,1.0210549404852618
715_01_044_sort_pos_joh_07,8,1.0210549404852618
715_01_047_sort_pos_joh_01,0,0.0904397014262124
715_01_047_sort_pos_joh_01,1,0.18193888329266011
715_01_047_sort_pos_joh_01,2,-0.6275261479616866
715_01_047_sort_pos_joh_01,3,-0.08778503596424958
715_01_047_sort_pos_joh_01,4,-0.3695857030589316
715_01_047_sort_pos_joh_01,5,1.0425720702853738
715_01_047_sort_pos_joh_01,6,-0.3605773860967515
715_01_047_sort_pos_joh_01,7,0.2692605488418338
715_01_047_sort_pos_joh_01,8,0.0
715_01_047_sort_pos_joh_02,0,0.8702852691526741
715_01_047_sort_pos_joh_02,1,0.8702852691526738
715_01_047_sort_pos_joh_02,2,0.4806005466492046
715_01_047_sort_pos_joh_02,3,-0.9395118639282398
715_01_047_sort_pos_joh_02,4,-1.087856586440842
715_01_047_sort_pos_joh_02,5,0.24449562155269108
715_01_047_sort_pos_joh_02,6,-0.339876540650401
715_01_047_sort_pos_joh_02,7,-0.10127393670836647
715_01_047_sort_pos_joh_02,8,0.013177300829938605
715_01_047_sort_pos_joh_04,0,0.626203048381194
715_01_047_sort_pos_joh_04,1,-0.19186370783749998
715_01_047_sort_pos_joh_04,2,0.12209508680568197
715_01_047_sort_pos_joh_04,3,-0.19472839444372864
715_01_047_sort_pos_joh_04,4,-0.4527923591472056
715_01_047_sort_pos_joh_04,5,0.12631593229238955
715_01_047_sort_pos_joh_04,6,-0.5991943189653495
715_01_047_sort_pos_joh_04,7,0.04446069477919018
715_01_047_sort_pos_joh_04,8,0.5748238004108277
715_01_047_sort_pos_joh_05,0,0.07018624063435973
715_01_047_sort_pos_joh_05,1,-0.5443310539518172
715_01_047_sort_pos_joh_05,2,-0.5443310539518175
715_01_047_sort_pos_joh_05,3,-0.4056367994447294
715_01_047_sort_pos_joh_05,4,-0.5443310539518172
715_01_047_sort_pos_joh_05,5,0.5426916718446574
715_01_047_sort_pos_joh_05,6,0.06819943394704722
715_01_047_sort_pos_joh_05,7,0.5683530681574911
715_01_047_sort_pos_joh_05,8,0.9873335030291521
715_01_065_sort_pos_joh_01,0,-0.5374979028731272
715_01_065_sort_pos_joh_01,1,-0.1383826255468378
715_01_065_sort_pos_joh_01,2,-0.3873230371327815
715_01_065_sort_pos_joh_01,3,-0.8331870714986849
715_01_065_sort_pos_joh_01,4,-0.1702877997910189
715_01_065_sort_pos_joh_01,5,1.9589309058780426
715_01_065_sort_pos_joh_01,6,0.7996899568359951
715_01_065_sort_pos_joh_01,7,-0.16510487335474372
715_01_065_sort_pos_joh_01,8,-0.0137269943897579
715_01_065_sort_pos_joh_02,0,0.324442842261525
715_01_065_sort_pos_joh_02,1,0.1396930126874916
715_01_065_sort_pos_joh_02,2,-0.5569718411824414
715_01_065_sort_pos_joh_02,3,0.13709686517612296
715_01_065_sort_pos_joh_02,4,0.13464028341974346
715_01_065_sort_pos_joh_02,5,-0.22128720961230647
715_01_065_sort_pos_joh_02,6,0.3713906763541036
715_01_065_sort_pos_joh_02,7,-0.03860457182410927
715_01_065_sort_pos_joh_02,8,-0.20941936332491168
715_01_066_sort_pos_joh_01,0,1.1708597867859105
715_01_066_sort_pos_joh_01,1,-0.2269710702166691
715_01_066_sort_pos_joh_01,2,-0.7044105857292486
715_01_066_sort_pos_joh_01,3,-0.9686940360124687
715_01_066_sort_pos_joh_01,4,0.22991968928357806
715_01_066_sort_pos_joh_01,5,0.2064109976155263
715_01_066_sort_pos_joh_01,6,0.759650502406699
715_01_066_sort_pos_joh_01,7,-0.2267376758797751
715_01_066_sort_pos_joh_01,8,-0.05953102379124233
715_01_066_sort_pos_joh_02,0,0.22699055229393242
715_01_066_sort_pos_joh_02,1,-0.06237828615518052
715_01_066_sort_pos_joh_02,2,-0.06637233115999717
715_01_066_sort_pos_joh_02,3,0.5345224838248486
715_01_066_sort_pos_joh_02,4,0.0780583282414369
715_01_066_sort_pos_joh_02,5,0.5345224838248491
715_01_066_sort_pos_joh_02,6,-0.34258106292536494
715_01_066_sort_pos_joh_02,7,-0.49418473414427255
715_01_066_sort_pos_joh_02,8,-0.34663942041479007
715_01_067_sort_pos_joh_01,0,0.16146257815815426
715_01_067_sort_pos_joh_01,1,-0.14315261388676342
715_01_067_sort_pos_joh_01,2,0.08497753899861121
715_01_067_sort_pos_joh_01,3,2.5434832279166044
715_01_067_sort_pos_joh_01,4,0.10179250140006152
715_01_067_sort_pos_joh_01,5,-1.136361887306858
715_01_067_sort_pos_joh_01,6,-0.6417303746018177
715_01_067_sort_pos_joh_01,7,4.765322034154914e-16
715_01_067_sort_pos_joh_01,8,-0.30306027151126563
715_01_067_sort_pos_joh_02,0,-0.10774479924064956
715_01_067_sort_pos_joh_02,1,-0.481968912508272
715_01_067_sort_pos_joh_02,2,-0.24509888334508392
715_01_067_sort_pos_joh_02,3,-0.018865685942005956
715_01_067_sort_pos_joh_02,4,0.2748681681296524
715_01_067_sort_pos_joh_02,5,-0.5110057646388017
715_01_067_sort_pos_joh_02,6,-1.4809311099631655
715_01_067_sort_pos_joh_02,7,1.4007762684267129
715_01_067_sort_pos_joh_02,8,1.2487357961082344
715_01_067_sort_pos_joh_03,0,0.2534376835333889
715_01_067_sort_pos_joh_03,1,0.5134746521037611
715_01_067_sort_pos_joh_03,2,0.27866560003031127
715_01_067_sort_pos_joh_03,3,0.5389187826265762
715_01_067_sort_pos_joh_03,4,0.16157312221285383
715_01_067_sort_pos_joh_03,5,-0.9336406291901206
715_01_067_sort_pos_joh_03,6,-1.733251536175876
715_01_067_sort_pos_joh_03,7,0.4695833740957802
715_01_067_sort_pos_joh_03,8,0.25302197974830837
715_01_067_sort_pos_joh_04,0,0.2737928390966969
715_01_067_sort_pos_joh_04,1,-0.8512548730034231
715_01_067_sort_pos_joh_04,2,1.1215234397198406
715_01_067_sort_pos_joh_04,3,1.2784369163129226
715_01_067_sort_pos_joh_04,4,-0.46915522596174936
715_01_067_sort_pos_joh_04,5,-0.5269648103866934
715_01_067_sort_pos_joh_04,6,-0.40668383578778106
715_01_067_sort_pos_joh_04,7,0.21620249455922297
715_01_067_sort_pos_joh_04,8,-0.27774437767982274
715_01_070_sort_pos_joh_01,0,-0.16683911023753972
715_01_070_sort_pos_joh_01,1,-0.39711698115333804
715_01_070_sort_pos_joh_01,2,-0.816652653496515
715_01_070_sort_pos_joh_01,3,-0.6797147074026739
715_01_070_sort_pos_joh_01,4,-0.0983522886676546
715_01_070_sort_pos_joh_01,5,0.8802641533489236
715_01_070_sort_pos_joh_01,6,0.6244569079462986
715_01_070_sort_pos_joh_01,7,0.7818577663807943
715_01_070_sort_pos_joh_01,8,0.07341271802683406
715_01_070_sort_pos_joh_02,0,0.5256670102194811
715_01_070_sort_pos_joh_02,1,-0.18768337412695607
715_01_070_sort_pos_joh_02,2,-0.6485466269288718
715_01_070_sort_pos_joh_02,3,-0.643320078883934
715_01_070_sort_pos_joh_02,4,-0.2950127769522614
715_01_070_sort_pos_joh_02,5,0.38313051408846044
715_01_070_sort_pos_joh_02,6,0.6226049831642758
715_01_070_sort_pos_joh_02,7,0.3724094435613685
715_01_070_sort_pos_joh_02,8,-0.012124503168668258
715_01_070_sort_pos_joh_03,0,-0.018352485989660123
715_01_070_sort_pos_joh_03,1,-0.45028164150604116
715_01_070_sort_pos_joh_03,2,0.16453801395794565
715_01_070_sort_pos_joh_03,3,-0.43210284998003146
715_01_070_sort_pos_joh_03,4,-0.06067153406719976
715_01_070_sort_pos_joh_03,5,0.4453521876933189
715_01_070_sort_pos_joh_03,6,1.0273116228714871
715_01_070_sort_pos_joh_03,7,-0.18627433076293623
715_01_070_sort_pos_joh_03,8,-0.3857623475977443
715_01_070_sort_pos_joh_04,0,-0.2955064468057431
715_01_070_sort_pos_joh_04,1,-0.6275233349846985
715_01_070_sort_pos_joh_04,2,0.03257011993274115
715_01_070_sort_pos_joh_04,3,-0.7570556852725419
715_01_070_sort_pos_joh_04,4,-0.7578312248495842
715_01_070_sort_pos_joh_04,5,1.6292872881669715
715_01_070_sort_pos_joh_04,6,1.2535940916400636
715_01_070_sort_pos_joh_04,7,-0.2194848301505835
715_01_070_sort_pos_joh_04,8,0.15812072228791735
716_01_012_sort_pos_joh_01,0,0.03009463399443937
716_01_012_sort_pos_joh_01,1,7.530670086746614
716_01_012_sort_pos_joh_01,2,0.221408508137846
716_01_012_sort_pos_joh_01,3,-0.46909476974826786
716_01_012_sort_pos_joh_01,4,-0.5853244353045737
716_01_012_sort_pos_joh_01,5,-0.43922356631519444
716_01_012_sort_pos_joh_01,6,-0.5861073069410574
716_01_012_sort_pos_joh_01,7,-0.29601042129609956
716_01_012_sort_pos_joh_01,8,-0.6982229736952732
716_01_012_sort_pos_joh_05,0,-0.02753452584887802
716_01_012_sort_pos_joh_05,1,-0.026812446008585837
716_01_012_sort_pos_joh_05,2,0.36642084003041225
716_01_012_sort_pos_joh_05,3,0.7673657369312417
716_01_012_sort_pos_joh_05,4,-0.2646280620124819
716_01_012_sort_pos_joh_05,5,-0.6372917971481067
716_01_012_sort_pos_joh_05,6,-0.2715627232967843
716_01_012_sort_pos_joh_05,7,0.3425300360631261
716_01_012_sort_pos_joh_05,8,-0.1642156903509304
716_01_012_sort_pos_joh_08,0,0.5163977794943222
716_01_012_sort_pos_joh_08,1,-0.056704797712374154
716_01_012_sort_pos_joh_08,2,0.7696863397588494
716_01_012_sort_pos_joh_08,3,0.7696863397588494
716_01_012_sort_pos_joh_08,4,-0.5698028822981899
716_01_012_sort_pos_joh_08,5,-0.5698028822981897
716_01_012_sort_pos_joh_08,6,-0.5698028822981897
716_01_012_sort_pos_joh_08,7,0.19822791512600962
716_01_012_sort_pos_joh_08,8,-0.3125050443499249
716_01_012_sort_pos_joh_09,0,0.09271455408231193
716_01_012_sort_pos_joh_09,1,0.09271455408231204
716_01_012_sort_pos_joh_09,2,-0.4618118038553094
716_01_012_sort_pos_joh_09,3,0.3905667329424717
716_01_012_sort_pos_joh_09,4,-0.4618118038553094
716_01_012_sort_pos_joh_09,5,0.6867734371761148
716_01_012_sort_pos_joh_09,6,-0.1849879247934623
716_01_012_sort_pos_joh_09,7,0.7704152801594054
716_01_012_sort_pos_joh_09,8,-0.7385489458759965
716_01_012_sort_pos_joh_11,0,0.0
716_01_012_sort_pos_joh_11,1,-0.4803844614152615
716_01_012_sort_pos_joh_11,2,0.5312532024908596
716_01_012_sort_pos_joh_11,3,0.0
716_01_012_sort_pos_joh_11,4,0.0
716_01_012_sort_pos_joh_11,5,1.1338934190276817
716_01_012_sort_pos_joh_11,6,0.0
716_01_012_sort_pos_joh_11,7,-0.48038446141526137
716_01_012_sort_pos_joh_11,8,-0.48038446141526137
716_01_014_sort_pos_joh_01,0,-0.9128709291752769
716_01_014_sort_pos_joh_01,1,-0.6989715736732456
716_01_014_sort_pos_joh_01,2,-0.30118748697133024
716_01_014_sort_pos_joh_01,3,0.11948872617308755
716_01_014_sort_pos_joh_01,4,0.7627700713964741
716_01_014_sort_pos_joh_01,5,0.5250375306072108
716_01_014_sort_pos_joh_01,6,-0.29371500530096933
716_01_014_sort_pos_joh_01,7,0.5123778072572297
716_01_014_sort_pos_joh_01,8,0.32254297430886375
716_01_014_sort_pos_joh_13,0,0.1406421692815485
716_01_014_sort_pos_joh_13,1,-0.2750095491084635
716_01_014_sort_pos_joh_13,2,-0.2750095491084633
716_01_014_sort_pos_joh_13,3,-0.2750095491084633
716_01_014_sort_pos_joh_13,4,0.5773502691896258
716_01_014_sort_pos_joh_13,5,0.14064216928154857
716_01_014_sort_pos_joh_13,6,0.1406421692815486
716_01_014_sort_pos_joh_13,7,-0.2750095491084633
716_01_014_sort_pos_joh_13,8,0.14064216928154857
716_01_028_sort_pos_joh_01,0,-0.5432274873652132
716_01_028_sort_pos_joh_01,1,-0.06719355787000701
716_01_028_sort_pos_joh_01,2,0.22362342711807182
716_01_028_sort_pos_joh_01,3,-0.3629797209646664
716_01_028_sort_pos_joh_01,4,1.5701483540285397
716_01_028_sort_pos_joh_01,5,-0.29748675421962195
716_01_028_sort_pos_joh_01,6,-0.34945636778525513
716_01_028_sort_pos_joh_01,7,0.7999315434033831
716_01_028_sort_pos_joh_01,8,-0.8271383929183068
716_01_028_sort_pos_joh_02,0,-0.22271770159368706
716_01_028_sort_pos_joh_02,1,0.07846370072010858
716_01_028_sort_pos_joh_02,2,0.28529073958778206
716_01_028_sort_pos_joh_02,3,1.2863827379626525
716_01_028_sort_pos_joh_02,4,0.6692250956244225
716_01_028_sort_pos_joh_02,5,-0.37648173786021827
716_01_028_sort_pos_joh_02,6,-0.9097361062955234
716_01_028_sort_pos_joh_02,7,0.29464828789157876
716_01_028_sort_pos_joh_02,8,-0.9576993912938839
716_01_028_sort_pos_joh_03,0,0.34663942041478973
716_01_028_sort_pos_joh_03,1,-0.07995140431477678
716_01_028_sort_pos_joh_03,2,0.2155025058687814
716_01_028_sort_pos_joh_03,3,0.20744974325501708
716_01_028_sort_pos_joh_03,4,-0.07805832824143691
716_01_028_sort_pos_joh_03,5,-0.08306839843561785
716_01_028_sort_pos_joh_03,6,0.06468462273531507
716_01_028_sort_pos_joh_03,7,-0.2214701990089165
716_01_028_sort_pos_joh_03,8,-0.36891011717790156
716_01_028_sort_pos_joh_04,0,0.1657319907229495
716_01_028_sort_pos_joh_04,1,-0.541366010818948
716_01_028_sort_pos_joh_04,2,0.1651300110149734
716_01_028_sort_pos_joh_04,3,-0.6319417632514324
716_01_028_sort_pos_joh_04,4,1.1111463271059707
716_01_028_sort_pos_joh_04,5,0.16336268242387275
716_01_028_sort_pos_joh_04,6,0.2655251346338091
716_01_028_sort_pos_joh_04,7,-0.22592472479686562
716_01_028_sort_pos_joh_04,8,-0.3098558683364997
716_01_028_sort_pos_joh_05,0,-0.2145912148154943
716_01_028_sort_pos_joh_05,1,-0.5731786085528802
716_01_028_sort_pos_joh_05,2,-0.5558413467874314
716_01_028_sort_pos_joh_05,3,-0.6925323732086296
716_01_028_sort_pos_joh_05,4,-0.4221158824088691
716_01_028_sort_pos_joh_05,5,0.9310901544847483
716_01_028_sort_pos_joh_05,6,1.0706674640671046
716_01_028_sort_pos_joh_05,7,0.884955817718083
716_01_028_sort_pos_joh_05,8,-0.28517472304319325
716_01_028_sort_pos_joh_06,0,0.9229831777904364
716_01_028_sort_pos_joh_06,1,0.023629373500277776
716_01_028_sort_pos_joh_06,2,-1.0417301923828322
716_01_028_sort_pos_joh_06,3,-0.07938671679732415
716_01_028_sort_pos_joh_06,4,0.5927562307570627
716_01_028_sort_pos_joh_06,5,0.5484803762557799
716_01_028_sort_pos_joh_06,6,0.5595634625347037
716_01_028_sort_pos_joh_06,7,-0.8143940586281
716_01_028_sort_pos_joh_06,8,-0.5952291104443193
716_01_028_sort_pos_joh_07,0,-0.6603461734135317
716_01_028_sort_pos_joh_07,1,0.8336275409257241
716_01_028_sort_pos_joh_07,2,0.06726727939963123
716_01_028_sort_pos_joh_07,3,-0.07898785734014697
716_01_028_sort_pos_joh_07,4,0.5133266504561688
716_01_028_sort_pos_joh_07,5,-0.08095109602454671
716_01_028_sort_pos_joh_07,6,0.06388765649999398
716_01_028_sort_pos_joh_07,7,0.06388765649999398
716_01_028_sort_pos_joh_07,8,-0.6522744118679084
716_01_030_sort_pos_joh_02,0,-0.3956570986609303
716_01_030_sort_pos_joh_02,1,-0.16961338288818945
716_01_030_sort_pos_joh_02,2,-0.32437191287268097
716_01_030_sort_pos_joh_02,3,1.1029684568458802
716_01_030_sort_pos_joh_02,4,1.1932691103036086
716_01_030_sort_pos_joh_02,5,0.2132550063586542
716_01_030_sort_pos_joh_02,6,-0.18493168036382762
716_01_030_sort_pos_joh_02,7,-0.716182851340522
716_01_030_sort_pos_joh_02,8,-0.5647478529304896
716_01_030_sort_pos_joh_03,0,-0.2750095491084633
716_01_030_sort_pos_joh_03,1,0.1406421692815486
716_01_030_sort_pos_joh_03,2,0.14064216928154857
716_01_030_sort_pos_joh_03,3,1.0409313539028802
716_01_030_sort_pos_joh_03,4,0.5773502691896258
716_01_030_sort_pos_joh_03,5,-0.674199862463242
716_01_030_sort_pos_joh_03,6,-0.2750095491084633
716_01_030_sort_pos_joh_03,7,-0.6741998624632421
716_01_030_sort_pos_joh_03,8,0.1406421692815486
716_01_042_sort_pos_joh_01,0,1.0183022929364816
716_01_042_sort_pos_joh_01,1,0.9517467718927233
716_01_042_sort_pos_joh_01,2,0.4237330566811989
716_01_042_sort_pos_joh_01,3,-0.3949277731615491
716_01_042_sort_pos_joh_01,4,-0.5009670476800826
716_01_042_sort_pos_joh_01,5,-0.7126957387848184
716_01_042_sort_pos_joh_01,6,0.06146932831953506
716_01_042_sort_pos_joh_01,7,-0.5542935601629168
716_01_042_sort_pos_joh_01,8,-0.10524469736881328
716_01_042_sort_pos_joh_06,0,-0.20851441405707477
716_01_042_sort_pos_joh_06,1,-0.20851441405707477
716_01_042_sort_pos_joh_06,2,-0.20851441405707477
716_01_042_sort_pos_joh_06,3,-0.20851441405707477
716_01_042_sort_pos_joh_06,4,-0.20851441405707477
716_01_042_sort_pos_joh_06,5,-0.20851441405707477
716_01_042_sort_pos_joh_06,6,1.0210549404852618
716_01_042_sort_pos_joh_06,7,-0.20851441405707477
716_01_042_sort_pos_joh_06,8,1.0210549404852618
716_01_045_sort_pos_joh_01,0,0.15952763144071688
716_01_045_sort_pos_joh_01,1,-0.48921433664628056
716_01_045_sort_pos_joh_01,2,-0.25839461149579607
716_01_045_sort_pos_joh_01,3,0.6422934587451766
716_01_045_sort_pos_joh_01,4,-0.0014974372700777463
716_01_045_sort_pos_joh_01,5,0.8731915954125561
716_01_045_sort_pos_joh_01,6,-0.7153988310657197
716_01_045_sort_pos_joh_01,7,-0.2444706958316507
716_01_045_sort_pos_joh_01,8,0.32915771713467334
716_01_045_sort_pos_joh_02,0,-0.09923611552699992
716_01_045_sort_pos_joh_02,1,-0.17931631503020826
716_01_045_sort_pos_joh_02,2,-0.26018649773537356
716_01_045_sort_pos_joh_02,3,0.18386019952237495
716_01_045_sort_pos_joh_02,4,-0.18124985839860355
716_01_045_sort_pos_joh_02,5,2.2961993232997395
716_01_045_sort_pos_joh_02,6,-0.3011091505197933
716_01_045_sort_pos_joh_02,7,-0.30081765459149423
716_01_045_sort_pos_joh_02,8,-0.018547162802488755
716_01_045_sort_pos_joh_03,0,-0.6222539674441622
716_01_045_sort_pos_joh_03,1,0.40686673560336845
716_01_045_sort_pos_joh_03,2,0.6207353523441019
716_01_045_sort_pos_joh_03,3,-0.5550868864362208
716_01_045_sort_pos_joh_03,4,0.7646470075399094
716_01_045_sort_pos_joh_03,5,0.5314534298427307
716_01_045_sort_pos_joh_03,6,-0.43887163619865266
716_01_045_sort_pos_joh_03,7,-0.5896343388549421
716_01_045_sort_pos_joh_03,8,-0.04833336758318097
716_01_045_sort_pos_joh_04,0,-0.07594800116984696
716_01_045_sort_pos_joh_04,1,-0.35991432816948815
716_01_045_sort_pos_joh_04,2,-0.07388917395569608
716_01_045_sort_pos_joh_04,3,0.5744269579035529
716_01_045_sort_pos_joh_04,4,-0.2702268479689675
716_01_045_sort_pos_joh_04,5,0.500141526793856
716_01_045_sort_pos_joh_04,6,-0.07510401060760512
716_01_045_sort_pos_joh_04,7,-0.2672459711503676
716_01_045_sort_pos_joh_04,8,0.019956144669641584
716_01_045_sort_pos_joh_05,0,-0.3840122885898553
716_01_045_sort_pos_joh_05,1,-0.27476523185947294
716_01_045_sort_pos_joh_05,2,-0.06046077398460381
716_01_045_sort_pos_joh_05,3,0.599930041391939
716_01_045_sort_pos_joh_05,4,-0.2710764248602525
716_01_045_sort_pos_joh_05,5,0.04783648732349382
716_01_045_sort_pos_joh_05,6,1.8883989038781155
716_01_045_sort_pos_joh_05,7,-0.6101191557042248
716_01_045_sort_pos_joh_05,8,-0.2747652318594726
716_01_045_sort_pos_joh_06,0,0.0
716_01_045_sort_pos_joh_06,1,0.1169818107425343
716_01_045_sort_pos_joh_06,2,-0.46725671848604866
716_01_045_sort_pos_joh_06,3,0.7367595226341545
716_01_045_sort_pos_joh_06,4,1.4047146591410646
716_01_045_sort_pos_joh_06,5,-0.12387015426041625
716_01_045_sort_pos_joh_06,6,-0.23993602558862773
716_01_045_sort_pos_joh_06,7,-0.8631756908790774
716_01_045_sort_pos_joh_06,8,-0.4917225282373378
716_01_045_sort_pos_joh_07,0,-0.3538265102868382
716_01_045_sort_pos_joh_07,1,-0.7092993656151905
716_01_045_sort_pos_joh_07,2,0.17847168721684092
716_01_045_sort_pos_joh_07,3,-0.1856163356896742
716_01_045_sort_pos_joh_07,4,-2.569666978570616e-16
716_01_045_sort_pos_joh_07,5,-0.3538265102868382
716_01_045_sort_pos_joh_07,6,0.6100234725481669
716_01_045_sort_pos_joh_07,7,0.5362592325517964
716_01_045_sort_pos_joh_07,8,0.36773003090044665
716_01_045_sort_pos_joh_08,0,0.6545458289033236
716_01_045_sort_pos_joh_08,1,0.18845946306467787
716_01_045_sort_pos_joh_08,2,0.9036028042135226
716_01_045_sort_pos_joh_08,3,-0.2630142022557629
716_01_045_sort_pos_joh_08,4,-0.5392277661871503
716_01_045_sort_pos_joh_08,5,-0.7301095021650955
716_01_045_sort_pos_joh_08,6,-0.15329283909227895
716_01_045_sort_pos_joh_08,7,0.21232321131452653
716_01_045_sort_pos_joh_08,8,-0.26501719512585303
716_01_045_sort_pos_joh_09,0,0.5551738793741914
716_01_045_sort_pos_joh_09,1,0.20280805062535748
716_01_045_sort_pos_joh_09,2,-0.1403467717612554
716_01_045_sort_pos_joh_09,3,0.8071862492904593
716_01_045_sort_pos_joh_09,4,0.6400390914483258
716_01_045_sort_pos_joh_09,5,-0.5455110198208598
716_01_045_sort_pos_joh_09,6,-1.0284749891611578
716_01_045_sort_pos_joh_09,7,0.03187948361673594
716_01_045_sort_pos_joh_09,8,-0.4947178617271306
716_01_045_sort_pos_joh_10,0,-0.27100453162750426
716_01_045_sort_pos_joh_10,1,-0.13245323570650436
716_01_045_sort_pos_joh_10,2,0.9422727303941144
716_01_045_sort_pos_joh_10,3,0.49130368444051714
716_01_045_sort_pos_joh_10,4,0.31496520088514185
716_01_045_sort_pos_joh_10,5,0.3031957786034861
716_01_045_sort_pos_joh_10,6,-0.7206339602884602
716_01_045_sort_pos_joh_10,7,0.017012806957667777
716_01_045_sort_pos_joh_10,8,-0.8690860529066242
716_01_045_sort_pos_joh_11,0,-0.31525624984682665
716_01_045_sort_pos_joh_11,1,-0.1560328743886719
716_01_045_sort_pos_joh_11,2,-0.47796969545278867
716_01_045_sort_pos_joh_11,3,0.16240619866164338
716_01_045_sort_pos_joh_11,4,-0.3200031605406501
716_01_045_sort_pos_joh_11,5,0.1599257800701277
716_01_045_sort_pos_joh_11,6,0.7863336509949342
716_01_045_sort_pos_joh_11,7,0.0
716_01_045_sort_pos_joh_11,8,0.3319700011034928
716_01_047_sort_pos_joh_01,0,0.13413309474623353
716_01_047_sort_pos_joh_01,1,-0.9293882018930699
716_01_047_sort_pos_joh_01,2,-0.4430333455277449
716_01_047_sort_pos_joh_01,3,-0.5465418651264677
716_01_047_sort_pos_joh_01,4,0.9163362405756308
716_01_047_sort_pos_joh_01,5,0.6943672032549745
716_01_047_sort_pos_joh_01,6,-0.06973662822710185
716_01_047_sort_pos_joh_01,7,0.22908975222811284
716_01_047_sort_pos_joh_01,8,-0.03785381225444959
716_01_047_sort_pos_joh_02,0,2.7085496263700097
716_01_047_sort_pos_joh_02,1,0.5781627975346451
716_01_047_sort_pos_joh_02,2,-0.9832702647944382
716_01_047_sort_pos_joh_02,3,-0.45535383398342616
716_01_047_sort_pos_joh_02,4,-0.47260020626119303
716_01_047_sort_pos_joh_02,5,-0.274609340966602
716_01_047_sort_pos_joh_02,6,0.006207801583778678
716_01_047_sort_pos_joh_02,7,-0.10493049748647373
716_01_047_sort_pos_joh_02,8,-0.3096979728963085
716_01_047_sort_pos_joh_03,0,-0.921122225576017
716_01_047_sort_pos_joh_03,1,-0.04531432544294421
716_01_047_sort_pos_joh_03,2,0.2192879342765042
716_01_047_sort_pos_joh_03,3,0.49264707105279076
716_01_047_sort_pos_joh_03,4,-0.30939278985692975
716_01_047_sort_pos_joh_03,5,0.2233340005791219
716_01_047_sort_pos_joh_03,6,-0.045068217307088855
716_01_047_sort_pos_joh_03,7,0.2257490363358579
716_01_047_sort_pos_joh_03,8,0.1549193338482969
716_01_047_sort_pos_joh_04,0,0.01567290311073369
716_01_047_sort_pos_joh_04,1,-0.5720817990681112
716_01_047_sort_pos_joh_04,2,0.08814113882365096
716_01_047_sort_pos_joh_04,3,-0.2653983160208852
716_01_047_sort_pos_joh_04,4,-0.48214188617117637
716_01_047_sort_pos_joh_04,5,0.15571866496607475
716_01_047_sort_pos_joh_04,6,0.3673781448169979
716_01_047_sort_pos_joh_04,7,1.0735543407011814
716_01_047_sort_pos_joh_04,8,-0.2922792084264495
716_01_047_sort_pos_joh_06,0,-0.19405386820594533
716_01_047_sort_pos_joh_06,1,-0.19405386820594533
716_01_047_sort_pos_joh_06,2,-0.2045983018411421
716_01_047_sort_pos_joh_06,3,0.1025978352085155
716_01_047_sort_pos_joh_06,4,0.412081691846067
716_01_047_sort_pos_joh_06,5,-0.7745966692414834
716_01_047_sort_pos_joh_06,6,0.09728166526882831
716_01_047_sort_pos_joh_06,7,0.412081691846067
716_01_047_sort_pos_joh_06,8,0.3905667329424716
716_01_047_sort_pos_joh_07,0,0.5980503604017325
716_01_047_sort_pos_joh_07,1,-0.16329931618554516
716_01_047_sort_pos_joh_07,2,0.41912897747196026
716_01_047_sort_pos_joh_07,3,0.22293898103385487
716_01_047_sort_pos_joh_07,4,0.5853694070049636
716_01_047_sort_pos_joh_07,5,-0.5421374765483943
716_01_047_sort_pos_joh_07,6,-0.17025130615174996
716_01_047_sort_pos_joh_07,7,-0.3436623351083578
716_01_047_sort_pos_joh_07,8,-0.531165600189534
716_01_049_sort_pos_joh_01,0,-0.1500208376746162
716_01_049_sort_pos_joh_01,1,0.46311428993587195
716_01_049_sort_pos_joh_01,2,2.235398716845608e-16
716_01_049_sort_pos_joh_01,3,2.1924342689214087
716_01_049_sort_pos_joh_01,4,2.298380017448157e-16
716_01_049_sort_pos_joh_01,5,-0.31071450589187644
716_01_049_sort_pos_joh_01,6,-0.9233805168766387
716_01_049_sort_pos_joh_01,7,-0.1520626101200335
716_01_049_sort_pos_joh_01,8,-0.6054055145966812
716_01_049_sort_pos_joh_02,0,-0.33024910176953265
716_01_049_sort_pos_joh_02,1,-0.33024910176953265
716_01_049_sort_pos_joh_02,2,-0.1324532357065043
716_01_049_sort_pos_joh_02,3,1.2686206117007814
716_01_049_sort_pos_joh_02,4,0.7236408850120637
716_01_049_sort_pos_joh_02,5,-0.033459561139095206
716_01_049_sort_pos_joh_02,6,-0.33024910176953265
716_01_049_sort_pos_joh_02,7,-0.13403011548263108
716_01_049_sort_pos_joh_02,8,-0.23079710313249066
716_01_049_sort_pos_joh_03,0,-0.05922657585728617
716_01_049_sort_pos_joh_03,1,1.002781646541593
716_01_049_sort_pos_joh_03,2,-0.2716809165931787
716_01_049_sort_pos_joh_03,3,1.396907781978235
716_01_049_sort_pos_joh_03,4,-0.061327768840316134
716_01_049_sort_pos_joh_03,5,-0.2716809165931787
716_01_049_sort_pos_joh_03,6,-0.4864777137321358
716_01_049_sort_pos_joh_03,7,-0.27351894798341464
716_01_049_sort_pos_joh_03,8,-0.3788109790483027
716_01_050_sort_pos_joh_01,0,0.23129622216290377
716_01_050_sort_pos_joh_01,1,0.23129622216290377
716_01_050_sort_pos_joh_01,2,-0.25015959146215216
716_01_050_sort_pos_joh_01,3,0.7332355751067667
716_01_050_sort_pos_joh_01,4,-0.3997129746406083
716_01_050_sort_pos_joh_01,5,-0.8888976681684722
716_01_050_sort_pos_joh_01,6,0.39718697957076543
716_01_050_sort_pos_joh_01,7,-0.09058030469309203
716_01_050_sort_pos_joh_01,8,0.07352146220938076
716_01_050_sort_pos_joh_02,0,-0.7071067811865475
716_01_050_sort_pos_joh_02,1,0.08873565094161147
716_01_050_sort_pos_joh_02,2,-0.17708440083028662
716_01_050_sort_pos_joh_02,3,0.09271455408231204
716_01_050_sort_pos_joh_02,4,-0.17708440083028662
716_01_050_sort_pos_joh_02,5,1.4544545742249932
716_01_050_sort_pos_joh_02,6,-0.44213367820210353
716_01_050_sort_pos_joh_02,7,0.08873565094161144
716_01_050_sort_pos_joh_02,8,0.09271455408231204
716_01_050_sort_pos_joh_04,0,-0.5790685773616371
716_01_050_sort_pos_joh_04,1,-0.23214696976024116
716_01_050_sort_pos_joh_04,2,-0.22808577638091174
716_01_050_sort_pos_joh_04,3,-0.05866585549007544
716_01_050_sort_pos_joh_04,4,-0.5790685773616371
716_01_050_sort_pos_joh_04,5,-0.057617776674045704
716_01_050_sort_pos_joh_04,6,0.825595190669289
716_01_050_sort_pos_joh_04,7,1.973039874167055
716_01_050_sort_pos_joh_04,8,-0.40213949273499816
716_01_052_sort_pos_joh_01,0,-0.696184125630765
716_01_052_sort_pos_joh_01,1,-0.269079553982711
716_01_052_sort_pos_joh_01,2,0.29488859505086923
716_01_052_sort_pos_joh_01,3,0.08477011844241825
716_01_052_sort_pos_joh_01,4,0.007829962933435098
716_01_052_sort_pos_joh_01,5,0.17933315280056766
716_01_052_sort_pos_joh_01,6,0.07928521511404371
716_01_052_sort_pos_joh_01,7,-0.43461607239954136
716_01_052_sort_pos_joh_01,8,0.8229166483094051
716_01_052_sort_pos_joh_02,0,-1.0218830573122297
716_01_052_sort_pos_joh_02,1,-1.166810358210135
716_01_052_sort_pos_joh_02,2,-0.8636030327389878
716_01_052_sort_pos_joh_02,3,0.218339765637974
716_01_052_sort_pos_joh_02,4,0.7131242425817781
716_01_052_sort_pos_joh_02,5,1.000408413331302
716_01_052_sort_pos_joh_02,6,0.966483591844427
716_01_052_sort_pos_joh_02,7,0.44723023280735275
716_01_052_sort_pos_joh_02,8,-0.3040554639154641
716_01_052_sort_pos_joh_03,0,-0.49046575827448075
716_01_052_sort_pos_joh_03,1,-0.49046575827448075
716_01_052_sort_pos_joh_03,2,-0.0916698497028211
716_01_052_sort_pos_joh_03,3,-0.4904657582744808
716_01_052_sort_pos_joh_03,4,-0.4904657582744808
716_01_052_sort_pos_joh_03,5,-0.0916698497028211
716_01_052_sort_pos_joh_03,6,-0.4904657582744808
716_01_052_sort_pos_joh_03,7,1.27744032576899
716_01_052_sort_pos_joh_03,8,2.141798680385621
716_01_052_sort_pos_joh_04,0,0.29345234095535216
716_01_052_sort_pos_joh_04,1,0.06485853566282337
716_01_052_sort_pos_joh_04,2,-0.2860280321207891
716_01_052_sort_pos_joh_04,3,0.33201099106373283
716_01_052_sort_pos_joh_04,4,0.18932753596393978
716_01_052_sort_pos_joh_04,5,0.3005829803825302
716_01_052_sort_pos_joh_04,6,-0.6394992505331532
716_01_052_sort_pos_joh_04,7,-0.18626629987549617
716_01_052_sort_pos_joh_04,8,-0.054153036107388405
716_01_052_sort_pos_joh_06,0,-0.42326862338640775
716_01_052_sort_pos_joh_06,1,-0.5374676295902197
716_01_052_sort_pos_joh_06,2,0.8864311042770847
716_01_052_sort_pos_joh_06,3,-0.32441239005882105
716_01_052_sort_pos_joh_06,4,0.3840888530858834
716_01_052_sort_pos_joh_06,5,0.3964222815885334
716_01_052_sort_pos_joh_06,6,1.2280448875642682
716_01_052_sort_pos_joh_06,7,-1.1002392084403616
716_01_052_sort_pos_joh_06,8,-0.32838139066580346
716_01_056_sort_pos_joh_01,0,1.7773725838749868
716_01_056_sort_pos_joh_01,1,0.47114284743154566
716_01_056_sort_pos_joh_01,2,0.04703604341918032
716_01_056_sort_pos_joh_01,3,-0.422827987756068
716_01_056_sort_pos_joh_01,4,0.15451028590468055
716_01_056_sort_pos_joh_01,5,-1.0462937493019349
716_01_056_sort_pos_joh_01,6,-0.31856903187101
716_01_056_sort_pos_joh_01,7,0.09781267215132733
716_01_056_sort_pos_joh_01,8,-0.4975273864028797
716_01_056_sort_pos_joh_02,0,0.6605782590758164
716_01_056_sort_pos_joh_02,1,0.546806587804396
716_01_056_sort_pos_joh_02,2,-0.19684090180494898
716_01_056_sort_pos_joh_02,3,-0.6791553541234732
716_01_056_sort_pos_joh_02,4,-0.20017801516652792
716_01_056_sort_pos_joh_02,5,0.16104843812850564
716_01_056_sort_pos_joh_02,6,-0.20739529468736553
716_01_056_sort_pos_joh_02,7,-0.3263569759322527
716_01_056_sort_pos_joh_02,8,0.2974910134280352
716_01_056_sort_pos_joh_03,0,0.07451076646594479
716_01_056_sort_pos_joh_03,1,-0.5530863264404737
716_01_056_sort_pos_joh_03,2,0.15062770637142867
716_01_056_sort_pos_joh_03,3,-0.060302268915552903
716_01_056_sort_pos_joh_03,4,-0.4029166048215987
716_01_056_sort_pos_joh_03,5,-0.3490744487864571
716_01_056_sort_pos_joh_03,6,0.5965398279051689
716_01_056_sort_pos_joh_03,7,0.0757315019052264
716_01_056_sort_pos_joh_03,8,0.482857312226765
716_01_056_sort_pos_joh_04,0,0.05500190982169297
716_01_056_sort_pos_joh_04,1,-0.11479180976900673
716_01_056_sort_pos_joh_04,2,-0.028257909495015526
716_01_056_sort_pos_joh_04,3,-0.8939415412973812
716_01_056_sort_pos_joh_04,4,-0.4503519750244805
716_01_056_sort_pos_joh_04,5,1.2199667320471812
716_01_056_sort_pos_joh_04,6,0.8183819458217707
716_01_056_sort_pos_joh_04,7,-0.11188112109423033
716_01_056_sort_pos_joh_04,8,-0.29514066805047734
716_01_056_sort_pos_joh_05,0,-0.40637127688715796
716_01_056_sort_pos_joh_05,1,0.36539702568031646
716_01_056_sort_pos_joh_05,2,0.7093254356093414
716_01_056_sort_pos_joh_05,3,-0.4008918628686367
716_01_056_sort_pos_joh_05,4,0.05157868383996174
716_01_056_sort_pos_joh_05,5,0.5594056054711509
716_01_056_sort_pos_joh_05,6,-0.4180398085749707
716_01_056_sort_pos_joh_05,7,-0.25519210436501755
716_01_056_sort_pos_joh_05,8,-0.10560500157131454
716_01_066_sort_pos_joh_01,0,-0.2118913853455904
716_01_066_sort_pos_joh_01,1,-0.09625079440653632
716_01_066_sort_pos_joh_01,2,-0.26951887072489794
716_01_066_sort_pos_joh_01,3,-0.327738860505625
716_01_066_sort_pos_joh_01,4,-0.26951887072489794
716_01_066_sort_pos_joh_01,5,1.8143836778817757
716_01_066_sort_pos_joh_01,6,-0.1545078607873815
716_01_066_sort_pos_joh_01,7,-0.327738860505625
716_01_066_sort_pos_joh_01,8,0.8883463275152895
716_01_066_sort_pos_joh_03,0,0.5773502691896258
716_01_066_sort_pos_joh_03,1,0.12780429685269137
716_01_066_sort_pos_joh_03,2,-0.2508726030021271
716_01_066_sort_pos_joh_03,3,0.5222329678670936
716_01_066_sort_pos_joh_03,4,0.12780429685269148
716_01_066_sort_pos_joh_03,5,-0.6170175523422954
716_01_066_sort_pos_joh_03,6,0.12780429685269137
716_01_066_sort_pos_joh_03,7,-0.2508726030021273
716_01_066_sort_pos_joh_03,8,-0.2508726030021272
716_01_066_sort_pos_joh_04,0,0.1557186649660751
716_01_066_sort_pos_joh_04,1,0.43835700375960474
716_01_066_sort_pos_joh_04,2,-0.4017630676900185
716_01_066_sort_pos_joh_04,3,-0.12403473458920841
716_01_066_sort_pos_joh_04,4,-0.13018891098082386
716_01_066_sort_pos_joh_04,5,0.8577552617224316
716_01_066_sort_pos_joh_04,6,0.4605661864718383
716_01_066_sort_pos_joh_04,7,-0.4017630676900185
716_01_066_sort_pos_joh_04,8,-0.6782890575760282
716_01_067_sort_pos_joh_01,0,-0.6014573856260111
716_01_067_sort_pos_joh_01,1,0.42687853563838324
716_01_067_sort_pos_joh_01,2,0.32333221147406377
716_01_067_sort_pos_joh_01,3,-0.2995174930965078
716_01_067_sort_pos_joh_01,4,-0.21456118548200986
716_01_067_sort_pos_joh_01,5,0.1625952105381043
716_01_067_sort_pos_joh_01,6,0.008361543061130752
716_01_067_sort_pos_joh_01,7,0.7457010989739229
716_01_067_sort_pos_joh_01,8,-0.4543543362450742
716_02_028_sort_pos_joh_01,0,-0.6291469118035014
716_02_028_sort_pos_joh_01,1,0.05499405408933427
716_02_028_sort_pos_joh_01,2,0.6317562880735996
716_02_028_sort_pos_joh_01,3,-0.058471534142415654
716_02_028_sort_pos_joh_01,4,0.5913951143773993
716_02_028_sort_pos_joh_01,5,-0.4029849189005714
716_02_028_sort_pos_joh_01,6,0.3369085602646039
716_02_028_sort_pos_joh_01,7,0.16767104359008558
716_02_028_sort_pos_joh_01,8,-0.273289336077198
716_02_028_sort_pos_joh_01,9,-0.39733623467328955
716_02_028_sort_pos_joh_02,0,-0.29533367559244733
716_02_028_sort_pos_joh_02,1,0.4642383454426297
716_02_028_sort_pos_joh_02,2,1.9957162814315648
716_02_028_sort_pos_joh_02,3,0.22445006962161687
716_02_028_sort_pos_joh_02,4,-0.368715120623216
716_02_028_sort_pos_joh_02,5,0.6276875239144967
716_02_028_sort_pos_joh_02,6,-0.9053574604251858
716_02_028_sort_pos_joh_02,7,-0.2927595663724635
716_02_028_sort_pos_joh_02,8,-0.6788442333021311
716_02_028_sort_pos_joh_02,9,-0.3765363432155661
716_02_028_sort_pos_joh_03,0,-0.5529843978623564
716_02_028_sort_pos_joh_03,1,0.8109982249088886
716_02_028_sort_pos_joh_03,2,1.5753050027582243
716_02_028_sort_pos_joh_03,3,-0.27142400786754617
716_02_028_sort_pos_joh_03,4,-0.3703794196141965
716_02_028_sort_pos_joh_03,5,0.1283539696755753
716_02_028_sort_pos_joh_03,6,-0.024835619954095018
716_02_028_sort_pos_joh_03,7,-0.1551133468658965
716_02_028_sort_pos_joh_03,8,-0.28221368049980805
716_02_028_sort_pos_joh_03,9,-0.6827284008902742
716_02_028_sort_pos_joh_06,0,-0.05488212999484518
716_02_028_sort_pos_joh_06,1,0.12570343830542524
716_02_028_sort_pos_joh_06,2,0.30513221741253854
716_02_028_sort_pos_joh_06,3,1.2212942957866455
716_02_028_sort_pos_joh_06,4,-0.2381016276837881
716_02_028_sort_pos_joh_06,5,-0.4144312328399571
716_02_028_sort_pos_joh_06,6,-0.4144312328399572
716_02_028_sort_pos_joh_06,7,0.730706067618362
716_02_028_sort_pos_joh_06,8,-0.4144312328399572
716_02_028_sort_pos_joh_06,9,-0.4144312328399572
716_02_029_sort_pos_joh_01,0,-0.20112859515353698
716_02_029_sort_pos_joh_01,1,-0.3709267787029253
716_02_029_sort_pos_joh_01,2,0.3273329178565741
716_02_029_sort_pos_joh_01,3,0.4277335965339079
716_02_029_sort_pos_joh_01,4,0.43607152055680604
716_02_029_sort_pos_joh_01,5,0.29041579162887227
716_02_029_sort_pos_joh_01,6,-0.2668660868077634
716_02_029_sort_pos_joh_01,7,0.550299191476522
716_02_029_sort_pos_joh_01,8,0.32559504692725866
716_02_029_sort_pos_joh_01,9,-1.627201037199471
716_02_029_sort_pos_joh_02,0,0.16244422225365604
716_02_029_sort_pos_joh_02,1,-0.6148859488228693
716_02_029_sort_pos_joh_02,2,1.2201801441005797
716_02_029_sort_pos_joh_02,3,0.24749462434058023
716_02_029_sort_pos_joh_02,4,-0.7034677480511825
716_02_029_sort_pos_joh_02,5,-0.3428719659843378
716_02_029_sort_pos_joh_02,6,0.07370142250732158
716_02_029_sort_pos_joh_02,7,0.6930102148559838
716_02_029_sort_pos_joh_02,8,-0.3804333780102654
716_02_029_sort_pos_joh_02,9,-0.19984934395418452
716_02_029_sort_pos_joh_03,0,-0.3417547443693783
716_02_029_sort_pos_joh_03,1,-0.23583599218522283
716_02_029_sort_pos_joh_03,2,0.10000000000000031
716_02_029_sort_pos_joh_03,3,0.09933992677987827
716_02_029_sort_pos_joh_03,4,0.5781132432741859
716_02_029_sort_pos_joh_03,5,-0.011515572385818771
716_02_029_sort_pos_joh_03,6,0.7118774784536992
716_02_029_sort_pos_joh_03,7,0.7788782807003858
716_02_029_sort_pos_joh_03,8,-0.45882428497563865
716_02_029_sort_pos_joh_03,9,-1.1958735538125498
716_02_030_sort_pos_joh_01,0,-0.47500966190721516
716_02_030_sort_pos_joh_01,1,0.26667876121581074
716_02_030_sort_pos_joh_01,2,0.26667876121581074
716_02_030_sort_pos_joh_01,3,0.26667876121581074
716_02_030_sort_pos_joh_01,4,0.726204009059247
716_02_030_sort_pos_joh_01,5,-0.47500966190721516
716_02_030_sort_pos_joh_01,6,-0.47500966190721516
716_02_030_sort_pos_joh_01,7,0.26667876121581074
716_02_030_sort_pos_joh_01,8,-0.47500966190721516
716_02_030_sort_pos_joh_01,9,0.29040893477575774
716_02_041_sort_pos_joh_01,0,-0.12844244597847684
716_02_041_sort_pos_joh_01,1,-0.1312395046567613
716_02_041_sort_pos_joh_01,2,-0.1305231409466558
716_02_041_sort_pos_joh_01,3,-0.6195256334033844
716_02_041_sort_pos_joh_01,4,0.06703554099445827
716_02_041_sort_pos_joh_01,5,-0.12710935356183004
716_02_041_sort_pos_joh_01,6,-1.2731936927913012
716_02_041_sort_pos_joh_01,7,0.7474319235584487
716_02_041_sort_pos_joh_01,8,0.7551560448749557
716_02_041_sort_pos_joh_01,9,0.8071349774184813
716_02_041_sort_pos_joh_02,0,0.1103894649321769
716_02_041_sort_pos_joh_02,1,-0.619750683009635
716_02_041_sort_pos_joh_02,2,-0.5385811283057932
716_02_041_sort_pos_joh_02,3,0.016058171714224363
716_02_041_sort_pos_joh_02,4,0.1756910553749835
716_02_041_sort_pos_joh_02,5,0.17691382009705947
716_02_041_sort_pos_joh_02,6,-0.5385811283057933
716_02_041_sort_pos_joh_02,7,-0.14691063206231736
716_02_041_sort_pos_joh_02,8,1.050631599390901
716_02_041_sort_pos_joh_02,9,0.42535876263315925
716_02_041_sort_pos_joh_03,0,0.5300839313479561
716_02_041_sort_pos_joh_03,1,-0.6918414897393973
716_02_041_sort_pos_joh_03,2,-0.3535533905932734
716_02_041_sort_pos_joh_03,3,-0.18795868469768717
716_02_041_sort_pos_joh_03,4,-0.5145981371581151
716_02_041_sort_pos_joh_03,5,-0.1822981853963211
716_02_041_sort_pos_joh_03,6,0.5035298973765158
716_02_041_sort_pos_joh_03,7,-0.016816819849907832
716_02_041_sort_pos_joh_03,8,0.8523350502129323
716_02_041_sort_pos_joh_03,9,0.15132998169159548
716_02_041_sort_pos_joh_05,0,-0.713614623106772
716_02_041_sort_pos_joh_05,1,-0.8427009716003845
716_02_041_sort_pos_joh_05,2,-0.5717094438383398
716_02_041_sort_pos_joh_05,3,0.8138705800684267
716_02_041_sort_pos_joh_05,4,-0.4334607234315053
716_02_041_sort_pos_joh_05,5,1.122086610109091
716_02_041_sort_pos_joh_05,6,-0.3071037474752108
716_02_041_sort_pos_joh_05,7,0.3602883460614461
716_02_041_sort_pos_joh_05,8,0.6441378725070407
716_02_041_sort_pos_joh_05,9,0.09374252720097667
716_02_041_sort_pos_joh_06,0,-0.03179815003744471
716_02_041_sort_pos_joh_06,1,-0.3471569217037918
716_02_041_sort_pos_joh_06,2,0.288675134594813
716_02_041_sort_pos_joh_06,3,0.288675134594813
716_02_041_sort_pos_joh_06,4,-0.34715692170379164
716_02_041_sort_pos_joh_06,5,-0.03179815003744459
716_02_041_sort_pos_joh_06,6,-0.6585046078685179
716_02_041_sort_pos_joh_06,7,-0.033690856026460506
716_02_041_sort_pos_joh_06,8,-0.03179815003744459
716_02_041_sort_pos_joh_06,9,1.0837808844903067
716_02_041_sort_pos_joh_07,0,0.603022689155527
716_02_041_sort_pos_joh_07,1,-0.3310423554409472
716_02_041_sort_pos_joh_07,2,-0.3310423554409472
716_02_041_sort_pos_joh_07,3,0.5345224838248487
716_02_041_sort_pos_joh_07,4,-0.3310423554409471
716_02_041_sort_pos_joh_07,5,-0.3310423554409471
716_02_041_sort_pos_joh_07,6,-0.3310423554409471
716_02_041_sort_pos_joh_07,7,0.08567058737562387
716_02_041_sort_pos_joh_07,8,0.08567058737562387
716_02_041_sort_pos_joh_07,9,0.6030226891555271
716_02_042_sort_pos_joh_01,0,0.4523258560026341
716_02_042_sort_pos_joh_01,1,0.06297264209399389
716_02_042_sort_pos_joh_01,2,0.06345692769262183
716_02_042_sort_pos_joh_01,3,-0.927505884209861
716_02_042_sort_pos_joh_01,4,-0.5090104410898383
716_02_042_sort_pos_joh_01,5,0.20997856034159398
716_02_042_sort_pos_joh_01,6,0.8041762524717037
716_02_042_sort_pos_joh_01,7,0.5319180826001031
716_02_042_sort_pos_joh_01,8,-0.1796539907539311
716_02_042_sort_pos_joh_01,9,-0.4642051722246508
716_02_042_sort_pos_joh_02,0,-1.0788424701170891
716_02_042_sort_pos_joh_02,1,0.17510691352097396
716_02_042_sort_pos_joh_02,2,-0.41065078117659115
716_02_042_sort_pos_joh_02,3,-0.581574819168463
716_02_042_sort_pos_joh_02,4,0.48521106692320737
716_02_042_sort_pos_joh_02,5,1.2032821772491438
716_02_042_sort_pos_joh_02,6,0.2772235105070404
716_02_042_sort_pos_joh_02,7,-0.9388790365062494
716_02_042_sort_pos_joh_02,8,-0.17433883153601468
716_02_042_sort_pos_joh_02,9,1.0659099687825888
716_02_042_sort_pos_joh_03,0,-0.5541838799478425
716_02_042_sort_pos_joh_03,1,-0.570242295348561
716_02_042_sort_pos_joh_03,2,-0.10656908662060677
716_02_042_sort_pos_joh_03,3,0.13899590641808787
716_02_042_sort_pos_joh_03,4,0.7401850694039197
716_02_042_sort_pos_joh_03,5,0.5221563631381412
716_02_042_sort_pos_joh_03,6,-0.5106578958343218
716_02_042_sort_pos_joh_03,7,-0.26434451681154
716_02_042_sort_pos_joh_03,8,0.4003792368711496
716_02_042_sort_pos_joh_03,9,0.24629962872283145
716_02_042_sort_pos_joh_04,0,-0.12371791482634795
716_02_042_sort_pos_joh_04,1,-0.26437381496053264
716_02_042_sort_pos_joh_04,2,0.6521093835510692
716_02_042_sort_pos_joh_04,3,0.28180938877996636
716_02_042_sort_pos_joh_04,4,0.9199232646405502
716_02_042_sort_pos_joh_04,5,0.013586906357509898
716_02_042_sort_pos_joh_04,6,0.013586906357509898
716_02_042_sort_pos_joh_04,7,-0.6723060924368531
716_02_042_sort_pos_joh_04,8,-0.4001618103791384
716_02_042_sort_pos_joh_04,9,-0.2564525286193021
716_02_042_sort_pos_joh_05,0,-0.07979852367712996
716_02_042_sort_pos_joh_05,1,0.07677783614791282
716_02_042_sort_pos_joh_05,2,0.6033586037795672
716_02_042_sort_pos_joh_05,3,-1.478540393226516
716_02_042_sort_pos_joh_05,4,0.24693239916239745
716_02_042_sort_pos_joh_05,5,-0.23518021709589942
716_02_042_sort_pos_joh_05,6,-0.23918243661747055
716_02_042_sort_pos_joh_05,7,0.7878902192431333
716_02_042_sort_pos_joh_05,8,-0.153569251879825
716_02_042_sort_pos_joh_05,9,0.3837534749034474
716_02_042_sort_pos_joh_06,0,0.28990420344130763
716_02_042_sort_pos_joh_06,1,-0.42244824047816815
716_02_042_sort_pos_joh_06,2,-0.3195017652780493
716_02_042_sort_pos_joh_06,3,0.27987769012224434
716_02_042_sort_pos_joh_06,4,-0.5702428945197866
716_02_042_sort_pos_joh_06,5,-0.09782458241220447
716_02_042_sort_pos_joh_06,6,-0.2545096473605107
716_02_042_sort_pos_joh_06,7,0.4357752317467032
716_02_042_sort_pos_joh_06,8,0.7992545240082158
716_02_042_sort_pos_joh_06,9,-0.10706208360096992
716_02_042_sort_pos_joh_07,0,0.24284155657004744
716_02_042_sort_pos_joh_07,1,0.6560725911928993
716_02_042_sort_pos_joh_07,2,-0.008248983375444493
716_02_042_sort_pos_joh_07,3,-0.5905808320863805
716_02_042_sort_pos_joh_07,4,-0.09607444922576752
716_02_042_sort_pos_joh_07,5,-0.008404845277047303
716_02_042_sort_pos_joh_07,6,0.8520563361656323
716_02_042_sort_pos_joh_07,7,-0.42328388800544864
716_02_042_sort_pos_joh_07,8,-0.35402757015445296
716_02_042_sort_pos_joh_07,9,-0.1767766952966367
716_02_042_sort_pos_joh_08,0,0.9337088465902678
716_02_042_sort_pos_joh_08,1,-0.04562833954631148
716_02_042_sort_pos_joh_08,2,-0.6184029089975446
716_02_042_sort_pos_joh_08,3,0.1445787329915604
716_02_042_sort_pos_joh_08,4,-0.8895614631199623
716_02_042_sort_pos_joh_08,5,-0.045223412830776834
716_02_042_sort_pos_joh_08,6,0.5535541565320767
716_02_042_sort_pos_joh_08,7,-0.13991831155211967
716_02_042_sort_pos_joh_08,8,0.23775045342620954
716_02_042_sort_pos_joh_08,9,-0.04583492485141105
716_02_042_sort_pos_joh_09,0,-0.04591638777129435
716_02_042_sort_pos_joh_09,1,0.3954134437913617
716_02_042_sort_pos_joh_09,2,-0.15467960838455716
716_02_042_sort_pos_joh_09,3,0.1908959956070062
716_02_042_sort_pos_joh_09,4,0.2862158882002614
716_02_042_sort_pos_joh_09,5,-0.042961109605275924
716_02_042_sort_pos_joh_09,6,0.28254194031980245
716_02_042_sort_pos_joh_09,7,-0.1589268132152748
716_02_042_sort_pos_joh_09,8,-0.0443650964026518
716_02_042_sort_pos_joh_09,9,-0.7183759489513478
716_02_042_sort_pos_joh_10,0,-0.29408584883752326
716_02_042_sort_pos_joh_10,1,-0.41534511606373126
716_02_042_sort_pos_joh_10,2,0.07307840952418698
716_02_042_sort_pos_joh_10,3,-0.41534511606373126
716_02_042_sort_pos_joh_10,4,0.07826604801948314
716_02_042_sort_pos_joh_10,5,-0.4257657363930799
716_02_042_sort_pos_joh_10,6,0.07619393177594586
716_02_042_sort_pos_joh_10,7,-0.17352853484186173
716_02_042_sort_pos_joh_10,8,0.37508237041931963
716_02_042_sort_pos_joh_10,9,1.310771072830465
716_02_042_sort_pos_joh_11,0,1.7676169239448136
716_02_042_sort_pos_joh_11,1,-0.27504374194315884
716_02_042_sort_pos_joh_11,2,-0.16928610615840226
716_02_042_sort_pos_joh_11,3,-0.27504374194315884
716_02_042_sort_pos_joh_11,4,-0.27504374194315884
716_02_042_sort_pos_joh_11,5,-0.1692861061584022
716_02_042_sort_pos_joh_11,6,-0.16928610615840228
716_02_042_sort_pos_joh_11,7,0.6652991438591156
716_02_042_sort_pos_joh_11,8,-0.1692861061584022
716_02_042_sort_pos_joh_11,9,-0.06350006350009525
716_02_045_sort_pos_joh_01,0,-0.5399281073348534
716_02_045_sort_pos_joh_01,1,-0.8001250293045069
716_02_045_sort_pos_joh_01,2,1.0284315154335213
716_02_045_sort_pos_joh_01,3,0.2564171375056181
716_02_045_sort_pos_joh_01,4,0.2574556181812857
716_02_045_sort_pos_joh_01,5,0.1378206985726907
716_02_045_sort_pos_joh_01,6,-0.6158165391345609
716_02_045_sort_pos_joh_01,7,-0.7511658348459425
716_02_045_sort_pos_joh_01,8,0.5123699225859818
716_02_045_sort_pos_joh_01,9,0.49987920797422747
716_02_045_sort_pos_joh_03,0,0.1356214306604414
716_02_045_sort_pos_joh_03,1,-0.5575256168994492
716_02_045_sort_pos_joh_03,2,0.07952553457939902
716_02_045_sort_pos_joh_03,3,0.2463323195410737
716_02_045_sort_pos_joh_03,4,0.5750856824131779
716_02_045_sort_pos_joh_03,5,0.9650608087224448
716_02_045_sort_pos_joh_03,6,-0.08693351780259016
716_02_045_sort_pos_joh_03,7,0.08218838786411889
716_02_045_sort_pos_joh_03,8,-0.4011440898785496
716_02_045_sort_pos_joh_03,9,-0.9613063180146684
716_02_045_sort_pos_joh_04,0,-0.823677867665496
716_02_045_sort_pos_joh_04,1,-0.2892336089698204
716_02_045_sort_pos_joh_04,2,0.08684373096715756
716_02_045_sort_pos_joh_04,3,0.5266464149413079
716_02_045_sort_pos_joh_04,4,0.796578280587764
716_02_045_sort_pos_joh_04,5,0.35988283408372085
716_02_045_sort_pos_joh_04,6,0.5614899250748786
716_02_045_sort_pos_joh_04,7,-0.33914216762567845
716_02_045_sort_pos_joh_04,8,-0.8325297388920326
716_02_045_sort_pos_joh_04,9,-0.021465703069033466
716_02_045_sort_pos_joh_05,0,0.9398010750609245
716_02_045_sort_pos_joh_05,1,0.5939851611004396
716_02_045_sort_pos_joh_05,2,-0.5080005080007619
716_02_045_sort_pos_joh_05,3,-0.6281752188457035
716_02_045_sort_pos_joh_05,4,0.02164598508946056
716_02_045_sort_pos_joh_05,5,0.23199059786084028
716_02_045_sort_pos_joh_05,6,0.12549116102763158
716_02_045_sort_pos_joh_05,7,-0.39342871109367533
716_02_045_sort_pos_joh_05,8,0.020746843316185322
716_02_045_sort_pos_joh_05,9,-0.2992300153751559
716_02_045_sort_pos_joh_06,0,-0.5960830148812509
716_02_045_sort_pos_joh_06,1,0.20280805062535756
716_02_045_sort_pos_joh_06,2,-0.2809757434745079
716_02_045_sort_pos_joh_06,3,0.18877167127320374
716_02_045_sort_pos_joh_06,4,-0.43808864927852564
716_02_045_sort_pos_joh_06,5,0.34109552012032396
716_02_045_sort_pos_joh_06,6,0.03151267458316277
716_02_045_sort_pos_joh_06,7,-0.46326895222044806
716_02_045_sort_pos_joh_06,8,0.3552085260463454
716_02_045_sort_pos_joh_06,9,0.7298004491997625
716_02_045_sort_pos_joh_07,0,-0.8340307062391309
716_02_045_sort_pos_joh_07,1,1.3485961799003128
716_02_045_sort_pos_joh_07,2,1.2771153210115618
716_02_045_sort_pos_joh_07,3,-0.1013899472609929
716_02_045_sort_pos_joh_07,4,-0.10364578640890937
716_02_045_sort_pos_joh_07,5,-1.0772772696894115
716_02_045_sort_pos_joh_07,6,-0.38227293480585683
716_02_045_sort_pos_joh_07,7,-0.4866076840168132
716_02_045_sort_pos_joh_07,8,0.17274551669635635
716_02_045_sort_pos_joh_07,9,0.27110789614653613
716_02_045_sort_pos_joh_08,0,-0.0325969899503806
716_02_045_sort_pos_joh_08,1,-0.7132467526968197
716_02_045_sort_pos_joh_08,2,1.2373499594914037
716_02_045_sort_pos_joh_08,3,-0.09550266408397287
716_02_045_sort_pos_joh_08,4,-0.3493560172523118
716_02_045_sort_pos_joh_08,5,-0.34935601725231163
716_02_045_sort_pos_joh_08,6,0.28505573384448224
716_02_045_sort_pos_joh_08,7,-0.16762298316401905
716_02_045_sort_pos_joh_08,8,-0.03159750869784718
716_02_045_sort_pos_joh_08,9,0.42132356906639673
716_02_045_sort_pos_joh_10,0,-0.11230993587059536
716_02_045_sort_pos_joh_10,1,-0.11008303392317739
716_02_045_sort_pos_joh_10,2,-0.3509312031717981
716_02_045_sort_pos_joh_10,3,-0.6738171205292091
716_02_045_sort_pos_joh_10,4,-0.11308281825797481
716_02_045_sort_pos_joh_10,5,-0.23160499637583745
716_02_045_sort_pos_joh_10,6,0.7031625539346308
716_02_045_sort_pos_joh_10,7,0.35355339059327434
716_02_045_sort_pos_joh_10,8,0.35897907930886924
716_02_045_sort_pos_joh_10,9,0.2277880688986986
716_02_048_sort_pos_joh_01,0,0.7060058172264768
716_02_048_sort_pos_joh_01,1,0.10209531217803182
716_02_048_sort_pos_joh_01,2,-0.28001064523514335
716_02_048_sort_pos_joh_01,3,-0.42546955693135596
716_02_048_sort_pos_joh_01,4,-0.023621131941132845
716_02_048_sort_pos_joh_01,5,0.5144386844599144
716_02_048_sort_pos_joh_01,6,-0.5975732562561377
716_02_048_sort_pos_joh_01,7,0.7182421588878409
716_02_048_sort_pos_joh_01,8,-0.7727694325798458
716_02_048_sort_pos_joh_01,9,0.055092071560750945
716_02_048_sort_pos_joh_02,0,-0.637684492675411
716_02_048_sort_pos_joh_02,1,-0.3842494358993455
716_02_048_sort_pos_joh_02,2,-0.03880752628531702
716_02_048_sort_pos_joh_02,3,-0.6395851258860837
716_02_048_sort_pos_joh_02,4,0.004228603876758395
716_02_048_sort_pos_joh_02,5,3.1211543501742964
716_02_048_sort_pos_joh_02,6,0.1730204251809148
716_02_048_sort_pos_joh_02,7,-0.5107107995581927
716_02_048_sort_pos_joh_02,8,-0.7724923653890675
716_02_048_sort_pos_joh_02,9,0.5109489320703428
716_02_048_sort_pos_joh_03,0,-0.4813783164567322
716_02_048_sort_pos_joh_03,1,0.45864291977025295
716_02_048_sort_pos_joh_03,2,-0.500254447056788
716_02_048_sort_pos_joh_03,3,-0.7771900887581872
716_02_048_sort_pos_joh_03,4,-0.49291867503623715
716_02_048_sort_pos_joh_03,5,0.07530766903514759
716_02_048_sort_pos_joh_03,6,1.0565410875907477
716_02_048_sort_pos_joh_03,7,0.18359701840863069
716_02_048_sort_pos_joh_03,8,-0.018695671611767287
716_02_048_sort_pos_joh_03,9,0.5530083017624429
716_02_048_sort_pos_joh_04,0,0.18386155324214454
716_02_048_sort_pos_joh_04,1,-0.22866219452271502
716_02_048_sort_pos_joh_04,2,-0.5129374136045336
716_02_048_sort_pos_joh_04,3,-0.6418363788743134
716_02_048_sort_pos_joh_04,4,0.4614482071329961
716_02_048_sort_pos_joh_04,5,0.39657510694235354
716_02_048_sort_pos_joh_04,6,-0.3123475237772126
716_02_048_sort_pos_joh_04,7,1.1393392401506808
716_02_048_sort_pos_joh_04,8,-0.09349761792808761
716_02_048_sort_pos_joh_04,9,-0.23267486307605414
716_02_048_sort_pos_joh_05,0,-0.3086066999241838
716_02_048_sort_pos_joh_05,1,-0.48594709415043624
716_02_048_sort_pos_joh_05,2,-0.4015821161626157
716_02_048_sort_pos_joh_05,3,-0.38310726033430537
716_02_048_sort_pos_joh_05,4,-0.13828087877259101
716_02_048_sort_pos_joh_05,5,0.8157890580912127
716_02_048_sort_pos_joh_05,6,0.5817220373604785
716_02_048_sort_pos_joh_05,7,-0.05155392622264652
716_02_048_sort_pos_joh_05,8,0.3736334585524571
716_02_048_sort_pos_joh_05,9,0.034868402187720644
716_02_048_sort_pos_joh_07,0,0.4110893010135646
716_02_048_sort_pos_joh_07,1,0.22052713856798842
716_02_048_sort_pos_joh_07,2,1.351219220870331
716_02_048_sort_pos_joh_07,3,-0.14507139155764276
716_02_048_sort_pos_joh_07,4,-0.14771818249220328
716_02_048_sort_pos_joh_07,5,-0.32732683535398865
716_02_048_sort_pos_joh_07,6,-0.6956394246413019
716_02_048_sort_pos_joh_07,7,0.41108930101356483
716_02_048_sort_pos_joh_07,8,-0.5107822456740645
716_02_048_sort_pos_joh_07,9,-0.14771818249220314
716_02_050_sort_pos_joh_01,0,1.6072175972758216
716_02_050_sort_pos_joh_01,1,0.7691541242246789
716_02_050_sort_pos_joh_01,2,-0.6387581704784304
716_02_050_sort_pos_joh_01,3,-0.5717567734156723
716_02_050_sort_pos_joh_01,4,-0.38489090848735824
716_02_050_sort_pos_joh_01,5,-0.012299776419002201
716_02_050_sort_pos_joh_01,6,-0.26000709722936477
716_02_050_sort_pos_joh_01,7,0.5215408214973012
716_02_050_sort_pos_joh_01,8,-0.19871081516997086
716_02_050_sort_pos_joh_01,9,-0.35559082331412745
716_02_050_sort_pos_joh_02,0,-0.31092240105283486
716_02_050_sort_pos_joh_02,1,-0.13449182072138485
716_02_050_sort_pos_joh_02,2,-0.004364524075470803
716_02_050_sort_pos_joh_02,3,-0.2209283203881648
716_02_050_sort_pos_joh_02,4,0.03953876864748665
716_02_050_sort_pos_joh_02,5,-0.3083781104261177
716_02_050_sort_pos_joh_02,6,0.03970463730922457
716_02_050_sort_pos_joh_02,7,2.2862702112327256
716_02_050_sort_pos_joh_02,8,-0.09085547303895382
716_02_050_sort_pos_joh_02,9,-0.04859793228631249
716_02_050_sort_pos_joh_03,0,0.9496273738354202
716_02_050_sort_pos_joh_03,1,0.8996623724043098
716_02_050_sort_pos_joh_03,2,-0.43363361110540144
716_02_050_sort_pos_joh_03,3,-0.13622829255843738
716_02_050_sort_pos_joh_03,4,-0.13546061622987507
716_02_050_sort_pos_joh_03,5,-0.3231467032503374
716_02_050_sort_pos_joh_03,6,0.042977958836102226
716_02_050_sort_pos_joh_03,7,0.24049816620847364
716_02_050_sort_pos_joh_03,8,-0.43199047734546125
716_02_050_sort_pos_joh_03,9,-0.43953578390891757
716_02_050_sort_pos_joh_04,0,-0.1183784309525946
716_02_050_sort_pos_joh_04,1,0.1180809557152265
716_02_050_sort_pos_joh_04,2,-0.12213299218650786
716_02_050_sort_pos_joh_04,3,0.12180638428352387
716_02_050_sort_pos_joh_04,4,-0.35623524993954836
716_02_050_sort_pos_joh_04,5,0.12590824129146966
716_02_050_sort_pos_joh_04,6,0.12180638428352387
716_02_050_sort_pos_joh_04,7,-0.13085598064755358
716_02_050_sort_pos_joh_04,8,-0.1183784309525946
716_02_050_sort_pos_joh_04,9,0.37688918072220434
716_02_052_sort_pos_joh_01,0,-0.38289360879703926
716_02_052_sort_pos_joh_01,1,0.2759273840165356
716_02_052_sort_pos_joh_01,2,0.19867985355975679
716_02_052_sort_pos_joh_01,3,-0.23430787756326793
716_02_052_sort_pos_joh_01,4,0.0504918575564464
716_02_052_sort_pos_joh_01,5,-0.5293748148268782
716_02_052_sort_pos_joh_01,6,0.4226398506351227
716_02_052_sort_pos_joh_01,7,0.3680872501850253
716_02_052_sort_pos_joh_01,8,0.5913708978273561
716_02_052_sort_pos_joh_01,9,-0.6030823803853678
716_02_052_sort_pos_joh_02,0,-1.3091376848904221
716_02_052_sort_pos_joh_02,1,0.5782555190960899
716_02_052_sort_pos_joh_02,2,1.124136455997556
716_02_052_sort_pos_joh_02,3,-0.03156496045715238
716_02_052_sort_pos_joh_02,4,0.3293622706857475
716_02_052_sort_pos_joh_02,5,-0.06819548019113422
716_02_052_sort_pos_joh_02,6,-0.033241124765727006
716_02_052_sort_pos_joh_02,7,0.25655184908916623
716_02_052_sort_pos_joh_02,8,-0.4283458605046322
716_02_052_sort_pos_joh_02,9,-0.38851095154183274
716_02_052_sort_pos_joh_03,0,-0.29210311891849294
716_02_052_sort_pos_joh_03,1,-0.3985479451814535
716_02_052_sort_pos_joh_03,2,-0.10064621027855916
716_02_052_sort_pos_joh_03,3,-0.1974015319898844
716_02_052_sort_pos_joh_03,4,0.5212860351426867
716_02_052_sort_pos_joh_03,5,-1.1285761872936697
716_02_052_sort_pos_joh_03,6,0.1970562900257063
716_02_052_sort_pos_joh_03,7,0.20023039751197075
716_02_052_sort_pos_joh_03,8,1.2902837443336173
716_02_052_sort_pos_joh_03,9,0.09974100962589943
716_02_052_sort_pos_joh_04,0,-0.3392654862413473
716_02_052_sort_pos_joh_04,1,0.28190459144096364
716_02_052_sort_pos_joh_04,2,-0.03147752814788228
716_02_052_sort_pos_joh_04,3,-0.03435533686120485
716_02_052_sort_pos_joh_04,4,-0.18814417367671923
716_02_052_sort_pos_joh_04,5,-0.03282218742059175
716_02_052_sort_pos_joh_04,6,-0.1856953381770519
716_02_052_sort_pos_joh_04,7,0.28571428571428586
716_02_052_sort_pos_joh_04,8,0.42919753763947616
716_02_052_sort_pos_joh_04,9,-0.19611613513818407
716_02_052_sort_pos_joh_07,0,-0.46311684464748903
716_02_052_sort_pos_joh_07,1,2.0124333261941083
716_02_052_sort_pos_joh_07,2,0.3921598782113492
716_02_052_sort_pos_joh_07,3,0.07542928274545574
716_02_052_sort_pos_joh_07,4,-0.6956083436402524
716_02_052_sort_pos_joh_07,5,-0.37974805239115783
716_02_052_sort_pos_joh_07,6,-0.45726979045748095
716_02_052_sort_pos_joh_07,7,0.07760570304911894
716_02_052_sort_pos_joh_07,8,0.30277843996032355
716_02_052_sort_pos_joh_07,9,-0.15228181155490086
716_02_056_sort_pos_joh_01,0,-0.44104244351767286
716_02_056_sort_pos_joh_01,1,-0.15969482688245923
716_02_056_sort_pos_joh_01,2,0.17025130615174983
716_02_056_sort_pos_joh_01,3,-0.158939251649522
716_02_056_sort_pos_joh_01,4,2.39521086689865
716_02_056_sort_pos_joh_01,5,-0.1127319777551082
716_02_056_sort_pos_joh_01,6,-0.29846642969749937
716_02_056_sort_pos_joh_01,7,-0.3917712723459341
716_02_056_sort_pos_joh_01,8,0.028816529291194777
716_02_056_sort_pos_joh_01,9,-0.01932931110741305
716_02_056_sort_pos_joh_02,0,-0.05974436308654381
716_02_056_sort_pos_joh_02,1,0.1853123291652756
716_02_056_sort_pos_joh_02,2,0.059553357209682016
716_02_056_sort_pos_joh_02,3,0.060014885537648936
716_02_056_sort_pos_joh_02,4,0.9284766908852594
716_02_056_sort_pos_joh_02,5,1.533377840184132
716_02_056_sort_pos_joh_02,6,-0.5370861555295745
716_02_056_sort_pos_joh_02,7,-0.65902536316086
716_02_056_sort_pos_joh_02,8,-0.65902536316086
716_02_056_sort_pos_joh_02,9,-0.4161656349499271
716_02_056_sort_pos_joh_03,0,-0.36178730264621084
716_02_056_sort_pos_joh_03,1,-0.18133923944705352
716_02_056_sort_pos_joh_03,2,-6.81385854726911e-17
716_02_056_sort_pos_joh_03,3,0.0
716_02_056_sort_pos_joh_03,4,2.9040893477575778
716_02_056_sort_pos_joh_03,5,0.18579146207522115
716_02_056_sort_pos_joh_03,6,0.0
716_02_056_sort_pos_joh_03,7,-0.36178730264621084
716_02_056_sort_pos_joh_03,8,-0.36178730264621084
716_02_056_sort_pos_joh_03,9,-0.1813392394470534
716_02_056_sort_pos_joh_04,0,
716_02_056_sort_pos_joh_04,1,
716_02_056_sort_pos_joh_04,2,
716_02_056_sort_pos_joh_04,3,
716_02_056_sort_pos_joh_04,4,
716_02_056_sort_pos_joh_04,5,
716_02_056_sort_pos_joh_04,6,
716_02_056_sort_pos_joh_04,7,
716_02_056_sort_pos_joh_04,8,
716_02_056_sort_pos_joh_04,9,
716_02_056_sort_pos_joh_05,0,-0.3194382824999699
716_02_056_sort_pos_joh_05,1,-0.3194382824999699
716_02_056_sort_pos_joh_05,2,0.35355339059327373
716_02_056_sort_pos_joh_05,3,0.35355339059327373
716_02_056_sort_pos_joh_05,4,-0.3194382824999699
716_02_056_sort_pos_joh_05,5,-0.3194382824999699
716_02_056_sort_pos_joh_05,6,-0.3194382824999699
716_02_056_sort_pos_joh_05,7,1.2126781251816647
716_02_056_sort_pos_joh_05,8,-0.3194382824999699
716_02_056_sort_pos_joh_05,9,0.3535533905932736
716_02_056_sort_pos_joh_06,0,-0.242535625036333
716_02_056_sort_pos_joh_06,1,0.686406472983644
716_02_056_sort_pos_joh_06,2,-0.24253562503633305
716_02_056_sort_pos_joh_06,3,0.686406472983644
716_02_056_sort_pos_joh_06,4,-0.242535625036333
716_02_056_sort_pos_joh_06,5,0.686406472983644
716_02_056_sort_pos_joh_06,6,-0.242535625036333
716_02_056_sort_pos_joh_06,7,-0.242535625036333
716_02_056_sort_pos_joh_06,8,-0.242535625036333
716_02_056_sort_pos_joh_06,9,-0.242535625036333
716_02_067_sort_pos_joh_01,0,0.017689204094751217
716_02_067_sort_pos_joh_01,1,-0.39926492220414456
716_02_067_sort_pos_joh_01,2,-0.7158171859449571
716_02_067_sort_pos_joh_01,3,-0.8589063787389606
716_02_067_sort_pos_joh_01,4,-0.04763288575908307
716_02_067_sort_pos_joh_01,5,3.4558465356102865
716_02_067_sort_pos_joh_01,6,0.4910856619494954
716_02_067_sort_pos_joh_01,7,0.10611862318711435
716_02_067_sort_pos_joh_01,8,-0.4675994063597087
716_02_067_sort_pos_joh_01,9,-0.3510344030573321
716_02_067_sort_pos_joh_02,0,-0.5337642709204037
716_02_067_sort_pos_joh_02,1,-0.7550956836887787
716_02_067_sort_pos_joh_02,2,-0.7167862291039173
716_02_067_sort_pos_joh_02,3,-0.5862550381508826
716_02_067_sort_pos_joh_02,4,-0.10344347126425836
716_02_067_sort_pos_joh_02,5,2.8674178510698742
716_02_067_sort_pos_joh_02,6,0.8206343795280271
716_02_067_sort_pos_joh_02,7,0.3705107209950369
716_02_067_sort_pos_joh_02,8,-0.3620521494249046
716_02_067_sort_pos_joh_02,9,-0.18623848543229587
716_02_069_sort_pos_joh_01,0,-0.5779520399866274
716_02_069_sort_pos_joh_01,1,-0.7499779554868747
716_02_069_sort_pos_joh_01,2,-0.3395971906491767
716_02_069_sort_pos_joh_01,3,-0.07028368397718873
716_02_069_sort_pos_joh_01,4,-0.1631181743481105
716_02_069_sort_pos_joh_01,5,2.3772985924495385
716_02_069_sort_pos_joh_01,6,0.43115896238366913
716_02_069_sort_pos_joh_01,7,-0.011705718352520983
716_02_069_sort_pos_joh_01,8,-0.5339106555274538
716_02_069_sort_pos_joh_01,9,0.04763508395276863
716_02_069_sort_pos_joh_04,0,1.354932525289683
716_02_069_sort_pos_joh_04,1,-0.054124473540572066
716_02_069_sort_pos_joh_04,2,-0.37794243619184537
716_02_069_sort_pos_joh_04,3,-0.6575071029129482
716_02_069_sort_pos_joh_04,4,-0.27143464276929824
716_02_069_sort_pos_joh_04,5,-0.10819666170301132
716_02_069_sort_pos_joh_04,6,0.21608997699003124
716_02_069_sort_pos_joh_04,7,0.8782825397371997
716_02_069_sort_pos_joh_04,8,0.05561050666251589
716_02_069_sort_pos_joh_04,9,-0.5999206768901874
716_02_069_sort_pos_joh_05,0,0.33776083380061583
716_02_069_sort_pos_joh_05,1,-0.38946809016712375
716_02_069_sort_pos_joh_05,2,-0.5357819306461927
716_02_069_sort_pos_joh_05,3,-0.4618200864423328
716_02_069_sort_pos_joh_05,4,0.04295367795875584
716_02_069_sort_pos_joh_05,5,0.5598991961996558
716_02_069_sort_pos_joh_05,6,0.3417642846041057
716_02_069_sort_pos_joh_05,7,1.691955894826663
716_02_069_sort_pos_joh_05,8,-0.3905667329424715
716_02_069_sort_pos_joh_05,9,-0.463124119819617
716_02_069_sort_pos_joh_06,0,-0.27735009811261435
716_02_069_sort_pos_joh_06,1,-0.12249841494775651
716_02_069_sort_pos_joh_06,2,0.35355339059327395
716_02_069_sort_pos_joh_06,3,-0.43427818999741763
716_02_069_sort_pos_joh_06,4,-0.27386127875258287
716_02_069_sort_pos_joh_06,5,0.335340918467331
716_02_069_sort_pos_joh_06,6,0.3535533905932738
716_02_069_sort_pos_joh_06,7,1.485562705416415
716_02_069_sort_pos_joh_06,8,-0.4342781899974175
716_02_069_sort_pos_joh_06,9,-0.5857950951792968
716_03_029_sort_pos_joh_01,0,0.6340715212321282
716_03_029_sort_pos_joh_01,1,0.5539117094069971
716_03_029_sort_pos_joh_01,2,-4.322446963842875e-16
716_03_029_sort_pos_joh_01,3,-0.645566924300551
716_03_029_sort_pos_joh_01,4,-0.2882306768491571
716_03_029_sort_pos_joh_01,5,-4.1552285715682837e-16
716_03_029_sort_pos_joh_01,6,-0.41314164884322263
716_03_029_sort_pos_joh_01,7,-0.7073688181720804
716_03_029_sort_pos_joh_01,8,0.9005004170528446
716_03_029_sort_pos_joh_02,0,0.026118653880939306
716_03_029_sort_pos_joh_02,1,0.21978622751252988
716_03_029_sort_pos_joh_02,2,0.8571858022542713
716_03_029_sort_pos_joh_02,3,-0.5326644151892457
716_03_029_sort_pos_joh_02,4,-0.8661615813166841
716_03_029_sort_pos_joh_02,5,-0.4695129501661906
716_03_029_sort_pos_joh_02,6,0.21652547165930278
716_03_029_sort_pos_joh_02,7,0.4026670187372914
716_03_029_sort_pos_joh_02,8,0.16142686245425175
716_03_029_sort_pos_joh_04,0,-0.588779865674238
716_03_029_sort_pos_joh_04,1,0.011158740731283508
716_03_029_sort_pos_joh_04,2,-0.595881877330148
716_03_029_sort_pos_joh_04,3,0.6269867707187055
716_03_029_sort_pos_joh_04,4,0.6608305250371277
716_03_029_sort_pos_joh_04,5,-0.3051441424284633
716_03_029_sort_pos_joh_04,6,-0.290181463079051
716_03_029_sort_pos_joh_04,7,0.11138647983852784
716_03_029_sort_pos_joh_04,8,0.4693330712595867
716_03_045_sort_pos_joh_01,0,0.7189016426921301
716_03_045_sort_pos_joh_01,1,-0.07320718039286862
716_03_045_sort_pos_joh_01,2,-0.06989175161258492
716_03_045_sort_pos_joh_01,3,0.9215966590235202
716_03_045_sort_pos_joh_01,4,-0.6187554595775893
716_03_045_sort_pos_joh_01,5,-0.726804604526447
716_03_045_sort_pos_joh_01,6,0.24907134446892507
716_03_045_sort_pos_joh_01,7,0.2575133858019967
716_03_045_sort_pos_joh_01,8,-0.5259237061407774
716_03_045_sort_pos_joh_02,0,-0.3303504247281059
716_03_045_sort_pos_joh_02,1,-0.4363219682342888
716_03_045_sort_pos_joh_02,2,-0.3549140885943755
716_03_045_sort_pos_joh_02,3,0.8443411002966273
716_03_045_sort_pos_joh_02,4,-0.32602250298283514
716_03_045_sort_pos_joh_02,5,-0.21993628253957603
716_03_045_sort_pos_joh_02,6,0.7511979080926174
716_03_045_sort_pos_joh_02,7,0.5310850045437948
716_03_045_sort_pos_joh_02,8,-0.42783859310050887
716_03_045_sort_pos_joh_03,0,1.2825073171779724
716_03_045_sort_pos_joh_03,1,-0.16614943214713926
716_03_045_sort_pos_joh_03,2,-0.3813850356982369
716_03_045_sort_pos_joh_03,3,0.266554096419961
716_03_045_sort_pos_joh_03,4,-0.17083336359718299
716_03_045_sort_pos_joh_03,5,-0.16614943214713943
716_03_045_sort_pos_joh_03,6,0.31454258863532747
716_03_045_sort_pos_joh_03,7,-0.3813850356982369
716_03_045_sort_pos_joh_03,8,-0.3813850356982369
716_03_045_sort_pos_joh_04,0,-0.6576223827953895
716_03_045_sort_pos_joh_04,1,-0.649648894145193
716_03_045_sort_pos_joh_04,2,0.06388765649999398
716_03_045_sort_pos_joh_04,3,0.06551217820804225
716_03_045_sort_pos_joh_04,4,-0.07836451555366868
716_03_045_sort_pos_joh_04,5,0.34391796971439714
716_03_045_sort_pos_joh_04,6,0.6509445549041191
716_03_045_sort_pos_joh_04,7,0.06637233115999695
716_03_045_sort_pos_joh_04,8,0.20414931311874573
716_03_046_sort_pos_joh_01,0,-0.2782280683305097
716_03_046_sort_pos_joh_01,1,-0.18929711812892752
716_03_046_sort_pos_joh_01,2,0.20416465811220266
716_03_046_sort_pos_joh_01,3,-0.41409567898671784
716_03_046_sort_pos_joh_01,4,-0.3778941867281904
716_03_046_sort_pos_joh_01,5,0.06240348693609042
716_03_046_sort_pos_joh_01,6,0.8428805509045731
716_03_046_sort_pos_joh_01,7,0.5469394087739269
716_03_046_sort_pos_joh_01,8,-0.36954165985434706
716_03_046_sort_pos_joh_02,0,0.291729982995789
716_03_046_sort_pos_joh_02,1,-0.03629770043203126
716_03_046_sort_pos_joh_02,2,-0.34710506725031137
716_03_046_sort_pos_joh_02,3,-0.36037498507822324
716_03_046_sort_pos_joh_02,4,-0.4403349359871
716_03_046_sort_pos_joh_02,5,0.3608310616747406
716_03_046_sort_pos_joh_02,6,0.126812426570328
716_03_046_sort_pos_joh_02,7,0.21970623029458805
716_03_046_sort_pos_joh_02,8,0.22891522294657773
716_03_046_sort_pos_joh_03,0,0.9265894384375509
716_03_046_sort_pos_joh_03,1,0.33782833834752396
716_03_046_sort_pos_joh_03,2,0.15079583988290443
716_03_046_sort_pos_joh_03,3,-0.6830565269396134
716_03_046_sort_pos_joh_03,4,0.7400001659990944
716_03_046_sort_pos_joh_03,5,-0.05984812886908997
716_03_046_sort_pos_joh_03,6,-0.5060196447152717
716_03_046_sort_pos_joh_03,7,-0.1890981574226148
716_03_046_sort_pos_joh_03,8,-0.7077213829279743
716_03_046_sort_pos_joh_04,0,0.3840122885898557
716_03_046_sort_pos_joh_04,1,0.4748539257901979
716_03_046_sort_pos_joh_04,2,0.4444199656439845
716_03_046_sort_pos_joh_04,3,-0.7981282203792472
716_03_046_sort_pos_joh_04,4,-0.3617636524240255
716_03_046_sort_pos_joh_04,5,-0.14528087205371648
716_03_046_sort_pos_joh_04,6,-0.04356068418690335
716_03_046_sort_pos_joh_04,7,0.05560019090914276
716_03_046_sort_pos_joh_04,8,-0.044324220717793766
716_03_046_sort_pos_joh_05,0,0.5677270907634908
716_03_046_sort_pos_joh_05,1,0.7131097929002174
716_03_046_sort_pos_joh_05,2,0.735767207381959
716_03_046_sort_pos_joh_05,3,0.17586311452816453
716_03_046_sort_pos_joh_05,4,-0.7494329534211216
716_03_046_sort_pos_joh_05,5,-0.3487429162314579
716_03_046_sort_pos_joh_05,6,-0.8948249794078403
716_03_046_sort_pos_joh_05,7,-0.21300716142115228
716_03_046_sort_pos_joh_05,8,0.17234549688642797
716_03_046_sort_pos_joh_06,0,0.03610790723370605
716_03_046_sort_pos_joh_06,1,0.036107907233706174
716_03_046_sort_pos_joh_06,2,0.797924998575035
716_03_046_sort_pos_joh_06,3,0.3617873026462107
716_03_046_sort_pos_joh_06,4,-0.28867513459481303
716_03_046_sort_pos_joh_06,5,-0.28867513459481303
716_03_046_sort_pos_joh_06,6,-0.28867513459481303
716_03_046_sort_pos_joh_06,7,-0.28867513459481303
716_03_046_sort_pos_joh_06,8,0.03610790723370605
716_03_050_sort_pos_joh_01,0,-0.7487215380939959
716_03_050_sort_pos_joh_01,1,-0.7170408215193791
716_03_050_sort_pos_joh_01,2,-0.04639606742978395
716_03_050_sort_pos_joh_01,3,-0.2579463569991692
716_03_050_sort_pos_joh_01,4,-0.046197604254363284
716_03_050_sort_pos_joh_01,5,2.0121737468868512
716_03_050_sort_pos_joh_01,6,1.3598676853210931
716_03_050_sort_pos_joh_01,7,-0.2935988609743368
716_03_050_sort_pos_joh_01,8,-0.7492686492653553
716_03_050_sort_pos_joh_02,0,0.26105594921987046
716_03_050_sort_pos_joh_02,1,0.49499580097498025
716_03_050_sort_pos_joh_02,2,-0.2412791723173469
716_03_050_sort_pos_joh_02,3,0.4649549239701311
716_03_050_sort_pos_joh_02,4,-0.24967703225419782
716_03_050_sort_pos_joh_02,5,-0.07474350927519356
716_03_050_sort_pos_joh_02,6,-0.4125322303395421
716_03_050_sort_pos_joh_02,7,0.26552513463380845
716_03_050_sort_pos_joh_02,8,-0.4125322303395421
716_03_050_sort_pos_joh_03,0,-0.11188112109423021
716_03_050_sort_pos_joh_03,1,-0.44474958999666064
716_03_050_sort_pos_joh_03,2,0.2425356250363329
716_03_050_sort_pos_joh_03,3,0.6128833848340776
716_03_050_sort_pos_joh_03,4,-0.4447495899966607
716_03_050_sort_pos_joh_03,5,0.22549380840084848
716_03_050_sort_pos_joh_03,6,0.8456309351131319
716_03_050_sort_pos_joh_03,7,0.05567980899631088
716_03_050_sort_pos_joh_03,8,-0.7875615306482168
716_03_050_sort_pos_joh_04,0,-0.2670666578007804
716_03_050_sort_pos_joh_04,1,-0.6030226891555271
716_03_050_sort_pos_joh_04,2,0.0773823232534136
716_03_050_sort_pos_joh_04,3,-0.2670666578007805
716_03_050_sort_pos_joh_04,4,0.46861575512653564
716_03_050_sort_pos_joh_04,5,1.2930460899963585
716_03_050_sort_pos_joh_04,6,0.07738232325341372
716_03_050_sort_pos_joh_04,7,-0.2670666578007804
716_03_050_sort_pos_joh_04,8,-0.2670666578007804
716_03_052_sort_pos_joh_01,0,-0.8690322595095413
716_03_052_sort_pos_joh_01,1,-1.0718540022820902
716_03_052_sort_pos_joh_01,2,0.02897439351630113
716_03_052_sort_pos_joh_01,3,0.5310991753130457
716_03_052_sort_pos_joh_01,4,1.0668962684823726
716_03_052_sort_pos_joh_01,5,1.1522645938209342
716_03_052_sort_pos_joh_01,6,0.5487487954011214
716_03_052_sort_pos_joh_01,7,-0.22504665034619262
716_03_052_sort_pos_joh_01,8,-1.110753221906532
716_03_052_sort_pos_joh_02,0,-0.4702865613906426
716_03_052_sort_pos_joh_02,1,0.5779061264453217
716_03_052_sort_pos_joh_02,2,0.12126781251816664
716_03_052_sort_pos_joh_02,3,0.050967420907442655
716_03_052_sort_pos_joh_02,4,0.9802982085433869
716_03_052_sort_pos_joh_02,5,0.18218109873833566
716_03_052_sort_pos_joh_02,6,-0.282889734066888
716_03_052_sort_pos_joh_02,7,-0.2722353613564942
716_03_052_sort_pos_joh_02,8,-0.6083402782747227
716_03_052_sort_pos_joh_05,0,1.375047745542317
716_03_052_sort_pos_joh_05,1,0.12780429685269137
716_03_052_sort_pos_joh_05,2,-0.2321469697602411
716_03_052_sort_pos_joh_05,3,0.11794217009561261
716_03_052_sort_pos_joh_05,4,-0.2321469697602411
716_03_052_sort_pos_joh_05,5,0.48038446141526153
716_03_052_sort_pos_joh_05,6,-0.5722856952873867
716_03_052_sort_pos_joh_05,7,-0.23214696976024116
716_03_052_sort_pos_joh_05,8,-0.5722856952873867
716_03_052_sort_pos_joh_06,0,0.27708708231318574
716_03_052_sort_pos_joh_06,1,0.0
716_03_052_sort_pos_joh_06,2,-0.7986208584745024
716_03_052_sort_pos_joh_06,3,0.27708708231318574
716_03_052_sort_pos_joh_06,4,0.0
716_03_052_sort_pos_joh_06,5,1.1717001988274145
716_03_052_sort_pos_joh_06,6,-0.2652802069212622
716_03_052_sort_pos_joh_06,7,-0.2652802069212622
716_03_052_sort_pos_joh_06,8,-0.26528020692126225
716_03_052_sort_pos_joh_07,0,-0.4975185951049947
716_03_052_sort_pos_joh_07,1,-0.4975185951049947
716_03_052_sort_pos_joh_07,2,-0.049568159709660865
716_03_052_sort_pos_joh_07,3,0.1910117280903363
716_03_052_sort_pos_joh_07,4,0.6590367178037059
716_03_052_sort_pos_joh_07,5,0.6590367178037059
716_03_052_sort_pos_joh_07,6,-0.0510976130307595
716_03_052_sort_pos_joh_07,7,0.1910117280903363
716_03_052_sort_pos_joh_07,8,-0.4975185951049945
716_03_063_sort_neg_joh_01,0,-0.5806707814612843
716_03_063_sort_neg_joh_01,1,-0.7397173518364836
716_03_063_sort_neg_joh_01,2,-0.22318013249618765
716_03_063_sort_neg_joh_01,3,-0.4538513856498976
716_03_063_sort_neg_joh_01,4,-0.09056782897679266
716_03_063_sort_neg_joh_01,5,-0.11289902703452352
716_03_063_sort_neg_joh_01,6,1.313091550427157
716_03_063_sort_neg_joh_01,7,1.0689006483823973
716_03_063_sort_neg_joh_01,8,-0.09354215644803082
716_03_063_sort_neg_joh_02,0,-0.29115019040410295
716_03_063_sort_neg_joh_02,1,-0.2663179698636493
716_03_063_sort_neg_joh_02,2,-0.0921225430717608
716_03_063_sort_neg_joh_02,3,-0.9907275076965544
716_03_063_sort_neg_joh_02,4,-0.8488346555859403
716_03_063_sort_neg_joh_02,5,-0.2340039500200148
716_03_063_sort_neg_joh_02,6,1.611299772250702
716_03_063_sort_neg_joh_02,7,1.0088670380924365
716_03_063_sort_neg_joh_02,8,0.2144873950026249
716_03_063_sort_neg_joh_03,0,0.5916675885591182
716_03_063_sort_neg_joh_03,1,0.06336790764680086
716_03_063_sort_neg_joh_03,2,-0.5318319173239974
716_03_063_sort_neg_joh_03,3,-0.573441548008613
716_03_063_sort_neg_joh_03,4,-0.8267833305962673
716_03_063_sort_neg_joh_03,5,0.32846689208327595
716_03_063_sort_neg_joh_03,6,0.9734199958190108
716_03_063_sort_neg_joh_03,7,0.4633972882506366
716_03_063_sort_neg_joh_03,8,-0.5177269909067923
716_03_063_sort_neg_joh_04,0,0.22146404115766838
716_03_063_sort_neg_joh_04,1,0.3946838537377372
716_03_063_sort_neg_joh_04,2,0.058222250973958244
716_03_063_sort_neg_joh_04,3,0.4869969646571749
716_03_063_sort_neg_joh_04,4,-0.8000362836474322
716_03_063_sort_neg_joh_04,5,0.13376338862031342
716_03_063_sort_neg_joh_04,6,-0.6310085945810091
716_03_063_sort_neg_joh_04,7,0.5673521058541755
716_03_063_sort_neg_joh_04,8,-0.4692371322034652
716_03_063_sort_neg_joh_05,0,-0.49063678958382734
716_03_063_sort_neg_joh_05,1,-0.13406223004292953
716_03_063_sort_neg_joh_05,2,-0.13072174640400042
716_03_063_sort_neg_joh_05,3,-0.13523395425995707
716_03_063_sort_neg_joh_05,4,-0.3674047167570344
716_03_063_sort_neg_joh_05,5,-0.1296625385652917
716_03_063_sort_neg_joh_05,6,0.7657072940727429
716_03_063_sort_neg_joh_05,7,0.8072106035467518
716_03_063_sort_neg_joh_05,8,-0.013499961187667331
716_03_063_sort_neg_joh_06,0,1.5666989036012802
716_03_063_sort_neg_joh_06,1,-0.31525624984682643
716_03_063_sort_neg_joh_06,2,0.34337141717243225
716_03_063_sort_neg_joh_06,3,-0.6255432421712244
716_03_063_sort_neg_joh_06,4,-0.6255432421712244
716_03_063_sort_neg_joh_06,5,-0.3152562498468266
716_03_063_sort_neg_joh_06,6,0.9905339316335218
716_03_063_sort_neg_joh_06,7,-0.3152562498468266
716_03_063_sort_neg_joh_06,8,-0.3152562498468266
716_03_067_sort_pos_joh_01,0,-0.9559127176594273
716_03_067_sort_pos_joh_01,1,-0.5650562372013411
716_03_067_sort_pos_joh_01,2,0.6491267178879445
716_03_067_sort_pos_joh_01,3,0.19002914596976417
716_03_067_sort_pos_joh_01,4,-0.6764043254856107
716_03_067_sort_pos_joh_01,5,-0.20211646105596429
716_03_067_sort_pos_joh_01,6,2.2388619523219604
716_03_067_sort_pos_joh_01,7,-0.6380037669762102
716_03_067_sort_pos_joh_01,8,0.3401729255189071
716_03_067_sort_pos_joh_04,0,0.187867287325545
716_03_067_sort_pos_joh_04,1,-0.22909442316124357
716_03_067_sort_pos_joh_04,2,-0.6565706694547586
716_03_067_sort_pos_joh_04,3,-0.10073014168096152
716_03_067_sort_pos_joh_04,4,0.6204561478743521
716_03_067_sort_pos_joh_04,5,-0.9356742923277079
716_03_067_sort_pos_joh_04,6,0.04552252468043844
716_03_067_sort_pos_joh_04,7,0.6130529757491354
716_03_067_sort_pos_joh_04,8,0.4726901187474412
716_03_067_sort_pos_joh_05,0,-0.12116095291816407
716_03_067_sort_pos_joh_05,1,-0.12472745645816702
716_03_067_sort_pos_joh_05,2,-0.5613096232478871
716_03_067_sort_pos_joh_05,3,-0.3403516468284206
716_03_067_sort_pos_joh_05,4,0.38452115408031584
716_03_067_sort_pos_joh_05,5,0.5620737433383555
716_03_067_sort_pos_joh_05,6,0.09667364890456626
716_03_067_sort_pos_joh_05,7,0.33267780991950086
716_03_067_sort_pos_joh_05,8,-0.12472745645816694
717_01_030_sort_pos_joh_01,0,1.205970186105594
717_01_030_sort_pos_joh_01,1,-0.03235500541329644
717_01_030_sort_pos_joh_01,2,-0.19197906366984938
717_01_030_sort_pos_joh_01,3,-0.4850413460135736
717_01_030_sort_pos_joh_01,4,-0.03262906882467007
717_01_030_sort_pos_joh_01,5,-0.5055107012718834
717_01_030_sort_pos_joh_01,6,-0.33953254398267996
717_01_030_sort_pos_joh_01,7,0.5343744751144293
717_01_030_sort_pos_joh_01,8,0.30521519432325145
717_01_030_sort_pos_joh_01,9,-0.3686479353251193
717_01_030_sort_pos_joh_03,0,0.3455741419772402
717_01_030_sort_pos_joh_03,1,-0.14333212335154855
717_01_030_sort_pos_joh_03,2,-0.32198090978115285
717_01_030_sort_pos_joh_03,3,-0.4120302592425108
717_01_030_sort_pos_joh_03,4,-0.4120302592425108
717_01_030_sort_pos_joh_03,5,-0.05488212999484517
717_01_030_sort_pos_joh_03,6,0.03605945697345762
717_01_030_sort_pos_joh_03,7,0.5477225575051661
717_01_030_sort_pos_joh_03,8,0.5738190417570043
717_01_030_sort_pos_joh_03,9,0.037220979748641525
717_01_031_sort_pos_joh_04,0,0.022415384025820224
717_01_031_sort_pos_joh_04,1,-0.19770672189568111
717_01_031_sort_pos_joh_04,2,-0.19770672189568111
717_01_031_sort_pos_joh_04,3,1.60455920582223
717_01_031_sort_pos_joh_04,4,0.7200034083082248
717_01_031_sort_pos_joh_04,5,-0.3075623426146228
717_01_031_sort_pos_joh_04,6,-0.0884531564173693
717_01_031_sort_pos_joh_04,7,-0.3075623426146228
717_01_031_sort_pos_joh_04,8,-0.3075623426146228
717_01_031_sort_pos_joh_04,9,-0.3075623426146228
717_01_032_sort_pos_joh_01,0,-0.41868262437744724
717_01_032_sort_pos_joh_01,1,-0.8462520431042593
717_01_032_sort_pos_joh_01,2,-0.2924582905393381
717_01_032_sort_pos_joh_01,3,-0.24882948710406233
717_01_032_sort_pos_joh_01,4,0.5862595635896484
717_01_032_sort_pos_joh_01,5,0.8852538576523574
717_01_032_sort_pos_joh_01,6,0.9928113657406148
717_01_032_sort_pos_joh_01,7,0.019081150237682615
717_01_032_sort_pos_joh_01,8,-0.2871627055700194
717_01_032_sort_pos_joh_01,9,-0.3284311847573999
717_01_037_sort_pos_joh_01,0,0.5779204918167028
717_01_037_sort_pos_joh_01,1,-0.29740150206346094
717_01_037_sort_pos_joh_01,2,0.022215366685356286
717_01_037_sort_pos_joh_01,3,0.13187609467915729
717_01_037_sort_pos_joh_01,4,-0.1892640893629535
717_01_037_sort_pos_joh_01,5,0.35355339059327395
717_01_037_sort_pos_joh_01,6,-0.5080005080007622
717_01_037_sort_pos_joh_01,7,-0.19770672189568136
717_01_037_sort_pos_joh_01,8,-0.41301908040631846
717_01_037_sort_pos_joh_01,9,0.5595604706673691
717_01_037_sort_pos_joh_02,0,-0.44721359549995787
717_01_037_sort_pos_joh_02,1,-0.5466297988944905
717_01_037_sort_pos_joh_02,2,-0.5419211437545914
717_01_037_sort_pos_joh_02,3,-0.5419211437545914
717_01_037_sort_pos_joh_02,4,0.2231440029156414
717_01_037_sort_pos_joh_02,5,-0.28687314985378404
717_01_037_sort_pos_joh_02,6,0.7557794199669435
717_01_037_sort_pos_joh_02,7,1.2422235169465456
717_01_037_sort_pos_joh_02,8,0.4726529205345265
717_01_037_sort_pos_joh_02,9,-0.16340893685674485
717_01_042_sort_pos_joh_01,0,-0.7141158446559565
717_01_042_sort_pos_joh_01,1,-0.6782426104148511
717_01_042_sort_pos_joh_01,2,-0.6252257685592804
717_01_042_sort_pos_joh_01,3,-0.32210274631521574
717_01_042_sort_pos_joh_01,4,-0.5142249631973643
717_01_042_sort_pos_joh_01,5,-0.02331520633061551
717_01_042_sort_pos_joh_01,6,1.0047760074840826
717_01_042_sort_pos_joh_01,7,0.31124748994971757
717_01_042_sort_pos_joh_01,8,0.8455409645427262
717_01_042_sort_pos_joh_01,9,0.8268319907826241
717_01_042_sort_pos_joh_02,0,-0.9124545239605852
717_01_042_sort_pos_joh_02,1,0.13293215544754772
717_01_042_sort_pos_joh_02,2,0.13087274245050246
717_01_042_sort_pos_joh_02,3,0.5271016357912213
717_01_042_sort_pos_joh_02,4,-0.1438187499627957
717_01_042_sort_pos_joh_02,5,-0.47592091665240044
717_01_042_sort_pos_joh_02,6,-0.6888623447053969
717_01_042_sort_pos_joh_02,7,-0.3413682147835622
717_01_042_sort_pos_joh_02,8,0.9061169667163426
717_01_042_sort_pos_joh_02,9,1.012228357149227
717_01_046_sort_pos_joh_01,0,-0.4171409215627296
717_01_046_sort_pos_joh_01,1,-0.35209726796200713
717_01_046_sort_pos_joh_01,2,-0.7437835097515225
717_01_046_sort_pos_joh_01,3,-0.46760287142981427
717_01_046_sort_pos_joh_01,4,-0.2772307013673264
717_01_046_sort_pos_joh_01,5,1.5702628323373644
717_01_046_sort_pos_joh_01,6,1.7945161974777422
717_01_046_sort_pos_joh_01,7,-0.30098482829456413
717_01_046_sort_pos_joh_01,8,-0.3431311976261202
717_01_046_sort_pos_joh_01,9,-0.10220412149836973
717_01_046_sort_pos_joh_02,0,-0.5125764181567484
717_01_046_sort_pos_joh_02,1,-0.6693676299512196
717_01_046_sort_pos_joh_02,2,-0.16509766868259945
717_01_046_sort_pos_joh_02,3,0.3595362039427873
717_01_046_sort_pos_joh_02,4,-0.15075567228888204
717_01_046_sort_pos_joh_02,5,0.03633961810714358
717_01_046_sort_pos_joh_02,6,0.7342948812239959
717_01_046_sort_pos_joh_02,7,0.2169304578186561
717_01_046_sort_pos_joh_02,8,-0.024078915529329024
717_01_046_sort_pos_joh_02,9,0.16011297160769064
717_01_060_sort_pos_joh_01,0,0.29776678604840884
717_01_060_sort_pos_joh_01,1,0.791917760283851
717_01_060_sort_pos_joh_01,2,-0.43302374855732045
717_01_060_sort_pos_joh_01,3,-0.5178525720357354
717_01_060_sort_pos_joh_01,4,1.0783411235560632
717_01_060_sort_pos_joh_01,5,1.0292664086242904
717_01_060_sort_pos_joh_01,6,-0.5321067410704522
717_01_060_sort_pos_joh_01,7,-0.4476911617774652
717_01_060_sort_pos_joh_01,8,-0.3760732359447517
717_01_060_sort_pos_joh_01,9,-0.8190504518946451
717_01_060_sort_pos_joh_02,0,0.22360679774997888
717_01_060_sort_pos_joh_02,1,-0.4708709557974187
717_01_060_sort_pos_joh_02,2,0.22360679774997888
717_01_060_sort_pos_joh_02,3,-0.4708709557974187
717_01_060_sort_pos_joh_02,4,-0.4708709557974187
717_01_060_sort_pos_joh_02,5,1.015129452275939
717_01_060_sort_pos_joh_02,6,0.2085144140570747
717_01_060_sort_pos_joh_02,7,-0.13663739713703105
717_01_060_sort_pos_joh_02,8,-0.13663739713703105
717_01_060_sort_pos_joh_02,9,0.2085144140570747
717_01_062_sort_pos_joh_01,0,-1.0531786489320982
717_01_062_sort_pos_joh_01,1,-0.9041358321264324
717_01_062_sort_pos_joh_01,2,-0.796329821337146
717_01_062_sort_pos_joh_01,3,-0.34153867759402573
717_01_062_sort_pos_joh_01,4,-0.1859820297886688
717_01_062_sort_pos_joh_01,5,1.0918151896333006
717_01_062_sort_pos_joh_01,6,1.2754136919197823
717_01_062_sort_pos_joh_01,7,0.48861591706700064
717_01_062_sort_pos_joh_01,8,0.13613348556439037
717_01_062_sort_pos_joh_01,9,0.5004635019800737
717_01_062_sort_pos_joh_02,0,-0.12220667411318226
717_01_062_sort_pos_joh_02,1,-0.6456544518027929
717_01_062_sort_pos_joh_02,2,-0.468521285665818
717_01_062_sort_pos_joh_02,3,0.7871709278835782
717_01_062_sort_pos_joh_02,4,1.3907589749182963
717_01_062_sort_pos_joh_02,5,0.05299989400031808
717_01_062_sort_pos_joh_02,6,0.05488212999484525
717_01_062_sort_pos_joh_02,7,0.05212860351426876
717_01_062_sort_pos_joh_02,8,-0.1202436790142166
717_01_062_sort_pos_joh_02,9,-0.6456544518027926
717_01_070_sort_pos_joh_01,0,-1.1702757841433509
717_01_070_sort_pos_joh_01,1,-0.6061149419615591
717_01_070_sort_pos_joh_01,2,0.0048168305085909595
717_01_070_sort_pos_joh_01,3,0.09935326726564063
717_01_070_sort_pos_joh_01,4,0.3987874291054894
717_01_070_sort_pos_joh_01,5,0.1999833453286333
717_01_070_sort_pos_joh_01,6,-0.2744690795395153
717_01_070_sort_pos_joh_01,7,-0.04172707943823272
717_01_070_sort_pos_joh_01,8,0.4433121009117827
717_01_070_sort_pos_joh_01,9,1.0086884566299603
717_01_070_sort_pos_joh_02,0,-1.0173788880541115
717_01_070_sort_pos_joh_02,1,-0.15293643131191156
717_01_070_sort_pos_joh_02,2,-0.15136460155383194
717_01_070_sort_pos_joh_02,3,0.28577891598954874
717_01_070_sort_pos_joh_02,4,-0.4326365312978879
717_01_070_sort_pos_joh_02,5,0.12379689211803475
717_01_070_sort_pos_joh_02,6,-0.28910567194754044
717_01_070_sort_pos_joh_02,7,0.2750663815849347
717_01_070_sort_pos_joh_02,8,0.8485281374238568
717_01_070_sort_pos_joh_02,9,0.6884250202948263
717_01_070_sort_pos_joh_03,0,-0.05590169943749475
717_01_070_sort_pos_joh_03,1,-0.24103021695717208
717_01_070_sort_pos_joh_03,2,-0.24103021695717208
717_01_070_sort_pos_joh_03,3,-0.24103021695717208
717_01_070_sort_pos_joh_03,4,0.5222329678670936
717_01_070_sort_pos_joh_03,5,3.5660501792627417
717_01_070_sort_pos_joh_03,6,-0.2410302169571721
717_01_070_sort_pos_joh_03,7,-0.2410302169571721
717_01_070_sort_pos_joh_03,8,-0.2410302169571721
717_01_070_sort_pos_joh_03,9,-0.2410302169571721
717_01_071_sort_pos_joh_01,0,-0.4325762903395673
717_01_071_sort_pos_joh_01,1,-0.7763454159857908
717_01_071_sort_pos_joh_01,2,-0.6536087320200029
717_01_071_sort_pos_joh_01,3,0.8205831531198184
717_01_071_sort_pos_joh_01,4,-0.1652370670878342
717_01_071_sort_pos_joh_01,5,-0.46568382380964873
717_01_071_sort_pos_joh_01,6,-0.4586360055708758
717_01_071_sort_pos_joh_01,7,0.38050971707388037
717_01_071_sort_pos_joh_01,8,0.4985609242450635
717_01_071_sort_pos_joh_01,9,1.3504888980312875
717_01_071_sort_pos_joh_02,0,-0.4298038918918617
717_01_071_sort_pos_joh_02,1,-0.3266666950231518
717_01_071_sort_pos_joh_02,2,-0.12262786789699318
717_01_071_sort_pos_joh_02,3,5.068140340561605
717_01_071_sort_pos_joh_02,4,0.39117097189998545
717_01_071_sort_pos_joh_02,5,-0.3266666950231517
717_01_071_sort_pos_joh_02,6,-0.3266666950231517
717_01_071_sort_pos_joh_02,7,-0.3266666950231517
717_01_071_sort_pos_joh_02,8,-0.22405861102895933
717_01_071_sort_pos_joh_02,9,-0.2253242241287651
717_01_071_sort_pos_joh_03,0,-0.487262574201447
717_01_071_sort_pos_joh_03,1,0.1811264872243719
717_01_071_sort_pos_joh_03,2,-0.2194302211769794
717_01_071_sort_pos_joh_03,3,-0.5529402710686123
717_01_071_sort_pos_joh_03,4,-0.6228718308954518
717_01_071_sort_pos_joh_03,5,-0.5503088315602388
717_01_071_sort_pos_joh_03,6,-0.2194302211769792
717_01_071_sort_pos_joh_03,7,0.37969636431427994
717_01_071_sort_pos_joh_03,8,1.0886739235631697
717_01_071_sort_pos_joh_03,9,1.4160453141750917
717_01_071_sort_pos_joh_04,0,-0.4751909633114915
717_01_071_sort_pos_joh_04,1,-0.1027611796107424
717_01_071_sort_pos_joh_04,2,-0.1027611796107424
717_01_071_sort_pos_joh_04,3,-0.40563336338624045
717_01_071_sort_pos_joh_04,4,-0.4751909633114915
717_01_071_sort_pos_joh_04,5,-0.10527782661365728
717_01_071_sort_pos_joh_04,6,-0.0997759034748965
717_01_071_sort_pos_joh_04,7,0.12980125083196273
717_01_071_sort_pos_joh_04,8,0.6316357578303718
717_01_071_sort_pos_joh_04,9,1.1757599376984686
717_01_073_sort_pos_joh_01,0,-0.39155601062935524
717_01_073_sort_pos_joh_01,1,-0.37176851390012533
717_01_073_sort_pos_joh_01,2,-0.3463115151448731
717_01_073_sort_pos_joh_01,3,-0.12272374580420606
717_01_073_sort_pos_joh_01,4,-1.2309203870886196
717_01_073_sort_pos_joh_01,5,0.2788370005224119
717_01_073_sort_pos_joh_01,6,1.039945228059564
717_01_073_sort_pos_joh_01,7,1.1000402913716776
717_01_073_sort_pos_joh_01,8,0.061889180064356134
717_01_073_sort_pos_joh_01,9,0.047169578094905684
717_01_073_sort_pos_joh_02,0,-0.13736056394868898
717_01_073_sort_pos_joh_02,1,-0.13736056394868898
717_01_073_sort_pos_joh_02,2,-0.13736056394868898
717_01_073_sort_pos_joh_02,3,-0.13736056394868898
717_01_073_sort_pos_joh_02,4,-0.13736056394868898
717_01_073_sort_pos_joh_02,5,inf
717_01_073_sort_pos_joh_02,6,-0.13736056394868898
717_01_073_sort_pos_joh_02,7,-0.13736056394868898
717_01_073_sort_pos_joh_02,8,-0.13736056394868898
717_01_073_sort_pos_joh_02,9,-0.13736056394868898
717_01_074_sort_pos_joh_01,0,-0.7028683407171434
717_01_074_sort_pos_joh_01,1,-0.3979202142297618
717_01_074_sort_pos_joh_01,2,-0.7128320587294126
717_01_074_sort_pos_joh_01,3,-0.6294701383825867
717_01_074_sort_pos_joh_01,4,-0.32132305050374066
717_01_074_sort_pos_joh_01,5,0.5209348353853551
717_01_074_sort_pos_joh_01,6,0.13355946156651455
717_01_074_sort_pos_joh_01,7,0.7329572138755868
717_01_074_sort_pos_joh_01,8,0.8772247956631468
717_01_074_sort_pos_joh_01,9,0.6467931027290115
717_01_075_sort_pos_joh_01,0,0.11170631236003692
717_01_075_sort_pos_joh_01,1,-0.8054187866975289
717_01_075_sort_pos_joh_01,2,-0.5130788777614524
717_01_075_sort_pos_joh_01,3,-0.8685185420578618
717_01_075_sort_pos_joh_01,4,-1.405713448857053
717_01_075_sort_pos_joh_01,5,0.3807467020450883
717_01_075_sort_pos_joh_01,6,0.46025949036186903
717_01_075_sort_pos_joh_01,7,1.0469796636542785
717_01_075_sort_pos_joh_01,8,0.42380380965773445
717_01_075_sort_pos_joh_01,9,1.095952610968007
717_01_075_sort_pos_joh_02,0,1.5442082104307628
717_01_075_sort_pos_joh_02,1,-0.39286061307829123
717_01_075_sort_pos_joh_02,2,-0.4679643044592984
717_01_075_sort_pos_joh_02,3,-0.370067458887519
717_01_075_sort_pos_joh_02,4,-0.755609651834825
717_01_075_sort_pos_joh_02,5,-0.27102838462280104
717_01_075_sort_pos_joh_02,6,-0.3663341964578564
717_01_075_sort_pos_joh_02,7,0.7043607250604992
717_01_075_sort_pos_joh_02,8,0.01912147256306149
717_01_075_sort_pos_joh_02,9,0.49133188094261093
717_01_075_sort_pos_joh_03,0,-0.20519567041703074
717_01_075_sort_pos_joh_03,1,-0.3869187967438897
717_01_075_sort_pos_joh_03,2,-0.2085144140570747
717_01_075_sort_pos_joh_03,3,-0.03491619260376604
717_01_075_sort_pos_joh_03,4,-0.033820667868395736
717_01_075_sort_pos_joh_03,5,1.2869189789775897
717_01_075_sort_pos_joh_03,6,-0.3869187967438898
717_01_075_sort_pos_joh_03,7,-0.20851441405707477
717_01_075_sort_pos_joh_03,8,-0.20203050891044205
717_01_075_sort_pos_joh_03,9,0.4968414086913736
717_01_076_sort_pos_joh_01,0,0.8275003225340292
717_01_076_sort_pos_joh_01,1,0.6494682876706592
717_01_076_sort_pos_joh_01,2,0.15762208124781957
717_01_076_sort_pos_joh_01,3,-1.0628274986224506
717_01_076_sort_pos_joh_01,4,-0.661034375463706
717_01_076_sort_pos_joh_01,5,0.00751555804261153
717_01_076_sort_pos_joh_01,6,0.49832968825261215
717_01_076_sort_pos_joh_01,7,0.2833152987899313
717_01_076_sort_pos_joh_01,8,-0.521081306724422
717_01_076_sort_pos_joh_01,9,-0.1752431817353279
717_01_076_sort_pos_joh_02,0,0.609003407185397
717_01_076_sort_pos_joh_02,1,0.13887301496588284
717_01_076_sort_pos_joh_02,2,-0.01412942485863081
717_01_076_sort_pos_joh_02,3,0.47464126346494423
717_01_076_sort_pos_joh_02,4,-0.3978219550083884
717_01_076_sort_pos_joh_02,5,0.3433775968028955
717_01_076_sort_pos_joh_02,6,-1.0363484392416342
717_01_076_sort_pos_joh_02,7,-0.11039208737875468
717_01_076_sort_pos_joh_02,8,-0.014180474733371345
717_01_076_sort_pos_joh_02,9,0.03348554112644548
717_01_077_sort_pos_joh_01,0,-0.031115106393620928
717_01_077_sort_pos_joh_01,1,-0.6042575836951626
717_01_077_sort_pos_joh_01,2,-0.7151063473299492
717_01_077_sort_pos_joh_01,3,0.6343071968012303
717_01_077_sort_pos_joh_01,4,-0.12489163413654408
717_01_077_sort_pos_joh_01,5,0.2644812938456542
717_01_077_sort_pos_joh_01,6,0.19475364735642048
717_01_077_sort_pos_joh_01,7,-0.1812648979958976
717_01_077_sort_pos_joh_01,8,0.5287768669649087
717_01_077_sort_pos_joh_01,9,0.16378815859579193
717_01_078_sort_pos_joh_01,0,-0.21974926263945121
717_01_078_sort_pos_joh_01,1,-1.1086630920326281
717_01_078_sort_pos_joh_01,2,-0.2838759762378225
717_01_078_sort_pos_joh_01,3,0.022102146270961902
717_01_078_sort_pos_joh_01,4,-0.5572694754119012
717_01_078_sort_pos_joh_01,5,-0.2865247668423463
717_01_078_sort_pos_joh_01,6,0.07687319654372828
717_01_078_sort_pos_joh_01,7,0.6955324698112886
717_01_078_sort_pos_joh_01,8,0.21680974808804934
717_01_078_sort_pos_joh_01,9,1.515050139856999
717_01_079_sort_pos_joh_01,0,-0.27187553956337335
717_01_079_sort_pos_joh_01,1,-0.27171815188135046
717_01_079_sort_pos_joh_01,2,-0.27171815188135046
717_01_079_sort_pos_joh_01,3,0.6498041576758927
717_01_079_sort_pos_joh_01,4,-0.07632313762147912
717_01_079_sort_pos_joh_01,5,0.9399434936390741
717_01_079_sort_pos_joh_01,6,0.4312126657508491
717_01_079_sort_pos_joh_01,7,-0.00978325600243498
717_01_079_sort_pos_joh_01,8,-0.443143806789384
717_01_079_sort_pos_joh_01,9,-0.37965449293449743
717_01_079_sort_pos_joh_02,0,-0.19611613513818402
717_01_079_sort_pos_joh_02,1,-0.19611613513818402
717_01_079_sort_pos_joh_02,2,-0.19611613513818402
717_01_079_sort_pos_joh_02,3,-0.19611613513818402
717_01_079_sort_pos_joh_02,4,0.13385489628205094
717_01_079_sort_pos_joh_02,5,3.3339742973491275
717_01_079_sort_pos_joh_02,6,-0.19611613513818404
717_01_079_sort_pos_joh_02,7,-0.19611613513818404
717_01_079_sort_pos_joh_02,8,0.13385489628205094
717_01_079_sort_pos_joh_02,9,-0.19611613513818402
717_01_080_sort_pos_joh_01,0,-0.28792013584408344
717_01_080_sort_pos_joh_01,1,-0.4506123950395569
717_01_080_sort_pos_joh_01,2,-0.25528256744497746
717_01_080_sort_pos_joh_01,3,0.24150198296582928
717_01_080_sort_pos_joh_01,4,-0.6661809715768002
717_01_080_sort_pos_joh_01,5,0.9874838622020374
717_01_080_sort_pos_joh_01,6,-0.557884053286588
717_01_080_sort_pos_joh_01,7,0.4307106805069946
717_01_080_sort_pos_joh_01,8,0.549165163377741
717_01_080_sort_pos_joh_01,9,0.13667157499985882
717_01_080_sort_pos_joh_02,0,0.17751790062418188
717_01_080_sort_pos_joh_02,1,-0.33374419038269226
717_01_080_sort_pos_joh_02,2,-0.8281425772594873
717_01_080_sort_pos_joh_02,3,0.3624675800417485
717_01_080_sort_pos_joh_02,4,-0.32726941051527475
717_01_080_sort_pos_joh_02,5,-0.22018326875114363
717_01_080_sort_pos_joh_02,6,-0.5361704069426905
717_01_080_sort_pos_joh_02,7,0.22170751540786052
717_01_080_sort_pos_joh_02,8,0.4293912917104264
717_01_080_sort_pos_joh_02,9,1.1260188799028026
717_02_030_sort_pos_joh_01,0,0.33710882850599044
717_02_030_sort_pos_joh_01,1,0.31142191462595176
717_02_030_sort_pos_joh_01,2,0.21336477870338588
717_02_030_sort_pos_joh_01,3,0.03218898914233942
717_02_030_sort_pos_joh_01,4,-0.7981160508283173
717_02_030_sort_pos_joh_01,5,-1.0675546475472333
717_02_030_sort_pos_joh_01,6,0.032007618719991
717_02_030_sort_pos_joh_01,7,0.17820093465430742
717_02_030_sort_pos_joh_01,8,0.5853864167173503
717_02_030_sort_pos_joh_01,9,0.175742861620964
717_02_030_sort_pos_joh_03,0,-0.3095292930136547
717_02_030_sort_pos_joh_03,1,0.6356477948928845
717_02_030_sort_pos_joh_03,2,0.35563090356392163
717_02_030_sort_pos_joh_03,3,0.49487165930539334
717_02_030_sort_pos_joh_03,4,-0.176481493261613
717_02_030_sort_pos_joh_03,5,0.20766965266046605
717_02_030_sort_pos_joh_03,6,-0.43316495465572047
717_02_030_sort_pos_joh_03,7,0.07826604801948325
717_02_030_sort_pos_joh_03,8,-0.18457838794592066
717_02_030_sort_pos_joh_03,9,-0.5588005588008382
717_02_060_sort_pos_joh_01,0,-0.8193458522065614
717_02_060_sort_pos_joh_01,1,-0.9168536373836547
717_02_060_sort_pos_joh_01,2,-0.66190500935232
717_02_060_sort_pos_joh_01,3,-0.17303875748643285
717_02_060_sort_pos_joh_01,4,0.8877014770873602
717_02_060_sort_pos_joh_01,5,1.9832915922257182
717_02_060_sort_pos_joh_01,6,0.4154516130659004
717_02_060_sort_pos_joh_01,7,-0.4938187123674967
717_02_060_sort_pos_joh_01,8,0.24199321528771459
717_02_060_sort_pos_joh_01,9,-0.1965876318027191
717_02_060_sort_pos_joh_02,0,-0.5555407642991761
717_02_060_sort_pos_joh_02,1,-0.1701961307792872
717_02_060_sort_pos_joh_02,2,0.45210816712311175
717_02_060_sort_pos_joh_02,3,0.32059062975265634
717_02_060_sort_pos_joh_02,4,-0.057183186040610345
717_02_060_sort_pos_joh_02,5,0.3731092686007531
717_02_060_sort_pos_joh_02,6,0.9577569129031496
717_02_060_sort_pos_joh_02,7,-0.5528377928389122
717_02_060_sort_pos_joh_02,8,-0.21654359069295936
717_02_060_sort_pos_joh_02,9,-0.4876710881096591
717_02_060_sort_pos_joh_03,0,-0.49673426560855366
717_02_060_sort_pos_joh_03,1,-0.49673426560855366
717_02_060_sort_pos_joh_03,2,-0.20559355100907048
717_02_060_sort_pos_joh_03,3,0.23308661869922603
717_02_060_sort_pos_joh_03,4,1.312409969798166
717_02_060_sort_pos_joh_03,5,0.08971226080325125
717_02_060_sort_pos_joh_03,6,-0.05997601439040668
717_02_060_sort_pos_joh_03,7,-0.3494816226644152
717_02_060_sort_pos_joh_03,8,0.2477124488890531
717_02_060_sort_pos_joh_03,9,0.08971226080325125
717_02_060_sort_pos_joh_04,0,-0.17474081133220756
717_02_060_sort_pos_joh_04,1,-0.17474081133220756
717_02_060_sort_pos_joh_04,2,-0.17474081133220756
717_02_060_sort_pos_joh_04,3,-0.17474081133220756
717_02_060_sort_pos_joh_04,4,3.5713746626659146
717_02_060_sort_pos_joh_04,5,-0.17474081133220756
717_02_060_sort_pos_joh_04,6,-0.17474081133220756
717_02_060_sort_pos_joh_04,7,-0.17474081133220756
717_02_060_sort_pos_joh_04,8,-0.17474081133220756
717_02_060_sort_pos_joh_04,9,0.2747211278973781
717_02_063_sort_pos_joh_01,0,-0.4943606001860121
717_02_063_sort_pos_joh_01,1,0.1637266584877478
717_02_063_sort_pos_joh_01,2,0.8828507200445752
717_02_063_sort_pos_joh_01,3,1.2499614786052076
717_02_063_sort_pos_joh_01,4,0.04300992389275182
717_02_063_sort_pos_joh_01,5,-0.1478837819299894
717_02_063_sort_pos_joh_01,6,-0.5932352659889141
717_02_063_sort_pos_joh_01,7,-0.6189199376743463
717_02_063_sort_pos_joh_01,8,-0.5322132872826747
717_02_063_sort_pos_joh_01,9,0.15934718669528827
717_02_063_sort_pos_joh_02,0,0.5347268944785817
717_02_063_sort_pos_joh_02,1,0.7489965624903807
717_02_063_sort_pos_joh_02,2,0.4257970363298794
717_02_063_sort_pos_joh_02,3,0.42399915200254407
717_02_063_sort_pos_joh_02,4,-0.5304573163766096
717_02_063_sort_pos_joh_02,5,-0.27339445046936334
717_02_063_sort_pos_joh_02,6,-0.01860082877838949
717_02_063_sort_pos_joh_02,7,-0.2744784770672568
717_02_063_sort_pos_joh_02,8,-0.5325666542332612
717_02_063_sort_pos_joh_02,9,-0.36378979023431995
717_02_066_sort_pos_joh_01,0,0.6596037861365988
717_02_066_sort_pos_joh_01,1,0.06808079175697986
717_02_066_sort_pos_joh_01,2,-0.1019294382875251
717_02_066_sort_pos_joh_01,3,-0.5607328647009532
717_02_066_sort_pos_joh_01,4,-0.5027996833194066
717_02_066_sort_pos_joh_01,5,1.3377216276780137
717_02_066_sort_pos_joh_01,6,-0.3365898026501075
717_02_066_sort_pos_joh_01,7,-0.21569681310835748
717_02_066_sort_pos_joh_01,8,0.12876951873305734
717_02_066_sort_pos_joh_01,9,-0.046302375271489817
717_02_066_sort_pos_joh_02,0,0.5703489954504356
717_02_066_sort_pos_joh_02,1,0.4891946188538881
717_02_066_sort_pos_joh_02,2,0.1453078439089448
717_02_066_sort_pos_joh_02,3,-0.4349650221667847
717_02_066_sort_pos_joh_02,4,-0.4336806123716592
717_02_066_sort_pos_joh_02,5,-0.1200193770931425
717_02_066_sort_pos_joh_02,6,0.6632688116499613
717_02_066_sort_pos_joh_02,7,0.5930332787704551
717_02_066_sort_pos_joh_02,8,-0.6711420319025689
717_02_066_sort_pos_joh_02,9,-0.6167790290615643
717_02_068_sort_pos_joh_01,0,0.27482879352051165
717_02_068_sort_pos_joh_01,1,-0.144388057557346
717_02_068_sort_pos_joh_01,2,-0.031607632627116786
717_02_068_sort_pos_joh_01,3,0.8857419994256699
717_02_068_sort_pos_joh_01,4,0.10361923912388045
717_02_068_sort_pos_joh_01,5,1.0547294578327024
717_02_068_sort_pos_joh_01,6,0.10012554753635194
717_02_068_sort_pos_joh_01,7,-0.30100885952243955
717_02_068_sort_pos_joh_01,8,-0.7753070144803734
717_02_068_sort_pos_joh_01,9,-0.9803074475847057
717_02_068_sort_pos_joh_02,0,-0.242535625036333
717_02_068_sort_pos_joh_02,1,-0.242535625036333
717_02_068_sort_pos_joh_02,2,-0.242535625036333
717_02_068_sort_pos_joh_02,3,-0.242535625036333
717_02_068_sort_pos_joh_02,4,-0.242535625036333
717_02_068_sort_pos_joh_02,5,-0.242535625036333
717_02_068_sort_pos_joh_02,6,0.686406472983644
717_02_068_sort_pos_joh_02,7,-0.242535625036333
717_02_068_sort_pos_joh_02,8,2.335129587127714
717_02_068_sort_pos_joh_02,9,-0.242535625036333
717_02_068_sort_pos_joh_03,0,-0.3973597071195131
717_02_068_sort_pos_joh_03,1,-0.3973597071195131
717_02_068_sort_pos_joh_03,2,-0.3973597071195131
717_02_068_sort_pos_joh_03,3,-0.3973597071195131
717_02_068_sort_pos_joh_03,4,-0.3973597071195131
717_02_068_sort_pos_joh_03,5,0.04583492485141059
717_02_068_sort_pos_joh_03,6,0.04583492485141059
717_02_068_sort_pos_joh_03,7,0.5262013605584338
717_02_068_sort_pos_joh_03,8,0.04583492485141059
717_02_068_sort_pos_joh_03,9,1.9805173514998138
717_02_069_sort_pos_joh_01,0,0.6082331949342333
717_02_069_sort_pos_joh_01,1,2.486770781320647
717_02_069_sort_pos_joh_01,2,0.786459074693393
717_02_069_sort_pos_joh_01,3,0.006517320800439498
717_02_069_sort_pos_joh_01,4,-0.8768476864342537
717_02_069_sort_pos_joh_01,5,-0.6199821334738672
717_02_069_sort_pos_joh_01,6,-0.8735714843521569
717_02_069_sort_pos_joh_01,7,-0.5880013144317118
717_02_069_sort_pos_joh_01,8,-0.15364740446412156
717_02_069_sort_pos_joh_01,9,-0.13633612179540827
717_02_069_sort_pos_joh_02,0,1.748657618920322
717_02_069_sort_pos_joh_02,1,0.8804710999221754
717_02_069_sort_pos_joh_02,2,0.16903085094570325
717_02_069_sort_pos_joh_02,3,-0.38592249249398
717_02_069_sort_pos_joh_02,4,-0.38592249249398
717_02_069_sort_pos_joh_02,5,-0.38592249249398
717_02_069_sort_pos_joh_02,6,-0.38592249249398
717_02_069_sort_pos_joh_02,7,-0.38592249249398
717_02_069_sort_pos_joh_02,8,-0.11141240075107059
717_02_069_sort_pos_joh_02,9,-0.11141240075107059
717_02_071_sort_pos_joh_01,0,3.571374662665916
717_02_071_sort_pos_joh_01,1,-0.22792115291927584
717_02_071_sort_pos_joh_01,2,-0.22792115291927584
717_02_071_sort_pos_joh_01,3,-0.22792115291927584
717_02_071_sort_pos_joh_01,4,-0.22792115291927584
717_02_071_sort_pos_joh_01,5,-0.22792115291927584
717_02_071_sort_pos_joh_01,6,-0.22792115291927584
717_02_071_sort_pos_joh_01,7,-0.22792115291927584
717_02_071_sort_pos_joh_01,8,-0.22792115291927584
717_02_071_sort_pos_joh_01,9,0.3713906763541036
717_02_071_sort_pos_joh_02,0,-0.282842712474619
717_02_071_sort_pos_joh_02,1,-0.282842712474619
717_02_071_sort_pos_joh_02,2,-0.282842712474619
717_02_071_sort_pos_joh_02,3,-0.282842712474619
717_02_071_sort_pos_joh_02,4,0.4850712500726659
717_02_071_sort_pos_joh_02,5,-0.282842712474619
717_02_071_sort_pos_joh_02,6,-0.282842712474619
717_02_071_sort_pos_joh_02,7,-0.282842712474619
717_02_071_sort_pos_joh_02,8,0.4850712500726659
717_02_071_sort_pos_joh_02,9,1.5689290811054721
717_02_071_sort_pos_joh_03,0,0.4850712500726659
717_02_071_sort_pos_joh_03,1,-0.2828427124746189
717_02_071_sort_pos_joh_03,2,-0.2828427124746189
717_02_071_sort_pos_joh_03,3,-0.2828427124746189
717_02_071_sort_pos_joh_03,4,-0.2828427124746189
717_02_071_sort_pos_joh_03,5,-0.2828427124746189
717_02_071_sort_pos_joh_03,6,0.4850712500726659
717_02_071_sort_pos_joh_03,7,0.4850712500726659
717_02_071_sort_pos_joh_03,8,0.4850712500726659
717_02_071_sort_pos_joh_03,9,-0.282842712474619
717_02_076_sort_pos_joh_01,0,0.5397004685422091
717_02_076_sort_pos_joh_01,1,0.5467250652231253
717_02_076_sort_pos_joh_01,2,-0.04246038878042219
717_02_076_sort_pos_joh_01,3,-0.04133313738410931
717_02_076_sort_pos_joh_01,4,-0.0879130436725291
717_02_076_sort_pos_joh_01,5,0.19153651236473018
717_02_076_sort_pos_joh_01,6,-0.37268711962873075
717_02_076_sort_pos_joh_01,7,-0.7607587727547105
717_02_076_sort_pos_joh_01,8,-0.22380262916782268
717_02_076_sort_pos_joh_01,9,0.24456001850058443
717_02_076_sort_pos_joh_02,0,0.17410121020192593
717_02_076_sort_pos_joh_02,1,-0.0728236321901729
717_02_076_sort_pos_joh_02,2,0.049434543627217824
717_02_076_sort_pos_joh_02,3,-0.39303533202896085
717_02_076_sort_pos_joh_02,4,-0.012528416922183086
717_02_076_sort_pos_joh_02,5,0.1879533300779417
717_02_076_sort_pos_joh_02,6,-0.07311502501351162
717_02_076_sort_pos_joh_02,7,-0.20032500926961727
717_02_076_sort_pos_joh_02,8,-0.013508580673958107
717_02_076_sort_pos_joh_02,9,0.3861863778349166
717_02_076_sort_pos_joh_03,0,0.7959336158101694
717_02_076_sort_pos_joh_03,1,0.5607019959935245
717_02_076_sort_pos_joh_03,2,-0.20699611893082875
717_02_076_sort_pos_joh_03,3,-0.41228311859302635
717_02_076_sort_pos_joh_03,4,-0.09747403576571617
717_02_076_sort_pos_joh_03,5,-0.8038730884984797
717_02_076_sort_pos_joh_03,6,0.4487579405859805
717_02_076_sort_pos_joh_03,7,0.33102112260301636
717_02_076_sort_pos_joh_03,8,0.010923743970519418
717_02_076_sort_pos_joh_03,9,-0.571212734377839
717_02_078_sort_pos_joh_01,0,1.5063271046858904
717_02_078_sort_pos_joh_01,1,0.044321555213854176
717_02_078_sort_pos_joh_01,2,0.48305539685545995
717_02_078_sort_pos_joh_01,3,0.10504840520783759
717_02_078_sort_pos_joh_01,4,0.10751529016142417
717_02_078_sort_pos_joh_01,5,0.10705383068009644
717_02_078_sort_pos_joh_01,6,-0.0794575903678505
717_02_078_sort_pos_joh_01,7,-0.46718146260733817
717_02_078_sort_pos_joh_01,8,-0.9836838560083361
717_02_078_sort_pos_joh_01,9,-0.7090250598061191
717_02_078_sort_pos_joh_03,0,0.5426587579753616
717_02_078_sort_pos_joh_03,1,0.2393397347180418
717_02_078_sort_pos_joh_03,2,-0.20499759443009782
717_02_078_sort_pos_joh_03,3,-0.632390205841069
717_02_078_sort_pos_joh_03,4,0.23649911855741793
717_02_078_sort_pos_joh_03,5,1.2678999469736425
717_02_078_sort_pos_joh_03,6,-0.3426823495024952
717_02_078_sort_pos_joh_03,7,-0.48972852162832586
717_02_078_sort_pos_joh_03,8,-0.3426823495024952
717_02_078_sort_pos_joh_03,9,-0.058068670513954
717_02_079_sort_pos_joh_01,0,0.40307510089537835
717_02_079_sort_pos_joh_01,1,-0.2939905160189275
717_02_079_sort_pos_joh_01,2,-0.5650335684390378
717_02_079_sort_pos_joh_01,3,-0.605597363154075
717_02_079_sort_pos_joh_01,4,-0.22919304966618698
717_02_079_sort_pos_joh_01,5,0.37282138374489077
717_02_079_sort_pos_joh_01,6,0.06606311116789344
717_02_079_sort_pos_joh_01,7,0.20770324619863165
717_02_079_sort_pos_joh_01,8,-0.26330609170462294
717_02_079_sort_pos_joh_01,9,1.085499648361861
717_02_079_sort_pos_joh_02,0,1.4414099770341164
717_02_079_sort_pos_joh_02,1,-0.3502866396638716
717_02_079_sort_pos_joh_02,2,-0.6889189901577684
717_02_079_sort_pos_joh_02,3,-0.09317685232394116
717_02_079_sort_pos_joh_02,4,0.522226148735454
717_02_079_sort_pos_joh_02,5,-0.7056563042105776
717_02_079_sort_pos_joh_02,6,-0.598076341053744
717_02_079_sort_pos_joh_02,7,0.0778498944161515
717_02_079_sort_pos_joh_02,8,-0.17478165930362222
717_02_079_sort_pos_joh_02,9,0.6950176512893154
717_02_079_sort_pos_joh_03,0,1.1253606925389248
717_02_079_sort_pos_joh_03,1,0.25214822010701327
717_02_079_sort_pos_joh_03,2,-0.013689641954834655
717_02_079_sort_pos_joh_03,3,-0.4145882101676513
717_02_079_sort_pos_joh_03,4,0.11624763874381927
717_02_079_sort_pos_joh_03,5,0.11445713905747694
717_02_079_sort_pos_joh_03,6,-0.07941449119093802
717_02_079_sort_pos_joh_03,7,-0.27023200276876447
717_02_079_sort_pos_joh_03,8,-0.6533630757204755
717_02_079_sort_pos_joh_03,9,-0.07590529132880326
